[2026-07-29T05:21:50.942Z] MemoryForge: attached 5 listener(s)
[2026-07-29T05:21:50.943Z] InitialReadForge: armed one-shot BeforeSend after NewSessionStart
[2026-07-29T05:21:50.943Z] LiveUpdateForge: session reset, allowLiveUpdate = false
[2026-07-29T05:21:54.150Z] MemoryForge: attached 5 listener(s)
[2026-07-29T05:21:54.150Z] InitialReadForge: armed one-shot BeforeSend after NewSessionStart
[2026-07-29T05:21:54.151Z] LiveUpdateForge: session reset, allowLiveUpdate = false
[2026-07-29T05:31:17.873Z] MemoryForge: attached 5 listener(s)
[2026-07-29T05:31:17.873Z] InitialReadForge: armed one-shot BeforeSend after NewSessionStart
[2026-07-29T05:31:17.874Z] LiveUpdateForge: session reset, allowLiveUpdate = false
[2026-07-29T05:31:20.946Z] MemoryForge: attached 5 listener(s)
[2026-07-29T05:31:20.946Z] InitialReadForge: armed one-shot BeforeSend after NewSessionStart
[2026-07-29T05:31:20.946Z] LiveUpdateForge: session reset, allowLiveUpdate = false
[2026-07-29T05:31:20.947Z] MemoryForge: detached all listeners
[2026-07-29T05:31:20.947Z] ResumeDiffForge: no read_memory in history, backfilling forge
[2026-07-29T05:31:20.985Z] recordForgedToolExchange: toolName=read_memory callId=resume-forge-read-memory-backfill
[2026-07-29T05:31:21.009Z] recordForgedToolExchange: recordMessage + recordToolCalls persisted
[2026-07-29T05:31:21.009Z] injectForgedHistory: role=user preview=""
[2026-07-29T05:31:21.023Z] injectForgedHistory: recordMessage persisted
[2026-07-29T05:31:21.028Z] ResumeDiffForge: backfilled read_memory and baseline for 2 raw + 2 provider file(s)
[2026-07-29T05:31:21.028Z] LiveUpdateForge: session reset, allowLiveUpdate = false
[2026-07-29T05:31:21.028Z] NudgeForge: ResumeComplete — restoring count from history
[2026-07-29T05:31:21.029Z] restoreNudgeCountFromHistory: no reset point found, count=0
[2026-07-29T05:31:21.040Z] LiveUpdateForge: allowLiveUpdate = true (first real BeforeSend)
[2026-07-29T05:31:21.041Z] InitialReadForge.onBeforeSend: SKIP (fr=false syn=false hasRead=true)
[2026-07-29T05:31:25.513Z] LiveUpdateForge: EndTurn fallback flush
[2026-07-29T05:31:25.514Z] onEndTurn: naturalStop=false toolCalls=0 nudgeMsg=no
[2026-07-29T05:31:25.546Z] LiveUpdateForge: AfterToolExec flush
[2026-07-29T05:31:25.547Z] LiveUpdateForge: AfterToolExec flush
[2026-07-29T05:31:25.562Z] InitialReadForge.onBeforeSend: SKIP (fr=true syn=false hasRead=true)
[2026-07-29T05:31:29.613Z] LiveUpdateForge: EndTurn fallback flush
[2026-07-29T05:31:29.613Z] onEndTurn: naturalStop=false toolCalls=2 nudgeMsg=no
[2026-07-29T05:31:29.626Z] LiveUpdateForge: AfterToolExec flush
[2026-07-29T05:32:09.096Z] LiveUpdateForge: AfterToolExec flush
[2026-07-29T05:32:09.118Z] InitialReadForge.onBeforeSend: SKIP (fr=true syn=false hasRead=true)
[2026-07-29T05:32:28.748Z] LiveUpdateForge: EndTurn fallback flush
[2026-07-29T05:32:28.748Z] onEndTurn: naturalStop=false toolCalls=4 nudgeMsg=no
[2026-07-29T05:32:28.776Z] LiveUpdateForge: AfterToolExec flush
[2026-07-29T05:32:28.793Z] InitialReadForge.onBeforeSend: SKIP (fr=true syn=false hasRead=true)
[2026-07-29T05:32:38.968Z] LiveUpdateForge: EndTurn fallback flush
[2026-07-29T05:32:38.969Z] onEndTurn: naturalStop=false toolCalls=5 nudgeMsg=no
[2026-07-29T05:32:42.341Z] LiveUpdateForge: AfterToolExec flush
[2026-07-29T05:32:42.359Z] InitialReadForge.onBeforeSend: SKIP (fr=true syn=false hasRead=true)
[2026-07-29T05:32:51.682Z] LiveUpdateForge: EndTurn fallback flush
[2026-07-29T05:32:51.683Z] onEndTurn: naturalStop=false toolCalls=6 nudgeMsg=no
[2026-07-29T05:32:52.181Z] LiveUpdateForge: AfterToolExec flush
[2026-07-29T05:32:52.199Z] InitialReadForge.onBeforeSend: SKIP (fr=true syn=false hasRead=true)
[2026-07-29T05:32:58.439Z] LiveUpdateForge: EndTurn fallback flush
[2026-07-29T05:32:58.439Z] onEndTurn: naturalStop=true toolCalls=7 nudgeMsg=no
[2026-07-29T05:35:03.218Z] ResumeDiffForge: running checkResumeConsistency
[2026-07-29T05:35:03.219Z] checkResumeConsistency: forgedTimestamps=[]
[2026-07-29T05:35:03.225Z] checkResumeConsistency: no changes detected
[2026-07-29T05:35:03.225Z] LiveUpdateForge: session reset, allowLiveUpdate = false
[2026-07-29T05:35:03.225Z] NudgeForge: ResumeComplete — restoring count from history
[2026-07-29T05:35:03.226Z] restoreNudgeCountFromHistory: no reset point found, count=7
[2026-07-29T05:35:03.234Z] LiveUpdateForge: allowLiveUpdate = true (first real BeforeSend)
[2026-07-29T05:35:03.235Z] InitialReadForge.onBeforeSend: SKIP (fr=false syn=false hasRead=true)
[2026-07-29T05:35:13.118Z] LiveUpdateForge: EndTurn fallback flush
[2026-07-29T05:35:13.119Z] onEndTurn: naturalStop=false toolCalls=7 nudgeMsg=no
[2026-07-29T05:35:13.186Z] LiveUpdateForge: AfterToolExec flush
[2026-07-29T05:35:13.201Z] InitialReadForge.onBeforeSend: SKIP (fr=true syn=false hasRead=true)
[2026-07-29T05:35:47.831Z] LiveUpdateForge: EndTurn fallback flush
[2026-07-29T05:35:47.832Z] onEndTurn: naturalStop=false toolCalls=8 nudgeMsg=no
[2026-07-29T05:35:48.054Z] LiveUpdateForge: AfterToolExec flush
[2026-07-29T05:35:48.071Z] InitialReadForge.onBeforeSend: SKIP (fr=true syn=false hasRead=true)
[2026-07-29T05:35:58.681Z] LiveUpdateForge: EndTurn fallback flush
[2026-07-29T05:35:58.681Z] onEndTurn: naturalStop=false toolCalls=9 nudgeMsg=no
[2026-07-29T05:36:03.605Z] LiveUpdateForge: AfterToolExec flush
[2026-07-29T05:36:03.631Z] InitialReadForge.onBeforeSend: SKIP (fr=true syn=false hasRead=true)
[2026-07-29T05:36:11.373Z] LiveUpdateForge: EndTurn fallback flush
[2026-07-29T05:36:11.373Z] onEndTurn: naturalStop=false toolCalls=10 nudgeMsg=no
[2026-07-29T05:36:11.478Z] LiveUpdateForge: AfterToolExec flush
[2026-07-29T05:36:11.496Z] InitialReadForge.onBeforeSend: SKIP (fr=true syn=false hasRead=true)
[2026-07-29T05:36:14.861Z] LiveUpdateForge: EndTurn fallback flush
[2026-07-29T05:36:14.861Z] onEndTurn: naturalStop=false toolCalls=11 nudgeMsg=no
[2026-07-29T05:36:26.782Z] LiveUpdateForge: AfterToolExec flush
[2026-07-29T05:36:26.807Z] InitialReadForge.onBeforeSend: SKIP (fr=true syn=false hasRead=true)
[2026-07-29T05:36:49.782Z] LiveUpdateForge: EndTurn fallback flush
[2026-07-29T05:36:49.783Z] onEndTurn: naturalStop=false toolCalls=12 nudgeMsg=no
[2026-07-29T05:36:51.082Z] LiveUpdateForge: AfterToolExec flush
[2026-07-29T05:36:51.102Z] InitialReadForge.onBeforeSend: SKIP (fr=true syn=false hasRead=true)
[2026-07-29T05:37:21.111Z] LiveUpdateForge: EndTurn fallback flush
[2026-07-29T05:37:21.112Z] onEndTurn: naturalStop=false toolCalls=13 nudgeMsg=no
[2026-07-29T05:37:21.594Z] LiveUpdateForge: AfterToolExec flush
[2026-07-29T05:37:21.614Z] InitialReadForge.onBeforeSend: SKIP (fr=true syn=false hasRead=true)
[2026-07-29T05:37:34.969Z] LiveUpdateForge: EndTurn fallback flush
[2026-07-29T05:37:34.970Z] onEndTurn: naturalStop=false toolCalls=14 nudgeMsg=no
[2026-07-29T05:37:35.295Z] LiveUpdateForge: AfterToolExec flush
[2026-07-29T05:37:35.321Z] InitialReadForge.onBeforeSend: SKIP (fr=true syn=false hasRead=true)
[2026-07-29T05:37:53.439Z] LiveUpdateForge: EndTurn fallback flush
[2026-07-29T05:37:53.439Z] onEndTurn: naturalStop=false toolCalls=15 nudgeMsg=no
[2026-07-29T05:37:54.029Z] LiveUpdateForge: AfterToolExec flush
[2026-07-29T05:37:54.056Z] InitialReadForge.onBeforeSend: SKIP (fr=true syn=false hasRead=true)
[2026-07-29T05:38:00.598Z] LiveUpdateForge: EndTurn fallback flush
[2026-07-29T05:38:00.598Z] onEndTurn: naturalStop=false toolCalls=16 nudgeMsg=no
[2026-07-29T05:38:01.022Z] LiveUpdateForge: AfterToolExec flush
[2026-07-29T05:38:01.042Z] InitialReadForge.onBeforeSend: SKIP (fr=true syn=false hasRead=true)
[2026-07-29T05:38:02.701Z] LiveUpdateForge: EndTurn fallback flush
[2026-07-29T05:38:02.701Z] onEndTurn: naturalStop=false toolCalls=17 nudgeMsg=no
[2026-07-29T05:38:07.844Z] LiveUpdateForge: AfterToolExec flush
[2026-07-29T05:38:07.871Z] InitialReadForge.onBeforeSend: SKIP (fr=true syn=false hasRead=true)
[2026-07-29T05:38:11.666Z] LiveUpdateForge: EndTurn fallback flush
[2026-07-29T05:38:11.667Z] onEndTurn: naturalStop=false toolCalls=18 nudgeMsg=no
[2026-07-29T05:38:12.932Z] LiveUpdateForge: AfterToolExec flush
[2026-07-29T05:38:12.958Z] InitialReadForge.onBeforeSend: SKIP (fr=true syn=false hasRead=true)
[2026-07-29T05:38:19.557Z] LiveUpdateForge: EndTurn fallback flush
[2026-07-29T05:38:19.558Z] onEndTurn: naturalStop=false toolCalls=19 nudgeMsg=no
[2026-07-29T05:38:20.052Z] LiveUpdateForge: AfterToolExec flush
[2026-07-29T05:38:20.071Z] InitialReadForge.onBeforeSend: SKIP (fr=true syn=false hasRead=true)
[2026-07-29T05:38:25.544Z] LiveUpdateForge: EndTurn fallback flush
[2026-07-29T05:38:25.545Z] onEndTurn: naturalStop=false toolCalls=20 nudgeMsg=no
[2026-07-29T05:38:25.919Z] LiveUpdateForge: AfterToolExec flush
[2026-07-29T05:38:25.945Z] InitialReadForge.onBeforeSend: SKIP (fr=true syn=false hasRead=true)
[2026-07-29T05:38:36.243Z] LiveUpdateForge: EndTurn fallback flush
[2026-07-29T05:38:36.243Z] onEndTurn: naturalStop=false toolCalls=21 nudgeMsg=no
[2026-07-29T05:38:36.570Z] LiveUpdateForge: AfterToolExec flush
[2026-07-29T05:38:36.597Z] InitialReadForge.onBeforeSend: SKIP (fr=true syn=false hasRead=true)
[2026-07-29T05:38:46.149Z] LiveUpdateForge: EndTurn fallback flush
[2026-07-29T05:38:46.149Z] onEndTurn: naturalStop=false toolCalls=22 nudgeMsg=no
[2026-07-29T05:38:47.290Z] LiveUpdateForge: AfterToolExec flush
[2026-07-29T05:38:47.309Z] InitialReadForge.onBeforeSend: SKIP (fr=true syn=false hasRead=true)
[2026-07-29T05:38:52.025Z] LiveUpdateForge: EndTurn fallback flush
[2026-07-29T05:38:52.025Z] onEndTurn: naturalStop=false toolCalls=23 nudgeMsg=no
[2026-07-29T05:38:52.033Z] LiveUpdateForge: AfterToolExec flush
[2026-07-29T05:38:52.054Z] InitialReadForge.onBeforeSend: SKIP (fr=true syn=false hasRead=true)
[2026-07-29T05:38:59.857Z] LiveUpdateForge: EndTurn fallback flush
[2026-07-29T05:38:59.857Z] onEndTurn: naturalStop=false toolCalls=24 nudgeMsg=no
[2026-07-29T05:39:00.449Z] LiveUpdateForge: AfterToolExec flush
[2026-07-29T05:39:00.468Z] InitialReadForge.onBeforeSend: SKIP (fr=true syn=false hasRead=true)
[2026-07-29T05:39:13.045Z] LiveUpdateForge: EndTurn fallback flush
[2026-07-29T05:39:13.046Z] onEndTurn: naturalStop=true toolCalls=25 nudgeMsg=no
[2026-07-29T05:41:18.909Z] ResumeDiffForge: running checkResumeConsistency
[2026-07-29T05:41:18.910Z] checkResumeConsistency: forgedTimestamps=[]
[2026-07-29T05:41:18.915Z] checkResumeConsistency: no changes detected
[2026-07-29T05:41:18.916Z] LiveUpdateForge: session reset, allowLiveUpdate = false
[2026-07-29T05:41:18.916Z] NudgeForge: ResumeComplete — restoring count from history
[2026-07-29T05:41:18.916Z] restoreNudgeCountFromHistory: no reset point found, count=25
[2026-07-29T05:41:18.926Z] LiveUpdateForge: allowLiveUpdate = true (first real BeforeSend)
[2026-07-29T05:41:18.927Z] InitialReadForge.onBeforeSend: SKIP (fr=false syn=false hasRead=true)
[2026-07-29T05:41:39.119Z] LiveUpdateForge: EndTurn fallback flush
[2026-07-29T05:41:39.120Z] onEndTurn: naturalStop=false toolCalls=25 nudgeMsg=no
[2026-07-29T05:41:39.126Z] LiveUpdateForge: AfterToolExec flush
[2026-07-29T05:41:39.145Z] InitialReadForge.onBeforeSend: SKIP (fr=true syn=false hasRead=true)
[2026-07-29T05:41:45.534Z] LiveUpdateForge: EndTurn fallback flush
[2026-07-29T05:41:45.534Z] onEndTurn: naturalStop=false toolCalls=26 nudgeMsg=no
[2026-07-29T05:41:45.588Z] LiveUpdateForge: AfterToolExec flush
[2026-07-29T05:41:45.606Z] InitialReadForge.onBeforeSend: SKIP (fr=true syn=false hasRead=true)
[2026-07-29T05:41:52.163Z] LiveUpdateForge: EndTurn fallback flush
[2026-07-29T05:41:52.163Z] onEndTurn: naturalStop=false toolCalls=27 nudgeMsg=no
[2026-07-29T05:42:07.576Z] LiveUpdateForge: AfterToolExec flush
[2026-07-29T05:42:07.595Z] InitialReadForge.onBeforeSend: SKIP (fr=true syn=false hasRead=true)
[2026-07-29T05:42:13.477Z] LiveUpdateForge: EndTurn fallback flush
[2026-07-29T05:42:13.477Z] onEndTurn: naturalStop=false toolCalls=28 nudgeMsg=no
[2026-07-29T05:42:13.508Z] LiveUpdateForge: AfterToolExec flush
[2026-07-29T05:42:13.524Z] InitialReadForge.onBeforeSend: SKIP (fr=true syn=false hasRead=true)
[2026-07-29T05:42:19.556Z] LiveUpdateForge: EndTurn fallback flush
[2026-07-29T05:42:19.557Z] onEndTurn: naturalStop=false toolCalls=29 nudgeMsg=no
[2026-07-29T05:42:19.593Z] LiveUpdateForge: AfterToolExec flush
[2026-07-29T05:42:19.610Z] InitialReadForge.onBeforeSend: SKIP (fr=true syn=false hasRead=true)
[2026-07-29T05:42:24.098Z] LiveUpdateForge: EndTurn fallback flush
[2026-07-29T05:42:24.099Z] onEndTurn: naturalStop=false toolCalls=30 nudgeMsg=no
[2026-07-29T05:42:24.747Z] LiveUpdateForge: AfterToolExec flush
[2026-07-29T05:42:24.764Z] InitialReadForge.onBeforeSend: SKIP (fr=true syn=false hasRead=true)
[2026-07-29T05:42:27.054Z] LiveUpdateForge: EndTurn fallback flush
[2026-07-29T05:42:27.054Z] onEndTurn: naturalStop=false toolCalls=31 nudgeMsg=no
[2026-07-29T05:42:27.357Z] LiveUpdateForge: AfterToolExec flush
[2026-07-29T05:42:27.374Z] InitialReadForge.onBeforeSend: SKIP (fr=true syn=false hasRead=true)
[2026-07-29T05:42:34.912Z] LiveUpdateForge: EndTurn fallback flush
[2026-07-29T05:42:34.913Z] onEndTurn: naturalStop=true toolCalls=32 nudgeMsg=no
[2026-07-29T05:44:04.308Z] ResumeDiffForge: running checkResumeConsistency
[2026-07-29T05:44:04.308Z] checkResumeConsistency: forgedTimestamps=[]
[2026-07-29T05:44:04.315Z] checkResumeConsistency: no changes detected
[2026-07-29T05:44:04.316Z] LiveUpdateForge: session reset, allowLiveUpdate = false
[2026-07-29T05:44:04.316Z] NudgeForge: ResumeComplete — restoring count from history
[2026-07-29T05:44:04.317Z] restoreNudgeCountFromHistory: no reset point found, count=32
[2026-07-29T05:44:04.325Z] LiveUpdateForge: allowLiveUpdate = true (first real BeforeSend)
[2026-07-29T05:44:04.325Z] InitialReadForge.onBeforeSend: SKIP (fr=false syn=false hasRead=true)
[2026-07-29T05:44:34.751Z] LiveUpdateForge: EndTurn fallback flush
[2026-07-29T05:44:34.751Z] onEndTurn: naturalStop=false toolCalls=32 nudgeMsg=no
[2026-07-29T05:44:34.760Z] LiveUpdateForge: AfterToolExec flush
[2026-07-29T05:44:34.779Z] InitialReadForge.onBeforeSend: SKIP (fr=true syn=false hasRead=true)
[2026-07-29T05:45:02.121Z] LiveUpdateForge: EndTurn fallback flush
[2026-07-29T05:45:02.122Z] onEndTurn: naturalStop=false toolCalls=33 nudgeMsg=no
[2026-07-29T05:45:03.746Z] LiveUpdateForge: AfterToolExec flush
[2026-07-29T05:45:03.765Z] InitialReadForge.onBeforeSend: SKIP (fr=true syn=false hasRead=true)
[2026-07-29T05:45:21.769Z] LiveUpdateForge: EndTurn fallback flush
[2026-07-29T05:45:21.769Z] onEndTurn: naturalStop=true toolCalls=34 nudgeMsg=no
[2026-07-29T05:46:21.522Z] ResumeDiffForge: running checkResumeConsistency
[2026-07-29T05:46:21.523Z] checkResumeConsistency: forgedTimestamps=[]
[2026-07-29T05:46:21.529Z] checkResumeConsistency: no changes detected
[2026-07-29T05:46:21.530Z] LiveUpdateForge: session reset, allowLiveUpdate = false
[2026-07-29T05:46:21.530Z] NudgeForge: ResumeComplete — restoring count from history
[2026-07-29T05:46:21.530Z] restoreNudgeCountFromHistory: no reset point found, count=34
[2026-07-29T05:46:21.538Z] LiveUpdateForge: allowLiveUpdate = true (first real BeforeSend)
[2026-07-29T05:46:21.538Z] InitialReadForge.onBeforeSend: SKIP (fr=false syn=false hasRead=true)
[2026-07-29T05:47:15.646Z] LiveUpdateForge: EndTurn fallback flush
[2026-07-29T05:47:15.646Z] onEndTurn: naturalStop=false toolCalls=34 nudgeMsg=no
[2026-07-29T05:47:16.888Z] LiveUpdateForge: AfterToolExec flush
[2026-07-29T05:47:16.916Z] InitialReadForge.onBeforeSend: SKIP (fr=true syn=false hasRead=true)
[2026-07-29T05:47:22.960Z] LiveUpdateForge: EndTurn fallback flush
[2026-07-29T05:47:22.960Z] onEndTurn: naturalStop=false toolCalls=35 nudgeMsg=no
[2026-07-29T05:47:23.325Z] LiveUpdateForge: AfterToolExec flush
[2026-07-29T05:47:23.343Z] InitialReadForge.onBeforeSend: SKIP (fr=true syn=false hasRead=true)
[2026-07-29T05:47:29.154Z] LiveUpdateForge: EndTurn fallback flush
[2026-07-29T05:47:29.154Z] onEndTurn: naturalStop=false toolCalls=36 nudgeMsg=no
[2026-07-29T05:47:29.161Z] LiveUpdateForge: AfterToolExec flush
[2026-07-29T05:47:29.177Z] InitialReadForge.onBeforeSend: SKIP (fr=true syn=false hasRead=true)
[2026-07-29T05:47:32.885Z] LiveUpdateForge: EndTurn fallback flush
[2026-07-29T05:47:32.885Z] onEndTurn: naturalStop=false toolCalls=37 nudgeMsg=no
[2026-07-29T05:47:32.926Z] LiveUpdateForge: AfterToolExec flush
[2026-07-29T05:47:32.942Z] InitialReadForge.onBeforeSend: SKIP (fr=true syn=false hasRead=true)
[2026-07-29T05:47:38.424Z] LiveUpdateForge: EndTurn fallback flush
[2026-07-29T05:47:38.424Z] onEndTurn: naturalStop=false toolCalls=38 nudgeMsg=no
[2026-07-29T05:47:38.442Z] LiveUpdateForge: AfterToolExec flush
[2026-07-29T05:47:38.456Z] InitialReadForge.onBeforeSend: SKIP (fr=true syn=false hasRead=true)
[2026-07-29T05:47:46.492Z] LiveUpdateForge: EndTurn fallback flush
[2026-07-29T05:47:46.493Z] onEndTurn: naturalStop=false toolCalls=39 nudgeMsg=no
[2026-07-29T05:47:52.400Z] LiveUpdateForge: AfterToolExec flush
[2026-07-29T05:47:52.422Z] InitialReadForge.onBeforeSend: SKIP (fr=true syn=false hasRead=true)
[2026-07-29T05:48:01.360Z] LiveUpdateForge: EndTurn fallback flush
[2026-07-29T05:48:01.361Z] onEndTurn: naturalStop=true toolCalls=40 nudgeMsg=no
[2026-07-29T05:49:19.725Z] ResumeDiffForge: running checkResumeConsistency
[2026-07-29T05:49:19.726Z] checkResumeConsistency: forgedTimestamps=[]
[2026-07-29T05:49:19.731Z] checkResumeConsistency: no changes detected
[2026-07-29T05:49:19.731Z] LiveUpdateForge: session reset, allowLiveUpdate = false
[2026-07-29T05:49:19.731Z] NudgeForge: ResumeComplete — restoring count from history
[2026-07-29T05:49:19.732Z] restoreNudgeCountFromHistory: no reset point found, count=40
[2026-07-29T05:49:19.742Z] LiveUpdateForge: allowLiveUpdate = true (first real BeforeSend)
[2026-07-29T05:49:19.743Z] InitialReadForge.onBeforeSend: SKIP (fr=false syn=false hasRead=true)
[2026-07-29T05:49:40.134Z] LiveUpdateForge: EndTurn fallback flush
[2026-07-29T05:49:40.134Z] onEndTurn: naturalStop=false toolCalls=40 nudgeMsg=no
[2026-07-29T05:49:41.708Z] LiveUpdateForge: AfterToolExec flush
[2026-07-29T05:49:41.725Z] InitialReadForge.onBeforeSend: SKIP (fr=true syn=false hasRead=true)
[2026-07-29T05:49:46.344Z] LiveUpdateForge: EndTurn fallback flush
[2026-07-29T05:49:46.345Z] onEndTurn: naturalStop=false toolCalls=41 nudgeMsg=no
[2026-07-29T05:49:46.680Z] LiveUpdateForge: AfterToolExec flush
[2026-07-29T05:49:46.695Z] InitialReadForge.onBeforeSend: SKIP (fr=true syn=false hasRead=true)
[2026-07-29T05:49:53.389Z] LiveUpdateForge: EndTurn fallback flush
[2026-07-29T05:49:53.389Z] onEndTurn: naturalStop=false toolCalls=42 nudgeMsg=no
[2026-07-29T05:49:53.392Z] LiveUpdateForge: AfterToolExec flush
[2026-07-29T05:49:53.409Z] InitialReadForge.onBeforeSend: SKIP (fr=true syn=false hasRead=true)
[2026-07-29T05:49:57.536Z] LiveUpdateForge: EndTurn fallback flush
[2026-07-29T05:49:57.537Z] onEndTurn: naturalStop=false toolCalls=43 nudgeMsg=no
[2026-07-29T05:49:57.580Z] LiveUpdateForge: AfterToolExec flush
[2026-07-29T05:49:57.597Z] InitialReadForge.onBeforeSend: SKIP (fr=true syn=false hasRead=true)
[2026-07-29T05:50:06.027Z] LiveUpdateForge: EndTurn fallback flush
[2026-07-29T05:50:06.028Z] onEndTurn: naturalStop=false toolCalls=44 nudgeMsg=no
[2026-07-29T05:50:06.048Z] LiveUpdateForge: AfterToolExec flush
[2026-07-29T05:50:06.064Z] InitialReadForge.onBeforeSend: SKIP (fr=true syn=false hasRead=true)
[2026-07-29T05:50:10.195Z] LiveUpdateForge: EndTurn fallback flush
[2026-07-29T05:50:10.195Z] onEndTurn: naturalStop=false toolCalls=45 nudgeMsg=no
[2026-07-29T05:50:15.778Z] LiveUpdateForge: AfterToolExec flush
[2026-07-29T05:50:15.793Z] InitialReadForge.onBeforeSend: SKIP (fr=true syn=false hasRead=true)
[2026-07-29T05:50:24.692Z] LiveUpdateForge: EndTurn fallback flush
[2026-07-29T05:50:24.692Z] onEndTurn: naturalStop=true toolCalls=46 nudgeMsg=no
[2026-07-29T05:55:53.691Z] ResumeDiffForge: running checkResumeConsistency
[2026-07-29T05:55:53.691Z] checkResumeConsistency: forgedTimestamps=[]
[2026-07-29T05:55:53.697Z] checkResumeConsistency: no changes detected
[2026-07-29T05:55:53.698Z] LiveUpdateForge: session reset, allowLiveUpdate = false
[2026-07-29T05:55:53.698Z] NudgeForge: ResumeComplete — restoring count from history
[2026-07-29T05:55:53.698Z] restoreNudgeCountFromHistory: no reset point found, count=46
[2026-07-29T05:55:53.711Z] LiveUpdateForge: allowLiveUpdate = true (first real BeforeSend)
[2026-07-29T05:55:53.711Z] InitialReadForge.onBeforeSend: SKIP (fr=false syn=false hasRead=true)
[2026-07-29T05:56:01.379Z] LiveUpdateForge: EndTurn fallback flush
[2026-07-29T05:56:01.380Z] onEndTurn: naturalStop=false toolCalls=46 nudgeMsg=no
[2026-07-29T05:56:01.388Z] LiveUpdateForge: AfterToolExec flush
[2026-07-29T05:56:01.407Z] InitialReadForge.onBeforeSend: SKIP (fr=true syn=false hasRead=true)
[2026-07-29T05:56:26.219Z] LiveUpdateForge: EndTurn fallback flush
[2026-07-29T05:56:26.219Z] onEndTurn: naturalStop=false toolCalls=47 nudgeMsg=no
[2026-07-29T05:56:26.261Z] LiveUpdateForge: AfterToolExec flush
[2026-07-29T05:56:26.278Z] InitialReadForge.onBeforeSend: SKIP (fr=true syn=false hasRead=true)
[2026-07-29T05:56:31.243Z] LiveUpdateForge: EndTurn fallback flush
[2026-07-29T05:56:31.243Z] onEndTurn: naturalStop=false toolCalls=48 nudgeMsg=no
[2026-07-29T05:56:31.323Z] LiveUpdateForge: AfterToolExec flush
[2026-07-29T05:56:31.340Z] InitialReadForge.onBeforeSend: SKIP (fr=true syn=false hasRead=true)
[2026-07-29T05:56:36.953Z] LiveUpdateForge: EndTurn fallback flush
[2026-07-29T05:56:36.953Z] onEndTurn: naturalStop=false toolCalls=49 nudgeMsg=no
[2026-07-29T05:56:37.471Z] LiveUpdateForge: AfterToolExec flush
[2026-07-29T05:56:37.491Z] InitialReadForge.onBeforeSend: SKIP (fr=true syn=false hasRead=true)
[2026-07-29T05:56:40.895Z] LiveUpdateForge: EndTurn fallback flush
[2026-07-29T05:56:40.895Z] onEndTurn: naturalStop=false toolCalls=50 nudgeMsg=no
[2026-07-29T05:56:48.374Z] LiveUpdateForge: AfterToolExec flush
[2026-07-29T05:56:48.398Z] InitialReadForge.onBeforeSend: SKIP (fr=true syn=false hasRead=true)
[2026-07-29T05:57:03.069Z] LiveUpdateForge: EndTurn fallback flush
[2026-07-29T05:57:03.070Z] onEndTurn: naturalStop=false toolCalls=51 nudgeMsg=no
[2026-07-29T05:57:03.093Z] LiveUpdateForge: AfterToolExec flush
[2026-07-29T05:57:03.109Z] InitialReadForge.onBeforeSend: SKIP (fr=true syn=false hasRead=true)
[2026-07-29T05:57:07.717Z] LiveUpdateForge: EndTurn fallback flush
[2026-07-29T05:57:07.717Z] onEndTurn: naturalStop=true toolCalls=0 nudgeMsg=YES
[2026-07-29T05:57:07.719Z] InitialReadForge.onBeforeSend: SKIP (fr=false syn=false hasRead=true)
[2026-07-29T05:57:13.532Z] LiveUpdateForge: EndTurn fallback flush
[2026-07-29T05:57:13.532Z] onEndTurn: naturalStop=true toolCalls=0 nudgeMsg=no
[2026-07-29T06:01:21.416Z] ResumeDiffForge: running checkResumeConsistency
[2026-07-29T06:01:21.417Z] checkResumeConsistency: forgedTimestamps=[]
[2026-07-29T06:01:21.424Z] checkResumeConsistency: no changes detected
[2026-07-29T06:01:21.424Z] LiveUpdateForge: session reset, allowLiveUpdate = false
[2026-07-29T06:01:21.425Z] NudgeForge: ResumeComplete — restoring count from history
[2026-07-29T06:01:21.425Z] restoreNudgeCountFromHistory: found nudge message at idx=119 count=0
[2026-07-29T06:01:21.435Z] LiveUpdateForge: allowLiveUpdate = true (first real BeforeSend)
[2026-07-29T06:01:21.435Z] InitialReadForge.onBeforeSend: SKIP (fr=false syn=false hasRead=true)
[2026-07-29T06:01:33.763Z] LiveUpdateForge: EndTurn fallback flush
[2026-07-29T06:01:33.764Z] onEndTurn: naturalStop=false toolCalls=0 nudgeMsg=no
[2026-07-29T06:02:06.334Z] LiveUpdateForge: AfterToolExec flush
[2026-07-29T06:02:06.352Z] InitialReadForge.onBeforeSend: SKIP (fr=true syn=false hasRead=true)
[2026-07-29T06:02:09.249Z] LiveUpdateForge: EndTurn fallback flush
[2026-07-29T06:02:09.250Z] onEndTurn: naturalStop=false toolCalls=1 nudgeMsg=no
[2026-07-29T06:02:13.231Z] LiveUpdateForge: AfterToolExec flush
[2026-07-29T06:02:13.246Z] InitialReadForge.onBeforeSend: SKIP (fr=true syn=false hasRead=true)
[2026-07-29T06:02:20.153Z] LiveUpdateForge: EndTurn fallback flush
[2026-07-29T06:02:20.153Z] onEndTurn: naturalStop=false toolCalls=2 nudgeMsg=no
[2026-07-29T06:02:23.607Z] LiveUpdateForge: AfterToolExec flush
[2026-07-29T06:02:23.624Z] InitialReadForge.onBeforeSend: SKIP (fr=true syn=false hasRead=true)
[2026-07-29T06:02:37.163Z] LiveUpdateForge: EndTurn fallback flush
[2026-07-29T06:02:37.164Z] onEndTurn: naturalStop=false toolCalls=3 nudgeMsg=no
[2026-07-29T06:02:40.713Z] LiveUpdateForge: AfterToolExec flush
[2026-07-29T06:02:40.728Z] InitialReadForge.onBeforeSend: SKIP (fr=true syn=false hasRead=true)
[2026-07-29T06:02:47.880Z] LiveUpdateForge: EndTurn fallback flush
[2026-07-29T06:02:47.880Z] onEndTurn: naturalStop=false toolCalls=4 nudgeMsg=no
[2026-07-29T06:02:59.543Z] LiveUpdateForge: AfterToolExec flush
[2026-07-29T06:02:59.559Z] InitialReadForge.onBeforeSend: SKIP (fr=true syn=false hasRead=true)
[2026-07-29T06:03:07.664Z] LiveUpdateForge: EndTurn fallback flush
[2026-07-29T06:03:07.665Z] onEndTurn: naturalStop=true toolCalls=5 nudgeMsg=no
[2026-07-29T06:05:02.947Z] ResumeDiffForge: running checkResumeConsistency
[2026-07-29T06:05:02.947Z] checkResumeConsistency: forgedTimestamps=[]
[2026-07-29T06:05:02.953Z] checkResumeConsistency: no changes detected
[2026-07-29T06:05:02.953Z] LiveUpdateForge: session reset, allowLiveUpdate = false
[2026-07-29T06:05:02.953Z] NudgeForge: ResumeComplete — restoring count from history
[2026-07-29T06:05:02.954Z] restoreNudgeCountFromHistory: found nudge message at idx=119 count=5
[2026-07-29T06:05:02.963Z] LiveUpdateForge: allowLiveUpdate = true (first real BeforeSend)
[2026-07-29T06:05:02.964Z] InitialReadForge.onBeforeSend: SKIP (fr=false syn=false hasRead=true)
[2026-07-29T06:05:44.816Z] LiveUpdateForge: EndTurn fallback flush
[2026-07-29T06:05:44.816Z] onEndTurn: naturalStop=false toolCalls=5 nudgeMsg=no
[2026-07-29T06:05:44.825Z] LiveUpdateForge: AfterToolExec flush
[2026-07-29T06:05:44.844Z] InitialReadForge.onBeforeSend: SKIP (fr=true syn=false hasRead=true)
[2026-07-29T06:05:58.717Z] LiveUpdateForge: EndTurn fallback flush
[2026-07-29T06:05:58.717Z] onEndTurn: naturalStop=false toolCalls=6 nudgeMsg=no
[2026-07-29T06:05:58.760Z] LiveUpdateForge: AfterToolExec flush
[2026-07-29T06:05:58.776Z] InitialReadForge.onBeforeSend: SKIP (fr=true syn=false hasRead=true)
[2026-07-29T06:06:17.346Z] LiveUpdateForge: EndTurn fallback flush
[2026-07-29T06:06:17.346Z] onEndTurn: naturalStop=false toolCalls=7 nudgeMsg=no
[2026-07-29T06:06:22.585Z] LiveUpdateForge: AfterToolExec flush
[2026-07-29T06:06:22.603Z] InitialReadForge.onBeforeSend: SKIP (fr=true syn=false hasRead=true)
[2026-07-29T06:06:53.218Z] LiveUpdateForge: EndTurn fallback flush
[2026-07-29T06:06:53.218Z] onEndTurn: naturalStop=false toolCalls=8 nudgeMsg=no
[2026-07-29T06:06:53.235Z] LiveUpdateForge: AfterToolExec flush
[2026-07-29T06:06:53.254Z] InitialReadForge.onBeforeSend: SKIP (fr=true syn=false hasRead=true)
[2026-07-29T06:07:03.511Z] LiveUpdateForge: EndTurn fallback flush
[2026-07-29T06:07:03.511Z] onEndTurn: naturalStop=true toolCalls=9 nudgeMsg=no
[2026-07-29T06:48:15.839Z] MemoryForge: attached 5 listener(s)
[2026-07-29T06:48:15.839Z] InitialReadForge: armed one-shot BeforeSend after NewSessionStart
[2026-07-29T06:48:15.840Z] LiveUpdateForge: session reset, allowLiveUpdate = false
[2026-07-29T06:48:15.957Z] LiveUpdateForge: session reset, allowLiveUpdate = false
[2026-07-29T06:48:15.962Z] ResumeDiffForge: running checkResumeConsistency
[2026-07-29T06:48:15.962Z] checkResumeConsistency: forgedTimestamps=[]
[2026-07-29T06:48:15.965Z] checkResumeConsistency: no changes detected
[2026-07-29T06:48:15.965Z] LiveUpdateForge: session reset, allowLiveUpdate = false
[2026-07-29T06:48:15.965Z] NudgeForge: ResumeComplete — restoring count from history
[2026-07-29T06:48:15.966Z] restoreNudgeCountFromHistory: found nudge message at idx=119 count=9
[2026-07-29T06:48:17.638Z] ResumeDiffForge: running checkResumeConsistency
[2026-07-29T06:48:17.639Z] checkResumeConsistency: forgedTimestamps=[]
[2026-07-29T06:48:17.644Z] checkResumeConsistency: no changes detected
[2026-07-29T06:48:17.644Z] LiveUpdateForge: session reset, allowLiveUpdate = false
[2026-07-29T06:48:17.645Z] NudgeForge: ResumeComplete — restoring count from history
[2026-07-29T06:48:17.645Z] restoreNudgeCountFromHistory: found nudge message at idx=119 count=9
[2026-07-29T06:48:17.687Z] ResumeDiffForge: running checkResumeConsistency
[2026-07-29T06:48:17.688Z] checkResumeConsistency: forgedTimestamps=[]
[2026-07-29T06:48:17.693Z] checkResumeConsistency: no changes detected
[2026-07-29T06:48:17.693Z] LiveUpdateForge: session reset, allowLiveUpdate = false
[2026-07-29T06:48:17.693Z] NudgeForge: ResumeComplete — restoring count from history
[2026-07-29T06:48:17.694Z] restoreNudgeCountFromHistory: found nudge message at idx=119 count=9
[2026-07-29T06:48:18.987Z] MemoryForge: attached 5 listener(s)
[2026-07-29T06:48:18.987Z] InitialReadForge: armed one-shot BeforeSend after NewSessionStart
[2026-07-29T06:48:18.988Z] LiveUpdateForge: session reset, allowLiveUpdate = false
[2026-07-29T06:48:18.990Z] MemoryForge: detached all listeners
[2026-07-29T06:48:18.990Z] ResumeDiffForge: running checkResumeConsistency
[2026-07-29T06:48:18.991Z] checkResumeConsistency: forgedTimestamps=[]
[2026-07-29T06:48:19.011Z] checkResumeConsistency: no changes detected
[2026-07-29T06:48:19.011Z] LiveUpdateForge: session reset, allowLiveUpdate = false
[2026-07-29T06:48:19.011Z] NudgeForge: ResumeComplete — restoring count from history
[2026-07-29T06:48:19.011Z] restoreNudgeCountFromHistory: found nudge message at idx=119 count=9
[2026-07-29T06:48:19.025Z] LiveUpdateForge: allowLiveUpdate = true (first real BeforeSend)
[2026-07-29T06:48:19.026Z] InitialReadForge.onBeforeSend: SKIP (fr=false syn=false hasRead=true)
[2026-07-29T06:48:39.461Z] LiveUpdateForge: EndTurn fallback flush
[2026-07-29T06:48:39.462Z] onEndTurn: naturalStop=false toolCalls=9 nudgeMsg=no
[2026-07-29T06:55:21.856Z] LiveUpdateForge: AfterToolExec flush
[2026-07-29T06:55:21.875Z] InitialReadForge.onBeforeSend: SKIP (fr=true syn=false hasRead=true)
[2026-07-29T06:55:43.001Z] LiveUpdateForge: EndTurn fallback flush
[2026-07-29T06:55:43.001Z] onEndTurn: naturalStop=false toolCalls=10 nudgeMsg=no
[2026-07-29T06:55:43.080Z] LiveUpdateForge: AfterToolExec flush
[2026-07-29T06:55:43.097Z] InitialReadForge.onBeforeSend: SKIP (fr=true syn=false hasRead=true)
[2026-07-29T06:56:19.997Z] LiveUpdateForge: EndTurn fallback flush
[2026-07-29T06:56:19.997Z] onEndTurn: naturalStop=true toolCalls=11 nudgeMsg=no
[2026-07-29T07:01:39.688Z] ResumeDiffForge: running checkResumeConsistency
[2026-07-29T07:01:39.689Z] checkResumeConsistency: forgedTimestamps=[]
[2026-07-29T07:01:39.695Z] checkResumeConsistency: no changes detected
[2026-07-29T07:01:39.695Z] LiveUpdateForge: session reset, allowLiveUpdate = false
[2026-07-29T07:01:39.695Z] NudgeForge: ResumeComplete — restoring count from history
[2026-07-29T07:01:39.696Z] restoreNudgeCountFromHistory: found nudge message at idx=119 count=11
[2026-07-29T07:01:39.716Z] LiveUpdateForge: allowLiveUpdate = true (first real BeforeSend)
[2026-07-29T07:01:39.717Z] InitialReadForge.onBeforeSend: SKIP (fr=false syn=false hasRead=true)
[2026-07-29T07:02:00.970Z] LiveUpdateForge: EndTurn fallback flush
[2026-07-29T07:02:00.970Z] onEndTurn: naturalStop=false toolCalls=11 nudgeMsg=no
[2026-07-29T07:02:00.983Z] LiveUpdateForge: AfterToolExec flush
[2026-07-29T07:02:00.984Z] LiveUpdateForge: AfterToolExec flush
[2026-07-29T07:02:00.984Z] LiveUpdateForge: AfterToolExec flush
[2026-07-29T07:02:00.985Z] LiveUpdateForge: AfterToolExec flush
[2026-07-29T07:02:00.985Z] LiveUpdateForge: AfterToolExec flush
[2026-07-29T07:02:00.986Z] LiveUpdateForge: AfterToolExec flush
[2026-07-29T07:02:01.007Z] InitialReadForge.onBeforeSend: SKIP (fr=true syn=false hasRead=true)
[2026-07-29T07:05:56.618Z] LiveUpdateForge: EndTurn fallback flush
[2026-07-29T07:05:56.618Z] onEndTurn: naturalStop=true toolCalls=17 nudgeMsg=no
[2026-07-29T07:06:10.229Z] ResumeDiffForge: running checkResumeConsistency
[2026-07-29T07:06:10.229Z] checkResumeConsistency: forgedTimestamps=[]
[2026-07-29T07:06:10.236Z] checkResumeConsistency: no changes detected
[2026-07-29T07:06:10.236Z] LiveUpdateForge: session reset, allowLiveUpdate = false
[2026-07-29T07:06:10.236Z] NudgeForge: ResumeComplete — restoring count from history
[2026-07-29T07:06:10.237Z] restoreNudgeCountFromHistory: found nudge message at idx=119 count=17
[2026-07-29T07:06:10.249Z] LiveUpdateForge: allowLiveUpdate = true (first real BeforeSend)
[2026-07-29T07:06:10.249Z] InitialReadForge.onBeforeSend: SKIP (fr=false syn=false hasRead=true)
[2026-07-29T07:07:16.370Z] LiveUpdateForge: EndTurn fallback flush
[2026-07-29T07:07:16.371Z] onEndTurn: naturalStop=false toolCalls=17 nudgeMsg=no
[2026-07-29T07:07:16.378Z] LiveUpdateForge: AfterToolExec flush
[2026-07-29T07:07:16.397Z] InitialReadForge.onBeforeSend: SKIP (fr=true syn=false hasRead=true)
[2026-07-29T07:07:34.107Z] LiveUpdateForge: EndTurn fallback flush
[2026-07-29T07:07:34.107Z] onEndTurn: naturalStop=false toolCalls=18 nudgeMsg=no
[2026-07-29T07:07:34.160Z] LiveUpdateForge: AfterToolExec flush
[2026-07-29T07:07:34.180Z] InitialReadForge.onBeforeSend: SKIP (fr=true syn=false hasRead=true)
[2026-07-29T07:07:40.904Z] LiveUpdateForge: EndTurn fallback flush
[2026-07-29T07:07:40.904Z] onEndTurn: naturalStop=false toolCalls=19 nudgeMsg=no
[2026-07-29T07:08:00.049Z] LiveUpdateForge: AfterToolExec flush
[2026-07-29T07:08:00.069Z] InitialReadForge.onBeforeSend: SKIP (fr=true syn=false hasRead=true)
[2026-07-29T07:08:48.184Z] LiveUpdateForge: EndTurn fallback flush
[2026-07-29T07:08:48.185Z] onEndTurn: naturalStop=true toolCalls=20 nudgeMsg=no
[2026-07-29T07:34:26.806Z] MemoryForge: attached 5 listener(s)
[2026-07-29T07:34:26.807Z] InitialReadForge: armed one-shot BeforeSend after NewSessionStart
[2026-07-29T07:34:26.807Z] LiveUpdateForge: session reset, allowLiveUpdate = false
[2026-07-29T07:34:26.956Z] LiveUpdateForge: session reset, allowLiveUpdate = false
[2026-07-29T07:34:26.962Z] ResumeDiffForge: running checkResumeConsistency
[2026-07-29T07:34:26.962Z] checkResumeConsistency: forgedTimestamps=[]
[2026-07-29T07:34:26.968Z] checkResumeConsistency: no changes detected
[2026-07-29T07:34:26.968Z] LiveUpdateForge: session reset, allowLiveUpdate = false
[2026-07-29T07:34:26.969Z] NudgeForge: ResumeComplete — restoring count from history
[2026-07-29T07:34:26.969Z] restoreNudgeCountFromHistory: found nudge message at idx=119 count=20
[2026-07-29T07:34:28.650Z] ResumeDiffForge: running checkResumeConsistency
[2026-07-29T07:34:28.651Z] checkResumeConsistency: forgedTimestamps=[]
[2026-07-29T07:34:28.657Z] checkResumeConsistency: no changes detected
[2026-07-29T07:34:28.657Z] LiveUpdateForge: session reset, allowLiveUpdate = false
[2026-07-29T07:34:28.657Z] NudgeForge: ResumeComplete — restoring count from history
[2026-07-29T07:34:28.658Z] restoreNudgeCountFromHistory: found nudge message at idx=119 count=20
[2026-07-29T07:34:28.699Z] ResumeDiffForge: running checkResumeConsistency
[2026-07-29T07:34:28.700Z] checkResumeConsistency: forgedTimestamps=[]
[2026-07-29T07:34:28.704Z] checkResumeConsistency: no changes detected
[2026-07-29T07:34:28.704Z] LiveUpdateForge: session reset, allowLiveUpdate = false
[2026-07-29T07:34:28.705Z] NudgeForge: ResumeComplete — restoring count from history
[2026-07-29T07:34:28.705Z] restoreNudgeCountFromHistory: found nudge message at idx=119 count=20
[2026-07-29T07:34:30.297Z] MemoryForge: attached 5 listener(s)
[2026-07-29T07:34:30.297Z] InitialReadForge: armed one-shot BeforeSend after NewSessionStart
[2026-07-29T07:34:30.298Z] LiveUpdateForge: session reset, allowLiveUpdate = false
[2026-07-29T07:34:30.301Z] MemoryForge: detached all listeners
[2026-07-29T07:34:30.301Z] ResumeDiffForge: running checkResumeConsistency
[2026-07-29T07:34:30.302Z] checkResumeConsistency: forgedTimestamps=[]
[2026-07-29T07:34:30.325Z] checkResumeConsistency: no changes detected
[2026-07-29T07:34:30.325Z] LiveUpdateForge: session reset, allowLiveUpdate = false
[2026-07-29T07:34:30.325Z] NudgeForge: ResumeComplete — restoring count from history
[2026-07-29T07:34:30.326Z] restoreNudgeCountFromHistory: found nudge message at idx=119 count=20
[2026-07-29T07:34:30.338Z] LiveUpdateForge: allowLiveUpdate = true (first real BeforeSend)
[2026-07-29T07:34:30.338Z] InitialReadForge.onBeforeSend: SKIP (fr=false syn=false hasRead=true)
[2026-07-29T07:34:48.471Z] LiveUpdateForge: EndTurn fallback flush
[2026-07-29T07:34:48.471Z] onEndTurn: naturalStop=false toolCalls=20 nudgeMsg=no
[2026-07-29T07:34:49.289Z] LiveUpdateForge: AfterToolExec flush
[2026-07-29T07:34:49.306Z] InitialReadForge.onBeforeSend: SKIP (fr=true syn=false hasRead=true)
[2026-07-29T07:35:29.962Z] LiveUpdateForge: EndTurn fallback flush
[2026-07-29T07:35:29.962Z] onEndTurn: naturalStop=false toolCalls=21 nudgeMsg=no
[2026-07-29T07:35:29.971Z] LiveUpdateForge: AfterToolExec flush
[2026-07-29T07:35:29.988Z] InitialReadForge.onBeforeSend: SKIP (fr=true syn=false hasRead=true)
[2026-07-29T07:35:37.519Z] LiveUpdateForge: EndTurn fallback flush
[2026-07-29T07:35:37.519Z] onEndTurn: naturalStop=true toolCalls=22 nudgeMsg=no
[2026-07-29T07:36:56.200Z] ResumeDiffForge: running checkResumeConsistency
[2026-07-29T07:36:56.200Z] checkResumeConsistency: forgedTimestamps=[]
[2026-07-29T07:36:56.206Z] checkResumeConsistency: no changes detected
[2026-07-29T07:36:56.207Z] LiveUpdateForge: session reset, allowLiveUpdate = false
[2026-07-29T07:36:56.207Z] NudgeForge: ResumeComplete — restoring count from history
[2026-07-29T07:36:56.207Z] restoreNudgeCountFromHistory: found nudge message at idx=119 count=22
[2026-07-29T07:36:56.220Z] LiveUpdateForge: allowLiveUpdate = true (first real BeforeSend)
[2026-07-29T07:36:56.220Z] InitialReadForge.onBeforeSend: SKIP (fr=false syn=false hasRead=true)
[2026-07-29T07:37:10.528Z] LiveUpdateForge: EndTurn fallback flush
[2026-07-29T07:37:10.528Z] onEndTurn: naturalStop=false toolCalls=22 nudgeMsg=no
[2026-07-29T07:37:10.629Z] LiveUpdateForge: AfterToolExec flush
[2026-07-29T07:37:10.646Z] InitialReadForge.onBeforeSend: SKIP (fr=true syn=false hasRead=true)
[2026-07-29T07:37:23.524Z] LiveUpdateForge: EndTurn fallback flush
[2026-07-29T07:37:23.524Z] onEndTurn: naturalStop=false toolCalls=23 nudgeMsg=no
[2026-07-29T07:37:23.532Z] LiveUpdateForge: AfterToolExec flush
[2026-07-29T07:37:23.551Z] InitialReadForge.onBeforeSend: SKIP (fr=true syn=false hasRead=true)
[2026-07-29T07:37:31.922Z] LiveUpdateForge: EndTurn fallback flush
[2026-07-29T07:37:31.922Z] onEndTurn: naturalStop=false toolCalls=24 nudgeMsg=no
[2026-07-29T07:37:31.935Z] LiveUpdateForge: AfterToolExec flush
[2026-07-29T07:37:31.953Z] InitialReadForge.onBeforeSend: SKIP (fr=true syn=false hasRead=true)
[2026-07-29T07:38:50.757Z] LiveUpdateForge: EndTurn fallback flush
[2026-07-29T07:38:50.757Z] onEndTurn: naturalStop=false toolCalls=25 nudgeMsg=no
[2026-07-29T07:38:50.772Z] LiveUpdateForge: AfterToolExec flush
[2026-07-29T07:38:50.789Z] InitialReadForge.onBeforeSend: SKIP (fr=true syn=false hasRead=true)
[2026-07-29T07:38:55.877Z] LiveUpdateForge: EndTurn fallback flush
[2026-07-29T07:38:55.877Z] onEndTurn: naturalStop=false toolCalls=26 nudgeMsg=no
[2026-07-29T07:38:55.892Z] LiveUpdateForge: AfterToolExec flush
[2026-07-29T07:38:55.910Z] InitialReadForge.onBeforeSend: SKIP (fr=true syn=false hasRead=true)
[2026-07-29T07:39:18.718Z] LiveUpdateForge: EndTurn fallback flush
[2026-07-29T07:39:18.718Z] onEndTurn: naturalStop=false toolCalls=27 nudgeMsg=no
[2026-07-29T07:39:18.812Z] LiveUpdateForge: AfterToolExec flush
[2026-07-29T07:39:18.830Z] InitialReadForge.onBeforeSend: SKIP (fr=true syn=false hasRead=true)
[2026-07-29T07:39:24.042Z] LiveUpdateForge: EndTurn fallback flush
[2026-07-29T07:39:24.042Z] onEndTurn: naturalStop=false toolCalls=28 nudgeMsg=no
[2026-07-29T07:39:24.049Z] LiveUpdateForge: AfterToolExec flush
[2026-07-29T07:39:24.067Z] InitialReadForge.onBeforeSend: SKIP (fr=true syn=false hasRead=true)
[2026-07-29T07:39:54.527Z] LiveUpdateForge: EndTurn fallback flush
[2026-07-29T07:39:54.527Z] onEndTurn: naturalStop=false toolCalls=29 nudgeMsg=no
[2026-07-29T07:39:54.574Z] LiveUpdateForge: AfterToolExec flush
[2026-07-29T07:39:54.591Z] InitialReadForge.onBeforeSend: SKIP (fr=true syn=false hasRead=true)
[2026-07-29T07:40:01.001Z] LiveUpdateForge: EndTurn fallback flush
[2026-07-29T07:40:01.001Z] onEndTurn: naturalStop=false toolCalls=30 nudgeMsg=no
[2026-07-29T07:40:17.930Z] LiveUpdateForge: AfterToolExec flush
[2026-07-29T07:40:17.951Z] InitialReadForge.onBeforeSend: SKIP (fr=true syn=false hasRead=true)
[2026-07-29T07:40:52.836Z] LiveUpdateForge: EndTurn fallback flush
[2026-07-29T07:40:52.836Z] onEndTurn: naturalStop=true toolCalls=31 nudgeMsg=no
[2026-07-29T07:48:08.467Z] MemoryForge: attached 5 listener(s)
[2026-07-29T07:48:08.467Z] InitialReadForge: armed one-shot BeforeSend after NewSessionStart
[2026-07-29T07:48:08.468Z] LiveUpdateForge: session reset, allowLiveUpdate = false
[2026-07-29T07:48:08.590Z] LiveUpdateForge: session reset, allowLiveUpdate = false
[2026-07-29T07:48:08.597Z] ResumeDiffForge: running checkResumeConsistency
[2026-07-29T07:48:08.597Z] checkResumeConsistency: forgedTimestamps=[]
[2026-07-29T07:48:08.603Z] checkResumeConsistency: no changes detected
[2026-07-29T07:48:08.603Z] LiveUpdateForge: session reset, allowLiveUpdate = false
[2026-07-29T07:48:08.603Z] NudgeForge: ResumeComplete — restoring count from history
[2026-07-29T07:48:08.604Z] restoreNudgeCountFromHistory: found nudge message at idx=119 count=31
[2026-07-29T07:48:10.010Z] ResumeDiffForge: running checkResumeConsistency
[2026-07-29T07:48:10.010Z] checkResumeConsistency: forgedTimestamps=[]
[2026-07-29T07:48:10.016Z] checkResumeConsistency: no changes detected
[2026-07-29T07:48:10.016Z] LiveUpdateForge: session reset, allowLiveUpdate = false
[2026-07-29T07:48:10.016Z] NudgeForge: ResumeComplete — restoring count from history
[2026-07-29T07:48:10.016Z] restoreNudgeCountFromHistory: found nudge message at idx=119 count=31
[2026-07-29T07:48:10.058Z] ResumeDiffForge: running checkResumeConsistency
[2026-07-29T07:48:10.059Z] checkResumeConsistency: forgedTimestamps=[]
[2026-07-29T07:48:10.066Z] checkResumeConsistency: no changes detected
[2026-07-29T07:48:10.066Z] LiveUpdateForge: session reset, allowLiveUpdate = false
[2026-07-29T07:48:10.067Z] NudgeForge: ResumeComplete — restoring count from history
[2026-07-29T07:48:10.067Z] restoreNudgeCountFromHistory: found nudge message at idx=119 count=31
[2026-07-29T07:48:12.176Z] MemoryForge: attached 5 listener(s)
[2026-07-29T07:48:12.176Z] InitialReadForge: armed one-shot BeforeSend after NewSessionStart
[2026-07-29T07:48:12.176Z] LiveUpdateForge: session reset, allowLiveUpdate = false
[2026-07-29T07:48:12.180Z] MemoryForge: detached all listeners
[2026-07-29T07:48:12.180Z] ResumeDiffForge: running checkResumeConsistency
[2026-07-29T07:48:12.180Z] checkResumeConsistency: forgedTimestamps=[]
[2026-07-29T07:48:12.201Z] checkResumeConsistency: no changes detected
[2026-07-29T07:48:12.202Z] LiveUpdateForge: session reset, allowLiveUpdate = false
[2026-07-29T07:48:12.202Z] NudgeForge: ResumeComplete — restoring count from history
[2026-07-29T07:48:12.203Z] restoreNudgeCountFromHistory: found nudge message at idx=119 count=31
[2026-07-29T07:48:12.214Z] LiveUpdateForge: allowLiveUpdate = true (first real BeforeSend)
[2026-07-29T07:48:12.214Z] InitialReadForge.onBeforeSend: SKIP (fr=false syn=false hasRead=true)
[2026-07-29T07:48:28.350Z] LiveUpdateForge: EndTurn fallback flush
[2026-07-29T07:48:28.351Z] onEndTurn: naturalStop=false toolCalls=31 nudgeMsg=no
[2026-07-29T07:48:32.103Z] LiveUpdateForge: AfterToolExec flush
[2026-07-29T07:48:32.120Z] InitialReadForge.onBeforeSend: SKIP (fr=true syn=false hasRead=true)
[2026-07-29T07:48:48.452Z] LiveUpdateForge: EndTurn fallback flush
[2026-07-29T07:48:48.452Z] onEndTurn: naturalStop=false toolCalls=32 nudgeMsg=no
[2026-07-29T07:48:48.977Z] LiveUpdateForge: AfterToolExec flush
[2026-07-29T07:48:48.993Z] InitialReadForge.onBeforeSend: SKIP (fr=true syn=false hasRead=true)
[2026-07-29T07:55:14.035Z] LiveUpdateForge: EndTurn fallback flush
[2026-07-29T07:55:14.036Z] onEndTurn: naturalStop=false toolCalls=33 nudgeMsg=no
[2026-07-29T07:55:14.071Z] LiveUpdateForge: AfterToolExec flush
[2026-07-29T07:55:14.107Z] InitialReadForge.onBeforeSend: SKIP (fr=true syn=false hasRead=true)
[2026-07-29T07:55:32.587Z] LiveUpdateForge: EndTurn fallback flush
[2026-07-29T07:55:32.587Z] onEndTurn: naturalStop=false toolCalls=34 nudgeMsg=no
[2026-07-29T07:55:32.644Z] LiveUpdateForge: AfterToolExec flush
[2026-07-29T07:55:32.661Z] InitialReadForge.onBeforeSend: SKIP (fr=true syn=false hasRead=true)
[2026-07-29T07:55:36.897Z] LiveUpdateForge: EndTurn fallback flush
[2026-07-29T07:55:36.897Z] onEndTurn: naturalStop=false toolCalls=35 nudgeMsg=no
[2026-07-29T07:55:46.063Z] LiveUpdateForge: AfterToolExec flush
[2026-07-29T07:55:46.092Z] InitialReadForge.onBeforeSend: SKIP (fr=true syn=false hasRead=true)
[2026-07-29T07:55:53.362Z] LiveUpdateForge: EndTurn fallback flush
[2026-07-29T07:55:53.363Z] onEndTurn: naturalStop=false toolCalls=36 nudgeMsg=no
[2026-07-29T07:55:55.353Z] LiveUpdateForge: AfterToolExec flush
[2026-07-29T07:55:55.378Z] InitialReadForge.onBeforeSend: SKIP (fr=true syn=false hasRead=true)
[2026-07-29T07:56:02.696Z] LiveUpdateForge: EndTurn fallback flush
[2026-07-29T07:56:02.697Z] onEndTurn: naturalStop=false toolCalls=37 nudgeMsg=no
[2026-07-29T07:56:02.757Z] LiveUpdateForge: AfterToolExec flush
[2026-07-29T07:56:02.775Z] InitialReadForge.onBeforeSend: SKIP (fr=true syn=false hasRead=true)
[2026-07-29T07:56:18.448Z] LiveUpdateForge: EndTurn fallback flush
[2026-07-29T07:56:18.448Z] onEndTurn: naturalStop=false toolCalls=38 nudgeMsg=no
[2026-07-29T07:56:18.979Z] LiveUpdateForge: AfterToolExec flush
[2026-07-29T07:56:18.998Z] InitialReadForge.onBeforeSend: SKIP (fr=true syn=false hasRead=true)
[2026-07-29T07:57:02.989Z] LiveUpdateForge: EndTurn fallback flush
[2026-07-29T07:57:02.989Z] onEndTurn: naturalStop=false toolCalls=39 nudgeMsg=no
[2026-07-29T07:57:03.561Z] LiveUpdateForge: AfterToolExec flush
[2026-07-29T07:57:03.586Z] InitialReadForge.onBeforeSend: SKIP (fr=true syn=false hasRead=true)
[2026-07-29T07:57:13.448Z] LiveUpdateForge: EndTurn fallback flush
[2026-07-29T07:57:13.448Z] onEndTurn: naturalStop=true toolCalls=40 nudgeMsg=no
[2026-07-29T08:02:48.328Z] ResumeDiffForge: running checkResumeConsistency
[2026-07-29T08:02:48.328Z] checkResumeConsistency: forgedTimestamps=[]
[2026-07-29T08:02:48.335Z] checkResumeConsistency: no changes detected
[2026-07-29T08:02:48.336Z] LiveUpdateForge: session reset, allowLiveUpdate = false
[2026-07-29T08:02:48.336Z] NudgeForge: ResumeComplete — restoring count from history
[2026-07-29T08:02:48.336Z] restoreNudgeCountFromHistory: found nudge message at idx=119 count=40
[2026-07-29T08:02:48.353Z] LiveUpdateForge: allowLiveUpdate = true (first real BeforeSend)
[2026-07-29T08:02:48.353Z] InitialReadForge.onBeforeSend: SKIP (fr=false syn=false hasRead=true)
[2026-07-29T08:03:02.621Z] LiveUpdateForge: EndTurn fallback flush
[2026-07-29T08:03:02.621Z] onEndTurn: naturalStop=false toolCalls=40 nudgeMsg=no
[2026-07-29T08:03:02.630Z] LiveUpdateForge: AfterToolExec flush
[2026-07-29T08:03:02.664Z] LiveUpdateForge: AfterToolExec flush
[2026-07-29T08:03:02.682Z] InitialReadForge.onBeforeSend: SKIP (fr=true syn=false hasRead=true)
[2026-07-29T08:03:14.163Z] LiveUpdateForge: EndTurn fallback flush
[2026-07-29T08:03:14.163Z] onEndTurn: naturalStop=false toolCalls=42 nudgeMsg=no
[2026-07-29T08:03:14.209Z] LiveUpdateForge: AfterToolExec flush
[2026-07-29T08:03:14.227Z] InitialReadForge.onBeforeSend: SKIP (fr=true syn=false hasRead=true)
[2026-07-29T08:03:25.836Z] LiveUpdateForge: EndTurn fallback flush
[2026-07-29T08:03:25.837Z] onEndTurn: naturalStop=false toolCalls=43 nudgeMsg=no
[2026-07-29T08:03:25.862Z] LiveUpdateForge: AfterToolExec flush
[2026-07-29T08:03:25.882Z] InitialReadForge.onBeforeSend: SKIP (fr=true syn=false hasRead=true)
[2026-07-29T08:03:49.775Z] LiveUpdateForge: EndTurn fallback flush
[2026-07-29T08:03:49.775Z] onEndTurn: naturalStop=false toolCalls=44 nudgeMsg=no
[2026-07-29T08:03:49.782Z] LiveUpdateForge: AfterToolExec flush
[2026-07-29T08:03:49.802Z] InitialReadForge.onBeforeSend: SKIP (fr=true syn=false hasRead=true)
[2026-07-29T08:04:10.131Z] LiveUpdateForge: EndTurn fallback flush
[2026-07-29T08:04:10.132Z] onEndTurn: naturalStop=false toolCalls=45 nudgeMsg=no
[2026-07-29T08:04:10.176Z] LiveUpdateForge: AfterToolExec flush
[2026-07-29T08:04:10.197Z] InitialReadForge.onBeforeSend: SKIP (fr=true syn=false hasRead=true)
[2026-07-29T08:04:14.518Z] LiveUpdateForge: EndTurn fallback flush
[2026-07-29T08:04:14.518Z] onEndTurn: naturalStop=false toolCalls=46 nudgeMsg=no
[2026-07-29T08:04:23.203Z] LiveUpdateForge: AfterToolExec flush
[2026-07-29T08:04:23.223Z] InitialReadForge.onBeforeSend: SKIP (fr=true syn=false hasRead=true)
[2026-07-29T08:04:34.199Z] LiveUpdateForge: EndTurn fallback flush
[2026-07-29T08:04:34.199Z] onEndTurn: naturalStop=false toolCalls=47 nudgeMsg=no
[2026-07-29T08:04:34.234Z] LiveUpdateForge: AfterToolExec flush
[2026-07-29T08:04:34.252Z] InitialReadForge.onBeforeSend: SKIP (fr=true syn=false hasRead=true)
[2026-07-29T08:04:39.053Z] LiveUpdateForge: EndTurn fallback flush
[2026-07-29T08:04:39.053Z] onEndTurn: naturalStop=false toolCalls=48 nudgeMsg=no
[2026-07-29T08:04:39.154Z] LiveUpdateForge: AfterToolExec flush
[2026-07-29T08:04:39.172Z] InitialReadForge.onBeforeSend: SKIP (fr=true syn=false hasRead=true)
[2026-07-29T08:04:43.214Z] LiveUpdateForge: EndTurn fallback flush
[2026-07-29T08:04:43.215Z] onEndTurn: naturalStop=false toolCalls=49 nudgeMsg=no
[2026-07-29T08:04:43.407Z] LiveUpdateForge: AfterToolExec flush
[2026-07-29T08:04:43.425Z] InitialReadForge.onBeforeSend: SKIP (fr=true syn=false hasRead=true)
[2026-07-29T08:04:58.012Z] LiveUpdateForge: EndTurn fallback flush
[2026-07-29T08:04:58.012Z] onEndTurn: naturalStop=true toolCalls=0 nudgeMsg=YES
[2026-07-29T08:04:58.017Z] InitialReadForge.onBeforeSend: SKIP (fr=false syn=false hasRead=true)
[2026-07-29T08:05:03.116Z] LiveUpdateForge: EndTurn fallback flush
[2026-07-29T08:05:03.116Z] onEndTurn: naturalStop=false toolCalls=0 nudgeMsg=no
[2026-07-29T08:05:03.124Z] LiveUpdateForge: AfterToolExec flush
[2026-07-29T08:05:03.125Z] nudge: read_memory called (does NOT reset counter)
[2026-07-29T08:05:14.976Z] LiveUpdateForge: EndTurn fallback flush
[2026-07-29T08:05:14.976Z] onEndTurn: naturalStop=false toolCalls=1 nudgeMsg=no
[2026-07-29T08:05:14.982Z] LiveUpdateForge: self-write on D:\Unity\E1\CODELY.md, baseline aligned
[2026-07-29T08:05:14.983Z] LiveUpdateForge: AfterToolExec flush
[2026-07-29T08:05:15.512Z] LiveUpdateForge: pending external change on D:\Unity\E1\CODELY.md
[2026-07-29T08:06:10.577Z] LiveUpdateForge: EndTurn fallback flush
[2026-07-29T08:06:10.578Z] onEndTurn: naturalStop=true toolCalls=0 nudgeMsg=no
[2026-07-29T08:10:45.765Z] ResumeDiffForge: running checkResumeConsistency
[2026-07-29T08:10:45.765Z] checkResumeConsistency: forgedTimestamps=[["project","1970-01-01T00:00:00.000Z"]]
[2026-07-29T08:10:45.773Z] checkResumeConsistency: injecting 1 diff notification(s)
[2026-07-29T08:10:45.774Z] injectForgedHistory: role=user preview="[agent-auto] [memory-update 2026-07-29 16:05:14] project memory file has been mo"
[2026-07-29T08:10:45.790Z] injectForgedHistory: recordMessage persisted
[2026-07-29T08:10:45.791Z] LiveUpdateForge: session reset, allowLiveUpdate = false
[2026-07-29T08:10:45.791Z] NudgeForge: ResumeComplete — restoring count from history
[2026-07-29T08:10:45.791Z] restoreNudgeCountFromHistory: found last write at idx=234 count=0
[2026-07-29T08:10:45.814Z] LiveUpdateForge: allowLiveUpdate = true (first real BeforeSend)
[2026-07-29T08:11:00.493Z] LiveUpdateForge: EndTurn fallback flush
[2026-07-29T08:11:00.494Z] onEndTurn: naturalStop=false toolCalls=0 nudgeMsg=no
[2026-07-29T08:11:00.499Z] LiveUpdateForge: AfterToolExec flush
[2026-07-29T08:11:10.483Z] LiveUpdateForge: EndTurn fallback flush
[2026-07-29T08:11:10.483Z] onEndTurn: naturalStop=false toolCalls=1 nudgeMsg=no
[2026-07-29T08:11:10.529Z] LiveUpdateForge: AfterToolExec flush
[2026-07-29T08:11:43.454Z] LiveUpdateForge: EndTurn fallback flush
[2026-07-29T08:11:43.454Z] onEndTurn: naturalStop=false toolCalls=2 nudgeMsg=no
[2026-07-29T08:11:43.476Z] LiveUpdateForge: AfterToolExec flush
[2026-07-29T08:11:52.460Z] LiveUpdateForge: EndTurn fallback flush
[2026-07-29T08:11:52.461Z] onEndTurn: naturalStop=false toolCalls=3 nudgeMsg=no
[2026-07-29T08:12:00.559Z] LiveUpdateForge: AfterToolExec flush
[2026-07-29T08:12:19.509Z] LiveUpdateForge: EndTurn fallback flush
[2026-07-29T08:12:19.509Z] onEndTurn: naturalStop=true toolCalls=4 nudgeMsg=no
[2026-07-29T08:16:48.912Z] ResumeDiffForge: running checkResumeConsistency
[2026-07-29T08:16:48.912Z] checkResumeConsistency: forgedTimestamps=[["project","1970-01-01T00:00:00.000Z"]]
[2026-07-29T08:16:48.919Z] checkResumeConsistency: injecting 1 diff notification(s)
[2026-07-29T08:16:48.920Z] injectForgedHistory: role=user preview="[agent-auto] [memory-update 2026-07-29 16:05:14] project memory file has been mo"
[2026-07-29T08:16:48.946Z] injectForgedHistory: recordMessage persisted
[2026-07-29T08:16:48.946Z] LiveUpdateForge: session reset, allowLiveUpdate = false
[2026-07-29T08:16:48.947Z] NudgeForge: ResumeComplete — restoring count from history
[2026-07-29T08:16:48.947Z] restoreNudgeCountFromHistory: found last write at idx=234 count=4
[2026-07-29T08:16:48.968Z] LiveUpdateForge: allowLiveUpdate = true (first real BeforeSend)
[2026-07-29T08:17:08.077Z] LiveUpdateForge: EndTurn fallback flush
[2026-07-29T08:17:08.078Z] onEndTurn: naturalStop=false toolCalls=4 nudgeMsg=no
[2026-07-29T08:17:08.087Z] LiveUpdateForge: AfterToolExec flush
[2026-07-29T08:17:21.592Z] LiveUpdateForge: EndTurn fallback flush
[2026-07-29T08:17:21.592Z] onEndTurn: naturalStop=false toolCalls=5 nudgeMsg=no
[2026-07-29T08:17:21.640Z] LiveUpdateForge: AfterToolExec flush
[2026-07-29T08:17:31.338Z] LiveUpdateForge: EndTurn fallback flush
[2026-07-29T08:17:31.338Z] onEndTurn: naturalStop=false toolCalls=6 nudgeMsg=no
[2026-07-29T08:17:31.358Z] LiveUpdateForge: AfterToolExec flush
[2026-07-29T08:17:41.409Z] LiveUpdateForge: EndTurn fallback flush
[2026-07-29T08:17:41.409Z] onEndTurn: naturalStop=false toolCalls=7 nudgeMsg=no
[2026-07-29T08:17:48.156Z] LiveUpdateForge: AfterToolExec flush
[2026-07-29T08:18:39.330Z] LiveUpdateForge: EndTurn fallback flush
[2026-07-29T08:18:39.330Z] onEndTurn: naturalStop=true toolCalls=8 nudgeMsg=no
[2026-07-29T08:21:33.379Z] ResumeDiffForge: running checkResumeConsistency
[2026-07-29T08:21:33.380Z] checkResumeConsistency: forgedTimestamps=[["project","1970-01-01T00:00:00.000Z"]]
[2026-07-29T08:21:33.386Z] checkResumeConsistency: injecting 1 diff notification(s)
[2026-07-29T08:21:33.386Z] injectForgedHistory: role=user preview="[agent-auto] [memory-update 2026-07-29 16:05:14] project memory file has been mo"
[2026-07-29T08:21:33.402Z] injectForgedHistory: recordMessage persisted
[2026-07-29T08:21:33.402Z] LiveUpdateForge: session reset, allowLiveUpdate = false
[2026-07-29T08:21:33.403Z] NudgeForge: ResumeComplete — restoring count from history
[2026-07-29T08:21:33.403Z] restoreNudgeCountFromHistory: found last write at idx=234 count=8
[2026-07-29T08:21:33.425Z] LiveUpdateForge: allowLiveUpdate = true (first real BeforeSend)
[2026-07-29T08:21:54.493Z] LiveUpdateForge: EndTurn fallback flush
[2026-07-29T08:21:54.494Z] onEndTurn: naturalStop=false toolCalls=8 nudgeMsg=no
[2026-07-29T08:21:54.503Z] LiveUpdateForge: AfterToolExec flush
[2026-07-29T08:22:17.332Z] LiveUpdateForge: EndTurn fallback flush
[2026-07-29T08:22:17.332Z] onEndTurn: naturalStop=false toolCalls=9 nudgeMsg=no
[2026-07-29T08:22:17.377Z] LiveUpdateForge: AfterToolExec flush
[2026-07-29T08:22:33.117Z] LiveUpdateForge: EndTurn fallback flush
[2026-07-29T08:22:33.118Z] onEndTurn: naturalStop=false toolCalls=10 nudgeMsg=no
[2026-07-29T08:22:33.140Z] LiveUpdateForge: AfterToolExec flush
[2026-07-29T08:22:47.083Z] LiveUpdateForge: EndTurn fallback flush
[2026-07-29T08:22:47.084Z] onEndTurn: naturalStop=false toolCalls=11 nudgeMsg=no
[2026-07-29T08:22:53.703Z] LiveUpdateForge: AfterToolExec flush
[2026-07-29T08:23:02.644Z] LiveUpdateForge: EndTurn fallback flush
[2026-07-29T08:23:02.645Z] onEndTurn: naturalStop=true toolCalls=12 nudgeMsg=no
[2026-07-29T09:17:10.747Z] MemoryForge: attached 5 listener(s)
[2026-07-29T09:17:10.747Z] InitialReadForge: armed one-shot BeforeSend after NewSessionStart
[2026-07-29T09:17:10.747Z] LiveUpdateForge: session reset, allowLiveUpdate = false
[2026-07-29T09:17:10.926Z] LiveUpdateForge: session reset, allowLiveUpdate = false
[2026-07-29T09:17:10.934Z] ResumeDiffForge: running checkResumeConsistency
[2026-07-29T09:17:10.935Z] checkResumeConsistency: forgedTimestamps=[["project","1970-01-01T00:00:00.000Z"]]
[2026-07-29T09:17:10.940Z] checkResumeConsistency: injecting 1 diff notification(s)
[2026-07-29T09:17:10.940Z] injectForgedHistory: role=user preview="[agent-auto] [memory-update 2026-07-29 16:05:14] project memory file has been mo"
[2026-07-29T09:17:10.941Z] injectForgedHistory: recordMessage persisted
[2026-07-29T09:17:10.941Z] LiveUpdateForge: session reset, allowLiveUpdate = false
[2026-07-29T09:17:10.941Z] NudgeForge: ResumeComplete — restoring count from history
[2026-07-29T09:17:10.942Z] restoreNudgeCountFromHistory: found last write at idx=234 count=12
[2026-07-29T09:17:11.920Z] ResumeDiffForge: running checkResumeConsistency
[2026-07-29T09:17:11.921Z] checkResumeConsistency: forgedTimestamps=[["project","1970-01-01T00:00:00.000Z"]]
[2026-07-29T09:17:11.927Z] checkResumeConsistency: injecting 1 diff notification(s)
[2026-07-29T09:17:11.927Z] injectForgedHistory: role=user preview="[agent-auto] [memory-update 2026-07-29 16:05:14] project memory file has been mo"
[2026-07-29T09:17:11.947Z] injectForgedHistory: recordMessage persisted
[2026-07-29T09:17:11.947Z] LiveUpdateForge: session reset, allowLiveUpdate = false
[2026-07-29T09:17:11.947Z] NudgeForge: ResumeComplete — restoring count from history
[2026-07-29T09:17:11.948Z] restoreNudgeCountFromHistory: found last write at idx=234 count=12
[2026-07-29T09:17:12.005Z] ResumeDiffForge: running checkResumeConsistency
[2026-07-29T09:17:12.005Z] checkResumeConsistency: forgedTimestamps=[["project","1970-01-01T00:00:00.000Z"]]
[2026-07-29T09:17:12.011Z] checkResumeConsistency: injecting 1 diff notification(s)
[2026-07-29T09:17:12.012Z] injectForgedHistory: role=user preview="[agent-auto] [memory-update 2026-07-29 16:05:14] project memory file has been mo"
[2026-07-29T09:17:12.029Z] injectForgedHistory: recordMessage persisted
[2026-07-29T09:17:12.030Z] LiveUpdateForge: session reset, allowLiveUpdate = false
[2026-07-29T09:17:12.030Z] NudgeForge: ResumeComplete — restoring count from history
[2026-07-29T09:17:12.030Z] restoreNudgeCountFromHistory: found last write at idx=234 count=12
[2026-07-29T09:17:13.197Z] MemoryForge: attached 5 listener(s)
[2026-07-29T09:17:13.197Z] InitialReadForge: armed one-shot BeforeSend after NewSessionStart
[2026-07-29T09:17:13.198Z] LiveUpdateForge: session reset, allowLiveUpdate = false
[2026-07-29T09:17:13.202Z] MemoryForge: detached all listeners
[2026-07-29T09:17:13.203Z] ResumeDiffForge: running checkResumeConsistency
[2026-07-29T09:17:13.204Z] checkResumeConsistency: forgedTimestamps=[["project","1970-01-01T00:00:00.000Z"]]
[2026-07-29T09:17:13.232Z] checkResumeConsistency: injecting 1 diff notification(s)
[2026-07-29T09:17:13.232Z] injectForgedHistory: role=user preview="[agent-auto] [memory-update 2026-07-29 16:05:14] project memory file has been mo"
[2026-07-29T09:17:13.251Z] injectForgedHistory: recordMessage persisted
[2026-07-29T09:17:13.251Z] LiveUpdateForge: session reset, allowLiveUpdate = false
[2026-07-29T09:17:13.251Z] NudgeForge: ResumeComplete — restoring count from history
[2026-07-29T09:17:13.252Z] restoreNudgeCountFromHistory: found last write at idx=234 count=12
[2026-07-29T09:17:13.266Z] LiveUpdateForge: allowLiveUpdate = true (first real BeforeSend)
[2026-07-29T09:17:13.266Z] InitialReadForge.onBeforeSend: SKIP (fr=false syn=false hasRead=true)
[2026-07-29T09:17:27.452Z] LiveUpdateForge: EndTurn fallback flush
[2026-07-29T09:17:27.453Z] onEndTurn: naturalStop=false toolCalls=12 nudgeMsg=no
[2026-07-29T09:17:27.489Z] LiveUpdateForge: AfterToolExec flush
[2026-07-29T09:17:27.508Z] InitialReadForge.onBeforeSend: SKIP (fr=true syn=false hasRead=true)
[2026-07-29T09:17:39.640Z] LiveUpdateForge: EndTurn fallback flush
[2026-07-29T09:17:39.641Z] onEndTurn: naturalStop=false toolCalls=13 nudgeMsg=no
[2026-07-29T09:17:39.738Z] LiveUpdateForge: AfterToolExec flush
[2026-07-29T09:17:39.756Z] InitialReadForge.onBeforeSend: SKIP (fr=true syn=false hasRead=true)
[2026-07-29T09:17:50.039Z] LiveUpdateForge: EndTurn fallback flush
[2026-07-29T09:17:50.039Z] onEndTurn: naturalStop=false toolCalls=14 nudgeMsg=no
[2026-07-29T09:17:50.094Z] LiveUpdateForge: AfterToolExec flush
[2026-07-29T09:17:50.116Z] InitialReadForge.onBeforeSend: SKIP (fr=true syn=false hasRead=true)
[2026-07-29T09:17:58.057Z] LiveUpdateForge: EndTurn fallback flush
[2026-07-29T09:17:58.057Z] onEndTurn: naturalStop=false toolCalls=15 nudgeMsg=no
[2026-07-29T09:17:58.077Z] LiveUpdateForge: AfterToolExec flush
[2026-07-29T09:17:58.096Z] InitialReadForge.onBeforeSend: SKIP (fr=true syn=false hasRead=true)
[2026-07-29T09:19:05.020Z] LiveUpdateForge: EndTurn fallback flush
[2026-07-29T09:19:05.021Z] onEndTurn: naturalStop=false toolCalls=16 nudgeMsg=no
[2026-07-29T09:19:13.351Z] LiveUpdateForge: AfterToolExec flush
[2026-07-29T09:19:13.372Z] InitialReadForge.onBeforeSend: SKIP (fr=true syn=false hasRead=true)
[2026-07-29T09:19:48.935Z] LiveUpdateForge: EndTurn fallback flush
[2026-07-29T09:19:48.935Z] onEndTurn: naturalStop=true toolCalls=17 nudgeMsg=no
[2026-07-29T09:26:26.368Z] ResumeDiffForge: running checkResumeConsistency
[2026-07-29T09:26:26.368Z] checkResumeConsistency: forgedTimestamps=[["project","1970-01-01T00:00:00.000Z"]]
[2026-07-29T09:26:26.373Z] checkResumeConsistency: injecting 1 diff notification(s)
[2026-07-29T09:26:26.373Z] injectForgedHistory: role=user preview="[agent-auto] [memory-update 2026-07-29 16:05:14] project memory file has been mo"
[2026-07-29T09:26:26.398Z] injectForgedHistory: recordMessage persisted
[2026-07-29T09:26:26.398Z] LiveUpdateForge: session reset, allowLiveUpdate = false
[2026-07-29T09:26:26.399Z] NudgeForge: ResumeComplete — restoring count from history
[2026-07-29T09:26:26.399Z] restoreNudgeCountFromHistory: found last write at idx=234 count=17
[2026-07-29T09:26:26.419Z] LiveUpdateForge: allowLiveUpdate = true (first real BeforeSend)
[2026-07-29T09:26:26.419Z] InitialReadForge.onBeforeSend: SKIP (fr=false syn=false hasRead=true)
[2026-07-29T09:26:44.877Z] LiveUpdateForge: EndTurn fallback flush
[2026-07-29T09:26:44.878Z] onEndTurn: naturalStop=false toolCalls=17 nudgeMsg=no
[2026-07-29T09:26:44.993Z] LiveUpdateForge: AfterToolExec flush
[2026-07-29T09:26:45.012Z] InitialReadForge.onBeforeSend: SKIP (fr=true syn=false hasRead=true)
[2026-07-29T09:26:52.166Z] LiveUpdateForge: EndTurn fallback flush
[2026-07-29T09:26:52.166Z] onEndTurn: naturalStop=false toolCalls=18 nudgeMsg=no
[2026-07-29T09:26:52.172Z] LiveUpdateForge: AfterToolExec flush
[2026-07-29T09:26:52.192Z] InitialReadForge.onBeforeSend: SKIP (fr=true syn=false hasRead=true)
[2026-07-29T09:27:20.844Z] LiveUpdateForge: EndTurn fallback flush
[2026-07-29T09:27:20.844Z] onEndTurn: naturalStop=true toolCalls=19 nudgeMsg=no
[2026-07-29T09:28:53.658Z] ResumeDiffForge: running checkResumeConsistency
[2026-07-29T09:28:53.659Z] checkResumeConsistency: forgedTimestamps=[["project","1970-01-01T00:00:00.000Z"]]
[2026-07-29T09:28:53.665Z] checkResumeConsistency: injecting 1 diff notification(s)
[2026-07-29T09:28:53.665Z] injectForgedHistory: role=user preview="[agent-auto] [memory-update 2026-07-29 16:05:14] project memory file has been mo"
[2026-07-29T09:28:53.681Z] injectForgedHistory: recordMessage persisted
[2026-07-29T09:28:53.682Z] LiveUpdateForge: session reset, allowLiveUpdate = false
[2026-07-29T09:28:53.682Z] NudgeForge: ResumeComplete — restoring count from history
[2026-07-29T09:28:53.682Z] restoreNudgeCountFromHistory: found last write at idx=234 count=19
[2026-07-29T09:28:53.702Z] LiveUpdateForge: allowLiveUpdate = true (first real BeforeSend)
[2026-07-29T09:28:53.703Z] InitialReadForge.onBeforeSend: SKIP (fr=false syn=false hasRead=true)
[2026-07-29T09:29:05.598Z] LiveUpdateForge: EndTurn fallback flush
[2026-07-29T09:29:05.598Z] onEndTurn: naturalStop=false toolCalls=19 nudgeMsg=no
[2026-07-29T09:29:05.700Z] LiveUpdateForge: AfterToolExec flush
[2026-07-29T09:29:05.720Z] InitialReadForge.onBeforeSend: SKIP (fr=true syn=false hasRead=true)
[2026-07-29T09:29:20.959Z] LiveUpdateForge: EndTurn fallback flush
[2026-07-29T09:29:20.959Z] onEndTurn: naturalStop=false toolCalls=20 nudgeMsg=no
[2026-07-29T09:29:21.000Z] LiveUpdateForge: AfterToolExec flush
[2026-07-29T09:29:21.019Z] InitialReadForge.onBeforeSend: SKIP (fr=true syn=false hasRead=true)
[2026-07-29T09:29:28.234Z] LiveUpdateForge: EndTurn fallback flush
[2026-07-29T09:29:28.234Z] onEndTurn: naturalStop=false toolCalls=21 nudgeMsg=no
[2026-07-29T09:29:36.866Z] LiveUpdateForge: AfterToolExec flush
[2026-07-29T09:29:36.890Z] InitialReadForge.onBeforeSend: SKIP (fr=true syn=false hasRead=true)
[2026-07-29T09:32:00.385Z] LiveUpdateForge: EndTurn fallback flush
[2026-07-29T09:32:00.385Z] onEndTurn: naturalStop=true toolCalls=22 nudgeMsg=no
[2026-07-29T09:35:51.514Z] ResumeDiffForge: running checkResumeConsistency
[2026-07-29T09:35:51.514Z] checkResumeConsistency: forgedTimestamps=[["project","1970-01-01T00:00:00.000Z"]]
[2026-07-29T09:35:51.519Z] checkResumeConsistency: injecting 1 diff notification(s)
[2026-07-29T09:35:51.520Z] injectForgedHistory: role=user preview="[agent-auto] [memory-update 2026-07-29 16:05:14] project memory file has been mo"
[2026-07-29T09:35:51.547Z] injectForgedHistory: recordMessage persisted
[2026-07-29T09:35:51.547Z] LiveUpdateForge: session reset, allowLiveUpdate = false
[2026-07-29T09:35:51.548Z] NudgeForge: ResumeComplete — restoring count from history
[2026-07-29T09:35:51.548Z] restoreNudgeCountFromHistory: found last write at idx=234 count=22
[2026-07-29T09:35:51.572Z] LiveUpdateForge: allowLiveUpdate = true (first real BeforeSend)
[2026-07-29T09:35:51.573Z] InitialReadForge.onBeforeSend: SKIP (fr=false syn=false hasRead=true)
[2026-07-29T09:36:06.842Z] LiveUpdateForge: EndTurn fallback flush
[2026-07-29T09:36:06.843Z] onEndTurn: naturalStop=false toolCalls=22 nudgeMsg=no
[2026-07-29T09:36:32.756Z] LiveUpdateForge: AfterToolExec flush
[2026-07-29T09:36:32.780Z] InitialReadForge.onBeforeSend: SKIP (fr=true syn=false hasRead=true)
[2026-07-29T09:36:38.352Z] LiveUpdateForge: EndTurn fallback flush
[2026-07-29T09:36:38.352Z] onEndTurn: naturalStop=false toolCalls=23 nudgeMsg=no
[2026-07-29T09:36:41.730Z] LiveUpdateForge: AfterToolExec flush
[2026-07-29T09:36:41.750Z] InitialReadForge.onBeforeSend: SKIP (fr=true syn=false hasRead=true)
[2026-07-29T09:38:00.047Z] LiveUpdateForge: EndTurn fallback flush
[2026-07-29T09:38:00.048Z] onEndTurn: naturalStop=false toolCalls=24 nudgeMsg=no
[2026-07-29T09:38:04.016Z] LiveUpdateForge: AfterToolExec flush
[2026-07-29T09:38:04.035Z] InitialReadForge.onBeforeSend: SKIP (fr=true syn=false hasRead=true)
[2026-07-29T09:38:11.831Z] LiveUpdateForge: EndTurn fallback flush
[2026-07-29T09:38:11.832Z] onEndTurn: naturalStop=false toolCalls=25 nudgeMsg=no
[2026-07-29T09:38:20.476Z] LiveUpdateForge: AfterToolExec flush
[2026-07-29T09:38:20.499Z] InitialReadForge.onBeforeSend: SKIP (fr=true syn=false hasRead=true)
[2026-07-29T09:38:28.206Z] LiveUpdateForge: EndTurn fallback flush
[2026-07-29T09:38:28.207Z] onEndTurn: naturalStop=true toolCalls=26 nudgeMsg=no
[2026-07-29T09:43:06.168Z] MemoryForge: attached 5 listener(s)
[2026-07-29T09:43:06.168Z] InitialReadForge: armed one-shot BeforeSend after NewSessionStart
[2026-07-29T09:43:06.169Z] LiveUpdateForge: session reset, allowLiveUpdate = false
[2026-07-29T09:43:08.189Z] MemoryForge: attached 5 listener(s)
[2026-07-29T09:43:08.189Z] InitialReadForge: armed one-shot BeforeSend after NewSessionStart
[2026-07-29T09:43:08.189Z] LiveUpdateForge: session reset, allowLiveUpdate = false
[2026-07-29T09:45:08.788Z] LiveUpdateForge: allowLiveUpdate = true (first real BeforeSend)
[2026-07-29T09:45:08.788Z] InitialReadForge.onBeforeSend: START forge
[2026-07-29T09:45:08.813Z] recordForgedToolExchange: toolName=read_memory callId=forge-read-memory-initial
[2026-07-29T09:45:08.836Z] recordForgedToolExchange: recordMessage + recordToolCalls persisted
[2026-07-29T09:45:08.837Z] injectForgedHistory: role=user preview=""
[2026-07-29T09:45:08.846Z] injectForgedHistory: recordMessage persisted
[2026-07-29T09:45:08.847Z] InitialReadForge.onBeforeSend: injected functionResponse
[2026-07-29T09:45:08.847Z] commitUserHistoryPersist: preview="@CurrentContext{{{<startContext>LOGO
[
  {
    "activeInHierarchy": true,
    "a"
[2026-07-29T09:45:08.857Z] commitUserHistoryPersist: recordMessage persisted
[2026-07-29T09:45:08.857Z] InitialReadForge.onBeforeSend: committed user message
[2026-07-29T09:45:08.861Z] InitialReadForge.onBeforeSend: baseline set for 2 raw + 2 provider file(s)
[2026-07-29T09:45:08.868Z] LiveUpdateForge: EndTurn fallback flush
[2026-07-29T09:45:08.868Z] onEndTurn: naturalStop=false toolCalls=0 nudgeMsg=no
[2026-07-29T09:45:08.874Z] LiveUpdateForge: EndTurn fallback flush
[2026-07-29T09:45:08.874Z] onEndTurn: naturalStop=false toolCalls=0 nudgeMsg=no
[2026-07-29T09:45:23.396Z] MemoryForge: attached 5 listener(s)
[2026-07-29T09:45:23.397Z] InitialReadForge: armed one-shot BeforeSend after NewSessionStart
[2026-07-29T09:45:23.397Z] LiveUpdateForge: session reset, allowLiveUpdate = false
[2026-07-29T09:45:24.907Z] LiveUpdateForge: session reset, allowLiveUpdate = false
[2026-07-29T09:45:24.921Z] ResumeDiffForge: running checkResumeConsistency
[2026-07-29T09:45:24.922Z] checkResumeConsistency: forgedTimestamps=[]
[2026-07-29T09:45:24.927Z] checkResumeConsistency: no changes detected
[2026-07-29T09:45:24.927Z] LiveUpdateForge: session reset, allowLiveUpdate = false
[2026-07-29T09:45:24.927Z] NudgeForge: ResumeComplete — restoring count from history
[2026-07-29T09:45:24.928Z] restoreNudgeCountFromHistory: found last write at idx=573 count=6
[2026-07-29T09:45:39.520Z] LiveUpdateForge: EndTurn fallback flush
[2026-07-29T09:45:39.521Z] onEndTurn: naturalStop=false toolCalls=0 nudgeMsg=no
[2026-07-29T09:45:39.551Z] LiveUpdateForge: EndTurn fallback flush
[2026-07-29T09:45:39.551Z] onEndTurn: naturalStop=false toolCalls=0 nudgeMsg=no
[2026-07-29T09:46:51.466Z] LiveUpdateForge: EndTurn fallback flush
[2026-07-29T09:46:51.466Z] onEndTurn: naturalStop=false toolCalls=0 nudgeMsg=no
[2026-07-29T09:46:51.491Z] LiveUpdateForge: AfterToolExec flush
[2026-07-29T09:46:51.500Z] LiveUpdateForge: AfterToolExec flush
[2026-07-29T09:47:01.018Z] LiveUpdateForge: EndTurn fallback flush
[2026-07-29T09:47:01.019Z] onEndTurn: naturalStop=false toolCalls=2 nudgeMsg=no
[2026-07-29T09:47:01.089Z] LiveUpdateForge: AfterToolExec flush
[2026-07-29T09:47:01.099Z] LiveUpdateForge: AfterToolExec flush
[2026-07-29T09:47:28.571Z] LiveUpdateForge: EndTurn fallback flush
[2026-07-29T09:47:28.572Z] onEndTurn: naturalStop=false toolCalls=4 nudgeMsg=no
[2026-07-29T09:47:36.207Z] LiveUpdateForge: AfterToolExec flush
[2026-07-29T09:47:36.223Z] LiveUpdateForge: AfterToolExec flush
[2026-07-29T09:49:02.658Z] LiveUpdateForge: EndTurn fallback flush
[2026-07-29T09:49:02.659Z] onEndTurn: naturalStop=false toolCalls=6 nudgeMsg=no
[2026-07-29T09:49:05.822Z] LiveUpdateForge: AfterToolExec flush
[2026-07-29T09:49:05.850Z] LiveUpdateForge: AfterToolExec flush
[2026-07-29T09:49:15.765Z] LiveUpdateForge: EndTurn fallback flush
[2026-07-29T09:49:15.765Z] onEndTurn: naturalStop=false toolCalls=8 nudgeMsg=no
[2026-07-29T09:49:18.876Z] LiveUpdateForge: AfterToolExec flush
[2026-07-29T09:49:18.886Z] LiveUpdateForge: AfterToolExec flush
[2026-07-29T09:49:33.075Z] LiveUpdateForge: EndTurn fallback flush
[2026-07-29T09:49:33.075Z] onEndTurn: naturalStop=false toolCalls=10 nudgeMsg=no
[2026-07-29T09:49:34.505Z] LiveUpdateForge: AfterToolExec flush
[2026-07-29T09:49:34.883Z] LiveUpdateForge: AfterToolExec flush
[2026-07-29T09:49:41.632Z] LiveUpdateForge: EndTurn fallback flush
[2026-07-29T09:49:41.632Z] onEndTurn: naturalStop=false toolCalls=12 nudgeMsg=no
[2026-07-29T09:49:52.285Z] LiveUpdateForge: AfterToolExec flush
[2026-07-29T09:49:52.408Z] LiveUpdateForge: AfterToolExec flush
[2026-07-29T09:50:01.492Z] LiveUpdateForge: EndTurn fallback flush
[2026-07-29T09:50:01.492Z] onEndTurn: naturalStop=false toolCalls=14 nudgeMsg=no
[2026-07-29T09:50:06.613Z] LiveUpdateForge: AfterToolExec flush
[2026-07-29T09:50:07.358Z] LiveUpdateForge: AfterToolExec flush
[2026-07-29T09:50:13.702Z] LiveUpdateForge: EndTurn fallback flush
[2026-07-29T09:50:13.702Z] onEndTurn: naturalStop=false toolCalls=16 nudgeMsg=no
[2026-07-29T09:50:13.718Z] LiveUpdateForge: AfterToolExec flush
[2026-07-29T09:50:13.718Z] LiveUpdateForge: AfterToolExec flush
[2026-07-29T09:50:32.653Z] LiveUpdateForge: EndTurn fallback flush
[2026-07-29T09:50:32.654Z] onEndTurn: naturalStop=false toolCalls=18 nudgeMsg=no
[2026-07-29T09:50:39.033Z] LiveUpdateForge: AfterToolExec flush
[2026-07-29T09:50:41.620Z] LiveUpdateForge: AfterToolExec flush
[2026-07-29T09:50:44.862Z] LiveUpdateForge: EndTurn fallback flush
[2026-07-29T09:50:44.863Z] onEndTurn: naturalStop=false toolCalls=20 nudgeMsg=no
[2026-07-29T09:50:50.889Z] LiveUpdateForge: AfterToolExec flush
[2026-07-29T09:51:03.904Z] LiveUpdateForge: EndTurn fallback flush
[2026-07-29T09:51:03.904Z] onEndTurn: naturalStop=false toolCalls=21 nudgeMsg=no
[2026-07-29T09:52:12.983Z] LiveUpdateForge: AfterToolExec flush
[2026-07-29T09:52:13.078Z] LiveUpdateForge: AfterToolExec flush
[2026-07-29T09:52:23.655Z] LiveUpdateForge: EndTurn fallback flush
[2026-07-29T09:52:23.655Z] onEndTurn: naturalStop=false toolCalls=23 nudgeMsg=no
[2026-07-29T09:52:29.527Z] LiveUpdateForge: AfterToolExec flush
[2026-07-29T09:52:29.539Z] LiveUpdateForge: AfterToolExec flush
[2026-07-29T09:52:37.297Z] LiveUpdateForge: EndTurn fallback flush
[2026-07-29T09:52:37.298Z] onEndTurn: naturalStop=false toolCalls=25 nudgeMsg=no
[2026-07-29T09:52:41.314Z] LiveUpdateForge: AfterToolExec flush
[2026-07-29T09:52:41.333Z] LiveUpdateForge: AfterToolExec flush
[2026-07-29T09:52:45.199Z] LiveUpdateForge: EndTurn fallback flush
[2026-07-29T09:52:45.200Z] onEndTurn: naturalStop=false toolCalls=27 nudgeMsg=no
[2026-07-29T09:52:45.216Z] LiveUpdateForge: AfterToolExec flush
[2026-07-29T09:52:54.776Z] LiveUpdateForge: EndTurn fallback flush
[2026-07-29T09:52:54.776Z] onEndTurn: naturalStop=false toolCalls=28 nudgeMsg=no
[2026-07-29T09:53:01.515Z] LiveUpdateForge: AfterToolExec flush
[2026-07-29T09:53:01.716Z] LiveUpdateForge: AfterToolExec flush
[2026-07-29T09:53:24.013Z] LiveUpdateForge: EndTurn fallback flush
[2026-07-29T09:53:24.013Z] onEndTurn: naturalStop=false toolCalls=30 nudgeMsg=no
[2026-07-29T09:53:24.033Z] LiveUpdateForge: AfterToolExec flush
[2026-07-29T09:53:24.095Z] LiveUpdateForge: AfterToolExec flush
[2026-07-29T09:53:42.925Z] LiveUpdateForge: EndTurn fallback flush
[2026-07-29T09:53:42.925Z] onEndTurn: naturalStop=false toolCalls=32 nudgeMsg=no
[2026-07-29T09:53:45.832Z] LiveUpdateForge: AfterToolExec flush
[2026-07-29T09:54:30.356Z] LiveUpdateForge: AfterToolExec flush
[2026-07-29T09:54:44.062Z] LiveUpdateForge: EndTurn fallback flush
[2026-07-29T09:54:44.062Z] onEndTurn: naturalStop=false toolCalls=34 nudgeMsg=no
[2026-07-29T09:54:49.301Z] LiveUpdateForge: EndTurn fallback flush
[2026-07-29T09:54:49.301Z] onEndTurn: naturalStop=false toolCalls=34 nudgeMsg=no
[2026-07-29T09:55:57.020Z] LiveUpdateForge: AfterToolExec flush
[2026-07-29T09:56:09.436Z] LiveUpdateForge: EndTurn fallback flush
[2026-07-29T09:56:09.437Z] onEndTurn: naturalStop=false toolCalls=35 nudgeMsg=no
[2026-07-29T09:56:13.882Z] LiveUpdateForge: AfterToolExec flush
[2026-07-29T09:56:42.449Z] LiveUpdateForge: EndTurn fallback flush
[2026-07-29T09:56:42.449Z] onEndTurn: naturalStop=true toolCalls=36 nudgeMsg=no
[2026-07-29T10:16:12.875Z] MemoryForge: attached 5 listener(s)
[2026-07-29T10:16:12.875Z] InitialReadForge: armed one-shot BeforeSend after NewSessionStart
[2026-07-29T10:16:12.876Z] LiveUpdateForge: session reset, allowLiveUpdate = false
[2026-07-29T10:16:12.925Z] LiveUpdateForge: session reset, allowLiveUpdate = false
[2026-07-29T10:16:12.931Z] ResumeDiffForge: running checkResumeConsistency
[2026-07-29T10:16:12.932Z] checkResumeConsistency: forgedTimestamps=[]
[2026-07-29T10:16:12.934Z] checkResumeConsistency: no changes detected
[2026-07-29T10:16:12.935Z] LiveUpdateForge: session reset, allowLiveUpdate = false
[2026-07-29T10:16:12.935Z] NudgeForge: ResumeComplete — restoring count from history
[2026-07-29T10:16:12.936Z] restoreNudgeCountFromHistory: no reset point found, count=37
[2026-07-29T10:16:14.575Z] ResumeDiffForge: running checkResumeConsistency
[2026-07-29T10:16:14.576Z] checkResumeConsistency: forgedTimestamps=[]
[2026-07-29T10:16:14.580Z] checkResumeConsistency: no changes detected
[2026-07-29T10:16:14.580Z] LiveUpdateForge: session reset, allowLiveUpdate = false
[2026-07-29T10:16:14.581Z] NudgeForge: ResumeComplete — restoring count from history
[2026-07-29T10:16:14.581Z] restoreNudgeCountFromHistory: no reset point found, count=37
[2026-07-29T10:16:14.610Z] ResumeDiffForge: running checkResumeConsistency
[2026-07-29T10:16:14.610Z] checkResumeConsistency: forgedTimestamps=[]
[2026-07-29T10:16:14.615Z] checkResumeConsistency: no changes detected
[2026-07-29T10:16:14.615Z] LiveUpdateForge: session reset, allowLiveUpdate = false
[2026-07-29T10:16:14.616Z] NudgeForge: ResumeComplete — restoring count from history
[2026-07-29T10:16:14.616Z] restoreNudgeCountFromHistory: no reset point found, count=37
[2026-07-29T10:16:15.807Z] MemoryForge: attached 5 listener(s)
[2026-07-29T10:16:15.807Z] InitialReadForge: armed one-shot BeforeSend after NewSessionStart
[2026-07-29T10:16:15.808Z] LiveUpdateForge: session reset, allowLiveUpdate = false
[2026-07-29T10:16:15.809Z] MemoryForge: detached all listeners
[2026-07-29T10:16:15.809Z] ResumeDiffForge: running checkResumeConsistency
[2026-07-29T10:16:15.810Z] checkResumeConsistency: forgedTimestamps=[]
[2026-07-29T10:16:15.829Z] checkResumeConsistency: no changes detected
[2026-07-29T10:16:15.829Z] LiveUpdateForge: session reset, allowLiveUpdate = false
[2026-07-29T10:16:15.830Z] NudgeForge: ResumeComplete — restoring count from history
[2026-07-29T10:16:15.830Z] restoreNudgeCountFromHistory: no reset point found, count=37
[2026-07-29T10:16:15.841Z] LiveUpdateForge: allowLiveUpdate = true (first real BeforeSend)
[2026-07-29T10:16:15.842Z] InitialReadForge.onBeforeSend: SKIP (fr=false syn=false hasRead=true)
[2026-07-29T10:16:51.530Z] LiveUpdateForge: EndTurn fallback flush
[2026-07-29T10:16:51.530Z] onEndTurn: naturalStop=false toolCalls=37 nudgeMsg=no
[2026-07-29T10:25:53.644Z] LiveUpdateForge: AfterToolExec flush
[2026-07-29T10:25:53.667Z] InitialReadForge.onBeforeSend: SKIP (fr=true syn=false hasRead=true)
[2026-07-29T10:26:11.939Z] LiveUpdateForge: EndTurn fallback flush
[2026-07-29T10:26:11.939Z] onEndTurn: naturalStop=false toolCalls=38 nudgeMsg=no
[2026-07-29T10:31:51.902Z] LiveUpdateForge: AfterToolExec flush
[2026-07-29T10:31:51.924Z] InitialReadForge.onBeforeSend: SKIP (fr=true syn=false hasRead=true)
[2026-07-29T10:32:20.879Z] LiveUpdateForge: EndTurn fallback flush
[2026-07-29T10:32:20.880Z] onEndTurn: naturalStop=false toolCalls=39 nudgeMsg=no
[2026-07-29T10:32:20.890Z] LiveUpdateForge: AfterToolExec flush
[2026-07-29T10:32:20.912Z] InitialReadForge.onBeforeSend: SKIP (fr=true syn=false hasRead=true)
[2026-07-29T10:32:34.609Z] LiveUpdateForge: EndTurn fallback flush
[2026-07-29T10:32:34.609Z] onEndTurn: naturalStop=false toolCalls=40 nudgeMsg=no
[2026-07-29T10:32:34.617Z] LiveUpdateForge: AfterToolExec flush
[2026-07-29T10:32:34.617Z] LiveUpdateForge: AfterToolExec flush
[2026-07-29T10:32:34.618Z] LiveUpdateForge: AfterToolExec flush
[2026-07-29T10:32:34.641Z] InitialReadForge.onBeforeSend: SKIP (fr=true syn=false hasRead=true)
[2026-07-29T10:32:44.667Z] LiveUpdateForge: EndTurn fallback flush
[2026-07-29T10:32:44.667Z] onEndTurn: naturalStop=false toolCalls=43 nudgeMsg=no
[2026-07-29T10:32:44.675Z] LiveUpdateForge: AfterToolExec flush
[2026-07-29T10:32:44.676Z] LiveUpdateForge: AfterToolExec flush
[2026-07-29T10:32:44.698Z] InitialReadForge.onBeforeSend: SKIP (fr=true syn=false hasRead=true)
[2026-07-29T10:32:54.659Z] LiveUpdateForge: EndTurn fallback flush
[2026-07-29T10:32:54.659Z] onEndTurn: naturalStop=false toolCalls=45 nudgeMsg=no
[2026-07-29T10:32:54.669Z] LiveUpdateForge: AfterToolExec flush
[2026-07-29T10:32:54.689Z] InitialReadForge.onBeforeSend: SKIP (fr=true syn=false hasRead=true)
[2026-07-29T10:33:10.425Z] LiveUpdateForge: EndTurn fallback flush
[2026-07-29T10:33:10.425Z] onEndTurn: naturalStop=false toolCalls=46 nudgeMsg=no
[2026-07-29T10:33:10.430Z] LiveUpdateForge: AfterToolExec flush
[2026-07-29T10:33:10.449Z] InitialReadForge.onBeforeSend: SKIP (fr=true syn=false hasRead=true)
[2026-07-29T10:34:04.000Z] LiveUpdateForge: EndTurn fallback flush
[2026-07-29T10:34:04.000Z] onEndTurn: naturalStop=true toolCalls=47 nudgeMsg=no
[2026-07-29T10:34:04.008Z] InitialReadForge.onBeforeSend: SKIP (fr=false syn=false hasRead=true)
[2026-07-29T10:34:22.947Z] LiveUpdateForge: EndTurn fallback flush
[2026-07-29T10:34:22.947Z] onEndTurn: naturalStop=false toolCalls=47 nudgeMsg=no
[2026-07-29T10:34:32.626Z] LiveUpdateForge: AfterToolExec flush
[2026-07-29T10:34:32.649Z] InitialReadForge.onBeforeSend: SKIP (fr=true syn=false hasRead=true)
[2026-07-29T10:35:59.430Z] LiveUpdateForge: EndTurn fallback flush
[2026-07-29T10:35:59.430Z] onEndTurn: naturalStop=true toolCalls=48 nudgeMsg=no
[2026-07-29T10:35:59.437Z] InitialReadForge.onBeforeSend: SKIP (fr=false syn=false hasRead=true)
[2026-07-29T10:40:34.174Z] LiveUpdateForge: EndTurn fallback flush
[2026-07-29T10:40:34.174Z] onEndTurn: naturalStop=false toolCalls=48 nudgeMsg=no
[2026-07-29T10:40:34.199Z] LiveUpdateForge: AfterToolExec flush
[2026-07-29T10:40:34.225Z] InitialReadForge.onBeforeSend: SKIP (fr=true syn=false hasRead=true)
[2026-07-29T10:40:48.973Z] LiveUpdateForge: EndTurn fallback flush
[2026-07-29T10:40:48.973Z] onEndTurn: naturalStop=false toolCalls=49 nudgeMsg=no
[2026-07-29T10:41:47.235Z] LiveUpdateForge: AfterToolExec flush
[2026-07-29T10:41:47.260Z] InitialReadForge.onBeforeSend: SKIP (fr=true syn=false hasRead=true)
[2026-07-29T10:43:11.450Z] LiveUpdateForge: EndTurn fallback flush
[2026-07-29T10:43:11.450Z] onEndTurn: naturalStop=false toolCalls=50 nudgeMsg=no
[2026-07-29T10:43:11.502Z] LiveUpdateForge: AfterToolExec flush
[2026-07-29T10:43:11.502Z] LiveUpdateForge: AfterToolExec flush
[2026-07-29T10:43:11.503Z] LiveUpdateForge: AfterToolExec flush
[2026-07-29T10:43:11.503Z] LiveUpdateForge: AfterToolExec flush
[2026-07-29T10:43:11.504Z] LiveUpdateForge: AfterToolExec flush
[2026-07-29T10:43:11.530Z] InitialReadForge.onBeforeSend: SKIP (fr=true syn=false hasRead=true)
[2026-07-29T10:43:29.084Z] LiveUpdateForge: EndTurn fallback flush
[2026-07-29T10:43:29.084Z] onEndTurn: naturalStop=false toolCalls=55 nudgeMsg=no
[2026-07-29T10:43:29.099Z] LiveUpdateForge: AfterToolExec flush
[2026-07-29T10:43:29.100Z] LiveUpdateForge: AfterToolExec flush
[2026-07-29T10:43:29.100Z] LiveUpdateForge: AfterToolExec flush
[2026-07-29T10:43:29.126Z] InitialReadForge.onBeforeSend: SKIP (fr=true syn=false hasRead=true)
[2026-07-29T10:43:42.189Z] LiveUpdateForge: EndTurn fallback flush
[2026-07-29T10:43:42.189Z] onEndTurn: naturalStop=false toolCalls=58 nudgeMsg=no
[2026-07-29T10:43:42.201Z] LiveUpdateForge: AfterToolExec flush
[2026-07-29T10:43:42.201Z] LiveUpdateForge: AfterToolExec flush
[2026-07-29T10:43:42.225Z] InitialReadForge.onBeforeSend: SKIP (fr=true syn=false hasRead=true)
[2026-07-29T10:45:23.793Z] LiveUpdateForge: EndTurn fallback flush
[2026-07-29T10:45:23.793Z] onEndTurn: naturalStop=true toolCalls=0 nudgeMsg=YES
[2026-07-29T10:45:23.799Z] InitialReadForge.onBeforeSend: SKIP (fr=false syn=false hasRead=true)
[2026-07-29T10:46:57.548Z] LiveUpdateForge: EndTurn fallback flush
[2026-07-29T10:46:57.549Z] onEndTurn: naturalStop=false toolCalls=0 nudgeMsg=no
[2026-07-29T10:46:58.021Z] LiveUpdateForge: AfterToolExec flush
[2026-07-29T10:46:58.051Z] InitialReadForge.onBeforeSend: SKIP (fr=true syn=false hasRead=true)
[2026-07-29T10:47:22.159Z] LiveUpdateForge: EndTurn fallback flush
[2026-07-29T10:47:22.159Z] onEndTurn: naturalStop=false toolCalls=1 nudgeMsg=no
[2026-07-29T10:47:22.211Z] LiveUpdateForge: AfterToolExec flush
[2026-07-29T10:47:22.240Z] InitialReadForge.onBeforeSend: SKIP (fr=true syn=false hasRead=true)
[2026-07-29T10:48:28.479Z] LiveUpdateForge: EndTurn fallback flush
[2026-07-29T10:48:28.479Z] onEndTurn: naturalStop=false toolCalls=2 nudgeMsg=no
[2026-07-29T10:48:28.534Z] LiveUpdateForge: AfterToolExec flush
[2026-07-29T10:48:28.565Z] InitialReadForge.onBeforeSend: SKIP (fr=true syn=false hasRead=true)
[2026-07-29T10:48:36.435Z] LiveUpdateForge: EndTurn fallback flush
[2026-07-29T10:48:36.435Z] onEndTurn: naturalStop=false toolCalls=3 nudgeMsg=no
[2026-07-29T10:48:36.455Z] LiveUpdateForge: AfterToolExec flush
[2026-07-29T10:48:36.485Z] InitialReadForge.onBeforeSend: SKIP (fr=true syn=false hasRead=true)
[2026-07-29T10:48:43.689Z] LiveUpdateForge: EndTurn fallback flush
[2026-07-29T10:48:43.689Z] onEndTurn: naturalStop=false toolCalls=4 nudgeMsg=no
[2026-07-29T10:48:43.740Z] LiveUpdateForge: AfterToolExec flush
[2026-07-29T10:48:43.771Z] InitialReadForge.onBeforeSend: SKIP (fr=true syn=false hasRead=true)
[2026-07-29T10:49:00.770Z] LiveUpdateForge: EndTurn fallback flush
[2026-07-29T10:49:00.770Z] onEndTurn: naturalStop=false toolCalls=5 nudgeMsg=no
[2026-07-29T10:49:00.824Z] LiveUpdateForge: AfterToolExec flush
[2026-07-29T10:49:00.854Z] InitialReadForge.onBeforeSend: SKIP (fr=true syn=false hasRead=true)
[2026-07-29T10:49:13.065Z] LiveUpdateForge: EndTurn fallback flush
[2026-07-29T10:49:13.066Z] onEndTurn: naturalStop=false toolCalls=6 nudgeMsg=no
[2026-07-29T10:49:13.076Z] LiveUpdateForge: AfterToolExec flush
[2026-07-29T10:49:13.077Z] LiveUpdateForge: AfterToolExec flush
[2026-07-29T10:49:13.077Z] LiveUpdateForge: AfterToolExec flush
[2026-07-29T10:49:13.078Z] LiveUpdateForge: AfterToolExec flush
[2026-07-29T10:49:13.106Z] InitialReadForge.onBeforeSend: SKIP (fr=true syn=false hasRead=true)
[2026-07-29T10:50:31.918Z] LiveUpdateForge: EndTurn fallback flush
[2026-07-29T10:50:31.919Z] onEndTurn: naturalStop=false toolCalls=10 nudgeMsg=no
[2026-07-29T10:50:31.968Z] LiveUpdateForge: AfterToolExec flush
[2026-07-29T10:50:32.006Z] LiveUpdateForge: AfterToolExec flush
[2026-07-29T10:50:32.050Z] LiveUpdateForge: AfterToolExec flush
[2026-07-29T10:50:32.088Z] LiveUpdateForge: AfterToolExec flush
[2026-07-29T10:50:32.123Z] LiveUpdateForge: AfterToolExec flush
[2026-07-29T10:50:32.156Z] InitialReadForge.onBeforeSend: SKIP (fr=true syn=false hasRead=true)
[2026-07-29T10:50:45.922Z] LiveUpdateForge: EndTurn fallback flush
[2026-07-29T10:50:45.923Z] onEndTurn: naturalStop=false toolCalls=15 nudgeMsg=no
[2026-07-29T10:50:45.935Z] LiveUpdateForge: AfterToolExec flush
[2026-07-29T10:50:45.964Z] InitialReadForge.onBeforeSend: SKIP (fr=true syn=false hasRead=true)
[2026-07-29T10:50:52.303Z] LiveUpdateForge: EndTurn fallback flush
[2026-07-29T10:50:52.303Z] onEndTurn: naturalStop=false toolCalls=16 nudgeMsg=no
[2026-07-29T10:50:52.316Z] LiveUpdateForge: AfterToolExec flush
[2026-07-29T10:50:52.346Z] InitialReadForge.onBeforeSend: SKIP (fr=true syn=false hasRead=true)
[2026-07-29T10:52:12.586Z] LiveUpdateForge: EndTurn fallback flush
[2026-07-29T10:52:12.587Z] onEndTurn: naturalStop=false toolCalls=17 nudgeMsg=no
[2026-07-29T10:52:12.642Z] LiveUpdateForge: AfterToolExec flush
[2026-07-29T10:52:12.674Z] InitialReadForge.onBeforeSend: SKIP (fr=true syn=false hasRead=true)
[2026-07-29T10:52:26.737Z] LiveUpdateForge: EndTurn fallback flush
[2026-07-29T10:52:26.737Z] onEndTurn: naturalStop=false toolCalls=18 nudgeMsg=no
[2026-07-29T10:52:26.791Z] LiveUpdateForge: AfterToolExec flush
[2026-07-29T10:52:26.823Z] InitialReadForge.onBeforeSend: SKIP (fr=true syn=false hasRead=true)
[2026-07-29T10:54:00.296Z] LiveUpdateForge: EndTurn fallback flush
[2026-07-29T10:54:00.296Z] onEndTurn: naturalStop=false toolCalls=19 nudgeMsg=no
[2026-07-29T10:54:00.350Z] LiveUpdateForge: AfterToolExec flush
[2026-07-29T10:54:00.382Z] InitialReadForge.onBeforeSend: SKIP (fr=true syn=false hasRead=true)
[2026-07-29T10:54:18.441Z] LiveUpdateForge: EndTurn fallback flush
[2026-07-29T10:54:18.441Z] onEndTurn: naturalStop=false toolCalls=20 nudgeMsg=no
[2026-07-29T10:54:18.495Z] LiveUpdateForge: AfterToolExec flush
[2026-07-29T10:54:18.529Z] InitialReadForge.onBeforeSend: SKIP (fr=true syn=false hasRead=true)
[2026-07-29T10:54:22.628Z] LiveUpdateForge: EndTurn fallback flush
[2026-07-29T10:54:22.628Z] onEndTurn: naturalStop=false toolCalls=21 nudgeMsg=no
[2026-07-29T10:54:22.642Z] LiveUpdateForge: AfterToolExec flush
[2026-07-29T10:54:22.642Z] LiveUpdateForge: AfterToolExec flush
[2026-07-29T10:54:22.672Z] InitialReadForge.onBeforeSend: SKIP (fr=true syn=false hasRead=true)
[2026-07-29T10:54:26.651Z] LiveUpdateForge: EndTurn fallback flush
[2026-07-29T10:54:26.651Z] onEndTurn: naturalStop=false toolCalls=23 nudgeMsg=no
[2026-07-29T10:54:26.655Z] LiveUpdateForge: AfterToolExec flush
[2026-07-29T10:54:26.656Z] LiveUpdateForge: AfterToolExec flush
[2026-07-29T10:54:26.686Z] InitialReadForge.onBeforeSend: SKIP (fr=true syn=false hasRead=true)
[2026-07-29T10:54:49.466Z] LiveUpdateForge: EndTurn fallback flush
[2026-07-29T10:54:49.466Z] onEndTurn: naturalStop=false toolCalls=25 nudgeMsg=no
[2026-07-29T10:54:49.519Z] LiveUpdateForge: AfterToolExec flush
[2026-07-29T10:54:49.551Z] InitialReadForge.onBeforeSend: SKIP (fr=true syn=false hasRead=true)
[2026-07-29T10:55:01.371Z] LiveUpdateForge: EndTurn fallback flush
[2026-07-29T10:55:01.372Z] onEndTurn: naturalStop=false toolCalls=26 nudgeMsg=no
[2026-07-29T10:55:01.398Z] LiveUpdateForge: AfterToolExec flush
[2026-07-29T10:55:01.430Z] InitialReadForge.onBeforeSend: SKIP (fr=true syn=false hasRead=true)
[2026-07-29T10:55:11.643Z] LiveUpdateForge: EndTurn fallback flush
[2026-07-29T10:55:11.643Z] onEndTurn: naturalStop=false toolCalls=27 nudgeMsg=no
[2026-07-29T10:55:11.666Z] LiveUpdateForge: AfterToolExec flush
[2026-07-29T10:55:11.697Z] InitialReadForge.onBeforeSend: SKIP (fr=true syn=false hasRead=true)
[2026-07-29T10:55:21.164Z] LiveUpdateForge: EndTurn fallback flush
[2026-07-29T10:55:21.165Z] onEndTurn: naturalStop=false toolCalls=28 nudgeMsg=no
[2026-07-29T10:55:21.189Z] LiveUpdateForge: AfterToolExec flush
[2026-07-29T10:55:21.221Z] InitialReadForge.onBeforeSend: SKIP (fr=true syn=false hasRead=true)
[2026-07-29T10:55:32.751Z] LiveUpdateForge: EndTurn fallback flush
[2026-07-29T10:55:32.751Z] onEndTurn: naturalStop=false toolCalls=29 nudgeMsg=no
[2026-07-29T10:55:32.779Z] LiveUpdateForge: AfterToolExec flush
[2026-07-29T10:55:32.810Z] InitialReadForge.onBeforeSend: SKIP (fr=true syn=false hasRead=true)
[2026-07-29T10:55:55.070Z] LiveUpdateForge: EndTurn fallback flush
[2026-07-29T10:55:55.071Z] onEndTurn: naturalStop=false toolCalls=30 nudgeMsg=no
[2026-07-29T10:55:55.095Z] LiveUpdateForge: AfterToolExec flush
[2026-07-29T10:55:55.127Z] InitialReadForge.onBeforeSend: SKIP (fr=true syn=false hasRead=true)
[2026-07-29T10:56:02.624Z] LiveUpdateForge: EndTurn fallback flush
[2026-07-29T10:56:02.624Z] onEndTurn: naturalStop=false toolCalls=31 nudgeMsg=no
[2026-07-29T10:56:02.678Z] LiveUpdateForge: AfterToolExec flush
[2026-07-29T10:56:02.709Z] InitialReadForge.onBeforeSend: SKIP (fr=true syn=false hasRead=true)
[2026-07-29T10:56:10.374Z] LiveUpdateForge: EndTurn fallback flush
[2026-07-29T10:56:10.374Z] onEndTurn: naturalStop=false toolCalls=32 nudgeMsg=no
[2026-07-29T10:56:10.379Z] LiveUpdateForge: AfterToolExec flush
[2026-07-29T10:56:10.379Z] LiveUpdateForge: AfterToolExec flush
[2026-07-29T10:56:10.411Z] InitialReadForge.onBeforeSend: SKIP (fr=true syn=false hasRead=true)
[2026-07-29T10:56:15.345Z] LiveUpdateForge: EndTurn fallback flush
[2026-07-29T10:56:15.346Z] onEndTurn: naturalStop=false toolCalls=34 nudgeMsg=no
[2026-07-29T10:56:15.350Z] LiveUpdateForge: AfterToolExec flush
[2026-07-29T10:56:15.387Z] InitialReadForge.onBeforeSend: SKIP (fr=true syn=false hasRead=true)
[2026-07-29T10:56:19.369Z] LiveUpdateForge: EndTurn fallback flush
[2026-07-29T10:56:19.370Z] onEndTurn: naturalStop=false toolCalls=35 nudgeMsg=no
[2026-07-29T10:56:26.047Z] LiveUpdateForge: AfterToolExec flush
[2026-07-29T10:56:26.077Z] InitialReadForge.onBeforeSend: SKIP (fr=true syn=false hasRead=true)
[2026-07-29T10:56:29.384Z] LiveUpdateForge: EndTurn fallback flush
[2026-07-29T10:56:29.385Z] onEndTurn: naturalStop=false toolCalls=36 nudgeMsg=no
[2026-07-29T10:56:29.408Z] LiveUpdateForge: AfterToolExec flush
[2026-07-29T10:56:29.440Z] InitialReadForge.onBeforeSend: SKIP (fr=true syn=false hasRead=true)
[2026-07-29T10:56:36.813Z] LiveUpdateForge: EndTurn fallback flush
[2026-07-29T10:56:36.814Z] onEndTurn: naturalStop=false toolCalls=37 nudgeMsg=no
[2026-07-29T10:56:36.832Z] LiveUpdateForge: AfterToolExec flush
[2026-07-29T10:56:36.861Z] InitialReadForge.onBeforeSend: SKIP (fr=true syn=false hasRead=true)
[2026-07-29T10:56:42.590Z] LiveUpdateForge: EndTurn fallback flush
[2026-07-29T10:56:42.591Z] onEndTurn: naturalStop=false toolCalls=38 nudgeMsg=no
[2026-07-29T10:56:42.692Z] LiveUpdateForge: AfterToolExec flush
[2026-07-29T10:56:42.726Z] InitialReadForge.onBeforeSend: SKIP (fr=true syn=false hasRead=true)
[2026-07-29T10:56:46.723Z] LiveUpdateForge: EndTurn fallback flush
[2026-07-29T10:56:46.724Z] onEndTurn: naturalStop=false toolCalls=39 nudgeMsg=no
[2026-07-29T10:56:46.733Z] LiveUpdateForge: AfterToolExec flush
[2026-07-29T10:56:46.767Z] InitialReadForge.onBeforeSend: SKIP (fr=true syn=false hasRead=true)
[2026-07-29T10:56:57.039Z] LiveUpdateForge: EndTurn fallback flush
[2026-07-29T10:56:57.039Z] onEndTurn: naturalStop=false toolCalls=40 nudgeMsg=no
[2026-07-29T10:56:57.060Z] LiveUpdateForge: AfterToolExec flush
[2026-07-29T10:56:57.089Z] InitialReadForge.onBeforeSend: SKIP (fr=true syn=false hasRead=true)
[2026-07-29T10:57:09.809Z] LiveUpdateForge: EndTurn fallback flush
[2026-07-29T10:57:09.809Z] onEndTurn: naturalStop=false toolCalls=41 nudgeMsg=no
[2026-07-29T10:57:09.924Z] LiveUpdateForge: AfterToolExec flush
[2026-07-29T10:57:09.959Z] InitialReadForge.onBeforeSend: SKIP (fr=true syn=false hasRead=true)
[2026-07-29T10:57:15.836Z] LiveUpdateForge: EndTurn fallback flush
[2026-07-29T10:57:15.837Z] onEndTurn: naturalStop=false toolCalls=42 nudgeMsg=no
[2026-07-29T10:57:15.873Z] InitialReadForge.onBeforeSend: SKIP (fr=true syn=false hasRead=true)
[2026-07-29T10:57:36.464Z] LiveUpdateForge: EndTurn fallback flush
[2026-07-29T10:57:36.465Z] onEndTurn: naturalStop=false toolCalls=42 nudgeMsg=no
[2026-07-29T10:57:36.494Z] LiveUpdateForge: AfterToolExec flush
[2026-07-29T10:57:36.530Z] InitialReadForge.onBeforeSend: SKIP (fr=true syn=false hasRead=true)
[2026-07-29T10:57:41.118Z] LiveUpdateForge: EndTurn fallback flush
[2026-07-29T10:57:41.119Z] onEndTurn: naturalStop=false toolCalls=43 nudgeMsg=no
[2026-07-29T10:57:41.133Z] LiveUpdateForge: AfterToolExec flush
[2026-07-29T10:57:41.134Z] LiveUpdateForge: AfterToolExec flush
[2026-07-29T10:57:41.134Z] LiveUpdateForge: AfterToolExec flush
[2026-07-29T10:57:41.167Z] InitialReadForge.onBeforeSend: SKIP (fr=true syn=false hasRead=true)
[2026-07-29T10:57:47.161Z] LiveUpdateForge: EndTurn fallback flush
[2026-07-29T10:57:47.161Z] onEndTurn: naturalStop=false toolCalls=46 nudgeMsg=no
[2026-07-29T10:57:50.494Z] LiveUpdateForge: AfterToolExec flush
[2026-07-29T10:57:50.530Z] InitialReadForge.onBeforeSend: SKIP (fr=true syn=false hasRead=true)
[2026-07-29T10:58:00.903Z] LiveUpdateForge: EndTurn fallback flush
[2026-07-29T10:58:00.903Z] onEndTurn: naturalStop=false toolCalls=47 nudgeMsg=no
[2026-07-29T10:58:01.330Z] LiveUpdateForge: AfterToolExec flush
[2026-07-29T10:58:01.363Z] InitialReadForge.onBeforeSend: SKIP (fr=true syn=false hasRead=true)
[2026-07-29T10:58:05.799Z] LiveUpdateForge: EndTurn fallback flush
[2026-07-29T10:58:05.799Z] onEndTurn: naturalStop=false toolCalls=48 nudgeMsg=no
[2026-07-29T10:58:10.930Z] LiveUpdateForge: AfterToolExec flush
[2026-07-29T10:58:10.964Z] InitialReadForge.onBeforeSend: SKIP (fr=true syn=false hasRead=true)
[2026-07-29T10:58:16.326Z] LiveUpdateForge: EndTurn fallback flush
[2026-07-29T10:58:16.326Z] onEndTurn: naturalStop=false toolCalls=49 nudgeMsg=no
[2026-07-29T10:58:16.390Z] LiveUpdateForge: AfterToolExec flush
[2026-07-29T10:58:16.422Z] InitialReadForge.onBeforeSend: SKIP (fr=true syn=false hasRead=true)
[2026-07-29T10:58:24.452Z] LiveUpdateForge: EndTurn fallback flush
[2026-07-29T10:58:24.453Z] onEndTurn: naturalStop=false toolCalls=50 nudgeMsg=no
[2026-07-29T10:58:24.544Z] LiveUpdateForge: AfterToolExec flush
[2026-07-29T10:58:24.578Z] InitialReadForge.onBeforeSend: SKIP (fr=true syn=false hasRead=true)
[2026-07-29T10:58:30.827Z] LiveUpdateForge: EndTurn fallback flush
[2026-07-29T10:58:30.827Z] onEndTurn: naturalStop=false toolCalls=51 nudgeMsg=no
[2026-07-29T10:58:44.556Z] LiveUpdateForge: AfterToolExec flush
[2026-07-29T10:58:44.598Z] InitialReadForge.onBeforeSend: SKIP (fr=true syn=false hasRead=true)
[2026-07-29T10:58:49.563Z] LiveUpdateForge: EndTurn fallback flush
[2026-07-29T10:58:49.564Z] onEndTurn: naturalStop=false toolCalls=52 nudgeMsg=no
[2026-07-29T10:58:49.576Z] LiveUpdateForge: AfterToolExec flush
[2026-07-29T10:58:49.610Z] InitialReadForge.onBeforeSend: SKIP (fr=true syn=false hasRead=true)
[2026-07-29T10:58:54.382Z] LiveUpdateForge: EndTurn fallback flush
[2026-07-29T10:58:54.383Z] onEndTurn: naturalStop=false toolCalls=53 nudgeMsg=no
[2026-07-29T10:58:58.986Z] LiveUpdateForge: AfterToolExec flush
[2026-07-29T10:58:59.022Z] InitialReadForge.onBeforeSend: SKIP (fr=true syn=false hasRead=true)
[2026-07-29T10:59:06.292Z] LiveUpdateForge: EndTurn fallback flush
[2026-07-29T10:59:06.292Z] onEndTurn: naturalStop=false toolCalls=54 nudgeMsg=no
[2026-07-29T10:59:07.447Z] LiveUpdateForge: AfterToolExec flush
[2026-07-29T10:59:07.486Z] InitialReadForge.onBeforeSend: SKIP (fr=true syn=false hasRead=true)
[2026-07-29T10:59:21.952Z] LiveUpdateForge: EndTurn fallback flush
[2026-07-29T10:59:21.952Z] onEndTurn: naturalStop=false toolCalls=55 nudgeMsg=no
[2026-07-29T10:59:22.277Z] LiveUpdateForge: AfterToolExec flush
[2026-07-29T10:59:22.310Z] InitialReadForge.onBeforeSend: SKIP (fr=true syn=false hasRead=true)
[2026-07-29T10:59:26.814Z] LiveUpdateForge: EndTurn fallback flush
[2026-07-29T10:59:26.815Z] onEndTurn: naturalStop=false toolCalls=56 nudgeMsg=no
[2026-07-29T10:59:27.353Z] LiveUpdateForge: AfterToolExec flush
[2026-07-29T10:59:27.394Z] InitialReadForge.onBeforeSend: SKIP (fr=true syn=false hasRead=true)
[2026-07-29T10:59:34.665Z] LiveUpdateForge: EndTurn fallback flush
[2026-07-29T10:59:34.666Z] onEndTurn: naturalStop=false toolCalls=57 nudgeMsg=no
[2026-07-29T10:59:34.673Z] LiveUpdateForge: AfterToolExec flush
[2026-07-29T10:59:34.705Z] InitialReadForge.onBeforeSend: SKIP (fr=true syn=false hasRead=true)
[2026-07-29T10:59:43.030Z] LiveUpdateForge: EndTurn fallback flush
[2026-07-29T10:59:43.030Z] onEndTurn: naturalStop=false toolCalls=58 nudgeMsg=no
[2026-07-29T10:59:43.054Z] LiveUpdateForge: AfterToolExec flush
[2026-07-29T10:59:43.090Z] InitialReadForge.onBeforeSend: SKIP (fr=true syn=false hasRead=true)
[2026-07-29T10:59:58.682Z] LiveUpdateForge: EndTurn fallback flush
[2026-07-29T10:59:58.683Z] onEndTurn: naturalStop=false toolCalls=59 nudgeMsg=no
[2026-07-29T10:59:58.689Z] InitialReadForge.onBeforeSend: SKIP (fr=true syn=false hasRead=true)
[2026-07-29T11:00:32.386Z] LiveUpdateForge: EndTurn fallback flush
[2026-07-29T11:00:32.386Z] onEndTurn: naturalStop=false toolCalls=59 nudgeMsg=no
[2026-07-29T11:00:32.408Z] LiveUpdateForge: AfterToolExec flush
[2026-07-29T11:00:32.445Z] InitialReadForge.onBeforeSend: SKIP (fr=true syn=false hasRead=true)
[2026-07-29T11:00:58.406Z] LiveUpdateForge: EndTurn fallback flush
[2026-07-29T11:00:58.406Z] onEndTurn: naturalStop=false toolCalls=60 nudgeMsg=no
[2026-07-29T11:01:05.657Z] LiveUpdateForge: AfterToolExec flush
[2026-07-29T11:01:05.699Z] InitialReadForge.onBeforeSend: SKIP (fr=true syn=false hasRead=true)
[2026-07-29T11:01:24.065Z] LiveUpdateForge: EndTurn fallback flush
[2026-07-29T11:01:24.065Z] onEndTurn: naturalStop=false toolCalls=61 nudgeMsg=no
[2026-07-29T11:01:29.373Z] LiveUpdateForge: AfterToolExec flush
[2026-07-29T11:01:29.407Z] InitialReadForge.onBeforeSend: SKIP (fr=true syn=false hasRead=true)
[2026-07-29T11:01:43.459Z] LiveUpdateForge: EndTurn fallback flush
[2026-07-29T11:01:43.459Z] onEndTurn: naturalStop=false toolCalls=62 nudgeMsg=no
[2026-07-29T11:01:44.854Z] LiveUpdateForge: AfterToolExec flush
[2026-07-29T11:01:44.889Z] InitialReadForge.onBeforeSend: SKIP (fr=true syn=false hasRead=true)
[2026-07-29T11:01:58.246Z] LiveUpdateForge: EndTurn fallback flush
[2026-07-29T11:01:58.246Z] onEndTurn: naturalStop=false toolCalls=63 nudgeMsg=no
[2026-07-29T11:01:58.775Z] LiveUpdateForge: AfterToolExec flush
[2026-07-29T11:01:58.817Z] InitialReadForge.onBeforeSend: SKIP (fr=true syn=false hasRead=true)
[2026-07-29T11:02:09.521Z] LiveUpdateForge: EndTurn fallback flush
[2026-07-29T11:02:09.521Z] onEndTurn: naturalStop=false toolCalls=64 nudgeMsg=no
[2026-07-29T11:02:09.548Z] LiveUpdateForge: AfterToolExec flush
[2026-07-29T11:02:09.585Z] InitialReadForge.onBeforeSend: SKIP (fr=true syn=false hasRead=true)
[2026-07-29T11:02:17.345Z] LiveUpdateForge: EndTurn fallback flush
[2026-07-29T11:02:17.345Z] onEndTurn: naturalStop=false toolCalls=65 nudgeMsg=no
[2026-07-29T11:02:17.369Z] LiveUpdateForge: AfterToolExec flush
[2026-07-29T11:02:17.404Z] InitialReadForge.onBeforeSend: SKIP (fr=true syn=false hasRead=true)
[2026-07-29T11:02:21.051Z] LiveUpdateForge: EndTurn fallback flush
[2026-07-29T11:02:21.051Z] onEndTurn: naturalStop=false toolCalls=66 nudgeMsg=no
[2026-07-29T11:02:27.171Z] LiveUpdateForge: AfterToolExec flush
[2026-07-29T11:02:27.205Z] InitialReadForge.onBeforeSend: SKIP (fr=true syn=false hasRead=true)
[2026-07-29T11:02:32.105Z] LiveUpdateForge: EndTurn fallback flush
[2026-07-29T11:02:32.106Z] onEndTurn: naturalStop=false toolCalls=67 nudgeMsg=no
[2026-07-29T11:02:36.566Z] LiveUpdateForge: AfterToolExec flush
[2026-07-29T11:02:36.632Z] InitialReadForge.onBeforeSend: SKIP (fr=true syn=false hasRead=true)
[2026-07-29T11:03:09.434Z] LiveUpdateForge: EndTurn fallback flush
[2026-07-29T11:03:09.434Z] onEndTurn: naturalStop=false toolCalls=68 nudgeMsg=no
[2026-07-29T11:03:10.801Z] LiveUpdateForge: AfterToolExec flush
[2026-07-29T11:03:10.838Z] InitialReadForge.onBeforeSend: SKIP (fr=true syn=false hasRead=true)
[2026-07-29T11:03:25.253Z] LiveUpdateForge: EndTurn fallback flush
[2026-07-29T11:03:25.254Z] onEndTurn: naturalStop=false toolCalls=69 nudgeMsg=no
[2026-07-29T11:03:25.336Z] LiveUpdateForge: AfterToolExec flush
[2026-07-29T11:03:25.372Z] InitialReadForge.onBeforeSend: SKIP (fr=true syn=false hasRead=true)
[2026-07-29T11:03:45.351Z] LiveUpdateForge: EndTurn fallback flush
[2026-07-29T11:03:45.352Z] onEndTurn: naturalStop=false toolCalls=70 nudgeMsg=no
[2026-07-29T11:03:59.043Z] LiveUpdateForge: AfterToolExec flush
[2026-07-29T11:03:59.090Z] InitialReadForge.onBeforeSend: SKIP (fr=true syn=false hasRead=true)
[2026-07-29T11:04:09.651Z] LiveUpdateForge: EndTurn fallback flush
[2026-07-29T11:04:09.651Z] onEndTurn: naturalStop=false toolCalls=71 nudgeMsg=no
[2026-07-29T11:04:10.249Z] LiveUpdateForge: AfterToolExec flush
[2026-07-29T11:04:10.283Z] InitialReadForge.onBeforeSend: SKIP (fr=true syn=false hasRead=true)
[2026-07-29T11:04:13.730Z] LiveUpdateForge: EndTurn fallback flush
[2026-07-29T11:04:13.731Z] onEndTurn: naturalStop=false toolCalls=72 nudgeMsg=no
[2026-07-29T11:04:13.959Z] LiveUpdateForge: AfterToolExec flush
[2026-07-29T11:04:14.004Z] InitialReadForge.onBeforeSend: SKIP (fr=true syn=false hasRead=true)
[2026-07-29T11:04:19.950Z] LiveUpdateForge: EndTurn fallback flush
[2026-07-29T11:04:19.950Z] onEndTurn: naturalStop=false toolCalls=73 nudgeMsg=no
[2026-07-29T11:04:19.954Z] LiveUpdateForge: AfterToolExec flush
[2026-07-29T11:04:19.990Z] InitialReadForge.onBeforeSend: SKIP (fr=true syn=false hasRead=true)
[2026-07-29T11:04:56.213Z] LiveUpdateForge: EndTurn fallback flush
[2026-07-29T11:04:56.213Z] onEndTurn: naturalStop=true toolCalls=0 nudgeMsg=YES
[2026-07-29T11:04:56.227Z] InitialReadForge.onBeforeSend: SKIP (fr=false syn=false hasRead=true)
[2026-07-29T11:05:17.771Z] LiveUpdateForge: EndTurn fallback flush
[2026-07-29T11:05:17.772Z] onEndTurn: naturalStop=false toolCalls=0 nudgeMsg=no
[2026-07-29T11:05:17.791Z] LiveUpdateForge: self-write on D:\Unity\E1\CODELY.md, baseline aligned
[2026-07-29T11:05:17.792Z] LiveUpdateForge: AfterToolExec flush
[2026-07-29T11:05:17.825Z] InitialReadForge.onBeforeSend: SKIP (fr=true syn=false hasRead=true)
[2026-07-29T11:05:18.347Z] LiveUpdateForge: pending external change on D:\Unity\E1\CODELY.md
[2026-07-29T11:05:28.143Z] LiveUpdateForge: EndTurn fallback flush
[2026-07-29T11:05:28.143Z] onEndTurn: naturalStop=true toolCalls=0 nudgeMsg=no
[2026-07-29T11:06:58.294Z] ResumeDiffForge: running checkResumeConsistency
[2026-07-29T11:06:58.294Z] checkResumeConsistency: forgedTimestamps=[]
[2026-07-29T11:06:58.302Z] checkResumeConsistency: no changes detected
[2026-07-29T11:06:58.302Z] LiveUpdateForge: session reset, allowLiveUpdate = false
[2026-07-29T11:06:58.302Z] NudgeForge: ResumeComplete — restoring count from history
[2026-07-29T11:06:58.303Z] restoreNudgeCountFromHistory: found last write at idx=212 count=0
[2026-07-29T11:06:58.330Z] LiveUpdateForge: allowLiveUpdate = true (first real BeforeSend)
[2026-07-29T11:06:58.330Z] InitialReadForge.onBeforeSend: SKIP (fr=false syn=false hasRead=true)
[2026-07-29T11:07:13.448Z] LiveUpdateForge: EndTurn fallback flush
[2026-07-29T11:07:13.448Z] onEndTurn: naturalStop=true toolCalls=0 nudgeMsg=no
[2026-07-29T11:20:00.459Z] MemoryForge: attached 5 listener(s)
[2026-07-29T11:20:00.460Z] InitialReadForge: armed one-shot BeforeSend after NewSessionStart
[2026-07-29T11:20:00.461Z] LiveUpdateForge: session reset, allowLiveUpdate = false
[2026-07-29T11:20:00.563Z] LiveUpdateForge: session reset, allowLiveUpdate = false
[2026-07-29T11:20:00.573Z] ResumeDiffForge: running checkResumeConsistency
[2026-07-29T11:20:00.574Z] checkResumeConsistency: forgedTimestamps=[]
[2026-07-29T11:20:00.578Z] checkResumeConsistency: no changes detected
[2026-07-29T11:20:00.579Z] LiveUpdateForge: session reset, allowLiveUpdate = false
[2026-07-29T11:20:00.579Z] NudgeForge: ResumeComplete — restoring count from history
[2026-07-29T11:20:00.580Z] restoreNudgeCountFromHistory: found last write at idx=212 count=0
[2026-07-29T11:20:01.532Z] ResumeDiffForge: running checkResumeConsistency
[2026-07-29T11:20:01.532Z] checkResumeConsistency: forgedTimestamps=[]
[2026-07-29T11:20:01.538Z] checkResumeConsistency: no changes detected
[2026-07-29T11:20:01.538Z] LiveUpdateForge: session reset, allowLiveUpdate = false
[2026-07-29T11:20:01.539Z] NudgeForge: ResumeComplete — restoring count from history
[2026-07-29T11:20:01.540Z] restoreNudgeCountFromHistory: found last write at idx=212 count=0
[2026-07-29T11:20:01.603Z] ResumeDiffForge: running checkResumeConsistency
[2026-07-29T11:20:01.604Z] checkResumeConsistency: forgedTimestamps=[]
[2026-07-29T11:20:01.608Z] checkResumeConsistency: no changes detected
[2026-07-29T11:20:01.609Z] LiveUpdateForge: session reset, allowLiveUpdate = false
[2026-07-29T11:20:01.609Z] NudgeForge: ResumeComplete — restoring count from history
[2026-07-29T11:20:01.609Z] restoreNudgeCountFromHistory: found last write at idx=212 count=0
[2026-07-29T11:20:02.770Z] MemoryForge: attached 5 listener(s)
[2026-07-29T11:20:02.774Z] InitialReadForge: armed one-shot BeforeSend after NewSessionStart
[2026-07-29T11:20:02.774Z] LiveUpdateForge: session reset, allowLiveUpdate = false
[2026-07-29T11:20:02.780Z] MemoryForge: detached all listeners
[2026-07-29T11:20:02.780Z] ResumeDiffForge: running checkResumeConsistency
[2026-07-29T11:20:02.780Z] checkResumeConsistency: forgedTimestamps=[]
[2026-07-29T11:20:02.804Z] checkResumeConsistency: no changes detected
[2026-07-29T11:20:02.804Z] LiveUpdateForge: session reset, allowLiveUpdate = false
[2026-07-29T11:20:02.805Z] NudgeForge: ResumeComplete — restoring count from history
[2026-07-29T11:20:02.805Z] restoreNudgeCountFromHistory: found last write at idx=212 count=0
[2026-07-29T11:20:02.817Z] LiveUpdateForge: allowLiveUpdate = true (first real BeforeSend)
[2026-07-29T11:20:02.817Z] InitialReadForge.onBeforeSend: SKIP (fr=false syn=false hasRead=true)
[2026-07-29T11:20:23.836Z] LiveUpdateForge: EndTurn fallback flush
[2026-07-29T11:20:23.836Z] onEndTurn: naturalStop=false toolCalls=0 nudgeMsg=no
[2026-07-29T11:20:23.914Z] LiveUpdateForge: AfterToolExec flush
[2026-07-29T11:20:23.942Z] InitialReadForge.onBeforeSend: SKIP (fr=true syn=false hasRead=true)
[2026-07-29T11:20:30.897Z] LiveUpdateForge: EndTurn fallback flush
[2026-07-29T11:20:30.897Z] onEndTurn: naturalStop=false toolCalls=1 nudgeMsg=no
[2026-07-29T11:20:30.909Z] LiveUpdateForge: AfterToolExec flush
[2026-07-29T11:20:30.932Z] InitialReadForge.onBeforeSend: SKIP (fr=true syn=false hasRead=true)
[2026-07-29T11:20:56.026Z] LiveUpdateForge: EndTurn fallback flush
[2026-07-29T11:20:56.027Z] onEndTurn: naturalStop=false toolCalls=2 nudgeMsg=no
[2026-07-29T11:20:56.076Z] LiveUpdateForge: AfterToolExec flush
[2026-07-29T11:20:56.100Z] InitialReadForge.onBeforeSend: SKIP (fr=true syn=false hasRead=true)
[2026-07-29T11:20:59.494Z] LiveUpdateForge: EndTurn fallback flush
[2026-07-29T11:20:59.495Z] onEndTurn: naturalStop=false toolCalls=3 nudgeMsg=no
[2026-07-29T11:20:59.502Z] LiveUpdateForge: AfterToolExec flush
[2026-07-29T11:20:59.527Z] InitialReadForge.onBeforeSend: SKIP (fr=true syn=false hasRead=true)
[2026-07-29T11:21:03.232Z] LiveUpdateForge: EndTurn fallback flush
[2026-07-29T11:21:03.233Z] onEndTurn: naturalStop=false toolCalls=4 nudgeMsg=no
[2026-07-29T11:21:03.253Z] LiveUpdateForge: AfterToolExec flush
[2026-07-29T11:21:03.275Z] InitialReadForge.onBeforeSend: SKIP (fr=true syn=false hasRead=true)
[2026-07-29T11:21:29.375Z] LiveUpdateForge: EndTurn fallback flush
[2026-07-29T11:21:29.375Z] onEndTurn: naturalStop=false toolCalls=5 nudgeMsg=no
[2026-07-29T11:21:29.398Z] LiveUpdateForge: AfterToolExec flush
[2026-07-29T11:21:29.419Z] InitialReadForge.onBeforeSend: SKIP (fr=true syn=false hasRead=true)
[2026-07-29T11:21:40.737Z] LiveUpdateForge: EndTurn fallback flush
[2026-07-29T11:21:40.737Z] onEndTurn: naturalStop=false toolCalls=6 nudgeMsg=no
[2026-07-29T11:21:40.781Z] LiveUpdateForge: AfterToolExec flush
[2026-07-29T11:21:40.814Z] LiveUpdateForge: AfterToolExec flush
[2026-07-29T11:21:40.845Z] LiveUpdateForge: AfterToolExec flush
[2026-07-29T11:21:40.877Z] LiveUpdateForge: AfterToolExec flush
[2026-07-29T11:21:40.912Z] LiveUpdateForge: AfterToolExec flush
[2026-07-29T11:21:40.935Z] InitialReadForge.onBeforeSend: SKIP (fr=true syn=false hasRead=true)
[2026-07-29T11:21:44.196Z] LiveUpdateForge: EndTurn fallback flush
[2026-07-29T11:21:44.197Z] onEndTurn: naturalStop=false toolCalls=11 nudgeMsg=no
[2026-07-29T11:21:44.231Z] LiveUpdateForge: AfterToolExec flush
[2026-07-29T11:21:44.258Z] InitialReadForge.onBeforeSend: SKIP (fr=true syn=false hasRead=true)
[2026-07-29T11:22:00.380Z] LiveUpdateForge: EndTurn fallback flush
[2026-07-29T11:22:00.381Z] onEndTurn: naturalStop=false toolCalls=12 nudgeMsg=no
[2026-07-29T11:22:00.408Z] LiveUpdateForge: AfterToolExec flush
[2026-07-29T11:22:00.431Z] InitialReadForge.onBeforeSend: SKIP (fr=true syn=false hasRead=true)
[2026-07-29T11:22:04.050Z] LiveUpdateForge: EndTurn fallback flush
[2026-07-29T11:22:04.050Z] onEndTurn: naturalStop=false toolCalls=13 nudgeMsg=no
[2026-07-29T11:22:04.557Z] LiveUpdateForge: AfterToolExec flush
[2026-07-29T11:22:04.579Z] InitialReadForge.onBeforeSend: SKIP (fr=true syn=false hasRead=true)
[2026-07-29T11:22:07.793Z] LiveUpdateForge: EndTurn fallback flush
[2026-07-29T11:22:07.793Z] onEndTurn: naturalStop=false toolCalls=14 nudgeMsg=no
[2026-07-29T11:22:15.436Z] LiveUpdateForge: AfterToolExec flush
[2026-07-29T11:22:15.458Z] InitialReadForge.onBeforeSend: SKIP (fr=true syn=false hasRead=true)
[2026-07-29T11:22:18.243Z] LiveUpdateForge: EndTurn fallback flush
[2026-07-29T11:22:18.244Z] onEndTurn: naturalStop=false toolCalls=15 nudgeMsg=no
[2026-07-29T11:22:18.366Z] LiveUpdateForge: AfterToolExec flush
[2026-07-29T11:22:18.387Z] InitialReadForge.onBeforeSend: SKIP (fr=true syn=false hasRead=true)
[2026-07-29T11:22:21.001Z] LiveUpdateForge: EndTurn fallback flush
[2026-07-29T11:22:21.002Z] onEndTurn: naturalStop=false toolCalls=16 nudgeMsg=no
[2026-07-29T11:22:21.016Z] LiveUpdateForge: AfterToolExec flush
[2026-07-29T11:22:21.041Z] InitialReadForge.onBeforeSend: SKIP (fr=true syn=false hasRead=true)
[2026-07-29T11:22:26.556Z] LiveUpdateForge: EndTurn fallback flush
[2026-07-29T11:22:26.556Z] onEndTurn: naturalStop=false toolCalls=17 nudgeMsg=no
[2026-07-29T11:22:26.602Z] LiveUpdateForge: AfterToolExec flush
[2026-07-29T11:22:26.624Z] InitialReadForge.onBeforeSend: SKIP (fr=true syn=false hasRead=true)
[2026-07-29T11:22:33.931Z] LiveUpdateForge: EndTurn fallback flush
[2026-07-29T11:22:33.932Z] onEndTurn: naturalStop=false toolCalls=18 nudgeMsg=no
[2026-07-29T11:22:35.141Z] LiveUpdateForge: AfterToolExec flush
[2026-07-29T11:22:35.168Z] InitialReadForge.onBeforeSend: SKIP (fr=true syn=false hasRead=true)
[2026-07-29T11:22:38.228Z] LiveUpdateForge: EndTurn fallback flush
[2026-07-29T11:22:38.228Z] onEndTurn: naturalStop=false toolCalls=19 nudgeMsg=no
[2026-07-29T11:22:38.415Z] LiveUpdateForge: AfterToolExec flush
[2026-07-29T11:22:38.441Z] InitialReadForge.onBeforeSend: SKIP (fr=true syn=false hasRead=true)
[2026-07-29T11:22:42.909Z] LiveUpdateForge: EndTurn fallback flush
[2026-07-29T11:22:42.910Z] onEndTurn: naturalStop=false toolCalls=20 nudgeMsg=no
[2026-07-29T11:22:47.663Z] LiveUpdateForge: AfterToolExec flush
[2026-07-29T11:22:47.686Z] InitialReadForge.onBeforeSend: SKIP (fr=true syn=false hasRead=true)
[2026-07-29T11:22:54.402Z] LiveUpdateForge: EndTurn fallback flush
[2026-07-29T11:22:54.403Z] onEndTurn: naturalStop=true toolCalls=21 nudgeMsg=no
[2026-07-29T11:27:51.989Z] ResumeDiffForge: running checkResumeConsistency
[2026-07-29T11:27:51.990Z] checkResumeConsistency: forgedTimestamps=[]
[2026-07-29T11:27:51.995Z] checkResumeConsistency: no changes detected
[2026-07-29T11:27:51.995Z] LiveUpdateForge: session reset, allowLiveUpdate = false
[2026-07-29T11:27:51.995Z] NudgeForge: ResumeComplete — restoring count from history
[2026-07-29T11:27:51.996Z] restoreNudgeCountFromHistory: found last write at idx=212 count=21
[2026-07-29T11:27:52.030Z] LiveUpdateForge: allowLiveUpdate = true (first real BeforeSend)
[2026-07-29T11:27:52.031Z] InitialReadForge.onBeforeSend: SKIP (fr=false syn=false hasRead=true)
[2026-07-29T11:28:03.567Z] LiveUpdateForge: EndTurn fallback flush
[2026-07-29T11:28:03.568Z] onEndTurn: naturalStop=false toolCalls=21 nudgeMsg=no
[2026-07-29T11:28:03.578Z] LiveUpdateForge: AfterToolExec flush
[2026-07-29T11:28:03.601Z] InitialReadForge.onBeforeSend: SKIP (fr=true syn=false hasRead=true)
[2026-07-29T11:28:12.410Z] LiveUpdateForge: EndTurn fallback flush
[2026-07-29T11:28:12.410Z] onEndTurn: naturalStop=false toolCalls=22 nudgeMsg=no
[2026-07-29T11:28:12.458Z] LiveUpdateForge: AfterToolExec flush
[2026-07-29T11:28:12.478Z] InitialReadForge.onBeforeSend: SKIP (fr=true syn=false hasRead=true)
[2026-07-29T11:28:16.582Z] LiveUpdateForge: EndTurn fallback flush
[2026-07-29T11:28:16.583Z] onEndTurn: naturalStop=false toolCalls=23 nudgeMsg=no
[2026-07-29T11:28:22.309Z] LiveUpdateForge: AfterToolExec flush
[2026-07-29T11:28:22.334Z] InitialReadForge.onBeforeSend: SKIP (fr=true syn=false hasRead=true)
[2026-07-29T11:28:26.672Z] LiveUpdateForge: EndTurn fallback flush
[2026-07-29T11:28:26.672Z] onEndTurn: naturalStop=true toolCalls=24 nudgeMsg=no
[2026-07-29T11:36:13.764Z] MemoryForge: attached 5 listener(s)
[2026-07-29T11:36:13.764Z] InitialReadForge: armed one-shot BeforeSend after NewSessionStart
[2026-07-29T11:36:13.765Z] LiveUpdateForge: session reset, allowLiveUpdate = false
[2026-07-29T11:36:13.898Z] LiveUpdateForge: session reset, allowLiveUpdate = false
[2026-07-29T11:36:13.910Z] ResumeDiffForge: running checkResumeConsistency
[2026-07-29T11:36:13.910Z] checkResumeConsistency: forgedTimestamps=[]
[2026-07-29T11:36:13.916Z] checkResumeConsistency: no changes detected
[2026-07-29T11:36:13.916Z] LiveUpdateForge: session reset, allowLiveUpdate = false
[2026-07-29T11:36:13.916Z] NudgeForge: ResumeComplete — restoring count from history
[2026-07-29T11:36:13.917Z] restoreNudgeCountFromHistory: found last write at idx=212 count=24
[2026-07-29T11:36:15.291Z] ResumeDiffForge: running checkResumeConsistency
[2026-07-29T11:36:15.292Z] checkResumeConsistency: forgedTimestamps=[]
[2026-07-29T11:36:15.296Z] checkResumeConsistency: no changes detected
[2026-07-29T11:36:15.296Z] LiveUpdateForge: session reset, allowLiveUpdate = false
[2026-07-29T11:36:15.297Z] NudgeForge: ResumeComplete — restoring count from history
[2026-07-29T11:36:15.297Z] restoreNudgeCountFromHistory: found last write at idx=212 count=24
[2026-07-29T11:36:15.364Z] ResumeDiffForge: running checkResumeConsistency
[2026-07-29T11:36:15.364Z] checkResumeConsistency: forgedTimestamps=[]
[2026-07-29T11:36:15.369Z] checkResumeConsistency: no changes detected
[2026-07-29T11:36:15.369Z] LiveUpdateForge: session reset, allowLiveUpdate = false
[2026-07-29T11:36:15.370Z] NudgeForge: ResumeComplete — restoring count from history
[2026-07-29T11:36:15.370Z] restoreNudgeCountFromHistory: found last write at idx=212 count=24
[2026-07-29T11:36:18.015Z] MemoryForge: attached 5 listener(s)
[2026-07-29T11:36:18.016Z] InitialReadForge: armed one-shot BeforeSend after NewSessionStart
[2026-07-29T11:36:18.016Z] LiveUpdateForge: session reset, allowLiveUpdate = false
[2026-07-29T11:36:18.021Z] MemoryForge: detached all listeners
[2026-07-29T11:36:18.021Z] ResumeDiffForge: running checkResumeConsistency
[2026-07-29T11:36:18.022Z] checkResumeConsistency: forgedTimestamps=[]
[2026-07-29T11:36:18.050Z] checkResumeConsistency: no changes detected
[2026-07-29T11:36:18.050Z] LiveUpdateForge: session reset, allowLiveUpdate = false
[2026-07-29T11:36:18.050Z] NudgeForge: ResumeComplete — restoring count from history
[2026-07-29T11:36:18.051Z] restoreNudgeCountFromHistory: found last write at idx=212 count=24
[2026-07-29T11:36:18.062Z] LiveUpdateForge: allowLiveUpdate = true (first real BeforeSend)
[2026-07-29T11:36:18.063Z] InitialReadForge.onBeforeSend: SKIP (fr=false syn=false hasRead=true)
[2026-07-29T11:36:40.004Z] LiveUpdateForge: EndTurn fallback flush
[2026-07-29T11:36:40.004Z] onEndTurn: naturalStop=false toolCalls=24 nudgeMsg=no
[2026-07-29T11:36:40.087Z] LiveUpdateForge: AfterToolExec flush
[2026-07-29T11:36:40.114Z] InitialReadForge.onBeforeSend: SKIP (fr=true syn=false hasRead=true)
[2026-07-29T11:36:45.517Z] LiveUpdateForge: EndTurn fallback flush
[2026-07-29T11:36:45.518Z] onEndTurn: naturalStop=false toolCalls=25 nudgeMsg=no
[2026-07-29T11:36:45.522Z] LiveUpdateForge: AfterToolExec flush
[2026-07-29T11:36:45.549Z] InitialReadForge.onBeforeSend: SKIP (fr=true syn=false hasRead=true)
[2026-07-29T11:36:53.162Z] LiveUpdateForge: EndTurn fallback flush
[2026-07-29T11:36:53.162Z] onEndTurn: naturalStop=false toolCalls=26 nudgeMsg=no
[2026-07-29T11:36:53.172Z] LiveUpdateForge: AfterToolExec flush
[2026-07-29T11:36:53.197Z] InitialReadForge.onBeforeSend: SKIP (fr=true syn=false hasRead=true)
[2026-07-29T11:36:58.870Z] LiveUpdateForge: EndTurn fallback flush
[2026-07-29T11:36:58.870Z] onEndTurn: naturalStop=false toolCalls=27 nudgeMsg=no
[2026-07-29T11:36:58.918Z] LiveUpdateForge: AfterToolExec flush
[2026-07-29T11:36:58.940Z] InitialReadForge.onBeforeSend: SKIP (fr=true syn=false hasRead=true)
[2026-07-29T11:37:16.987Z] LiveUpdateForge: EndTurn fallback flush
[2026-07-29T11:37:16.987Z] onEndTurn: naturalStop=false toolCalls=28 nudgeMsg=no
[2026-07-29T11:37:17.013Z] LiveUpdateForge: AfterToolExec flush
[2026-07-29T11:37:17.040Z] InitialReadForge.onBeforeSend: SKIP (fr=true syn=false hasRead=true)
[2026-07-29T11:37:21.859Z] LiveUpdateForge: EndTurn fallback flush
[2026-07-29T11:37:21.859Z] onEndTurn: naturalStop=false toolCalls=29 nudgeMsg=no
[2026-07-29T11:37:21.880Z] LiveUpdateForge: AfterToolExec flush
[2026-07-29T11:37:21.906Z] InitialReadForge.onBeforeSend: SKIP (fr=true syn=false hasRead=true)
[2026-07-29T11:37:28.363Z] LiveUpdateForge: EndTurn fallback flush
[2026-07-29T11:37:28.363Z] onEndTurn: naturalStop=false toolCalls=30 nudgeMsg=no
[2026-07-29T11:37:28.459Z] LiveUpdateForge: AfterToolExec flush
[2026-07-29T11:37:28.480Z] InitialReadForge.onBeforeSend: SKIP (fr=true syn=false hasRead=true)
[2026-07-29T11:37:34.811Z] LiveUpdateForge: EndTurn fallback flush
[2026-07-29T11:37:34.811Z] onEndTurn: naturalStop=false toolCalls=31 nudgeMsg=no
[2026-07-29T11:37:34.813Z] LiveUpdateForge: AfterToolExec flush
[2026-07-29T11:37:34.835Z] InitialReadForge.onBeforeSend: SKIP (fr=true syn=false hasRead=true)
[2026-07-29T11:37:45.533Z] LiveUpdateForge: EndTurn fallback flush
[2026-07-29T11:37:45.534Z] onEndTurn: naturalStop=false toolCalls=32 nudgeMsg=no
[2026-07-29T11:37:45.572Z] LiveUpdateForge: AfterToolExec flush
[2026-07-29T11:37:45.605Z] LiveUpdateForge: AfterToolExec flush
[2026-07-29T11:37:45.637Z] LiveUpdateForge: AfterToolExec flush
[2026-07-29T11:37:45.669Z] LiveUpdateForge: AfterToolExec flush
[2026-07-29T11:37:45.692Z] InitialReadForge.onBeforeSend: SKIP (fr=true syn=false hasRead=true)
[2026-07-29T11:37:55.355Z] LiveUpdateForge: EndTurn fallback flush
[2026-07-29T11:37:55.356Z] onEndTurn: naturalStop=false toolCalls=36 nudgeMsg=no
[2026-07-29T11:38:02.417Z] LiveUpdateForge: AfterToolExec flush
[2026-07-29T11:38:02.445Z] InitialReadForge.onBeforeSend: SKIP (fr=true syn=false hasRead=true)
[2026-07-29T11:38:12.917Z] LiveUpdateForge: EndTurn fallback flush
[2026-07-29T11:38:12.917Z] onEndTurn: naturalStop=false toolCalls=37 nudgeMsg=no
[2026-07-29T11:38:13.076Z] LiveUpdateForge: AfterToolExec flush
[2026-07-29T11:38:13.106Z] InitialReadForge.onBeforeSend: SKIP (fr=true syn=false hasRead=true)
[2026-07-29T11:38:25.965Z] LiveUpdateForge: EndTurn fallback flush
[2026-07-29T11:38:25.966Z] onEndTurn: naturalStop=false toolCalls=38 nudgeMsg=no
[2026-07-29T11:38:25.981Z] LiveUpdateForge: AfterToolExec flush
[2026-07-29T11:38:26.001Z] InitialReadForge.onBeforeSend: SKIP (fr=true syn=false hasRead=true)
[2026-07-29T11:38:43.493Z] LiveUpdateForge: EndTurn fallback flush
[2026-07-29T11:38:43.494Z] onEndTurn: naturalStop=false toolCalls=39 nudgeMsg=no
[2026-07-29T11:38:43.566Z] LiveUpdateForge: AfterToolExec flush
[2026-07-29T11:38:43.589Z] InitialReadForge.onBeforeSend: SKIP (fr=true syn=false hasRead=true)
[2026-07-29T11:39:07.106Z] LiveUpdateForge: EndTurn fallback flush
[2026-07-29T11:39:07.106Z] onEndTurn: naturalStop=false toolCalls=40 nudgeMsg=no
[2026-07-29T11:39:08.334Z] LiveUpdateForge: AfterToolExec flush
[2026-07-29T11:39:08.365Z] InitialReadForge.onBeforeSend: SKIP (fr=true syn=false hasRead=true)
[2026-07-29T11:39:17.293Z] LiveUpdateForge: EndTurn fallback flush
[2026-07-29T11:39:17.294Z] onEndTurn: naturalStop=false toolCalls=41 nudgeMsg=no
[2026-07-29T11:39:17.499Z] LiveUpdateForge: AfterToolExec flush
[2026-07-29T11:39:17.521Z] InitialReadForge.onBeforeSend: SKIP (fr=true syn=false hasRead=true)
[2026-07-29T11:39:37.734Z] LiveUpdateForge: EndTurn fallback flush
[2026-07-29T11:39:37.735Z] onEndTurn: naturalStop=true toolCalls=42 nudgeMsg=no
[2026-07-29T11:42:03.442Z] ResumeDiffForge: running checkResumeConsistency
[2026-07-29T11:42:03.443Z] checkResumeConsistency: forgedTimestamps=[]
[2026-07-29T11:42:03.447Z] checkResumeConsistency: no changes detected
[2026-07-29T11:42:03.448Z] LiveUpdateForge: session reset, allowLiveUpdate = false
[2026-07-29T11:42:03.448Z] NudgeForge: ResumeComplete — restoring count from history
[2026-07-29T11:42:03.449Z] restoreNudgeCountFromHistory: found last write at idx=212 count=42
[2026-07-29T11:42:03.476Z] LiveUpdateForge: allowLiveUpdate = true (first real BeforeSend)
[2026-07-29T11:42:03.476Z] InitialReadForge.onBeforeSend: SKIP (fr=false syn=false hasRead=true)
[2026-07-29T11:43:08.172Z] LiveUpdateForge: EndTurn fallback flush
[2026-07-29T11:43:08.173Z] onEndTurn: naturalStop=false toolCalls=42 nudgeMsg=no
[2026-07-29T11:43:08.180Z] LiveUpdateForge: AfterToolExec flush
[2026-07-29T11:43:08.205Z] InitialReadForge.onBeforeSend: SKIP (fr=true syn=false hasRead=true)
[2026-07-29T11:43:27.615Z] LiveUpdateForge: EndTurn fallback flush
[2026-07-29T11:43:27.615Z] onEndTurn: naturalStop=false toolCalls=43 nudgeMsg=no
[2026-07-29T11:43:27.667Z] LiveUpdateForge: AfterToolExec flush
[2026-07-29T11:43:27.693Z] InitialReadForge.onBeforeSend: SKIP (fr=true syn=false hasRead=true)
[2026-07-29T11:43:34.393Z] LiveUpdateForge: EndTurn fallback flush
[2026-07-29T11:43:34.393Z] onEndTurn: naturalStop=false toolCalls=44 nudgeMsg=no
[2026-07-29T11:43:40.276Z] LiveUpdateForge: AfterToolExec flush
[2026-07-29T11:43:40.303Z] InitialReadForge.onBeforeSend: SKIP (fr=true syn=false hasRead=true)
[2026-07-29T11:43:56.991Z] LiveUpdateForge: EndTurn fallback flush
[2026-07-29T11:43:56.991Z] onEndTurn: naturalStop=true toolCalls=45 nudgeMsg=no
[2026-07-29T12:33:40.899Z] MemoryForge: attached 5 listener(s)
[2026-07-29T12:33:40.899Z] InitialReadForge: armed one-shot BeforeSend after NewSessionStart
[2026-07-29T12:33:40.900Z] LiveUpdateForge: session reset, allowLiveUpdate = false
[2026-07-29T12:33:41.095Z] LiveUpdateForge: session reset, allowLiveUpdate = false
[2026-07-29T12:33:41.108Z] ResumeDiffForge: running checkResumeConsistency
[2026-07-29T12:33:41.109Z] checkResumeConsistency: forgedTimestamps=[]
[2026-07-29T12:33:41.114Z] checkResumeConsistency: no changes detected
[2026-07-29T12:33:41.115Z] LiveUpdateForge: session reset, allowLiveUpdate = false
[2026-07-29T12:33:41.115Z] NudgeForge: ResumeComplete — restoring count from history
[2026-07-29T12:33:41.116Z] restoreNudgeCountFromHistory: found last write at idx=212 count=45
[2026-07-29T12:33:42.436Z] ResumeDiffForge: running checkResumeConsistency
[2026-07-29T12:33:42.437Z] checkResumeConsistency: forgedTimestamps=[]
[2026-07-29T12:33:42.442Z] checkResumeConsistency: no changes detected
[2026-07-29T12:33:42.442Z] LiveUpdateForge: session reset, allowLiveUpdate = false
[2026-07-29T12:33:42.443Z] NudgeForge: ResumeComplete — restoring count from history
[2026-07-29T12:33:42.443Z] restoreNudgeCountFromHistory: found last write at idx=212 count=45
[2026-07-29T12:33:42.530Z] ResumeDiffForge: running checkResumeConsistency
[2026-07-29T12:33:42.530Z] checkResumeConsistency: forgedTimestamps=[]
[2026-07-29T12:33:42.535Z] checkResumeConsistency: no changes detected
[2026-07-29T12:33:42.536Z] LiveUpdateForge: session reset, allowLiveUpdate = false
[2026-07-29T12:33:42.536Z] NudgeForge: ResumeComplete — restoring count from history
[2026-07-29T12:33:42.537Z] restoreNudgeCountFromHistory: found last write at idx=212 count=45
[2026-07-29T12:33:44.048Z] MemoryForge: attached 5 listener(s)
[2026-07-29T12:33:44.049Z] InitialReadForge: armed one-shot BeforeSend after NewSessionStart
[2026-07-29T12:33:44.049Z] LiveUpdateForge: session reset, allowLiveUpdate = false
[2026-07-29T12:33:44.055Z] MemoryForge: detached all listeners
[2026-07-29T12:33:44.055Z] ResumeDiffForge: running checkResumeConsistency
[2026-07-29T12:33:44.056Z] checkResumeConsistency: forgedTimestamps=[]
[2026-07-29T12:33:44.084Z] checkResumeConsistency: no changes detected
[2026-07-29T12:33:44.084Z] LiveUpdateForge: session reset, allowLiveUpdate = false
[2026-07-29T12:33:44.084Z] NudgeForge: ResumeComplete — restoring count from history
[2026-07-29T12:33:44.085Z] restoreNudgeCountFromHistory: found last write at idx=212 count=45
[2026-07-29T12:33:44.104Z] LiveUpdateForge: allowLiveUpdate = true (first real BeforeSend)
[2026-07-29T12:33:44.104Z] InitialReadForge.onBeforeSend: SKIP (fr=false syn=false hasRead=true)
[2026-07-29T12:34:07.179Z] LiveUpdateForge: EndTurn fallback flush
[2026-07-29T12:34:07.180Z] onEndTurn: naturalStop=false toolCalls=45 nudgeMsg=no
[2026-07-29T12:34:07.220Z] LiveUpdateForge: AfterToolExec flush
[2026-07-29T12:34:07.221Z] LiveUpdateForge: AfterToolExec flush
[2026-07-29T12:34:07.243Z] InitialReadForge.onBeforeSend: SKIP (fr=true syn=false hasRead=true)
[2026-07-29T12:34:27.981Z] LiveUpdateForge: EndTurn fallback flush
[2026-07-29T12:34:27.981Z] onEndTurn: naturalStop=false toolCalls=47 nudgeMsg=no
[2026-07-29T12:34:28.045Z] LiveUpdateForge: AfterToolExec flush
[2026-07-29T12:34:28.072Z] InitialReadForge.onBeforeSend: SKIP (fr=true syn=false hasRead=true)
[2026-07-29T12:34:44.846Z] LiveUpdateForge: EndTurn fallback flush
[2026-07-29T12:34:44.847Z] onEndTurn: naturalStop=false toolCalls=48 nudgeMsg=no
[2026-07-29T12:34:44.872Z] LiveUpdateForge: AfterToolExec flush
[2026-07-29T12:34:44.895Z] InitialReadForge.onBeforeSend: SKIP (fr=true syn=false hasRead=true)
[2026-07-29T12:34:57.830Z] LiveUpdateForge: EndTurn fallback flush
[2026-07-29T12:34:57.831Z] onEndTurn: naturalStop=false toolCalls=49 nudgeMsg=no
[2026-07-29T12:34:57.837Z] LiveUpdateForge: AfterToolExec flush
[2026-07-29T12:34:57.861Z] InitialReadForge.onBeforeSend: SKIP (fr=true syn=false hasRead=true)
[2026-07-29T12:35:19.234Z] LiveUpdateForge: EndTurn fallback flush
[2026-07-29T12:35:19.234Z] onEndTurn: naturalStop=false toolCalls=50 nudgeMsg=no
[2026-07-29T12:35:19.285Z] LiveUpdateForge: AfterToolExec flush
[2026-07-29T12:35:19.310Z] InitialReadForge.onBeforeSend: SKIP (fr=true syn=false hasRead=true)
[2026-07-29T12:35:36.016Z] LiveUpdateForge: EndTurn fallback flush
[2026-07-29T12:35:36.016Z] onEndTurn: naturalStop=false toolCalls=51 nudgeMsg=no
[2026-07-29T12:35:36.058Z] LiveUpdateForge: AfterToolExec flush
[2026-07-29T12:35:36.092Z] LiveUpdateForge: AfterToolExec flush
[2026-07-29T12:35:36.124Z] LiveUpdateForge: AfterToolExec flush
[2026-07-29T12:35:36.155Z] LiveUpdateForge: AfterToolExec flush
[2026-07-29T12:35:36.188Z] LiveUpdateForge: AfterToolExec flush
[2026-07-29T12:35:36.211Z] InitialReadForge.onBeforeSend: SKIP (fr=true syn=false hasRead=true)
[2026-07-29T12:35:46.689Z] LiveUpdateForge: EndTurn fallback flush
[2026-07-29T12:35:46.689Z] onEndTurn: naturalStop=false toolCalls=56 nudgeMsg=no
[2026-07-29T12:35:46.697Z] LiveUpdateForge: AfterToolExec flush
[2026-07-29T12:35:46.720Z] InitialReadForge.onBeforeSend: SKIP (fr=true syn=false hasRead=true)
[2026-07-29T12:36:08.604Z] LiveUpdateForge: EndTurn fallback flush
[2026-07-29T12:36:08.604Z] onEndTurn: naturalStop=false toolCalls=57 nudgeMsg=no
[2026-07-29T12:36:08.650Z] LiveUpdateForge: AfterToolExec flush
[2026-07-29T12:36:08.673Z] InitialReadForge.onBeforeSend: SKIP (fr=true syn=false hasRead=true)
[2026-07-29T12:36:22.711Z] LiveUpdateForge: EndTurn fallback flush
[2026-07-29T12:36:22.711Z] onEndTurn: naturalStop=false toolCalls=58 nudgeMsg=no
[2026-07-29T12:36:22.733Z] LiveUpdateForge: AfterToolExec flush
[2026-07-29T12:36:22.757Z] InitialReadForge.onBeforeSend: SKIP (fr=true syn=false hasRead=true)
[2026-07-29T12:36:43.708Z] LiveUpdateForge: EndTurn fallback flush
[2026-07-29T12:36:43.709Z] onEndTurn: naturalStop=false toolCalls=59 nudgeMsg=no
[2026-07-29T12:36:43.734Z] LiveUpdateForge: AfterToolExec flush
[2026-07-29T12:36:43.756Z] InitialReadForge.onBeforeSend: SKIP (fr=true syn=false hasRead=true)
[2026-07-29T12:37:12.173Z] LiveUpdateForge: EndTurn fallback flush
[2026-07-29T12:37:12.173Z] onEndTurn: naturalStop=false toolCalls=60 nudgeMsg=no
[2026-07-29T12:37:12.182Z] LiveUpdateForge: AfterToolExec flush
[2026-07-29T12:37:12.204Z] InitialReadForge.onBeforeSend: SKIP (fr=true syn=false hasRead=true)
[2026-07-29T12:37:38.481Z] LiveUpdateForge: EndTurn fallback flush
[2026-07-29T12:37:38.482Z] onEndTurn: naturalStop=false toolCalls=61 nudgeMsg=no
[2026-07-29T12:37:38.596Z] LiveUpdateForge: AfterToolExec flush
[2026-07-29T12:37:38.619Z] InitialReadForge.onBeforeSend: SKIP (fr=true syn=false hasRead=true)
[2026-07-29T12:37:57.745Z] LiveUpdateForge: EndTurn fallback flush
[2026-07-29T12:37:57.745Z] onEndTurn: naturalStop=false toolCalls=62 nudgeMsg=no
[2026-07-29T12:37:57.747Z] LiveUpdateForge: AfterToolExec flush
[2026-07-29T12:37:57.770Z] InitialReadForge.onBeforeSend: SKIP (fr=true syn=false hasRead=true)
[2026-07-29T12:38:22.289Z] LiveUpdateForge: EndTurn fallback flush
[2026-07-29T12:38:22.289Z] onEndTurn: naturalStop=false toolCalls=63 nudgeMsg=no
[2026-07-29T12:38:22.297Z] LiveUpdateForge: AfterToolExec flush
[2026-07-29T12:38:22.298Z] LiveUpdateForge: AfterToolExec flush
[2026-07-29T12:38:22.299Z] LiveUpdateForge: AfterToolExec flush
[2026-07-29T12:38:22.299Z] LiveUpdateForge: AfterToolExec flush
[2026-07-29T12:38:22.300Z] LiveUpdateForge: AfterToolExec flush
[2026-07-29T12:38:22.324Z] InitialReadForge.onBeforeSend: SKIP (fr=true syn=false hasRead=true)
[2026-07-29T12:38:51.367Z] LiveUpdateForge: EndTurn fallback flush
[2026-07-29T12:38:51.367Z] onEndTurn: naturalStop=false toolCalls=68 nudgeMsg=no
[2026-07-29T12:38:51.420Z] LiveUpdateForge: AfterToolExec flush
[2026-07-29T12:38:51.461Z] LiveUpdateForge: AfterToolExec flush
[2026-07-29T12:38:51.495Z] LiveUpdateForge: AfterToolExec flush
[2026-07-29T12:38:51.532Z] LiveUpdateForge: AfterToolExec flush
[2026-07-29T12:38:51.570Z] LiveUpdateForge: AfterToolExec flush
[2026-07-29T12:38:51.601Z] InitialReadForge.onBeforeSend: SKIP (fr=true syn=false hasRead=true)
[2026-07-29T12:39:10.642Z] LiveUpdateForge: EndTurn fallback flush
[2026-07-29T12:39:10.643Z] onEndTurn: naturalStop=false toolCalls=73 nudgeMsg=no
[2026-07-29T12:39:10.651Z] LiveUpdateForge: AfterToolExec flush
[2026-07-29T12:39:10.688Z] InitialReadForge.onBeforeSend: SKIP (fr=true syn=false hasRead=true)
[2026-07-29T12:39:18.338Z] LiveUpdateForge: EndTurn fallback flush
[2026-07-29T12:39:18.339Z] onEndTurn: naturalStop=false toolCalls=74 nudgeMsg=no
[2026-07-29T12:39:18.343Z] LiveUpdateForge: AfterToolExec flush
[2026-07-29T12:39:18.370Z] InitialReadForge.onBeforeSend: SKIP (fr=true syn=false hasRead=true)
[2026-07-29T12:39:28.925Z] LiveUpdateForge: EndTurn fallback flush
[2026-07-29T12:39:28.925Z] onEndTurn: naturalStop=false toolCalls=75 nudgeMsg=no
[2026-07-29T12:39:28.932Z] LiveUpdateForge: AfterToolExec flush
[2026-07-29T12:39:28.959Z] InitialReadForge.onBeforeSend: SKIP (fr=true syn=false hasRead=true)
[2026-07-29T12:39:39.903Z] LiveUpdateForge: EndTurn fallback flush
[2026-07-29T12:39:39.903Z] onEndTurn: naturalStop=false toolCalls=76 nudgeMsg=no
[2026-07-29T12:39:39.952Z] LiveUpdateForge: AfterToolExec flush
[2026-07-29T12:39:39.978Z] InitialReadForge.onBeforeSend: SKIP (fr=true syn=false hasRead=true)
[2026-07-29T12:39:48.972Z] LiveUpdateForge: EndTurn fallback flush
[2026-07-29T12:39:48.972Z] onEndTurn: naturalStop=false toolCalls=77 nudgeMsg=no
[2026-07-29T12:39:56.259Z] LiveUpdateForge: AfterToolExec flush
[2026-07-29T12:39:56.293Z] InitialReadForge.onBeforeSend: SKIP (fr=true syn=false hasRead=true)
[2026-07-29T12:40:09.014Z] LiveUpdateForge: EndTurn fallback flush
[2026-07-29T12:40:09.015Z] onEndTurn: naturalStop=true toolCalls=0 nudgeMsg=YES
[2026-07-29T12:40:09.017Z] InitialReadForge.onBeforeSend: SKIP (fr=false syn=false hasRead=true)
[2026-07-29T12:40:25.062Z] LiveUpdateForge: EndTurn fallback flush
[2026-07-29T12:40:25.062Z] onEndTurn: naturalStop=false toolCalls=0 nudgeMsg=no
[2026-07-29T12:40:25.075Z] LiveUpdateForge: AfterToolExec flush
[2026-07-29T12:40:25.075Z] nudge: read_memory called (does NOT reset counter)
[2026-07-29T12:40:43.578Z] LiveUpdateForge: EndTurn fallback flush
[2026-07-29T12:40:43.578Z] onEndTurn: naturalStop=false toolCalls=1 nudgeMsg=no
[2026-07-29T12:40:43.587Z] LiveUpdateForge: self-write on D:\Unity\E1\CODELY.md, baseline aligned
[2026-07-29T12:40:43.588Z] LiveUpdateForge: AfterToolExec flush
[2026-07-29T12:40:44.126Z] LiveUpdateForge: pending external change on D:\Unity\E1\CODELY.md
[2026-07-29T12:40:57.687Z] LiveUpdateForge: EndTurn fallback flush
[2026-07-29T12:40:57.687Z] onEndTurn: naturalStop=true toolCalls=0 nudgeMsg=no
[2026-07-29T12:43:42.913Z] ResumeDiffForge: running checkResumeConsistency
[2026-07-29T12:43:42.913Z] checkResumeConsistency: forgedTimestamps=[["project","1970-01-01T00:00:00.000Z"]]
[2026-07-29T12:43:42.919Z] checkResumeConsistency: injecting 1 diff notification(s)
[2026-07-29T12:43:42.920Z] injectForgedHistory: role=user preview="[agent-auto] [memory-update 2026-07-29 20:40:43] project memory file has been mo"
[2026-07-29T12:43:42.942Z] injectForgedHistory: recordMessage persisted
[2026-07-29T12:43:42.943Z] LiveUpdateForge: session reset, allowLiveUpdate = false
[2026-07-29T12:43:42.943Z] NudgeForge: ResumeComplete — restoring count from history
[2026-07-29T12:43:42.944Z] restoreNudgeCountFromHistory: found last write at idx=349 count=0
[2026-07-29T12:43:42.974Z] LiveUpdateForge: allowLiveUpdate = true (first real BeforeSend)
[2026-07-29T12:44:02.888Z] LiveUpdateForge: EndTurn fallback flush
[2026-07-29T12:44:02.889Z] onEndTurn: naturalStop=false toolCalls=0 nudgeMsg=no
[2026-07-29T12:44:10.174Z] LiveUpdateForge: AfterToolExec flush
[2026-07-29T12:44:10.188Z] LiveUpdateForge: AfterToolExec flush
[2026-07-29T12:44:20.631Z] LiveUpdateForge: EndTurn fallback flush
[2026-07-29T12:44:20.631Z] onEndTurn: naturalStop=false toolCalls=2 nudgeMsg=no
[2026-07-29T12:44:22.589Z] LiveUpdateForge: AfterToolExec flush
[2026-07-29T12:44:35.924Z] LiveUpdateForge: EndTurn fallback flush
[2026-07-29T12:44:35.925Z] onEndTurn: naturalStop=false toolCalls=3 nudgeMsg=no
[2026-07-29T12:44:38.096Z] LiveUpdateForge: AfterToolExec flush
[2026-07-29T12:44:49.884Z] LiveUpdateForge: EndTurn fallback flush
[2026-07-29T12:44:49.884Z] onEndTurn: naturalStop=false toolCalls=4 nudgeMsg=no
[2026-07-29T12:44:51.918Z] LiveUpdateForge: AfterToolExec flush
[2026-07-29T12:45:09.426Z] LiveUpdateForge: EndTurn fallback flush
[2026-07-29T12:45:09.426Z] onEndTurn: naturalStop=false toolCalls=5 nudgeMsg=no
[2026-07-29T12:45:12.113Z] LiveUpdateForge: AfterToolExec flush
[2026-07-29T12:45:21.948Z] LiveUpdateForge: EndTurn fallback flush
[2026-07-29T12:45:21.948Z] onEndTurn: naturalStop=false toolCalls=6 nudgeMsg=no
[2026-07-29T12:45:37.786Z] LiveUpdateForge: AfterToolExec flush
[2026-07-29T12:45:46.656Z] LiveUpdateForge: EndTurn fallback flush
[2026-07-29T12:45:46.656Z] onEndTurn: naturalStop=true toolCalls=7 nudgeMsg=no
[2026-07-29T14:19:37.738Z] MemoryForge: attached 5 listener(s)
[2026-07-29T14:19:37.738Z] InitialReadForge: armed one-shot BeforeSend after NewSessionStart
[2026-07-29T14:19:37.738Z] LiveUpdateForge: session reset, allowLiveUpdate = false
[2026-07-29T14:19:38.026Z] LiveUpdateForge: session reset, allowLiveUpdate = false
[2026-07-29T14:19:38.045Z] ResumeDiffForge: running checkResumeConsistency
[2026-07-29T14:19:38.045Z] checkResumeConsistency: forgedTimestamps=[["project","1970-01-01T00:00:00.000Z"]]
[2026-07-29T14:19:38.052Z] checkResumeConsistency: injecting 1 diff notification(s)
[2026-07-29T14:19:38.052Z] injectForgedHistory: role=user preview="[agent-auto] [memory-update 2026-07-29 20:40:43] project memory file has been mo"
[2026-07-29T14:19:38.053Z] injectForgedHistory: recordMessage persisted
[2026-07-29T14:19:38.053Z] LiveUpdateForge: session reset, allowLiveUpdate = false
[2026-07-29T14:19:38.054Z] NudgeForge: ResumeComplete — restoring count from history
[2026-07-29T14:19:38.055Z] restoreNudgeCountFromHistory: found last write at idx=349 count=7
[2026-07-29T14:19:38.984Z] ResumeDiffForge: running checkResumeConsistency
[2026-07-29T14:19:38.985Z] checkResumeConsistency: forgedTimestamps=[["project","1970-01-01T00:00:00.000Z"]]
[2026-07-29T14:19:38.991Z] checkResumeConsistency: injecting 1 diff notification(s)
[2026-07-29T14:19:38.992Z] injectForgedHistory: role=user preview="[agent-auto] [memory-update 2026-07-29 20:40:43] project memory file has been mo"
[2026-07-29T14:19:39.018Z] injectForgedHistory: recordMessage persisted
[2026-07-29T14:19:39.019Z] LiveUpdateForge: session reset, allowLiveUpdate = false
[2026-07-29T14:19:39.019Z] NudgeForge: ResumeComplete — restoring count from history
[2026-07-29T14:19:39.020Z] restoreNudgeCountFromHistory: found last write at idx=349 count=7
[2026-07-29T14:19:39.115Z] ResumeDiffForge: running checkResumeConsistency
[2026-07-29T14:19:39.115Z] checkResumeConsistency: forgedTimestamps=[["project","1970-01-01T00:00:00.000Z"]]
[2026-07-29T14:19:39.122Z] checkResumeConsistency: injecting 1 diff notification(s)
[2026-07-29T14:19:39.122Z] injectForgedHistory: role=user preview="[agent-auto] [memory-update 2026-07-29 20:40:43] project memory file has been mo"
[2026-07-29T14:19:39.148Z] injectForgedHistory: recordMessage persisted
[2026-07-29T14:19:39.148Z] LiveUpdateForge: session reset, allowLiveUpdate = false
[2026-07-29T14:19:39.148Z] NudgeForge: ResumeComplete — restoring count from history
[2026-07-29T14:19:39.149Z] restoreNudgeCountFromHistory: found last write at idx=349 count=7
[2026-07-29T14:19:41.980Z] MemoryForge: attached 5 listener(s)
[2026-07-29T14:19:41.980Z] InitialReadForge: armed one-shot BeforeSend after NewSessionStart
[2026-07-29T14:19:41.981Z] LiveUpdateForge: session reset, allowLiveUpdate = false
[2026-07-29T14:19:41.988Z] MemoryForge: detached all listeners
[2026-07-29T14:19:41.988Z] ResumeDiffForge: running checkResumeConsistency
[2026-07-29T14:19:41.989Z] checkResumeConsistency: forgedTimestamps=[["project","1970-01-01T00:00:00.000Z"]]
[2026-07-29T14:19:42.021Z] checkResumeConsistency: injecting 1 diff notification(s)
[2026-07-29T14:19:42.021Z] injectForgedHistory: role=user preview="[agent-auto] [memory-update 2026-07-29 20:40:43] project memory file has been mo"
[2026-07-29T14:19:42.044Z] injectForgedHistory: recordMessage persisted
[2026-07-29T14:19:42.044Z] LiveUpdateForge: session reset, allowLiveUpdate = false
[2026-07-29T14:19:42.044Z] NudgeForge: ResumeComplete — restoring count from history
[2026-07-29T14:19:42.045Z] restoreNudgeCountFromHistory: found last write at idx=349 count=7
[2026-07-29T14:19:42.064Z] LiveUpdateForge: allowLiveUpdate = true (first real BeforeSend)
[2026-07-29T14:19:42.065Z] InitialReadForge.onBeforeSend: SKIP (fr=false syn=false hasRead=true)
[2026-07-29T14:20:14.095Z] LiveUpdateForge: EndTurn fallback flush
[2026-07-29T14:20:14.096Z] onEndTurn: naturalStop=false toolCalls=7 nudgeMsg=no
[2026-07-29T14:20:14.290Z] LiveUpdateForge: AfterToolExec flush
[2026-07-29T14:20:15.905Z] LiveUpdateForge: AfterToolExec flush
[2026-07-29T14:20:15.933Z] InitialReadForge.onBeforeSend: SKIP (fr=true syn=false hasRead=true)
[2026-07-29T14:20:36.580Z] LiveUpdateForge: EndTurn fallback flush
[2026-07-29T14:20:36.580Z] onEndTurn: naturalStop=false toolCalls=9 nudgeMsg=no
[2026-07-29T14:20:36.591Z] LiveUpdateForge: AfterToolExec flush
[2026-07-29T14:20:36.605Z] LiveUpdateForge: AfterToolExec flush
[2026-07-29T14:20:36.631Z] InitialReadForge.onBeforeSend: SKIP (fr=true syn=false hasRead=true)
[2026-07-29T14:20:47.278Z] LiveUpdateForge: EndTurn fallback flush
[2026-07-29T14:20:47.278Z] onEndTurn: naturalStop=true toolCalls=11 nudgeMsg=no
[2026-07-29T14:22:05.059Z] ResumeDiffForge: running checkResumeConsistency
[2026-07-29T14:22:05.060Z] checkResumeConsistency: forgedTimestamps=[["project","1970-01-01T00:00:00.000Z"]]
[2026-07-29T14:22:05.066Z] checkResumeConsistency: injecting 1 diff notification(s)
[2026-07-29T14:22:05.066Z] injectForgedHistory: role=user preview="[agent-auto] [memory-update 2026-07-29 20:40:43] project memory file has been mo"
[2026-07-29T14:22:05.090Z] injectForgedHistory: recordMessage persisted
[2026-07-29T14:22:05.091Z] LiveUpdateForge: session reset, allowLiveUpdate = false
[2026-07-29T14:22:05.091Z] NudgeForge: ResumeComplete — restoring count from history
[2026-07-29T14:22:05.092Z] restoreNudgeCountFromHistory: found last write at idx=349 count=11
[2026-07-29T14:22:05.135Z] LiveUpdateForge: allowLiveUpdate = true (first real BeforeSend)
[2026-07-29T14:22:05.135Z] InitialReadForge.onBeforeSend: SKIP (fr=false syn=false hasRead=true)
[2026-07-29T14:22:40.846Z] LiveUpdateForge: EndTurn fallback flush
[2026-07-29T14:22:40.847Z] onEndTurn: naturalStop=false toolCalls=11 nudgeMsg=no
[2026-07-29T14:22:40.861Z] LiveUpdateForge: AfterToolExec flush
[2026-07-29T14:22:40.886Z] InitialReadForge.onBeforeSend: SKIP (fr=true syn=false hasRead=true)
[2026-07-29T14:23:17.277Z] LiveUpdateForge: EndTurn fallback flush
[2026-07-29T14:23:17.277Z] onEndTurn: naturalStop=false toolCalls=12 nudgeMsg=no
[2026-07-29T14:23:17.715Z] LiveUpdateForge: AfterToolExec flush
[2026-07-29T14:23:17.741Z] InitialReadForge.onBeforeSend: SKIP (fr=true syn=false hasRead=true)
[2026-07-29T14:23:43.569Z] LiveUpdateForge: EndTurn fallback flush
[2026-07-29T14:23:43.569Z] onEndTurn: naturalStop=false toolCalls=13 nudgeMsg=no
[2026-07-29T14:23:43.613Z] LiveUpdateForge: AfterToolExec flush
[2026-07-29T14:23:43.641Z] InitialReadForge.onBeforeSend: SKIP (fr=true syn=false hasRead=true)
[2026-07-29T14:24:04.571Z] LiveUpdateForge: EndTurn fallback flush
[2026-07-29T14:24:04.572Z] onEndTurn: naturalStop=false toolCalls=14 nudgeMsg=no
[2026-07-29T14:24:04.639Z] LiveUpdateForge: AfterToolExec flush
[2026-07-29T14:24:04.645Z] LiveUpdateForge: AfterToolExec flush
[2026-07-29T14:24:04.670Z] InitialReadForge.onBeforeSend: SKIP (fr=true syn=false hasRead=true)
[2026-07-29T14:24:32.126Z] LiveUpdateForge: EndTurn fallback flush
[2026-07-29T14:24:32.127Z] onEndTurn: naturalStop=false toolCalls=16 nudgeMsg=no
[2026-07-29T14:24:32.517Z] LiveUpdateForge: AfterToolExec flush
[2026-07-29T14:24:32.544Z] InitialReadForge.onBeforeSend: SKIP (fr=true syn=false hasRead=true)
[2026-07-29T14:24:52.252Z] LiveUpdateForge: EndTurn fallback flush
[2026-07-29T14:24:52.252Z] onEndTurn: naturalStop=false toolCalls=17 nudgeMsg=no
[2026-07-29T14:24:52.260Z] LiveUpdateForge: AfterToolExec flush
[2026-07-29T14:24:52.285Z] InitialReadForge.onBeforeSend: SKIP (fr=true syn=false hasRead=true)
[2026-07-29T14:25:23.682Z] LiveUpdateForge: EndTurn fallback flush
[2026-07-29T14:25:23.683Z] onEndTurn: naturalStop=false toolCalls=18 nudgeMsg=no
[2026-07-29T14:25:23.741Z] LiveUpdateForge: AfterToolExec flush
[2026-07-29T14:25:23.766Z] InitialReadForge.onBeforeSend: SKIP (fr=true syn=false hasRead=true)
[2026-07-29T14:26:44.304Z] LiveUpdateForge: EndTurn fallback flush
[2026-07-29T14:26:44.304Z] onEndTurn: naturalStop=false toolCalls=19 nudgeMsg=no
[2026-07-29T14:26:47.493Z] LiveUpdateForge: AfterToolExec flush
[2026-07-29T14:26:47.530Z] InitialReadForge.onBeforeSend: SKIP (fr=true syn=false hasRead=true)
[2026-07-29T14:27:05.944Z] LiveUpdateForge: EndTurn fallback flush
[2026-07-29T14:27:05.945Z] onEndTurn: naturalStop=false toolCalls=20 nudgeMsg=no
[2026-07-29T14:27:11.285Z] LiveUpdateForge: AfterToolExec flush
[2026-07-29T14:27:11.317Z] InitialReadForge.onBeforeSend: SKIP (fr=true syn=false hasRead=true)
[2026-07-29T14:27:23.826Z] LiveUpdateForge: EndTurn fallback flush
[2026-07-29T14:27:23.826Z] onEndTurn: naturalStop=false toolCalls=21 nudgeMsg=no
[2026-07-29T14:27:24.063Z] LiveUpdateForge: AfterToolExec flush
[2026-07-29T14:27:24.089Z] InitialReadForge.onBeforeSend: SKIP (fr=true syn=false hasRead=true)
[2026-07-29T14:27:48.693Z] LiveUpdateForge: EndTurn fallback flush
[2026-07-29T14:27:48.694Z] onEndTurn: naturalStop=true toolCalls=22 nudgeMsg=no
[2026-07-29T14:56:04.268Z] MemoryForge: attached 5 listener(s)
[2026-07-29T14:56:04.268Z] InitialReadForge: armed one-shot BeforeSend after NewSessionStart
[2026-07-29T14:56:04.269Z] LiveUpdateForge: session reset, allowLiveUpdate = false
[2026-07-29T14:56:04.612Z] LiveUpdateForge: session reset, allowLiveUpdate = false
[2026-07-29T14:56:04.634Z] ResumeDiffForge: running checkResumeConsistency
[2026-07-29T14:56:04.635Z] checkResumeConsistency: forgedTimestamps=[["project","1970-01-01T00:00:00.000Z"]]
[2026-07-29T14:56:04.639Z] checkResumeConsistency: injecting 1 diff notification(s)
[2026-07-29T14:56:04.640Z] injectForgedHistory: role=user preview="[agent-auto] [memory-update 2026-07-29 20:40:43] project memory file has been mo"
[2026-07-29T14:56:04.640Z] injectForgedHistory: recordMessage persisted
[2026-07-29T14:56:04.641Z] LiveUpdateForge: session reset, allowLiveUpdate = false
[2026-07-29T14:56:04.642Z] NudgeForge: ResumeComplete — restoring count from history
[2026-07-29T14:56:04.643Z] restoreNudgeCountFromHistory: found last write at idx=349 count=22
[2026-07-29T14:56:05.848Z] ResumeDiffForge: running checkResumeConsistency
[2026-07-29T14:56:05.849Z] checkResumeConsistency: forgedTimestamps=[["project","1970-01-01T00:00:00.000Z"]]
[2026-07-29T14:56:05.856Z] checkResumeConsistency: injecting 1 diff notification(s)
[2026-07-29T14:56:05.856Z] injectForgedHistory: role=user preview="[agent-auto] [memory-update 2026-07-29 20:40:43] project memory file has been mo"
[2026-07-29T14:56:05.879Z] injectForgedHistory: recordMessage persisted
[2026-07-29T14:56:05.880Z] LiveUpdateForge: session reset, allowLiveUpdate = false
[2026-07-29T14:56:05.881Z] NudgeForge: ResumeComplete — restoring count from history
[2026-07-29T14:56:05.882Z] restoreNudgeCountFromHistory: found last write at idx=349 count=22
[2026-07-29T14:56:05.982Z] ResumeDiffForge: running checkResumeConsistency
[2026-07-29T14:56:05.982Z] checkResumeConsistency: forgedTimestamps=[["project","1970-01-01T00:00:00.000Z"]]
[2026-07-29T14:56:05.988Z] checkResumeConsistency: injecting 1 diff notification(s)
[2026-07-29T14:56:05.988Z] injectForgedHistory: role=user preview="[agent-auto] [memory-update 2026-07-29 20:40:43] project memory file has been mo"
[2026-07-29T14:56:06.012Z] injectForgedHistory: recordMessage persisted
[2026-07-29T14:56:06.012Z] LiveUpdateForge: session reset, allowLiveUpdate = false
[2026-07-29T14:56:06.013Z] NudgeForge: ResumeComplete — restoring count from history
[2026-07-29T14:56:06.013Z] restoreNudgeCountFromHistory: found last write at idx=349 count=22
[2026-07-29T14:56:07.468Z] MemoryForge: attached 5 listener(s)
[2026-07-29T14:56:07.469Z] InitialReadForge: armed one-shot BeforeSend after NewSessionStart
[2026-07-29T14:56:07.469Z] LiveUpdateForge: session reset, allowLiveUpdate = false
[2026-07-29T14:56:07.477Z] MemoryForge: detached all listeners
[2026-07-29T14:56:07.477Z] ResumeDiffForge: running checkResumeConsistency
[2026-07-29T14:56:07.478Z] checkResumeConsistency: forgedTimestamps=[["project","1970-01-01T00:00:00.000Z"]]
[2026-07-29T14:56:07.509Z] checkResumeConsistency: injecting 1 diff notification(s)
[2026-07-29T14:56:07.509Z] injectForgedHistory: role=user preview="[agent-auto] [memory-update 2026-07-29 20:40:43] project memory file has been mo"
[2026-07-29T14:56:07.534Z] injectForgedHistory: recordMessage persisted
[2026-07-29T14:56:07.534Z] LiveUpdateForge: session reset, allowLiveUpdate = false
[2026-07-29T14:56:07.534Z] NudgeForge: ResumeComplete — restoring count from history
[2026-07-29T14:56:07.535Z] restoreNudgeCountFromHistory: found last write at idx=349 count=22
[2026-07-29T14:56:07.554Z] LiveUpdateForge: allowLiveUpdate = true (first real BeforeSend)
[2026-07-29T14:56:07.554Z] InitialReadForge.onBeforeSend: SKIP (fr=false syn=false hasRead=true)
[2026-07-29T14:57:39.996Z] LiveUpdateForge: EndTurn fallback flush
[2026-07-29T14:57:39.996Z] onEndTurn: naturalStop=false toolCalls=22 nudgeMsg=no
[2026-07-29T14:57:40.038Z] LiveUpdateForge: AfterToolExec flush
[2026-07-29T14:57:40.069Z] InitialReadForge.onBeforeSend: SKIP (fr=true syn=false hasRead=true)
[2026-07-29T14:57:59.925Z] LiveUpdateForge: EndTurn fallback flush
[2026-07-29T14:57:59.925Z] onEndTurn: naturalStop=false toolCalls=23 nudgeMsg=no
[2026-07-29T14:57:59.991Z] LiveUpdateForge: AfterToolExec flush
[2026-07-29T14:58:00.020Z] InitialReadForge.onBeforeSend: SKIP (fr=true syn=false hasRead=true)
[2026-07-29T14:58:09.760Z] LiveUpdateForge: EndTurn fallback flush
[2026-07-29T14:58:09.760Z] onEndTurn: naturalStop=false toolCalls=24 nudgeMsg=no
[2026-07-29T14:58:09.784Z] LiveUpdateForge: AfterToolExec flush
[2026-07-29T14:58:09.811Z] InitialReadForge.onBeforeSend: SKIP (fr=true syn=false hasRead=true)
[2026-07-29T14:58:31.949Z] LiveUpdateForge: EndTurn fallback flush
[2026-07-29T14:58:31.949Z] onEndTurn: naturalStop=false toolCalls=25 nudgeMsg=no
[2026-07-29T14:58:31.978Z] LiveUpdateForge: AfterToolExec flush
[2026-07-29T14:58:32.007Z] InitialReadForge.onBeforeSend: SKIP (fr=true syn=false hasRead=true)
[2026-07-29T14:58:51.589Z] LiveUpdateForge: EndTurn fallback flush
[2026-07-29T14:58:51.590Z] onEndTurn: naturalStop=false toolCalls=26 nudgeMsg=no
[2026-07-29T14:59:02.357Z] LiveUpdateForge: AfterToolExec flush
[2026-07-29T14:59:02.389Z] InitialReadForge.onBeforeSend: SKIP (fr=true syn=false hasRead=true)
[2026-07-29T14:59:15.838Z] LiveUpdateForge: EndTurn fallback flush
[2026-07-29T14:59:15.838Z] onEndTurn: naturalStop=false toolCalls=27 nudgeMsg=no
[2026-07-29T14:59:15.883Z] LiveUpdateForge: AfterToolExec flush
[2026-07-29T14:59:15.915Z] InitialReadForge.onBeforeSend: SKIP (fr=true syn=false hasRead=true)
[2026-07-29T14:59:44.141Z] LiveUpdateForge: EndTurn fallback flush
[2026-07-29T14:59:44.141Z] onEndTurn: naturalStop=false toolCalls=28 nudgeMsg=no
[2026-07-29T14:59:44.470Z] LiveUpdateForge: AfterToolExec flush
[2026-07-29T14:59:44.501Z] InitialReadForge.onBeforeSend: SKIP (fr=true syn=false hasRead=true)
[2026-07-29T15:00:29.695Z] LiveUpdateForge: EndTurn fallback flush
[2026-07-29T15:00:29.695Z] onEndTurn: naturalStop=true toolCalls=29 nudgeMsg=no
[2026-07-29T15:02:46.127Z] MemoryForge: attached 5 listener(s)
[2026-07-29T15:02:46.127Z] InitialReadForge: armed one-shot BeforeSend after NewSessionStart
[2026-07-29T15:02:46.128Z] LiveUpdateForge: session reset, allowLiveUpdate = false
[2026-07-29T15:02:46.445Z] LiveUpdateForge: session reset, allowLiveUpdate = false
[2026-07-29T15:02:46.466Z] ResumeDiffForge: running checkResumeConsistency
[2026-07-29T15:02:46.467Z] checkResumeConsistency: forgedTimestamps=[["project","1970-01-01T00:00:00.000Z"]]
[2026-07-29T15:02:46.473Z] checkResumeConsistency: injecting 1 diff notification(s)
[2026-07-29T15:02:46.474Z] injectForgedHistory: role=user preview="[agent-auto] [memory-update 2026-07-29 20:40:43] project memory file has been mo"
[2026-07-29T15:02:46.474Z] injectForgedHistory: recordMessage persisted
[2026-07-29T15:02:46.474Z] LiveUpdateForge: session reset, allowLiveUpdate = false
[2026-07-29T15:02:46.475Z] NudgeForge: ResumeComplete — restoring count from history
[2026-07-29T15:02:46.475Z] restoreNudgeCountFromHistory: found last write at idx=349 count=29
[2026-07-29T15:03:33.642Z] MemoryForge: attached 5 listener(s)
[2026-07-29T15:03:33.643Z] InitialReadForge: armed one-shot BeforeSend after NewSessionStart
[2026-07-29T15:03:33.643Z] LiveUpdateForge: session reset, allowLiveUpdate = false
[2026-07-29T15:03:34.048Z] LiveUpdateForge: session reset, allowLiveUpdate = false
[2026-07-29T15:03:34.080Z] ResumeDiffForge: running checkResumeConsistency
[2026-07-29T15:03:34.081Z] checkResumeConsistency: forgedTimestamps=[["project","1970-01-01T00:00:00.000Z"]]
[2026-07-29T15:03:34.088Z] checkResumeConsistency: injecting 1 diff notification(s)
[2026-07-29T15:03:34.089Z] injectForgedHistory: role=user preview="[agent-auto] [memory-update 2026-07-29 20:40:43] project memory file has been mo"
[2026-07-29T15:03:34.089Z] injectForgedHistory: recordMessage persisted
[2026-07-29T15:03:34.089Z] LiveUpdateForge: session reset, allowLiveUpdate = false
[2026-07-29T15:03:34.090Z] NudgeForge: ResumeComplete — restoring count from history
[2026-07-29T15:03:34.091Z] restoreNudgeCountFromHistory: found last write at idx=349 count=29
[2026-07-29T15:03:35.238Z] ResumeDiffForge: running checkResumeConsistency
[2026-07-29T15:03:35.238Z] checkResumeConsistency: forgedTimestamps=[["project","1970-01-01T00:00:00.000Z"]]
[2026-07-29T15:03:35.254Z] checkResumeConsistency: injecting 1 diff notification(s)
[2026-07-29T15:03:35.254Z] injectForgedHistory: role=user preview="[agent-auto] [memory-update 2026-07-29 20:40:43] project memory file has been mo"
[2026-07-29T15:03:35.285Z] injectForgedHistory: recordMessage persisted
[2026-07-29T15:03:35.285Z] LiveUpdateForge: session reset, allowLiveUpdate = false
[2026-07-29T15:03:35.286Z] NudgeForge: ResumeComplete — restoring count from history
[2026-07-29T15:03:35.287Z] restoreNudgeCountFromHistory: found last write at idx=349 count=29
[2026-07-29T15:03:35.400Z] ResumeDiffForge: running checkResumeConsistency
[2026-07-29T15:03:35.401Z] checkResumeConsistency: forgedTimestamps=[["project","1970-01-01T00:00:00.000Z"]]
[2026-07-29T15:03:35.408Z] checkResumeConsistency: injecting 1 diff notification(s)
[2026-07-29T15:03:35.409Z] injectForgedHistory: role=user preview="[agent-auto] [memory-update 2026-07-29 20:40:43] project memory file has been mo"
[2026-07-29T15:03:35.433Z] injectForgedHistory: recordMessage persisted
[2026-07-29T15:03:35.434Z] LiveUpdateForge: session reset, allowLiveUpdate = false
[2026-07-29T15:03:35.434Z] NudgeForge: ResumeComplete — restoring count from history
[2026-07-29T15:03:35.435Z] restoreNudgeCountFromHistory: found last write at idx=349 count=29
[2026-07-29T15:03:37.199Z] MemoryForge: attached 5 listener(s)
[2026-07-29T15:03:37.199Z] InitialReadForge: armed one-shot BeforeSend after NewSessionStart
[2026-07-29T15:03:37.200Z] LiveUpdateForge: session reset, allowLiveUpdate = false
[2026-07-29T15:03:37.208Z] MemoryForge: detached all listeners
[2026-07-29T15:03:37.209Z] ResumeDiffForge: running checkResumeConsistency
[2026-07-29T15:03:37.209Z] checkResumeConsistency: forgedTimestamps=[["project","1970-01-01T00:00:00.000Z"]]
[2026-07-29T15:03:37.239Z] checkResumeConsistency: injecting 1 diff notification(s)
[2026-07-29T15:03:37.239Z] injectForgedHistory: role=user preview="[agent-auto] [memory-update 2026-07-29 20:40:43] project memory file has been mo"
[2026-07-29T15:03:37.263Z] injectForgedHistory: recordMessage persisted
[2026-07-29T15:03:37.263Z] LiveUpdateForge: session reset, allowLiveUpdate = false
[2026-07-29T15:03:37.264Z] NudgeForge: ResumeComplete — restoring count from history
[2026-07-29T15:03:37.264Z] restoreNudgeCountFromHistory: found last write at idx=349 count=29
[2026-07-29T15:03:37.284Z] LiveUpdateForge: allowLiveUpdate = true (first real BeforeSend)
[2026-07-29T15:03:37.284Z] InitialReadForge.onBeforeSend: SKIP (fr=false syn=false hasRead=true)
[2026-07-29T15:04:20.411Z] LiveUpdateForge: EndTurn fallback flush
[2026-07-29T15:04:20.412Z] onEndTurn: naturalStop=false toolCalls=29 nudgeMsg=no
[2026-07-29T15:04:20.430Z] LiveUpdateForge: AfterToolExec flush
[2026-07-29T15:04:20.464Z] InitialReadForge.onBeforeSend: SKIP (fr=true syn=false hasRead=true)
[2026-07-29T15:04:50.451Z] LiveUpdateForge: EndTurn fallback flush
[2026-07-29T15:04:50.451Z] onEndTurn: naturalStop=false toolCalls=30 nudgeMsg=no
[2026-07-29T15:04:50.535Z] LiveUpdateForge: AfterToolExec flush
[2026-07-29T15:04:50.564Z] InitialReadForge.onBeforeSend: SKIP (fr=true syn=false hasRead=true)
[2026-07-29T15:05:01.065Z] LiveUpdateForge: EndTurn fallback flush
[2026-07-29T15:05:01.066Z] onEndTurn: naturalStop=false toolCalls=31 nudgeMsg=no
[2026-07-29T15:05:01.081Z] LiveUpdateForge: AfterToolExec flush
[2026-07-29T15:05:01.109Z] InitialReadForge.onBeforeSend: SKIP (fr=true syn=false hasRead=true)
[2026-07-29T15:05:24.318Z] LiveUpdateForge: EndTurn fallback flush
[2026-07-29T15:05:24.318Z] onEndTurn: naturalStop=false toolCalls=32 nudgeMsg=no
[2026-07-29T15:05:24.342Z] LiveUpdateForge: AfterToolExec flush
[2026-07-29T15:05:24.370Z] InitialReadForge.onBeforeSend: SKIP (fr=true syn=false hasRead=true)
[2026-07-29T15:05:51.832Z] LiveUpdateForge: EndTurn fallback flush
[2026-07-29T15:05:51.833Z] onEndTurn: naturalStop=false toolCalls=33 nudgeMsg=no
[2026-07-29T15:05:57.406Z] LiveUpdateForge: AfterToolExec flush
[2026-07-29T15:05:57.442Z] InitialReadForge.onBeforeSend: SKIP (fr=true syn=false hasRead=true)
[2026-07-29T15:06:14.893Z] LiveUpdateForge: EndTurn fallback flush
[2026-07-29T15:06:14.893Z] onEndTurn: naturalStop=false toolCalls=34 nudgeMsg=no
[2026-07-29T15:06:16.760Z] LiveUpdateForge: AfterToolExec flush
[2026-07-29T15:06:16.797Z] InitialReadForge.onBeforeSend: SKIP (fr=true syn=false hasRead=true)
[2026-07-29T15:07:15.588Z] LiveUpdateForge: EndTurn fallback flush
[2026-07-29T15:07:15.589Z] onEndTurn: naturalStop=false toolCalls=35 nudgeMsg=no
[2026-07-29T15:07:15.907Z] LiveUpdateForge: AfterToolExec flush
[2026-07-29T15:07:15.938Z] InitialReadForge.onBeforeSend: SKIP (fr=true syn=false hasRead=true)
[2026-07-29T15:07:59.691Z] LiveUpdateForge: EndTurn fallback flush
[2026-07-29T15:07:59.691Z] onEndTurn: naturalStop=false toolCalls=36 nudgeMsg=no
[2026-07-29T15:07:59.999Z] LiveUpdateForge: AfterToolExec flush
[2026-07-29T15:08:00.026Z] InitialReadForge.onBeforeSend: SKIP (fr=true syn=false hasRead=true)
[2026-07-29T15:08:15.823Z] LiveUpdateForge: EndTurn fallback flush
[2026-07-29T15:08:15.823Z] onEndTurn: naturalStop=false toolCalls=37 nudgeMsg=no
[2026-07-29T15:08:15.853Z] LiveUpdateForge: AfterToolExec flush
[2026-07-29T15:08:15.884Z] InitialReadForge.onBeforeSend: SKIP (fr=true syn=false hasRead=true)
[2026-07-29T15:08:35.453Z] LiveUpdateForge: EndTurn fallback flush
[2026-07-29T15:08:35.454Z] onEndTurn: naturalStop=false toolCalls=38 nudgeMsg=no
[2026-07-29T15:08:36.111Z] LiveUpdateForge: AfterToolExec flush
[2026-07-29T15:08:36.137Z] InitialReadForge.onBeforeSend: SKIP (fr=true syn=false hasRead=true)
[2026-07-29T15:09:04.909Z] LiveUpdateForge: EndTurn fallback flush
[2026-07-29T15:09:04.909Z] onEndTurn: naturalStop=false toolCalls=39 nudgeMsg=no
[2026-07-29T15:09:04.955Z] LiveUpdateForge: AfterToolExec flush
[2026-07-29T15:09:04.984Z] InitialReadForge.onBeforeSend: SKIP (fr=true syn=false hasRead=true)
[2026-07-29T15:09:21.504Z] LiveUpdateForge: EndTurn fallback flush
[2026-07-29T15:09:21.504Z] onEndTurn: naturalStop=false toolCalls=40 nudgeMsg=no
[2026-07-29T15:09:21.568Z] LiveUpdateForge: AfterToolExec flush
[2026-07-29T15:09:21.601Z] InitialReadForge.onBeforeSend: SKIP (fr=true syn=false hasRead=true)
[2026-07-29T15:09:46.348Z] LiveUpdateForge: EndTurn fallback flush
[2026-07-29T15:09:46.348Z] onEndTurn: naturalStop=false toolCalls=41 nudgeMsg=no
[2026-07-29T15:09:46.356Z] LiveUpdateForge: AfterToolExec flush
[2026-07-29T15:09:46.388Z] InitialReadForge.onBeforeSend: SKIP (fr=true syn=false hasRead=true)
[2026-07-29T15:10:14.670Z] LiveUpdateForge: EndTurn fallback flush
[2026-07-29T15:10:14.671Z] onEndTurn: naturalStop=false toolCalls=42 nudgeMsg=no
[2026-07-29T15:10:14.698Z] LiveUpdateForge: AfterToolExec flush
[2026-07-29T15:10:14.729Z] InitialReadForge.onBeforeSend: SKIP (fr=true syn=false hasRead=true)
[2026-07-29T15:10:31.462Z] LiveUpdateForge: EndTurn fallback flush
[2026-07-29T15:10:31.462Z] onEndTurn: naturalStop=false toolCalls=43 nudgeMsg=no
[2026-07-29T15:10:39.944Z] LiveUpdateForge: AfterToolExec flush
[2026-07-29T15:10:39.978Z] InitialReadForge.onBeforeSend: SKIP (fr=true syn=false hasRead=true)
[2026-07-29T15:10:53.435Z] LiveUpdateForge: EndTurn fallback flush
[2026-07-29T15:10:53.435Z] onEndTurn: naturalStop=false toolCalls=44 nudgeMsg=no
[2026-07-29T15:10:53.454Z] LiveUpdateForge: AfterToolExec flush
[2026-07-29T15:10:53.488Z] InitialReadForge.onBeforeSend: SKIP (fr=true syn=false hasRead=true)
[2026-07-29T15:11:06.120Z] LiveUpdateForge: EndTurn fallback flush
[2026-07-29T15:11:06.121Z] onEndTurn: naturalStop=false toolCalls=45 nudgeMsg=no
[2026-07-29T15:11:06.140Z] LiveUpdateForge: AfterToolExec flush
[2026-07-29T15:11:06.167Z] InitialReadForge.onBeforeSend: SKIP (fr=true syn=false hasRead=true)
[2026-07-29T15:11:24.899Z] LiveUpdateForge: EndTurn fallback flush
[2026-07-29T15:11:24.899Z] onEndTurn: naturalStop=false toolCalls=46 nudgeMsg=no
[2026-07-29T15:11:30.086Z] LiveUpdateForge: AfterToolExec flush
[2026-07-29T15:11:30.118Z] InitialReadForge.onBeforeSend: SKIP (fr=true syn=false hasRead=true)
[2026-07-29T15:11:54.463Z] LiveUpdateForge: EndTurn fallback flush
[2026-07-29T15:11:54.464Z] onEndTurn: naturalStop=false toolCalls=47 nudgeMsg=no
[2026-07-29T15:11:56.102Z] LiveUpdateForge: AfterToolExec flush
[2026-07-29T15:11:56.140Z] InitialReadForge.onBeforeSend: SKIP (fr=true syn=false hasRead=true)
[2026-07-29T15:12:14.564Z] LiveUpdateForge: EndTurn fallback flush
[2026-07-29T15:12:14.564Z] onEndTurn: naturalStop=false toolCalls=48 nudgeMsg=no
[2026-07-29T15:12:14.926Z] LiveUpdateForge: AfterToolExec flush
[2026-07-29T15:12:14.953Z] InitialReadForge.onBeforeSend: SKIP (fr=true syn=false hasRead=true)
[2026-07-29T15:12:30.518Z] LiveUpdateForge: EndTurn fallback flush
[2026-07-29T15:12:30.518Z] onEndTurn: naturalStop=false toolCalls=49 nudgeMsg=no
[2026-07-29T15:12:30.550Z] LiveUpdateForge: AfterToolExec flush
[2026-07-29T15:12:30.584Z] InitialReadForge.onBeforeSend: SKIP (fr=true syn=false hasRead=true)
[2026-07-29T15:12:50.576Z] LiveUpdateForge: EndTurn fallback flush
[2026-07-29T15:12:50.577Z] onEndTurn: naturalStop=false toolCalls=50 nudgeMsg=no
[2026-07-29T15:12:51.148Z] LiveUpdateForge: AfterToolExec flush
[2026-07-29T15:12:51.179Z] InitialReadForge.onBeforeSend: SKIP (fr=true syn=false hasRead=true)
[2026-07-29T15:13:10.018Z] LiveUpdateForge: EndTurn fallback flush
[2026-07-29T15:13:10.018Z] onEndTurn: naturalStop=false toolCalls=51 nudgeMsg=no
[2026-07-29T15:13:10.239Z] LiveUpdateForge: AfterToolExec flush
[2026-07-29T15:13:10.270Z] InitialReadForge.onBeforeSend: SKIP (fr=true syn=false hasRead=true)
[2026-07-29T15:14:22.683Z] LiveUpdateForge: EndTurn fallback flush
[2026-07-29T15:14:22.684Z] onEndTurn: naturalStop=true toolCalls=0 nudgeMsg=YES
[2026-07-29T15:14:22.687Z] InitialReadForge.onBeforeSend: SKIP (fr=false syn=false hasRead=true)
[2026-07-29T15:14:50.326Z] LiveUpdateForge: EndTurn fallback flush
[2026-07-29T15:14:50.327Z] onEndTurn: naturalStop=false toolCalls=0 nudgeMsg=no
[2026-07-29T15:14:50.340Z] LiveUpdateForge: self-write on D:\Unity\E1\CODELY.md, baseline aligned
[2026-07-29T15:14:50.341Z] LiveUpdateForge: AfterToolExec flush
[2026-07-29T15:14:50.369Z] InitialReadForge.onBeforeSend: SKIP (fr=true syn=false hasRead=true)
[2026-07-29T15:15:12.271Z] LiveUpdateForge: EndTurn fallback flush
[2026-07-29T15:15:12.271Z] onEndTurn: naturalStop=true toolCalls=0 nudgeMsg=no
[2026-07-29T15:16:29.301Z] ResumeDiffForge: running checkResumeConsistency
[2026-07-29T15:16:29.301Z] checkResumeConsistency: forgedTimestamps=[["project","1970-01-01T00:00:00.000Z"]]
[2026-07-29T15:16:29.310Z] checkResumeConsistency: injecting 1 diff notification(s)
[2026-07-29T15:16:29.310Z] injectForgedHistory: role=user preview="[agent-auto] [memory-update 2026-07-29 23:14:50] project memory file has been mo"
[2026-07-29T15:16:29.337Z] injectForgedHistory: recordMessage persisted
[2026-07-29T15:16:29.337Z] LiveUpdateForge: session reset, allowLiveUpdate = false
[2026-07-29T15:16:29.338Z] NudgeForge: ResumeComplete — restoring count from history
[2026-07-29T15:16:29.338Z] restoreNudgeCountFromHistory: found last write at idx=470 count=0
[2026-07-29T15:16:29.399Z] LiveUpdateForge: allowLiveUpdate = true (first real BeforeSend)
[2026-07-29T15:16:29.400Z] InitialReadForge.onBeforeSend: SKIP (fr=false syn=false hasRead=true)
[2026-07-29T15:16:40.145Z] LiveUpdateForge: EndTurn fallback flush
[2026-07-29T15:16:40.145Z] onEndTurn: naturalStop=false toolCalls=0 nudgeMsg=no
[2026-07-29T15:16:40.291Z] LiveUpdateForge: AfterToolExec flush
[2026-07-29T15:16:40.322Z] InitialReadForge.onBeforeSend: SKIP (fr=true syn=false hasRead=true)
[2026-07-29T15:16:46.813Z] LiveUpdateForge: EndTurn fallback flush
[2026-07-29T15:16:46.814Z] onEndTurn: naturalStop=false toolCalls=1 nudgeMsg=no
[2026-07-29T15:16:46.822Z] LiveUpdateForge: AfterToolExec flush
[2026-07-29T15:16:46.850Z] InitialReadForge.onBeforeSend: SKIP (fr=true syn=false hasRead=true)
[2026-07-29T15:17:12.077Z] LiveUpdateForge: EndTurn fallback flush
[2026-07-29T15:17:12.077Z] onEndTurn: naturalStop=false toolCalls=2 nudgeMsg=no
[2026-07-29T15:17:12.192Z] LiveUpdateForge: AfterToolExec flush
[2026-07-29T15:17:12.220Z] InitialReadForge.onBeforeSend: SKIP (fr=true syn=false hasRead=true)
[2026-07-29T15:17:23.300Z] LiveUpdateForge: EndTurn fallback flush
[2026-07-29T15:17:23.300Z] onEndTurn: naturalStop=false toolCalls=3 nudgeMsg=no
[2026-07-29T15:17:23.307Z] LiveUpdateForge: AfterToolExec flush
[2026-07-29T15:17:23.337Z] InitialReadForge.onBeforeSend: SKIP (fr=true syn=false hasRead=true)
[2026-07-29T15:18:04.642Z] LiveUpdateForge: EndTurn fallback flush
[2026-07-29T15:18:04.642Z] onEndTurn: naturalStop=false toolCalls=4 nudgeMsg=no
[2026-07-29T15:18:04.715Z] LiveUpdateForge: AfterToolExec flush
[2026-07-29T15:18:04.741Z] InitialReadForge.onBeforeSend: SKIP (fr=true syn=false hasRead=true)
[2026-07-29T15:18:20.424Z] LiveUpdateForge: EndTurn fallback flush
[2026-07-29T15:18:20.424Z] onEndTurn: naturalStop=false toolCalls=5 nudgeMsg=no
[2026-07-29T15:18:20.427Z] LiveUpdateForge: AfterToolExec flush
[2026-07-29T15:18:20.459Z] InitialReadForge.onBeforeSend: SKIP (fr=true syn=false hasRead=true)
[2026-07-29T15:18:48.682Z] LiveUpdateForge: EndTurn fallback flush
[2026-07-29T15:18:48.683Z] onEndTurn: naturalStop=false toolCalls=6 nudgeMsg=no
[2026-07-29T15:18:50.868Z] LiveUpdateForge: AfterToolExec flush
[2026-07-29T15:18:50.899Z] InitialReadForge.onBeforeSend: SKIP (fr=true syn=false hasRead=true)
[2026-07-29T15:19:43.805Z] LiveUpdateForge: EndTurn fallback flush
[2026-07-29T15:19:43.805Z] onEndTurn: naturalStop=false toolCalls=7 nudgeMsg=no
[2026-07-29T15:19:43.843Z] LiveUpdateForge: AfterToolExec flush
[2026-07-29T15:19:43.867Z] InitialReadForge.onBeforeSend: SKIP (fr=true syn=false hasRead=true)
[2026-07-29T15:20:51.666Z] LiveUpdateForge: EndTurn fallback flush
[2026-07-29T15:20:51.666Z] onEndTurn: naturalStop=false toolCalls=8 nudgeMsg=no
[2026-07-29T15:20:56.873Z] LiveUpdateForge: AfterToolExec flush
[2026-07-29T15:20:56.908Z] InitialReadForge.onBeforeSend: SKIP (fr=true syn=false hasRead=true)
[2026-07-29T15:21:31.123Z] LiveUpdateForge: EndTurn fallback flush
[2026-07-29T15:21:31.124Z] onEndTurn: naturalStop=false toolCalls=9 nudgeMsg=no
[2026-07-29T15:21:31.157Z] LiveUpdateForge: AfterToolExec flush
[2026-07-29T15:21:31.188Z] InitialReadForge.onBeforeSend: SKIP (fr=true syn=false hasRead=true)
[2026-07-29T15:22:13.765Z] LiveUpdateForge: EndTurn fallback flush
[2026-07-29T15:22:13.766Z] onEndTurn: naturalStop=false toolCalls=10 nudgeMsg=no
[2026-07-29T15:22:13.846Z] LiveUpdateForge: AfterToolExec flush
[2026-07-29T15:22:13.873Z] InitialReadForge.onBeforeSend: SKIP (fr=true syn=false hasRead=true)
[2026-07-29T15:22:32.700Z] LiveUpdateForge: EndTurn fallback flush
[2026-07-29T15:22:32.700Z] onEndTurn: naturalStop=false toolCalls=11 nudgeMsg=no
[2026-07-29T15:22:43.357Z] LiveUpdateForge: AfterToolExec flush
[2026-07-29T15:22:43.393Z] InitialReadForge.onBeforeSend: SKIP (fr=true syn=false hasRead=true)
[2026-07-29T15:23:25.035Z] LiveUpdateForge: EndTurn fallback flush
[2026-07-29T15:23:25.036Z] onEndTurn: naturalStop=false toolCalls=12 nudgeMsg=no
[2026-07-29T15:23:34.148Z] LiveUpdateForge: AfterToolExec flush
[2026-07-29T15:23:34.186Z] InitialReadForge.onBeforeSend: SKIP (fr=true syn=false hasRead=true)
[2026-07-29T15:23:52.840Z] LiveUpdateForge: EndTurn fallback flush
[2026-07-29T15:23:52.840Z] onEndTurn: naturalStop=false toolCalls=13 nudgeMsg=no
[2026-07-29T15:23:52.875Z] LiveUpdateForge: AfterToolExec flush
[2026-07-29T15:23:52.909Z] InitialReadForge.onBeforeSend: SKIP (fr=true syn=false hasRead=true)
[2026-07-29T15:24:24.899Z] LiveUpdateForge: EndTurn fallback flush
[2026-07-29T15:24:24.899Z] onEndTurn: naturalStop=false toolCalls=14 nudgeMsg=no
[2026-07-29T15:24:24.945Z] LiveUpdateForge: AfterToolExec flush
[2026-07-29T15:24:24.978Z] InitialReadForge.onBeforeSend: SKIP (fr=true syn=false hasRead=true)
[2026-07-29T15:25:13.590Z] LiveUpdateForge: EndTurn fallback flush
[2026-07-29T15:25:13.591Z] onEndTurn: naturalStop=false toolCalls=15 nudgeMsg=no
[2026-07-29T15:25:13.626Z] LiveUpdateForge: AfterToolExec flush
[2026-07-29T15:25:13.658Z] InitialReadForge.onBeforeSend: SKIP (fr=true syn=false hasRead=true)
[2026-07-29T15:25:39.706Z] LiveUpdateForge: EndTurn fallback flush
[2026-07-29T15:25:39.707Z] onEndTurn: naturalStop=false toolCalls=16 nudgeMsg=no
[2026-07-29T15:25:39.801Z] LiveUpdateForge: AfterToolExec flush
[2026-07-29T15:25:39.847Z] InitialReadForge.onBeforeSend: SKIP (fr=true syn=false hasRead=true)
[2026-07-29T15:26:16.581Z] LiveUpdateForge: EndTurn fallback flush
[2026-07-29T15:26:16.581Z] onEndTurn: naturalStop=false toolCalls=17 nudgeMsg=no
[2026-07-29T15:26:17.400Z] LiveUpdateForge: AfterToolExec flush
[2026-07-29T15:26:17.445Z] InitialReadForge.onBeforeSend: SKIP (fr=true syn=false hasRead=true)
[2026-07-29T15:26:55.147Z] LiveUpdateForge: EndTurn fallback flush
[2026-07-29T15:26:55.148Z] onEndTurn: naturalStop=true toolCalls=18 nudgeMsg=no
[2026-07-29T15:29:08.657Z] ResumeDiffForge: running checkResumeConsistency
[2026-07-29T15:29:08.658Z] checkResumeConsistency: forgedTimestamps=[["project","1970-01-01T00:00:00.000Z"]]
[2026-07-29T15:29:08.669Z] checkResumeConsistency: injecting 1 diff notification(s)
[2026-07-29T15:29:08.669Z] injectForgedHistory: role=user preview="[agent-auto] [memory-update 2026-07-29 23:14:50] project memory file has been mo"
[2026-07-29T15:29:08.702Z] injectForgedHistory: recordMessage persisted
[2026-07-29T15:29:08.703Z] LiveUpdateForge: session reset, allowLiveUpdate = false
[2026-07-29T15:29:08.703Z] NudgeForge: ResumeComplete — restoring count from history
[2026-07-29T15:29:08.704Z] restoreNudgeCountFromHistory: found last write at idx=470 count=18
[2026-07-29T15:29:08.765Z] LiveUpdateForge: allowLiveUpdate = true (first real BeforeSend)
[2026-07-29T15:29:08.765Z] InitialReadForge.onBeforeSend: SKIP (fr=false syn=false hasRead=true)
[2026-07-29T15:29:30.283Z] LiveUpdateForge: EndTurn fallback flush
[2026-07-29T15:29:30.284Z] onEndTurn: naturalStop=false toolCalls=18 nudgeMsg=no
[2026-07-29T15:29:30.535Z] LiveUpdateForge: AfterToolExec flush
[2026-07-29T15:29:30.565Z] InitialReadForge.onBeforeSend: SKIP (fr=true syn=false hasRead=true)
[2026-07-29T15:29:46.884Z] LiveUpdateForge: EndTurn fallback flush
[2026-07-29T15:29:46.885Z] onEndTurn: naturalStop=false toolCalls=19 nudgeMsg=no
[2026-07-29T15:29:54.419Z] LiveUpdateForge: AfterToolExec flush
[2026-07-29T15:29:54.476Z] InitialReadForge.onBeforeSend: SKIP (fr=true syn=false hasRead=true)
[2026-07-29T15:30:05.937Z] LiveUpdateForge: EndTurn fallback flush
[2026-07-29T15:30:05.938Z] onEndTurn: naturalStop=false toolCalls=20 nudgeMsg=no
[2026-07-29T15:30:08.376Z] LiveUpdateForge: AfterToolExec flush
[2026-07-29T15:30:08.425Z] InitialReadForge.onBeforeSend: SKIP (fr=true syn=false hasRead=true)
[2026-07-29T15:30:37.737Z] LiveUpdateForge: EndTurn fallback flush
[2026-07-29T15:30:37.737Z] onEndTurn: naturalStop=false toolCalls=21 nudgeMsg=no
[2026-07-29T15:30:38.475Z] LiveUpdateForge: AfterToolExec flush
[2026-07-29T15:30:38.506Z] InitialReadForge.onBeforeSend: SKIP (fr=true syn=false hasRead=true)
[2026-07-29T15:30:54.546Z] LiveUpdateForge: EndTurn fallback flush
[2026-07-29T15:30:54.546Z] onEndTurn: naturalStop=false toolCalls=22 nudgeMsg=no
[2026-07-29T15:30:55.588Z] LiveUpdateForge: AfterToolExec flush
[2026-07-29T15:30:55.626Z] InitialReadForge.onBeforeSend: SKIP (fr=true syn=false hasRead=true)
[2026-07-29T15:31:18.785Z] LiveUpdateForge: EndTurn fallback flush
[2026-07-29T15:31:18.785Z] onEndTurn: naturalStop=false toolCalls=23 nudgeMsg=no
[2026-07-29T15:31:18.900Z] LiveUpdateForge: AfterToolExec flush
[2026-07-29T15:31:18.935Z] InitialReadForge.onBeforeSend: SKIP (fr=true syn=false hasRead=true)
[2026-07-29T15:31:39.740Z] LiveUpdateForge: EndTurn fallback flush
[2026-07-29T15:31:39.741Z] onEndTurn: naturalStop=false toolCalls=24 nudgeMsg=no
[2026-07-29T15:31:47.300Z] LiveUpdateForge: AfterToolExec flush
[2026-07-29T15:31:47.338Z] InitialReadForge.onBeforeSend: SKIP (fr=true syn=false hasRead=true)
[2026-07-29T15:31:58.787Z] LiveUpdateForge: EndTurn fallback flush
[2026-07-29T15:31:58.787Z] onEndTurn: naturalStop=false toolCalls=25 nudgeMsg=no
[2026-07-29T15:32:01.274Z] LiveUpdateForge: AfterToolExec flush
[2026-07-29T15:32:01.315Z] InitialReadForge.onBeforeSend: SKIP (fr=true syn=false hasRead=true)
[2026-07-29T15:32:25.605Z] LiveUpdateForge: EndTurn fallback flush
[2026-07-29T15:32:25.605Z] onEndTurn: naturalStop=false toolCalls=26 nudgeMsg=no
[2026-07-29T15:32:26.312Z] LiveUpdateForge: AfterToolExec flush
[2026-07-29T15:32:26.349Z] InitialReadForge.onBeforeSend: SKIP (fr=true syn=false hasRead=true)
[2026-07-29T15:33:07.614Z] LiveUpdateForge: EndTurn fallback flush
[2026-07-29T15:33:07.614Z] onEndTurn: naturalStop=false toolCalls=27 nudgeMsg=no
[2026-07-29T15:33:08.093Z] LiveUpdateForge: AfterToolExec flush
[2026-07-29T15:33:08.131Z] InitialReadForge.onBeforeSend: SKIP (fr=true syn=false hasRead=true)
[2026-07-29T15:33:36.444Z] LiveUpdateForge: EndTurn fallback flush
[2026-07-29T15:33:36.445Z] onEndTurn: naturalStop=false toolCalls=28 nudgeMsg=no
[2026-07-29T15:33:36.457Z] LiveUpdateForge: AfterToolExec flush
[2026-07-29T15:33:36.500Z] InitialReadForge.onBeforeSend: SKIP (fr=true syn=false hasRead=true)
[2026-07-29T15:33:52.040Z] LiveUpdateForge: EndTurn fallback flush
[2026-07-29T15:33:52.041Z] onEndTurn: naturalStop=false toolCalls=29 nudgeMsg=no
[2026-07-29T15:33:52.047Z] LiveUpdateForge: AfterToolExec flush
[2026-07-29T15:33:52.082Z] InitialReadForge.onBeforeSend: SKIP (fr=true syn=false hasRead=true)
[2026-07-29T15:34:10.998Z] LiveUpdateForge: EndTurn fallback flush
[2026-07-29T15:34:10.999Z] onEndTurn: naturalStop=false toolCalls=30 nudgeMsg=no
[2026-07-29T15:34:11.007Z] LiveUpdateForge: AfterToolExec flush
[2026-07-29T15:34:11.045Z] InitialReadForge.onBeforeSend: SKIP (fr=true syn=false hasRead=true)
[2026-07-29T15:34:28.179Z] LiveUpdateForge: EndTurn fallback flush
[2026-07-29T15:34:28.179Z] onEndTurn: naturalStop=false toolCalls=31 nudgeMsg=no
[2026-07-29T15:34:28.187Z] LiveUpdateForge: AfterToolExec flush
[2026-07-29T15:34:28.221Z] InitialReadForge.onBeforeSend: SKIP (fr=true syn=false hasRead=true)
[2026-07-29T15:34:57.696Z] LiveUpdateForge: EndTurn fallback flush
[2026-07-29T15:34:57.697Z] onEndTurn: naturalStop=false toolCalls=32 nudgeMsg=no
[2026-07-29T15:34:58.346Z] LiveUpdateForge: AfterToolExec flush
[2026-07-29T15:34:58.387Z] InitialReadForge.onBeforeSend: SKIP (fr=true syn=false hasRead=true)
[2026-07-29T15:35:22.444Z] LiveUpdateForge: EndTurn fallback flush
[2026-07-29T15:35:22.444Z] onEndTurn: naturalStop=false toolCalls=33 nudgeMsg=no
[2026-07-29T15:35:23.650Z] LiveUpdateForge: AfterToolExec flush
[2026-07-29T15:35:23.696Z] InitialReadForge.onBeforeSend: SKIP (fr=true syn=false hasRead=true)
[2026-07-29T15:35:36.877Z] LiveUpdateForge: EndTurn fallback flush
[2026-07-29T15:35:36.878Z] onEndTurn: naturalStop=false toolCalls=34 nudgeMsg=no
[2026-07-29T15:35:37.439Z] LiveUpdateForge: AfterToolExec flush
[2026-07-29T15:35:37.478Z] InitialReadForge.onBeforeSend: SKIP (fr=true syn=false hasRead=true)
[2026-07-29T15:36:05.919Z] LiveUpdateForge: EndTurn fallback flush
[2026-07-29T15:36:05.919Z] onEndTurn: naturalStop=false toolCalls=35 nudgeMsg=no
[2026-07-29T15:36:06.747Z] LiveUpdateForge: AfterToolExec flush
[2026-07-29T15:36:06.787Z] InitialReadForge.onBeforeSend: SKIP (fr=true syn=false hasRead=true)
[2026-07-29T15:36:23.104Z] LiveUpdateForge: EndTurn fallback flush
[2026-07-29T15:36:23.105Z] onEndTurn: naturalStop=false toolCalls=36 nudgeMsg=no
[2026-07-29T15:36:23.161Z] LiveUpdateForge: AfterToolExec flush
[2026-07-29T15:36:23.198Z] InitialReadForge.onBeforeSend: SKIP (fr=true syn=false hasRead=true)
[2026-07-29T15:36:38.927Z] LiveUpdateForge: EndTurn fallback flush
[2026-07-29T15:36:38.928Z] onEndTurn: naturalStop=false toolCalls=37 nudgeMsg=no
[2026-07-29T15:36:47.143Z] LiveUpdateForge: AfterToolExec flush
[2026-07-29T15:36:47.184Z] InitialReadForge.onBeforeSend: SKIP (fr=true syn=false hasRead=true)
[2026-07-29T15:37:08.065Z] LiveUpdateForge: EndTurn fallback flush
[2026-07-29T15:37:08.066Z] onEndTurn: naturalStop=false toolCalls=38 nudgeMsg=no
[2026-07-29T15:37:10.756Z] LiveUpdateForge: AfterToolExec flush
[2026-07-29T15:37:10.808Z] InitialReadForge.onBeforeSend: SKIP (fr=true syn=false hasRead=true)
[2026-07-29T15:37:29.020Z] LiveUpdateForge: EndTurn fallback flush
[2026-07-29T15:37:29.021Z] onEndTurn: naturalStop=false toolCalls=39 nudgeMsg=no
[2026-07-29T15:37:29.825Z] LiveUpdateForge: AfterToolExec flush
[2026-07-29T15:37:29.879Z] InitialReadForge.onBeforeSend: SKIP (fr=true syn=false hasRead=true)
[2026-07-29T15:37:41.068Z] LiveUpdateForge: EndTurn fallback flush
[2026-07-29T15:37:41.069Z] onEndTurn: naturalStop=false toolCalls=40 nudgeMsg=no
[2026-07-29T15:37:41.084Z] LiveUpdateForge: AfterToolExec flush
[2026-07-29T15:37:41.132Z] InitialReadForge.onBeforeSend: SKIP (fr=true syn=false hasRead=true)
[2026-07-29T15:37:53.825Z] LiveUpdateForge: EndTurn fallback flush
[2026-07-29T15:37:53.826Z] onEndTurn: naturalStop=false toolCalls=41 nudgeMsg=no
[2026-07-29T15:38:30.189Z] LiveUpdateForge: AfterToolExec flush
[2026-07-29T15:38:30.226Z] InitialReadForge.onBeforeSend: SKIP (fr=true syn=false hasRead=true)
[2026-07-29T15:38:39.471Z] LiveUpdateForge: EndTurn fallback flush
[2026-07-29T15:38:39.471Z] onEndTurn: naturalStop=false toolCalls=42 nudgeMsg=no
[2026-07-29T15:38:52.625Z] LiveUpdateForge: AfterToolExec flush
[2026-07-29T15:38:52.665Z] InitialReadForge.onBeforeSend: SKIP (fr=true syn=false hasRead=true)
[2026-07-29T15:39:21.545Z] LiveUpdateForge: EndTurn fallback flush
[2026-07-29T15:39:21.545Z] onEndTurn: naturalStop=false toolCalls=43 nudgeMsg=no
[2026-07-29T15:39:21.617Z] LiveUpdateForge: AfterToolExec flush
[2026-07-29T15:39:21.660Z] InitialReadForge.onBeforeSend: SKIP (fr=true syn=false hasRead=true)
[2026-07-29T15:39:33.697Z] LiveUpdateForge: EndTurn fallback flush
[2026-07-29T15:39:33.698Z] onEndTurn: naturalStop=false toolCalls=44 nudgeMsg=no
[2026-07-29T15:39:41.593Z] LiveUpdateForge: AfterToolExec flush
[2026-07-29T15:39:41.634Z] InitialReadForge.onBeforeSend: SKIP (fr=true syn=false hasRead=true)
[2026-07-29T15:39:51.336Z] LiveUpdateForge: EndTurn fallback flush
[2026-07-29T15:39:51.337Z] onEndTurn: naturalStop=false toolCalls=45 nudgeMsg=no
[2026-07-29T15:39:53.711Z] LiveUpdateForge: AfterToolExec flush
[2026-07-29T15:39:53.744Z] InitialReadForge.onBeforeSend: SKIP (fr=true syn=false hasRead=true)
[2026-07-29T15:40:05.489Z] LiveUpdateForge: EndTurn fallback flush
[2026-07-29T15:40:05.489Z] onEndTurn: naturalStop=false toolCalls=46 nudgeMsg=no
[2026-07-29T15:40:05.938Z] LiveUpdateForge: AfterToolExec flush
[2026-07-29T15:40:05.972Z] InitialReadForge.onBeforeSend: SKIP (fr=true syn=false hasRead=true)
[2026-07-29T15:40:29.083Z] LiveUpdateForge: EndTurn fallback flush
[2026-07-29T15:40:29.083Z] onEndTurn: naturalStop=false toolCalls=47 nudgeMsg=no
[2026-07-29T15:40:29.122Z] LiveUpdateForge: AfterToolExec flush
[2026-07-29T15:40:29.164Z] InitialReadForge.onBeforeSend: SKIP (fr=true syn=false hasRead=true)
[2026-07-29T15:40:42.490Z] LiveUpdateForge: EndTurn fallback flush
[2026-07-29T15:40:42.490Z] onEndTurn: naturalStop=false toolCalls=48 nudgeMsg=no
[2026-07-29T15:40:43.221Z] LiveUpdateForge: AfterToolExec flush
[2026-07-29T15:40:43.263Z] InitialReadForge.onBeforeSend: SKIP (fr=true syn=false hasRead=true)
[2026-07-29T15:40:57.589Z] LiveUpdateForge: EndTurn fallback flush
[2026-07-29T15:40:57.590Z] onEndTurn: naturalStop=false toolCalls=49 nudgeMsg=no
[2026-07-29T15:40:57.872Z] LiveUpdateForge: AfterToolExec flush
[2026-07-29T15:40:57.906Z] InitialReadForge.onBeforeSend: SKIP (fr=true syn=false hasRead=true)
[2026-07-29T15:41:19.531Z] LiveUpdateForge: EndTurn fallback flush
[2026-07-29T15:41:19.532Z] onEndTurn: naturalStop=true toolCalls=0 nudgeMsg=YES
[2026-07-29T15:41:19.538Z] InitialReadForge.onBeforeSend: SKIP (fr=false syn=false hasRead=true)
[2026-07-29T15:42:15.864Z] LiveUpdateForge: EndTurn fallback flush
[2026-07-29T15:42:15.865Z] onEndTurn: naturalStop=false toolCalls=0 nudgeMsg=no
[2026-07-29T15:42:15.883Z] LiveUpdateForge: self-write on D:\Unity\E1\CODELY.md, baseline aligned
[2026-07-29T15:42:15.884Z] LiveUpdateForge: AfterToolExec flush
[2026-07-29T15:42:15.925Z] InitialReadForge.onBeforeSend: SKIP (fr=true syn=false hasRead=true)
[2026-07-29T15:42:30.087Z] LiveUpdateForge: EndTurn fallback flush
[2026-07-29T15:42:30.088Z] onEndTurn: naturalStop=true toolCalls=0 nudgeMsg=no
[2026-07-29T15:53:31.410Z] MemoryForge: attached 5 listener(s)
[2026-07-29T15:53:31.411Z] InitialReadForge: armed one-shot BeforeSend after NewSessionStart
[2026-07-29T15:53:31.411Z] LiveUpdateForge: session reset, allowLiveUpdate = false
[2026-07-29T15:53:32.033Z] LiveUpdateForge: session reset, allowLiveUpdate = false
[2026-07-29T15:53:32.076Z] ResumeDiffForge: running checkResumeConsistency
[2026-07-29T15:53:32.077Z] checkResumeConsistency: forgedTimestamps=[["project","1970-01-01T00:00:00.000Z"]]
[2026-07-29T15:53:32.087Z] checkResumeConsistency: injecting 1 diff notification(s)
[2026-07-29T15:53:32.087Z] injectForgedHistory: role=user preview="[agent-auto] [memory-update 2026-07-29 23:42:15] project memory file has been mo"
[2026-07-29T15:53:32.088Z] injectForgedHistory: recordMessage persisted
[2026-07-29T15:53:32.088Z] LiveUpdateForge: session reset, allowLiveUpdate = false
[2026-07-29T15:53:32.089Z] NudgeForge: ResumeComplete — restoring count from history
[2026-07-29T15:53:32.089Z] restoreNudgeCountFromHistory: found last write at idx=580 count=0
[2026-07-29T15:53:34.280Z] ResumeDiffForge: running checkResumeConsistency
[2026-07-29T15:53:34.281Z] checkResumeConsistency: forgedTimestamps=[["project","1970-01-01T00:00:00.000Z"]]
[2026-07-29T15:53:34.290Z] checkResumeConsistency: injecting 1 diff notification(s)
[2026-07-29T15:53:34.291Z] injectForgedHistory: role=user preview="[agent-auto] [memory-update 2026-07-29 23:42:15] project memory file has been mo"
[2026-07-29T15:53:34.328Z] injectForgedHistory: recordMessage persisted
[2026-07-29T15:53:34.328Z] LiveUpdateForge: session reset, allowLiveUpdate = false
[2026-07-29T15:53:34.328Z] NudgeForge: ResumeComplete — restoring count from history
[2026-07-29T15:53:34.329Z] restoreNudgeCountFromHistory: found last write at idx=580 count=0
[2026-07-29T15:53:34.462Z] ResumeDiffForge: running checkResumeConsistency
[2026-07-29T15:53:34.462Z] checkResumeConsistency: forgedTimestamps=[["project","1970-01-01T00:00:00.000Z"]]
[2026-07-29T15:53:34.471Z] checkResumeConsistency: injecting 1 diff notification(s)
[2026-07-29T15:53:34.471Z] injectForgedHistory: role=user preview="[agent-auto] [memory-update 2026-07-29 23:42:15] project memory file has been mo"
[2026-07-29T15:53:34.499Z] injectForgedHistory: recordMessage persisted
[2026-07-29T15:53:34.500Z] LiveUpdateForge: session reset, allowLiveUpdate = false
[2026-07-29T15:53:34.500Z] NudgeForge: ResumeComplete — restoring count from history
[2026-07-29T15:53:34.500Z] restoreNudgeCountFromHistory: found last write at idx=580 count=0
[2026-07-29T15:53:36.031Z] MemoryForge: attached 5 listener(s)
[2026-07-29T15:53:36.032Z] InitialReadForge: armed one-shot BeforeSend after NewSessionStart
[2026-07-29T15:53:36.032Z] LiveUpdateForge: session reset, allowLiveUpdate = false
[2026-07-29T15:53:36.043Z] MemoryForge: detached all listeners
[2026-07-29T15:53:36.044Z] ResumeDiffForge: running checkResumeConsistency
[2026-07-29T15:53:36.045Z] checkResumeConsistency: forgedTimestamps=[["project","1970-01-01T00:00:00.000Z"]]
[2026-07-29T15:53:36.088Z] checkResumeConsistency: injecting 1 diff notification(s)
[2026-07-29T15:53:36.088Z] injectForgedHistory: role=user preview="[agent-auto] [memory-update 2026-07-29 23:42:15] project memory file has been mo"
[2026-07-29T15:53:36.122Z] injectForgedHistory: recordMessage persisted
[2026-07-29T15:53:36.122Z] LiveUpdateForge: session reset, allowLiveUpdate = false
[2026-07-29T15:53:36.123Z] NudgeForge: ResumeComplete — restoring count from history
[2026-07-29T15:53:36.124Z] restoreNudgeCountFromHistory: found last write at idx=580 count=0
[2026-07-29T15:53:36.148Z] LiveUpdateForge: allowLiveUpdate = true (first real BeforeSend)
[2026-07-29T15:53:36.150Z] InitialReadForge.onBeforeSend: SKIP (fr=false syn=false hasRead=true)
[2026-07-29T15:53:59.246Z] LiveUpdateForge: EndTurn fallback flush
[2026-07-29T15:53:59.247Z] onEndTurn: naturalStop=false toolCalls=0 nudgeMsg=no
[2026-07-29T15:54:20.967Z] LiveUpdateForge: AfterToolExec flush
[2026-07-29T15:54:21.013Z] InitialReadForge.onBeforeSend: SKIP (fr=true syn=false hasRead=true)
[2026-07-29T15:54:27.917Z] LiveUpdateForge: EndTurn fallback flush
[2026-07-29T15:54:27.917Z] onEndTurn: naturalStop=false toolCalls=1 nudgeMsg=no
[2026-07-29T15:54:33.337Z] LiveUpdateForge: AfterToolExec flush
[2026-07-29T15:54:33.373Z] LiveUpdateForge: AfterToolExec flush
[2026-07-29T15:54:33.414Z] InitialReadForge.onBeforeSend: SKIP (fr=true syn=false hasRead=true)
[2026-07-29T15:54:40.786Z] LiveUpdateForge: EndTurn fallback flush
[2026-07-29T15:54:40.787Z] onEndTurn: naturalStop=false toolCalls=3 nudgeMsg=no
[2026-07-29T15:54:43.833Z] LiveUpdateForge: AfterToolExec flush
[2026-07-29T15:54:43.873Z] InitialReadForge.onBeforeSend: SKIP (fr=true syn=false hasRead=true)
[2026-07-29T15:54:55.411Z] LiveUpdateForge: EndTurn fallback flush
[2026-07-29T15:54:55.412Z] onEndTurn: naturalStop=false toolCalls=4 nudgeMsg=no
[2026-07-29T15:54:59.901Z] LiveUpdateForge: AfterToolExec flush
[2026-07-29T15:54:59.947Z] InitialReadForge.onBeforeSend: SKIP (fr=true syn=false hasRead=true)
[2026-07-29T15:55:09.800Z] LiveUpdateForge: EndTurn fallback flush
[2026-07-29T15:55:09.801Z] onEndTurn: naturalStop=false toolCalls=5 nudgeMsg=no
[2026-07-29T15:55:19.854Z] LiveUpdateForge: AfterToolExec flush
[2026-07-29T15:55:19.892Z] InitialReadForge.onBeforeSend: SKIP (fr=true syn=false hasRead=true)
[2026-07-29T15:55:32.880Z] LiveUpdateForge: EndTurn fallback flush
[2026-07-29T15:55:32.881Z] onEndTurn: naturalStop=true toolCalls=6 nudgeMsg=no
[2026-07-29T16:01:23.735Z] ResumeDiffForge: running checkResumeConsistency
[2026-07-29T16:01:23.736Z] checkResumeConsistency: forgedTimestamps=[["project","1970-01-01T00:00:00.000Z"]]
[2026-07-29T16:01:23.749Z] checkResumeConsistency: injecting 1 diff notification(s)
[2026-07-29T16:01:23.750Z] injectForgedHistory: role=user preview="[agent-auto] [memory-update 2026-07-29 23:42:15] project memory file has been mo"
[2026-07-29T16:01:23.784Z] injectForgedHistory: recordMessage persisted
[2026-07-29T16:01:23.784Z] LiveUpdateForge: session reset, allowLiveUpdate = false
[2026-07-29T16:01:23.785Z] NudgeForge: ResumeComplete — restoring count from history
[2026-07-29T16:01:23.785Z] restoreNudgeCountFromHistory: found last write at idx=580 count=6
[2026-07-29T16:01:23.844Z] LiveUpdateForge: allowLiveUpdate = true (first real BeforeSend)
[2026-07-29T16:01:23.845Z] InitialReadForge.onBeforeSend: SKIP (fr=false syn=false hasRead=true)
[2026-07-29T16:01:37.454Z] LiveUpdateForge: EndTurn fallback flush
[2026-07-29T16:01:37.455Z] onEndTurn: naturalStop=false toolCalls=6 nudgeMsg=no
[2026-07-29T16:01:37.574Z] LiveUpdateForge: AfterToolExec flush
[2026-07-29T16:01:37.586Z] LiveUpdateForge: AfterToolExec flush
[2026-07-29T16:01:37.621Z] InitialReadForge.onBeforeSend: SKIP (fr=true syn=false hasRead=true)
[2026-07-29T16:02:08.753Z] LiveUpdateForge: EndTurn fallback flush
[2026-07-29T16:02:08.753Z] onEndTurn: naturalStop=false toolCalls=8 nudgeMsg=no
[2026-07-29T16:02:08.915Z] LiveUpdateForge: AfterToolExec flush
[2026-07-29T16:02:08.952Z] InitialReadForge.onBeforeSend: SKIP (fr=true syn=false hasRead=true)
[2026-07-29T16:02:14.379Z] LiveUpdateForge: EndTurn fallback flush
[2026-07-29T16:02:14.380Z] onEndTurn: naturalStop=false toolCalls=9 nudgeMsg=no
[2026-07-29T16:02:17.153Z] LiveUpdateForge: AfterToolExec flush
[2026-07-29T16:02:17.194Z] InitialReadForge.onBeforeSend: SKIP (fr=true syn=false hasRead=true)
[2026-07-29T16:02:59.546Z] LiveUpdateForge: EndTurn fallback flush
[2026-07-29T16:02:59.546Z] onEndTurn: naturalStop=true toolCalls=10 nudgeMsg=no
[2026-07-29T16:19:50.302Z] MemoryForge: attached 5 listener(s)
[2026-07-29T16:19:50.303Z] InitialReadForge: armed one-shot BeforeSend after NewSessionStart
[2026-07-29T16:19:50.303Z] LiveUpdateForge: session reset, allowLiveUpdate = false
[2026-07-29T16:19:50.992Z] LiveUpdateForge: session reset, allowLiveUpdate = false
[2026-07-29T16:19:51.031Z] ResumeDiffForge: running checkResumeConsistency
[2026-07-29T16:19:51.032Z] checkResumeConsistency: forgedTimestamps=[["project","1970-01-01T00:00:00.000Z"]]
[2026-07-29T16:19:51.041Z] checkResumeConsistency: injecting 1 diff notification(s)
[2026-07-29T16:19:51.042Z] injectForgedHistory: role=user preview="[agent-auto] [memory-update 2026-07-29 23:42:15] project memory file has been mo"
[2026-07-29T16:19:51.042Z] injectForgedHistory: recordMessage persisted
[2026-07-29T16:19:51.043Z] LiveUpdateForge: session reset, allowLiveUpdate = false
[2026-07-29T16:19:51.043Z] NudgeForge: ResumeComplete — restoring count from history
[2026-07-29T16:19:51.044Z] restoreNudgeCountFromHistory: found last write at idx=580 count=10
[2026-07-29T16:19:52.798Z] ResumeDiffForge: running checkResumeConsistency
[2026-07-29T16:19:52.799Z] checkResumeConsistency: forgedTimestamps=[["project","1970-01-01T00:00:00.000Z"]]
[2026-07-29T16:19:52.806Z] checkResumeConsistency: injecting 1 diff notification(s)
[2026-07-29T16:19:52.806Z] injectForgedHistory: role=user preview="[agent-auto] [memory-update 2026-07-29 23:42:15] project memory file has been mo"
[2026-07-29T16:19:52.840Z] injectForgedHistory: recordMessage persisted
[2026-07-29T16:19:52.840Z] LiveUpdateForge: session reset, allowLiveUpdate = false
[2026-07-29T16:19:52.841Z] NudgeForge: ResumeComplete — restoring count from history
[2026-07-29T16:19:52.841Z] restoreNudgeCountFromHistory: found last write at idx=580 count=10
[2026-07-29T16:19:52.959Z] ResumeDiffForge: running checkResumeConsistency
[2026-07-29T16:19:52.960Z] checkResumeConsistency: forgedTimestamps=[["project","1970-01-01T00:00:00.000Z"]]
[2026-07-29T16:19:52.967Z] checkResumeConsistency: injecting 1 diff notification(s)
[2026-07-29T16:19:52.967Z] injectForgedHistory: role=user preview="[agent-auto] [memory-update 2026-07-29 23:42:15] project memory file has been mo"
[2026-07-29T16:19:52.995Z] injectForgedHistory: recordMessage persisted
[2026-07-29T16:19:52.996Z] LiveUpdateForge: session reset, allowLiveUpdate = false
[2026-07-29T16:19:52.996Z] NudgeForge: ResumeComplete — restoring count from history
[2026-07-29T16:19:52.997Z] restoreNudgeCountFromHistory: found last write at idx=580 count=10
[2026-07-29T16:19:57.058Z] MemoryForge: attached 5 listener(s)
[2026-07-29T16:19:57.059Z] InitialReadForge: armed one-shot BeforeSend after NewSessionStart
[2026-07-29T16:19:57.059Z] LiveUpdateForge: session reset, allowLiveUpdate = false
[2026-07-29T16:19:57.070Z] MemoryForge: detached all listeners
[2026-07-29T16:19:57.071Z] ResumeDiffForge: running checkResumeConsistency
[2026-07-29T16:19:57.072Z] checkResumeConsistency: forgedTimestamps=[["project","1970-01-01T00:00:00.000Z"]]
[2026-07-29T16:19:57.112Z] checkResumeConsistency: injecting 1 diff notification(s)
[2026-07-29T16:19:57.113Z] injectForgedHistory: role=user preview="[agent-auto] [memory-update 2026-07-29 23:42:15] project memory file has been mo"
[2026-07-29T16:19:57.138Z] injectForgedHistory: recordMessage persisted
[2026-07-29T16:19:57.139Z] LiveUpdateForge: session reset, allowLiveUpdate = false
[2026-07-29T16:19:57.139Z] NudgeForge: ResumeComplete — restoring count from history
[2026-07-29T16:19:57.140Z] restoreNudgeCountFromHistory: found last write at idx=580 count=10
[2026-07-29T16:19:57.162Z] LiveUpdateForge: allowLiveUpdate = true (first real BeforeSend)
[2026-07-29T16:19:57.163Z] InitialReadForge.onBeforeSend: SKIP (fr=false syn=false hasRead=true)
[2026-07-29T16:20:27.365Z] LiveUpdateForge: EndTurn fallback flush
[2026-07-29T16:20:27.365Z] onEndTurn: naturalStop=true toolCalls=10 nudgeMsg=no
