[2026-08-04T01:03:28.409Z] LiveUpdateForge: AfterToolExec flush
[2026-08-04T01:03:28.457Z] InitialReadForge.onBeforeSend: SKIP (fr=true syn=false hasRead=true)
[2026-08-04T01:03:28.827Z] LiveUpdateForge: pending external change on D:\Unity\E1\CODELY.md
[2026-08-04T01:03:29.522Z] LiveUpdateForge: EndTurn fallback flush
[2026-08-04T01:03:29.524Z] LiveUpdateForge: enqueuing 1 diff notification(s)
[2026-08-04T01:03:29.525Z] onEndTurn: naturalStop=false toolCalls=8 nudgeMsg=no
[2026-08-04T01:03:37.449Z] LiveUpdateForge: AfterToolExec flush
[2026-08-04T01:03:37.512Z] InitialReadForge.onBeforeSend: SKIP (fr=true syn=false hasRead=true)
[2026-08-04T01:03:40.342Z] LiveUpdateForge: EndTurn fallback flush
[2026-08-04T01:03:40.343Z] onEndTurn: naturalStop=false toolCalls=9 nudgeMsg=no
[2026-08-04T01:03:44.386Z] LiveUpdateForge: pending external change on D:\Unity\E1\CODELY.md
[2026-08-04T01:03:44.885Z] LiveUpdateForge: AfterToolExec flush
[2026-08-04T01:03:44.885Z] LiveUpdateForge: enqueuing 1 diff notification(s)
[2026-08-04T01:03:44.951Z] InitialReadForge.onBeforeSend: SKIP (fr=true syn=false hasRead=true)
[2026-08-04T01:04:05.388Z] LiveUpdateForge: EndTurn fallback flush
[2026-08-04T01:04:05.389Z] onEndTurn: naturalStop=false toolCalls=10 nudgeMsg=no
[2026-08-04T01:04:07.453Z] LiveUpdateForge: AfterToolExec flush
[2026-08-04T01:04:07.514Z] InitialReadForge.onBeforeSend: SKIP (fr=true syn=false hasRead=true)
[2026-08-04T01:04:10.334Z] LiveUpdateForge: EndTurn fallback flush
[2026-08-04T01:04:10.334Z] onEndTurn: naturalStop=false toolCalls=11 nudgeMsg=no
[2026-08-04T01:04:10.611Z] LiveUpdateForge: AfterToolExec flush
[2026-08-04T01:04:10.673Z] InitialReadForge.onBeforeSend: SKIP (fr=true syn=false hasRead=true)
[2026-08-04T01:04:13.977Z] LiveUpdateForge: EndTurn fallback flush
[2026-08-04T01:04:13.978Z] onEndTurn: naturalStop=false toolCalls=12 nudgeMsg=no
[2026-08-04T01:04:18.660Z] LiveUpdateForge: AfterToolExec flush
[2026-08-04T01:04:18.731Z] InitialReadForge.onBeforeSend: SKIP (fr=true syn=false hasRead=true)
[2026-08-04T01:04:20.114Z] LiveUpdateForge: EndTurn fallback flush
[2026-08-04T01:04:20.115Z] onEndTurn: naturalStop=false toolCalls=13 nudgeMsg=no
[2026-08-04T01:05:05.328Z] LiveUpdateForge: AfterToolExec flush
[2026-08-04T01:05:05.393Z] InitialReadForge.onBeforeSend: SKIP (fr=true syn=false hasRead=true)
[2026-08-04T01:05:06.481Z] LiveUpdateForge: EndTurn fallback flush
[2026-08-04T01:05:06.482Z] onEndTurn: naturalStop=false toolCalls=14 nudgeMsg=no
[2026-08-04T01:05:47.844Z] LiveUpdateForge: AfterToolExec flush
[2026-08-04T01:05:47.911Z] InitialReadForge.onBeforeSend: SKIP (fr=true syn=false hasRead=true)
[2026-08-04T01:05:50.324Z] LiveUpdateForge: EndTurn fallback flush
[2026-08-04T01:05:50.324Z] onEndTurn: naturalStop=false toolCalls=15 nudgeMsg=no
[2026-08-04T01:05:59.426Z] LiveUpdateForge: AfterToolExec flush
[2026-08-04T01:05:59.503Z] InitialReadForge.onBeforeSend: SKIP (fr=true syn=false hasRead=true)
[2026-08-04T01:06:01.032Z] LiveUpdateForge: EndTurn fallback flush
[2026-08-04T01:06:01.032Z] onEndTurn: naturalStop=false toolCalls=16 nudgeMsg=no
[2026-08-04T01:06:01.044Z] LiveUpdateForge: AfterToolExec flush
[2026-08-04T01:06:01.107Z] InitialReadForge.onBeforeSend: SKIP (fr=true syn=false hasRead=true)
[2026-08-04T01:06:02.701Z] LiveUpdateForge: EndTurn fallback flush
[2026-08-04T01:06:02.702Z] onEndTurn: naturalStop=false toolCalls=17 nudgeMsg=no
[2026-08-04T01:06:07.930Z] LiveUpdateForge: AfterToolExec flush
[2026-08-04T01:06:07.992Z] InitialReadForge.onBeforeSend: SKIP (fr=true syn=false hasRead=true)
[2026-08-04T01:06:09.718Z] LiveUpdateForge: EndTurn fallback flush
[2026-08-04T01:06:09.718Z] onEndTurn: naturalStop=false toolCalls=18 nudgeMsg=no
[2026-08-04T01:06:09.735Z] LiveUpdateForge: AfterToolExec flush
[2026-08-04T01:06:09.794Z] InitialReadForge.onBeforeSend: SKIP (fr=true syn=false hasRead=true)
[2026-08-04T01:06:11.481Z] LiveUpdateForge: EndTurn fallback flush
[2026-08-04T01:06:11.481Z] onEndTurn: naturalStop=false toolCalls=19 nudgeMsg=no
[2026-08-04T01:06:11.496Z] LiveUpdateForge: AfterToolExec flush
[2026-08-04T01:06:11.555Z] InitialReadForge.onBeforeSend: SKIP (fr=true syn=false hasRead=true)
[2026-08-04T01:06:13.500Z] LiveUpdateForge: EndTurn fallback flush
[2026-08-04T01:06:13.500Z] onEndTurn: naturalStop=true toolCalls=20 nudgeMsg=no
[2026-08-04T01:08:40.441Z] ResumeDiffForge: running checkResumeConsistency
[2026-08-04T01:08:40.441Z] checkResumeConsistency: forgedTimestamps=[]
[2026-08-04T01:08:40.447Z] checkResumeConsistency: no changes detected
[2026-08-04T01:08:40.447Z] LiveUpdateForge: session reset, allowLiveUpdate = false
[2026-08-04T01:08:40.447Z] NudgeForge: ResumeComplete — restoring count from history
[2026-08-04T01:08:40.448Z] restoreNudgeCountFromHistory: no reset point found, count=20
[2026-08-04T01:08:40.456Z] LiveUpdateForge: allowLiveUpdate = true (first real BeforeSend)
[2026-08-04T01:08:40.456Z] InitialReadForge.onBeforeSend: SKIP (fr=false syn=false hasRead=true)
[2026-08-04T01:08:42.533Z] LiveUpdateForge: EndTurn fallback flush
[2026-08-04T01:08:42.533Z] onEndTurn: naturalStop=false toolCalls=20 nudgeMsg=no
[2026-08-04T01:08:42.545Z] LiveUpdateForge: AfterToolExec flush
[2026-08-04T01:08:42.601Z] InitialReadForge.onBeforeSend: SKIP (fr=true syn=false hasRead=true)
[2026-08-04T01:08:49.748Z] LiveUpdateForge: EndTurn fallback flush
[2026-08-04T01:08:49.748Z] onEndTurn: naturalStop=false toolCalls=21 nudgeMsg=no
[2026-08-04T01:08:49.843Z] LiveUpdateForge: AfterToolExec flush
[2026-08-04T01:08:49.908Z] InitialReadForge.onBeforeSend: SKIP (fr=true syn=false hasRead=true)
[2026-08-04T01:08:53.370Z] LiveUpdateForge: EndTurn fallback flush
[2026-08-04T01:08:53.371Z] onEndTurn: naturalStop=false toolCalls=22 nudgeMsg=no
[2026-08-04T01:08:53.394Z] LiveUpdateForge: AfterToolExec flush
[2026-08-04T01:08:53.473Z] InitialReadForge.onBeforeSend: SKIP (fr=true syn=false hasRead=true)
[2026-08-04T01:08:55.742Z] LiveUpdateForge: EndTurn fallback flush
[2026-08-04T01:08:55.742Z] onEndTurn: naturalStop=false toolCalls=23 nudgeMsg=no
[2026-08-04T01:08:55.766Z] LiveUpdateForge: AfterToolExec flush
[2026-08-04T01:08:55.837Z] InitialReadForge.onBeforeSend: SKIP (fr=true syn=false hasRead=true)
[2026-08-04T01:08:57.267Z] LiveUpdateForge: EndTurn fallback flush
[2026-08-04T01:08:57.267Z] onEndTurn: naturalStop=false toolCalls=24 nudgeMsg=no
[2026-08-04T01:08:57.287Z] LiveUpdateForge: AfterToolExec flush
[2026-08-04T01:08:57.354Z] InitialReadForge.onBeforeSend: SKIP (fr=true syn=false hasRead=true)
[2026-08-04T01:08:58.734Z] LiveUpdateForge: EndTurn fallback flush
[2026-08-04T01:08:58.734Z] onEndTurn: naturalStop=false toolCalls=25 nudgeMsg=no
[2026-08-04T01:08:58.749Z] LiveUpdateForge: AfterToolExec flush
[2026-08-04T01:08:58.806Z] InitialReadForge.onBeforeSend: SKIP (fr=true syn=false hasRead=true)
[2026-08-04T01:09:00.993Z] LiveUpdateForge: EndTurn fallback flush
[2026-08-04T01:09:00.994Z] onEndTurn: naturalStop=false toolCalls=26 nudgeMsg=no
[2026-08-04T01:09:07.423Z] LiveUpdateForge: AfterToolExec flush
[2026-08-04T01:09:07.485Z] InitialReadForge.onBeforeSend: SKIP (fr=true syn=false hasRead=true)
[2026-08-04T01:09:08.831Z] LiveUpdateForge: EndTurn fallback flush
[2026-08-04T01:09:08.832Z] onEndTurn: naturalStop=false toolCalls=27 nudgeMsg=no
[2026-08-04T01:09:08.860Z] LiveUpdateForge: AfterToolExec flush
[2026-08-04T01:09:08.921Z] InitialReadForge.onBeforeSend: SKIP (fr=true syn=false hasRead=true)
[2026-08-04T01:09:13.702Z] LiveUpdateForge: EndTurn fallback flush
[2026-08-04T01:09:13.702Z] onEndTurn: naturalStop=true toolCalls=28 nudgeMsg=no
[2026-08-04T01:09:46.771Z] ResumeDiffForge: running checkResumeConsistency
[2026-08-04T01:09:46.772Z] checkResumeConsistency: forgedTimestamps=[]
[2026-08-04T01:09:46.778Z] checkResumeConsistency: no changes detected
[2026-08-04T01:09:46.778Z] LiveUpdateForge: session reset, allowLiveUpdate = false
[2026-08-04T01:09:46.779Z] NudgeForge: ResumeComplete — restoring count from history
[2026-08-04T01:09:46.779Z] restoreNudgeCountFromHistory: no reset point found, count=28
[2026-08-04T01:09:46.795Z] LiveUpdateForge: allowLiveUpdate = true (first real BeforeSend)
[2026-08-04T01:09:46.796Z] InitialReadForge.onBeforeSend: SKIP (fr=false syn=false hasRead=true)
[2026-08-04T01:09:49.302Z] LiveUpdateForge: EndTurn fallback flush
[2026-08-04T01:09:49.302Z] onEndTurn: naturalStop=false toolCalls=28 nudgeMsg=no
[2026-08-04T01:09:49.316Z] LiveUpdateForge: AfterToolExec flush
[2026-08-04T01:09:49.373Z] InitialReadForge.onBeforeSend: SKIP (fr=true syn=false hasRead=true)
[2026-08-04T01:09:50.850Z] LiveUpdateForge: EndTurn fallback flush
[2026-08-04T01:09:50.851Z] onEndTurn: naturalStop=false toolCalls=29 nudgeMsg=no
[2026-08-04T01:09:50.880Z] LiveUpdateForge: AfterToolExec flush
[2026-08-04T01:09:50.941Z] InitialReadForge.onBeforeSend: SKIP (fr=true syn=false hasRead=true)
[2026-08-04T01:10:01.209Z] LiveUpdateForge: EndTurn fallback flush
[2026-08-04T01:10:01.210Z] onEndTurn: naturalStop=false toolCalls=30 nudgeMsg=no
[2026-08-04T01:10:05.078Z] LiveUpdateForge: AfterToolExec flush
[2026-08-04T01:10:05.141Z] InitialReadForge.onBeforeSend: SKIP (fr=true syn=false hasRead=true)
[2026-08-04T01:10:08.801Z] LiveUpdateForge: EndTurn fallback flush
[2026-08-04T01:10:08.801Z] onEndTurn: naturalStop=false toolCalls=31 nudgeMsg=no
[2026-08-04T01:10:08.809Z] LiveUpdateForge: AfterToolExec flush
[2026-08-04T01:10:08.881Z] InitialReadForge.onBeforeSend: SKIP (fr=true syn=false hasRead=true)
[2026-08-04T01:10:11.078Z] LiveUpdateForge: EndTurn fallback flush
[2026-08-04T01:10:11.079Z] onEndTurn: naturalStop=false toolCalls=32 nudgeMsg=no
[2026-08-04T01:10:11.085Z] LiveUpdateForge: AfterToolExec flush
[2026-08-04T01:10:11.158Z] InitialReadForge.onBeforeSend: SKIP (fr=true syn=false hasRead=true)
[2026-08-04T01:10:13.420Z] LiveUpdateForge: EndTurn fallback flush
[2026-08-04T01:10:13.420Z] onEndTurn: naturalStop=false toolCalls=33 nudgeMsg=no
[2026-08-04T01:10:13.507Z] LiveUpdateForge: AfterToolExec flush
[2026-08-04T01:10:13.569Z] InitialReadForge.onBeforeSend: SKIP (fr=true syn=false hasRead=true)
[2026-08-04T01:10:16.966Z] LiveUpdateForge: EndTurn fallback flush
[2026-08-04T01:10:16.967Z] onEndTurn: naturalStop=false toolCalls=34 nudgeMsg=no
[2026-08-04T01:10:16.992Z] LiveUpdateForge: AfterToolExec flush
[2026-08-04T01:10:17.070Z] InitialReadForge.onBeforeSend: SKIP (fr=true syn=false hasRead=true)
[2026-08-04T01:10:18.838Z] LiveUpdateForge: EndTurn fallback flush
[2026-08-04T01:10:18.839Z] onEndTurn: naturalStop=false toolCalls=35 nudgeMsg=no
[2026-08-04T01:10:18.849Z] LiveUpdateForge: AfterToolExec flush
[2026-08-04T01:10:18.914Z] InitialReadForge.onBeforeSend: SKIP (fr=true syn=false hasRead=true)
[2026-08-04T01:10:21.266Z] LiveUpdateForge: EndTurn fallback flush
[2026-08-04T01:10:21.266Z] onEndTurn: naturalStop=false toolCalls=36 nudgeMsg=no
[2026-08-04T01:10:27.236Z] LiveUpdateForge: AfterToolExec flush
[2026-08-04T01:10:27.303Z] InitialReadForge.onBeforeSend: SKIP (fr=true syn=false hasRead=true)
[2026-08-04T01:10:28.741Z] LiveUpdateForge: EndTurn fallback flush
[2026-08-04T01:10:28.742Z] onEndTurn: naturalStop=false toolCalls=37 nudgeMsg=no
[2026-08-04T01:10:28.767Z] LiveUpdateForge: AfterToolExec flush
[2026-08-04T01:10:28.843Z] InitialReadForge.onBeforeSend: SKIP (fr=true syn=false hasRead=true)
[2026-08-04T01:10:31.215Z] LiveUpdateForge: EndTurn fallback flush
[2026-08-04T01:10:31.216Z] onEndTurn: naturalStop=true toolCalls=38 nudgeMsg=no
[2026-08-04T01:11:22.018Z] ResumeDiffForge: running checkResumeConsistency
[2026-08-04T01:11:22.018Z] checkResumeConsistency: forgedTimestamps=[]
[2026-08-04T01:11:22.025Z] checkResumeConsistency: no changes detected
[2026-08-04T01:11:22.025Z] LiveUpdateForge: session reset, allowLiveUpdate = false
[2026-08-04T01:11:22.026Z] NudgeForge: ResumeComplete — restoring count from history
[2026-08-04T01:11:22.026Z] restoreNudgeCountFromHistory: no reset point found, count=38
[2026-08-04T01:11:22.043Z] LiveUpdateForge: allowLiveUpdate = true (first real BeforeSend)
[2026-08-04T01:11:22.044Z] InitialReadForge.onBeforeSend: SKIP (fr=false syn=false hasRead=true)
[2026-08-04T01:11:24.076Z] LiveUpdateForge: EndTurn fallback flush
[2026-08-04T01:11:24.076Z] onEndTurn: naturalStop=false toolCalls=38 nudgeMsg=no
[2026-08-04T01:11:26.007Z] LiveUpdateForge: AfterToolExec flush
[2026-08-04T01:11:26.084Z] InitialReadForge.onBeforeSend: SKIP (fr=true syn=false hasRead=true)
[2026-08-04T01:11:31.478Z] LiveUpdateForge: EndTurn fallback flush
[2026-08-04T01:11:31.478Z] onEndTurn: naturalStop=false toolCalls=39 nudgeMsg=no
[2026-08-04T01:11:31.628Z] LiveUpdateForge: AfterToolExec flush
[2026-08-04T01:11:31.706Z] InitialReadForge.onBeforeSend: SKIP (fr=true syn=false hasRead=true)
[2026-08-04T01:11:33.208Z] LiveUpdateForge: EndTurn fallback flush
[2026-08-04T01:11:33.208Z] onEndTurn: naturalStop=true toolCalls=40 nudgeMsg=no
[2026-08-04T01:13:39.715Z] ResumeDiffForge: running checkResumeConsistency
[2026-08-04T01:13:39.715Z] checkResumeConsistency: forgedTimestamps=[]
[2026-08-04T01:13:39.721Z] checkResumeConsistency: no changes detected
[2026-08-04T01:13:39.722Z] LiveUpdateForge: session reset, allowLiveUpdate = false
[2026-08-04T01:13:39.722Z] NudgeForge: ResumeComplete — restoring count from history
[2026-08-04T01:13:39.722Z] restoreNudgeCountFromHistory: no reset point found, count=40
[2026-08-04T01:13:39.733Z] LiveUpdateForge: allowLiveUpdate = true (first real BeforeSend)
[2026-08-04T01:13:39.733Z] InitialReadForge.onBeforeSend: SKIP (fr=false syn=false hasRead=true)
[2026-08-04T01:13:45.939Z] LiveUpdateForge: EndTurn fallback flush
[2026-08-04T01:13:45.939Z] onEndTurn: naturalStop=false toolCalls=40 nudgeMsg=no
[2026-08-04T01:13:47.131Z] LiveUpdateForge: AfterToolExec flush
[2026-08-04T01:13:47.196Z] InitialReadForge.onBeforeSend: SKIP (fr=true syn=false hasRead=true)
[2026-08-04T01:13:50.539Z] LiveUpdateForge: EndTurn fallback flush
[2026-08-04T01:13:50.540Z] onEndTurn: naturalStop=false toolCalls=41 nudgeMsg=no
[2026-08-04T01:13:51.040Z] LiveUpdateForge: AfterToolExec flush
[2026-08-04T01:13:51.107Z] InitialReadForge.onBeforeSend: SKIP (fr=true syn=false hasRead=true)
[2026-08-04T01:13:56.688Z] LiveUpdateForge: EndTurn fallback flush
[2026-08-04T01:13:56.688Z] onEndTurn: naturalStop=false toolCalls=42 nudgeMsg=no
[2026-08-04T01:13:57.230Z] LiveUpdateForge: AfterToolExec flush
[2026-08-04T01:13:57.294Z] InitialReadForge.onBeforeSend: SKIP (fr=true syn=false hasRead=true)
[2026-08-04T01:14:01.158Z] LiveUpdateForge: EndTurn fallback flush
[2026-08-04T01:14:01.159Z] onEndTurn: naturalStop=false toolCalls=43 nudgeMsg=no
[2026-08-04T01:14:01.460Z] LiveUpdateForge: AfterToolExec flush
[2026-08-04T01:14:01.530Z] InitialReadForge.onBeforeSend: SKIP (fr=true syn=false hasRead=true)
[2026-08-04T01:14:05.750Z] LiveUpdateForge: EndTurn fallback flush
[2026-08-04T01:14:05.750Z] onEndTurn: naturalStop=false toolCalls=44 nudgeMsg=no
[2026-08-04T01:14:06.033Z] LiveUpdateForge: AfterToolExec flush
[2026-08-04T01:14:06.098Z] InitialReadForge.onBeforeSend: SKIP (fr=true syn=false hasRead=true)
[2026-08-04T01:14:11.905Z] LiveUpdateForge: EndTurn fallback flush
[2026-08-04T01:14:11.905Z] onEndTurn: naturalStop=false toolCalls=45 nudgeMsg=no
[2026-08-04T01:14:12.504Z] LiveUpdateForge: AfterToolExec flush
[2026-08-04T01:14:12.579Z] InitialReadForge.onBeforeSend: SKIP (fr=true syn=false hasRead=true)
[2026-08-04T01:14:15.347Z] LiveUpdateForge: EndTurn fallback flush
[2026-08-04T01:14:15.347Z] onEndTurn: naturalStop=false toolCalls=46 nudgeMsg=no
[2026-08-04T01:14:16.199Z] LiveUpdateForge: AfterToolExec flush
[2026-08-04T01:14:16.276Z] InitialReadForge.onBeforeSend: SKIP (fr=true syn=false hasRead=true)
[2026-08-04T01:14:18.737Z] LiveUpdateForge: EndTurn fallback flush
[2026-08-04T01:14:18.737Z] onEndTurn: naturalStop=true toolCalls=47 nudgeMsg=no
[2026-08-04T01:14:54.829Z] ResumeDiffForge: running checkResumeConsistency
[2026-08-04T01:14:54.830Z] checkResumeConsistency: forgedTimestamps=[]
[2026-08-04T01:14:54.835Z] checkResumeConsistency: no changes detected
[2026-08-04T01:14:54.835Z] LiveUpdateForge: session reset, allowLiveUpdate = false
[2026-08-04T01:14:54.835Z] NudgeForge: ResumeComplete — restoring count from history
[2026-08-04T01:14:54.836Z] restoreNudgeCountFromHistory: no reset point found, count=47
[2026-08-04T01:14:54.845Z] LiveUpdateForge: allowLiveUpdate = true (first real BeforeSend)
[2026-08-04T01:14:54.845Z] InitialReadForge.onBeforeSend: SKIP (fr=false syn=false hasRead=true)
[2026-08-04T01:14:59.871Z] LiveUpdateForge: EndTurn fallback flush
[2026-08-04T01:14:59.871Z] onEndTurn: naturalStop=false toolCalls=47 nudgeMsg=no
[2026-08-04T01:15:01.015Z] LiveUpdateForge: AfterToolExec flush
[2026-08-04T01:15:01.082Z] InitialReadForge.onBeforeSend: SKIP (fr=true syn=false hasRead=true)
[2026-08-04T01:15:03.059Z] LiveUpdateForge: EndTurn fallback flush
[2026-08-04T01:15:03.059Z] onEndTurn: naturalStop=false toolCalls=48 nudgeMsg=no
[2026-08-04T01:15:03.589Z] LiveUpdateForge: AfterToolExec flush
[2026-08-04T01:15:03.647Z] InitialReadForge.onBeforeSend: SKIP (fr=true syn=false hasRead=true)
[2026-08-04T01:15:07.318Z] LiveUpdateForge: EndTurn fallback flush
[2026-08-04T01:15:07.318Z] onEndTurn: naturalStop=false toolCalls=49 nudgeMsg=no
[2026-08-04T01:15:07.612Z] LiveUpdateForge: AfterToolExec flush
[2026-08-04T01:15:07.685Z] InitialReadForge.onBeforeSend: SKIP (fr=true syn=false hasRead=true)
[2026-08-04T01:15:13.051Z] LiveUpdateForge: EndTurn fallback flush
[2026-08-04T01:15:13.052Z] onEndTurn: naturalStop=false toolCalls=50 nudgeMsg=no
[2026-08-04T01:15:13.785Z] LiveUpdateForge: AfterToolExec flush
[2026-08-04T01:15:13.847Z] InitialReadForge.onBeforeSend: SKIP (fr=true syn=false hasRead=true)
[2026-08-04T01:15:15.374Z] LiveUpdateForge: EndTurn fallback flush
[2026-08-04T01:15:15.374Z] onEndTurn: naturalStop=true toolCalls=0 nudgeMsg=YES
[2026-08-04T01:15:15.377Z] InitialReadForge.onBeforeSend: SKIP (fr=false syn=false hasRead=true)
[2026-08-04T01:15:16.742Z] LiveUpdateForge: EndTurn fallback flush
[2026-08-04T01:15:16.742Z] onEndTurn: naturalStop=false toolCalls=0 nudgeMsg=no
[2026-08-04T01:15:16.747Z] LiveUpdateForge: AfterToolExec flush
[2026-08-04T01:15:16.750Z] nudge: read_memory called (does NOT reset counter)
[2026-08-04T01:15:26.029Z] LiveUpdateForge: EndTurn fallback flush
[2026-08-04T01:15:26.030Z] onEndTurn: naturalStop=false toolCalls=1 nudgeMsg=no
[2026-08-04T01:15:26.037Z] LiveUpdateForge: self-write on D:\Unity\E1\CODELY.md, baseline aligned
[2026-08-04T01:15:26.038Z] LiveUpdateForge: AfterToolExec flush
[2026-08-04T01:15:29.116Z] LiveUpdateForge: EndTurn fallback flush
[2026-08-04T01:15:29.116Z] onEndTurn: naturalStop=false toolCalls=0 nudgeMsg=no
[2026-08-04T01:15:29.123Z] LiveUpdateForge: self-write on D:\Unity\E1\CODELY.md, baseline aligned
[2026-08-04T01:15:29.123Z] LiveUpdateForge: AfterToolExec flush
[2026-08-04T01:15:30.834Z] LiveUpdateForge: EndTurn fallback flush
[2026-08-04T01:15:30.835Z] onEndTurn: naturalStop=true toolCalls=0 nudgeMsg=no
[2026-08-04T01:17:55.953Z] ResumeDiffForge: running checkResumeConsistency
[2026-08-04T01:17:55.954Z] checkResumeConsistency: forgedTimestamps=[["project","1970-01-01T00:00:00.000Z"]]
[2026-08-04T01:17:55.961Z] checkResumeConsistency: injecting 1 diff notification(s)
[2026-08-04T01:17:55.962Z] injectForgedHistory: role=user preview="[agent-auto] [memory-update 2026-08-04 09:15:29] project memory file has been mo"
[2026-08-04T01:17:56.035Z] injectForgedHistory: recordMessage persisted
[2026-08-04T01:17:56.036Z] LiveUpdateForge: session reset, allowLiveUpdate = false
[2026-08-04T01:17:56.036Z] NudgeForge: ResumeComplete — restoring count from history
[2026-08-04T01:17:56.037Z] restoreNudgeCountFromHistory: found last write at idx=129 count=0
[2026-08-04T01:17:56.055Z] LiveUpdateForge: allowLiveUpdate = true (first real BeforeSend)
[2026-08-04T01:17:58.922Z] LiveUpdateForge: EndTurn fallback flush
[2026-08-04T01:17:58.923Z] onEndTurn: naturalStop=false toolCalls=0 nudgeMsg=no
[2026-08-04T01:17:59.117Z] LiveUpdateForge: AfterToolExec flush
[2026-08-04T01:18:01.155Z] LiveUpdateForge: EndTurn fallback flush
[2026-08-04T01:18:01.155Z] onEndTurn: naturalStop=false toolCalls=1 nudgeMsg=no
[2026-08-04T01:18:26.458Z] LiveUpdateForge: AfterToolExec flush
[2026-08-04T01:18:32.551Z] LiveUpdateForge: EndTurn fallback flush
[2026-08-04T01:18:32.552Z] onEndTurn: naturalStop=false toolCalls=2 nudgeMsg=no
[2026-08-04T01:18:34.792Z] LiveUpdateForge: AfterToolExec flush
[2026-08-04T01:18:37.926Z] LiveUpdateForge: EndTurn fallback flush
[2026-08-04T01:18:37.926Z] onEndTurn: naturalStop=false toolCalls=3 nudgeMsg=no
[2026-08-04T01:18:38.303Z] LiveUpdateForge: AfterToolExec flush
[2026-08-04T01:18:39.795Z] LiveUpdateForge: EndTurn fallback flush
[2026-08-04T01:18:39.796Z] onEndTurn: naturalStop=false toolCalls=4 nudgeMsg=no
[2026-08-04T01:18:45.913Z] LiveUpdateForge: AfterToolExec flush
[2026-08-04T01:18:47.208Z] LiveUpdateForge: EndTurn fallback flush
[2026-08-04T01:18:47.209Z] onEndTurn: naturalStop=false toolCalls=5 nudgeMsg=no
[2026-08-04T01:18:47.351Z] LiveUpdateForge: AfterToolExec flush
[2026-08-04T01:18:52.425Z] LiveUpdateForge: EndTurn fallback flush
[2026-08-04T01:18:52.426Z] onEndTurn: naturalStop=false toolCalls=6 nudgeMsg=no
[2026-08-04T01:19:20.971Z] LiveUpdateForge: AfterToolExec flush
[2026-08-04T01:19:25.046Z] LiveUpdateForge: EndTurn fallback flush
[2026-08-04T01:19:25.046Z] onEndTurn: naturalStop=false toolCalls=7 nudgeMsg=no
[2026-08-04T01:19:25.528Z] LiveUpdateForge: AfterToolExec flush
[2026-08-04T01:19:30.101Z] LiveUpdateForge: EndTurn fallback flush
[2026-08-04T01:19:30.101Z] onEndTurn: naturalStop=false toolCalls=8 nudgeMsg=no
[2026-08-04T01:19:31.309Z] LiveUpdateForge: AfterToolExec flush
[2026-08-04T01:19:42.549Z] LiveUpdateForge: EndTurn fallback flush
[2026-08-04T01:19:42.550Z] onEndTurn: naturalStop=false toolCalls=9 nudgeMsg=no
[2026-08-04T01:19:42.999Z] LiveUpdateForge: AfterToolExec flush
[2026-08-04T01:19:46.263Z] LiveUpdateForge: EndTurn fallback flush
[2026-08-04T01:19:46.264Z] onEndTurn: naturalStop=true toolCalls=10 nudgeMsg=no
[2026-08-04T01:21:07.504Z] ResumeDiffForge: running checkResumeConsistency
[2026-08-04T01:21:07.504Z] checkResumeConsistency: forgedTimestamps=[["project","1970-01-01T00:00:00.000Z"]]
[2026-08-04T01:21:07.513Z] checkResumeConsistency: injecting 1 diff notification(s)
[2026-08-04T01:21:07.513Z] injectForgedHistory: role=user preview="[agent-auto] [memory-update 2026-08-04 09:15:29] project memory file has been mo"
[2026-08-04T01:21:07.580Z] injectForgedHistory: recordMessage persisted
[2026-08-04T01:21:07.580Z] LiveUpdateForge: session reset, allowLiveUpdate = false
[2026-08-04T01:21:07.581Z] NudgeForge: ResumeComplete — restoring count from history
[2026-08-04T01:21:07.581Z] restoreNudgeCountFromHistory: found last write at idx=129 count=10
[2026-08-04T01:21:07.598Z] LiveUpdateForge: allowLiveUpdate = true (first real BeforeSend)
[2026-08-04T01:21:10.742Z] LiveUpdateForge: EndTurn fallback flush
[2026-08-04T01:21:10.743Z] onEndTurn: naturalStop=false toolCalls=10 nudgeMsg=no
[2026-08-04T01:21:11.231Z] LiveUpdateForge: AfterToolExec flush
[2026-08-04T01:21:15.437Z] LiveUpdateForge: EndTurn fallback flush
[2026-08-04T01:21:15.438Z] onEndTurn: naturalStop=false toolCalls=11 nudgeMsg=no
[2026-08-04T01:21:16.699Z] LiveUpdateForge: AfterToolExec flush
[2026-08-04T01:21:20.163Z] LiveUpdateForge: EndTurn fallback flush
[2026-08-04T01:21:20.163Z] onEndTurn: naturalStop=false toolCalls=12 nudgeMsg=no
[2026-08-04T01:21:20.169Z] LiveUpdateForge: AfterToolExec flush
[2026-08-04T01:21:23.050Z] LiveUpdateForge: EndTurn fallback flush
[2026-08-04T01:21:23.050Z] onEndTurn: naturalStop=false toolCalls=13 nudgeMsg=no
[2026-08-04T01:21:23.130Z] LiveUpdateForge: AfterToolExec flush
[2026-08-04T01:21:24.969Z] LiveUpdateForge: EndTurn fallback flush
[2026-08-04T01:21:24.969Z] onEndTurn: naturalStop=false toolCalls=14 nudgeMsg=no
[2026-08-04T01:21:24.992Z] LiveUpdateForge: AfterToolExec flush
[2026-08-04T01:21:27.501Z] LiveUpdateForge: EndTurn fallback flush
[2026-08-04T01:21:27.502Z] onEndTurn: naturalStop=false toolCalls=15 nudgeMsg=no
[2026-08-04T01:21:27.525Z] LiveUpdateForge: AfterToolExec flush
[2026-08-04T01:21:29.297Z] LiveUpdateForge: EndTurn fallback flush
[2026-08-04T01:21:29.298Z] onEndTurn: naturalStop=false toolCalls=16 nudgeMsg=no
[2026-08-04T01:21:29.313Z] LiveUpdateForge: AfterToolExec flush
[2026-08-04T01:21:31.380Z] LiveUpdateForge: EndTurn fallback flush
[2026-08-04T01:21:31.380Z] onEndTurn: naturalStop=false toolCalls=17 nudgeMsg=no
[2026-08-04T01:21:38.503Z] LiveUpdateForge: AfterToolExec flush
[2026-08-04T01:21:40.848Z] LiveUpdateForge: EndTurn fallback flush
[2026-08-04T01:21:40.848Z] onEndTurn: naturalStop=false toolCalls=18 nudgeMsg=no
[2026-08-04T01:21:40.875Z] LiveUpdateForge: AfterToolExec flush
[2026-08-04T01:21:44.324Z] LiveUpdateForge: EndTurn fallback flush
[2026-08-04T01:21:44.324Z] onEndTurn: naturalStop=false toolCalls=19 nudgeMsg=no
[2026-08-04T01:21:45.560Z] LiveUpdateForge: AfterToolExec flush
[2026-08-04T01:21:49.901Z] LiveUpdateForge: EndTurn fallback flush
[2026-08-04T01:21:49.901Z] onEndTurn: naturalStop=false toolCalls=20 nudgeMsg=no
[2026-08-04T01:21:50.890Z] LiveUpdateForge: AfterToolExec flush
[2026-08-04T01:21:53.391Z] LiveUpdateForge: EndTurn fallback flush
[2026-08-04T01:21:53.391Z] onEndTurn: naturalStop=true toolCalls=21 nudgeMsg=no
[2026-08-04T01:22:16.694Z] ResumeDiffForge: running checkResumeConsistency
[2026-08-04T01:22:16.694Z] checkResumeConsistency: forgedTimestamps=[["project","1970-01-01T00:00:00.000Z"]]
[2026-08-04T01:22:16.700Z] checkResumeConsistency: injecting 1 diff notification(s)
[2026-08-04T01:22:16.700Z] injectForgedHistory: role=user preview="[agent-auto] [memory-update 2026-08-04 09:15:29] project memory file has been mo"
[2026-08-04T01:22:16.757Z] injectForgedHistory: recordMessage persisted
[2026-08-04T01:22:16.758Z] LiveUpdateForge: session reset, allowLiveUpdate = false
[2026-08-04T01:22:16.758Z] NudgeForge: ResumeComplete — restoring count from history
[2026-08-04T01:22:16.758Z] restoreNudgeCountFromHistory: found last write at idx=129 count=21
[2026-08-04T01:22:16.774Z] LiveUpdateForge: allowLiveUpdate = true (first real BeforeSend)
[2026-08-04T01:22:24.162Z] LiveUpdateForge: EndTurn fallback flush
[2026-08-04T01:22:24.163Z] onEndTurn: naturalStop=false toolCalls=21 nudgeMsg=no
[2026-08-04T01:22:24.238Z] LiveUpdateForge: AfterToolExec flush
[2026-08-04T01:22:25.629Z] LiveUpdateForge: EndTurn fallback flush
[2026-08-04T01:22:25.630Z] onEndTurn: naturalStop=false toolCalls=22 nudgeMsg=no
[2026-08-04T01:22:30.265Z] LiveUpdateForge: AfterToolExec flush
[2026-08-04T01:22:36.046Z] LiveUpdateForge: EndTurn fallback flush
[2026-08-04T01:22:36.046Z] onEndTurn: naturalStop=false toolCalls=23 nudgeMsg=no
[2026-08-04T01:22:37.238Z] LiveUpdateForge: AfterToolExec flush
[2026-08-04T01:22:42.527Z] LiveUpdateForge: EndTurn fallback flush
[2026-08-04T01:22:42.527Z] onEndTurn: naturalStop=false toolCalls=24 nudgeMsg=no
[2026-08-04T01:22:42.985Z] LiveUpdateForge: AfterToolExec flush
[2026-08-04T01:22:47.119Z] LiveUpdateForge: EndTurn fallback flush
[2026-08-04T01:22:47.119Z] onEndTurn: naturalStop=false toolCalls=25 nudgeMsg=no
[2026-08-04T01:22:47.223Z] LiveUpdateForge: AfterToolExec flush
[2026-08-04T01:22:48.968Z] LiveUpdateForge: EndTurn fallback flush
[2026-08-04T01:22:48.968Z] onEndTurn: naturalStop=false toolCalls=26 nudgeMsg=no
[2026-08-04T01:22:48.976Z] LiveUpdateForge: AfterToolExec flush
[2026-08-04T01:22:50.782Z] LiveUpdateForge: EndTurn fallback flush
[2026-08-04T01:22:50.783Z] onEndTurn: naturalStop=false toolCalls=27 nudgeMsg=no
[2026-08-04T01:22:50.789Z] LiveUpdateForge: AfterToolExec flush
[2026-08-04T01:22:53.345Z] LiveUpdateForge: EndTurn fallback flush
[2026-08-04T01:22:53.345Z] onEndTurn: naturalStop=false toolCalls=28 nudgeMsg=no
[2026-08-04T01:22:53.855Z] LiveUpdateForge: AfterToolExec flush
[2026-08-04T01:22:57.011Z] LiveUpdateForge: EndTurn fallback flush
[2026-08-04T01:22:57.011Z] onEndTurn: naturalStop=false toolCalls=29 nudgeMsg=no
[2026-08-04T01:22:57.018Z] LiveUpdateForge: AfterToolExec flush
[2026-08-04T01:22:58.848Z] LiveUpdateForge: EndTurn fallback flush
[2026-08-04T01:22:58.848Z] onEndTurn: naturalStop=false toolCalls=30 nudgeMsg=no
[2026-08-04T01:22:58.854Z] LiveUpdateForge: AfterToolExec flush
[2026-08-04T01:23:02.014Z] LiveUpdateForge: EndTurn fallback flush
[2026-08-04T01:23:02.015Z] onEndTurn: naturalStop=false toolCalls=31 nudgeMsg=no
[2026-08-04T01:23:02.110Z] LiveUpdateForge: AfterToolExec flush
[2026-08-04T01:23:03.898Z] LiveUpdateForge: EndTurn fallback flush
[2026-08-04T01:23:03.899Z] onEndTurn: naturalStop=false toolCalls=32 nudgeMsg=no
[2026-08-04T01:23:03.916Z] LiveUpdateForge: AfterToolExec flush
[2026-08-04T01:23:05.538Z] LiveUpdateForge: EndTurn fallback flush
[2026-08-04T01:23:05.539Z] onEndTurn: naturalStop=false toolCalls=33 nudgeMsg=no
[2026-08-04T01:23:06.585Z] LiveUpdateForge: AfterToolExec flush
[2026-08-04T01:23:08.198Z] LiveUpdateForge: EndTurn fallback flush
[2026-08-04T01:23:08.199Z] onEndTurn: naturalStop=false toolCalls=34 nudgeMsg=no
[2026-08-04T01:23:08.223Z] LiveUpdateForge: AfterToolExec flush
[2026-08-04T01:23:10.465Z] LiveUpdateForge: EndTurn fallback flush
[2026-08-04T01:23:10.466Z] onEndTurn: naturalStop=false toolCalls=35 nudgeMsg=no
[2026-08-04T01:23:10.471Z] LiveUpdateForge: AfterToolExec flush
[2026-08-04T01:23:13.436Z] LiveUpdateForge: EndTurn fallback flush
[2026-08-04T01:23:13.436Z] onEndTurn: naturalStop=false toolCalls=36 nudgeMsg=no
[2026-08-04T01:23:13.456Z] LiveUpdateForge: AfterToolExec flush
[2026-08-04T01:23:19.190Z] LiveUpdateForge: EndTurn fallback flush
[2026-08-04T01:23:19.191Z] onEndTurn: naturalStop=false toolCalls=37 nudgeMsg=no
[2026-08-04T01:23:19.194Z] LiveUpdateForge: AfterToolExec flush
[2026-08-04T01:23:20.551Z] LiveUpdateForge: EndTurn fallback flush
[2026-08-04T01:23:20.552Z] onEndTurn: naturalStop=false toolCalls=38 nudgeMsg=no
[2026-08-04T01:23:26.571Z] LiveUpdateForge: AfterToolExec flush
[2026-08-04T01:23:28.439Z] LiveUpdateForge: EndTurn fallback flush
[2026-08-04T01:23:28.439Z] onEndTurn: naturalStop=false toolCalls=39 nudgeMsg=no
[2026-08-04T01:23:28.457Z] LiveUpdateForge: AfterToolExec flush
[2026-08-04T01:23:31.322Z] LiveUpdateForge: EndTurn fallback flush
[2026-08-04T01:23:31.322Z] onEndTurn: naturalStop=true toolCalls=40 nudgeMsg=no
[2026-08-04T01:24:30.037Z] ResumeDiffForge: running checkResumeConsistency
[2026-08-04T01:24:30.037Z] checkResumeConsistency: forgedTimestamps=[["project","1970-01-01T00:00:00.000Z"]]
[2026-08-04T01:24:30.045Z] checkResumeConsistency: injecting 1 diff notification(s)
[2026-08-04T01:24:30.045Z] injectForgedHistory: role=user preview="[agent-auto] [memory-update 2026-08-04 09:15:29] project memory file has been mo"
[2026-08-04T01:24:30.107Z] injectForgedHistory: recordMessage persisted
[2026-08-04T01:24:30.107Z] LiveUpdateForge: session reset, allowLiveUpdate = false
[2026-08-04T01:24:30.108Z] NudgeForge: ResumeComplete — restoring count from history
[2026-08-04T01:24:30.108Z] restoreNudgeCountFromHistory: found last write at idx=129 count=40
[2026-08-04T01:24:30.126Z] LiveUpdateForge: allowLiveUpdate = true (first real BeforeSend)
[2026-08-04T01:24:32.915Z] LiveUpdateForge: EndTurn fallback flush
[2026-08-04T01:24:32.915Z] onEndTurn: naturalStop=false toolCalls=40 nudgeMsg=no
[2026-08-04T01:24:32.991Z] LiveUpdateForge: AfterToolExec flush
[2026-08-04T01:24:35.063Z] LiveUpdateForge: EndTurn fallback flush
[2026-08-04T01:24:35.064Z] onEndTurn: naturalStop=false toolCalls=41 nudgeMsg=no
[2026-08-04T01:24:35.073Z] LiveUpdateForge: AfterToolExec flush
[2026-08-04T01:24:36.580Z] LiveUpdateForge: EndTurn fallback flush
[2026-08-04T01:24:36.580Z] onEndTurn: naturalStop=false toolCalls=42 nudgeMsg=no
[2026-08-04T01:24:41.290Z] LiveUpdateForge: AfterToolExec flush
[2026-08-04T01:24:43.832Z] LiveUpdateForge: EndTurn fallback flush
[2026-08-04T01:24:43.832Z] onEndTurn: naturalStop=false toolCalls=43 nudgeMsg=no
[2026-08-04T01:24:43.966Z] LiveUpdateForge: AfterToolExec flush
[2026-08-04T01:24:45.584Z] LiveUpdateForge: EndTurn fallback flush
[2026-08-04T01:24:45.585Z] onEndTurn: naturalStop=false toolCalls=44 nudgeMsg=no
[2026-08-04T01:24:45.713Z] LiveUpdateForge: AfterToolExec flush
[2026-08-04T01:24:49.338Z] LiveUpdateForge: EndTurn fallback flush
[2026-08-04T01:24:49.338Z] onEndTurn: naturalStop=false toolCalls=45 nudgeMsg=no
[2026-08-04T01:25:22.349Z] LiveUpdateForge: AfterToolExec flush
[2026-08-04T01:25:27.109Z] LiveUpdateForge: EndTurn fallback flush
[2026-08-04T01:25:27.110Z] onEndTurn: naturalStop=false toolCalls=46 nudgeMsg=no
[2026-08-04T01:25:28.462Z] LiveUpdateForge: AfterToolExec flush
[2026-08-04T01:25:30.340Z] LiveUpdateForge: EndTurn fallback flush
[2026-08-04T01:25:30.341Z] onEndTurn: naturalStop=false toolCalls=47 nudgeMsg=no
[2026-08-04T01:25:30.838Z] LiveUpdateForge: AfterToolExec flush
[2026-08-04T01:25:36.039Z] LiveUpdateForge: EndTurn fallback flush
[2026-08-04T01:25:36.039Z] onEndTurn: naturalStop=false toolCalls=48 nudgeMsg=no
[2026-08-04T01:25:36.122Z] LiveUpdateForge: AfterToolExec flush
[2026-08-04T01:25:38.438Z] LiveUpdateForge: EndTurn fallback flush
[2026-08-04T01:25:38.438Z] onEndTurn: naturalStop=false toolCalls=49 nudgeMsg=no
[2026-08-04T01:25:38.503Z] LiveUpdateForge: AfterToolExec flush
[2026-08-04T01:25:40.354Z] LiveUpdateForge: EndTurn fallback flush
[2026-08-04T01:25:40.355Z] onEndTurn: naturalStop=false toolCalls=50 nudgeMsg=no
[2026-08-04T01:25:45.162Z] LiveUpdateForge: AfterToolExec flush
[2026-08-04T01:25:53.054Z] LiveUpdateForge: EndTurn fallback flush
[2026-08-04T01:25:53.054Z] onEndTurn: naturalStop=false toolCalls=51 nudgeMsg=no
[2026-08-04T01:25:54.365Z] LiveUpdateForge: AfterToolExec flush
[2026-08-04T01:25:57.028Z] LiveUpdateForge: EndTurn fallback flush
[2026-08-04T01:25:57.028Z] onEndTurn: naturalStop=false toolCalls=52 nudgeMsg=no
[2026-08-04T01:25:57.172Z] LiveUpdateForge: AfterToolExec flush
[2026-08-04T01:25:59.145Z] LiveUpdateForge: EndTurn fallback flush
[2026-08-04T01:25:59.145Z] onEndTurn: naturalStop=false toolCalls=53 nudgeMsg=no
[2026-08-04T01:26:39.181Z] LiveUpdateForge: AfterToolExec flush
[2026-08-04T01:26:41.374Z] LiveUpdateForge: EndTurn fallback flush
[2026-08-04T01:26:41.374Z] onEndTurn: naturalStop=false toolCalls=54 nudgeMsg=no
[2026-08-04T01:26:41.405Z] LiveUpdateForge: AfterToolExec flush
[2026-08-04T01:26:45.174Z] LiveUpdateForge: EndTurn fallback flush
[2026-08-04T01:26:45.174Z] onEndTurn: naturalStop=false toolCalls=55 nudgeMsg=no
[2026-08-04T01:26:45.186Z] LiveUpdateForge: AfterToolExec flush
[2026-08-04T01:26:46.963Z] LiveUpdateForge: EndTurn fallback flush
[2026-08-04T01:26:46.964Z] onEndTurn: naturalStop=false toolCalls=56 nudgeMsg=no
[2026-08-04T01:26:47.077Z] LiveUpdateForge: AfterToolExec flush
[2026-08-04T01:26:49.280Z] LiveUpdateForge: EndTurn fallback flush
[2026-08-04T01:26:49.280Z] onEndTurn: naturalStop=false toolCalls=57 nudgeMsg=no
[2026-08-04T01:27:07.650Z] LiveUpdateForge: AfterToolExec flush
[2026-08-04T01:27:11.871Z] LiveUpdateForge: EndTurn fallback flush
[2026-08-04T01:27:11.871Z] onEndTurn: naturalStop=false toolCalls=58 nudgeMsg=no
[2026-08-04T01:27:12.321Z] LiveUpdateForge: AfterToolExec flush
[2026-08-04T01:27:23.541Z] LiveUpdateForge: EndTurn fallback flush
[2026-08-04T01:27:23.542Z] onEndTurn: naturalStop=false toolCalls=59 nudgeMsg=no
[2026-08-04T01:27:23.934Z] LiveUpdateForge: AfterToolExec flush
[2026-08-04T01:27:28.266Z] LiveUpdateForge: EndTurn fallback flush
[2026-08-04T01:27:28.266Z] onEndTurn: naturalStop=false toolCalls=60 nudgeMsg=no
[2026-08-04T01:27:28.692Z] LiveUpdateForge: AfterToolExec flush
[2026-08-04T01:27:32.138Z] LiveUpdateForge: EndTurn fallback flush
[2026-08-04T01:27:32.139Z] onEndTurn: naturalStop=false toolCalls=61 nudgeMsg=no
[2026-08-04T01:27:32.429Z] LiveUpdateForge: AfterToolExec flush
[2026-08-04T01:27:36.337Z] LiveUpdateForge: EndTurn fallback flush
[2026-08-04T01:27:36.337Z] onEndTurn: naturalStop=false toolCalls=62 nudgeMsg=no
[2026-08-04T01:27:36.729Z] LiveUpdateForge: AfterToolExec flush
[2026-08-04T01:27:40.514Z] LiveUpdateForge: EndTurn fallback flush
[2026-08-04T01:27:40.514Z] onEndTurn: naturalStop=false toolCalls=63 nudgeMsg=no
[2026-08-04T01:27:41.022Z] LiveUpdateForge: AfterToolExec flush
[2026-08-04T01:27:51.845Z] LiveUpdateForge: EndTurn fallback flush
[2026-08-04T01:27:51.845Z] onEndTurn: naturalStop=false toolCalls=64 nudgeMsg=no
[2026-08-04T01:27:51.852Z] LiveUpdateForge: AfterToolExec flush
[2026-08-04T01:27:54.496Z] LiveUpdateForge: EndTurn fallback flush
[2026-08-04T01:27:54.496Z] onEndTurn: naturalStop=false toolCalls=65 nudgeMsg=no
[2026-08-04T01:27:54.502Z] LiveUpdateForge: AfterToolExec flush
[2026-08-04T01:27:57.659Z] LiveUpdateForge: EndTurn fallback flush
[2026-08-04T01:27:57.660Z] onEndTurn: naturalStop=false toolCalls=66 nudgeMsg=no
[2026-08-04T01:27:57.761Z] LiveUpdateForge: AfterToolExec flush
[2026-08-04T01:27:59.649Z] LiveUpdateForge: EndTurn fallback flush
[2026-08-04T01:27:59.649Z] onEndTurn: naturalStop=false toolCalls=67 nudgeMsg=no
[2026-08-04T01:27:59.655Z] LiveUpdateForge: AfterToolExec flush
[2026-08-04T01:28:01.815Z] LiveUpdateForge: EndTurn fallback flush
[2026-08-04T01:28:01.815Z] onEndTurn: naturalStop=false toolCalls=68 nudgeMsg=no
[2026-08-04T01:28:01.833Z] LiveUpdateForge: AfterToolExec flush
[2026-08-04T01:28:04.336Z] LiveUpdateForge: EndTurn fallback flush
[2026-08-04T01:28:04.336Z] onEndTurn: naturalStop=false toolCalls=69 nudgeMsg=no
[2026-08-04T01:28:10.917Z] LiveUpdateForge: AfterToolExec flush
[2026-08-04T01:28:13.261Z] LiveUpdateForge: EndTurn fallback flush
[2026-08-04T01:28:13.262Z] onEndTurn: naturalStop=false toolCalls=70 nudgeMsg=no
[2026-08-04T01:28:13.292Z] LiveUpdateForge: AfterToolExec flush
[2026-08-04T01:28:18.469Z] LiveUpdateForge: EndTurn fallback flush
[2026-08-04T01:28:18.470Z] onEndTurn: naturalStop=true toolCalls=0 nudgeMsg=YES
[2026-08-04T01:28:25.758Z] LiveUpdateForge: EndTurn fallback flush
[2026-08-04T01:28:25.758Z] onEndTurn: naturalStop=false toolCalls=0 nudgeMsg=no
[2026-08-04T01:28:25.768Z] LiveUpdateForge: self-write on D:\Unity\E1\CODELY.md, baseline aligned
[2026-08-04T01:28:25.769Z] LiveUpdateForge: AfterToolExec flush
[2026-08-04T01:28:27.705Z] LiveUpdateForge: EndTurn fallback flush
[2026-08-04T01:28:27.705Z] onEndTurn: naturalStop=true toolCalls=0 nudgeMsg=no
[2026-08-04T01:42:49.994Z] MemoryForge: attached 5 listener(s)
[2026-08-04T01:42:49.995Z] InitialReadForge: armed one-shot BeforeSend after NewSessionStart
[2026-08-04T01:42:49.995Z] LiveUpdateForge: session reset, allowLiveUpdate = false
[2026-08-04T01:42:52.880Z] MemoryForge: attached 5 listener(s)
[2026-08-04T01:42:52.881Z] InitialReadForge: armed one-shot BeforeSend after NewSessionStart
[2026-08-04T01:42:52.881Z] LiveUpdateForge: session reset, allowLiveUpdate = false
[2026-08-04T01:45:47.168Z] LiveUpdateForge: allowLiveUpdate = true (first real BeforeSend)
[2026-08-04T01:45:47.168Z] InitialReadForge.onBeforeSend: START forge
[2026-08-04T01:45:47.215Z] recordForgedToolExchange: toolName=read_memory callId=forge-read-memory-initial
[2026-08-04T01:45:47.251Z] recordForgedToolExchange: recordMessage + recordToolCalls persisted
[2026-08-04T01:45:47.252Z] injectForgedHistory: role=user preview=""
[2026-08-04T01:45:47.271Z] injectForgedHistory: recordMessage persisted
[2026-08-04T01:45:47.271Z] InitialReadForge.onBeforeSend: injected functionResponse
[2026-08-04T01:45:47.271Z] commitUserHistoryPersist: preview="@CurrentContext{{{<startContext>D:/Unity/E1/Assets/Scenes/PreBattle.unity
<endCo"
[2026-08-04T01:45:47.295Z] commitUserHistoryPersist: recordMessage persisted
[2026-08-04T01:45:47.296Z] InitialReadForge.onBeforeSend: committed user message
[2026-08-04T01:45:47.299Z] InitialReadForge.onBeforeSend: baseline set for 2 raw + 2 provider file(s)
[2026-08-04T01:45:47.311Z] LiveUpdateForge: EndTurn fallback flush
[2026-08-04T01:45:47.311Z] onEndTurn: naturalStop=false toolCalls=0 nudgeMsg=no
[2026-08-04T01:45:47.319Z] LiveUpdateForge: EndTurn fallback flush
[2026-08-04T01:45:47.319Z] onEndTurn: naturalStop=false toolCalls=0 nudgeMsg=no
[2026-08-04T01:49:35.900Z] LiveUpdateForge: EndTurn fallback flush
[2026-08-04T01:49:35.901Z] onEndTurn: naturalStop=false toolCalls=0 nudgeMsg=no
[2026-08-04T01:51:23.969Z] LiveUpdateForge: AfterToolExec flush
[2026-08-04T01:51:42.337Z] LiveUpdateForge: EndTurn fallback flush
[2026-08-04T01:51:42.337Z] onEndTurn: naturalStop=false toolCalls=1 nudgeMsg=no
[2026-08-04T01:51:46.845Z] LiveUpdateForge: AfterToolExec flush
[2026-08-04T01:52:27.381Z] LiveUpdateForge: EndTurn fallback flush
[2026-08-04T01:52:27.382Z] onEndTurn: naturalStop=false toolCalls=2 nudgeMsg=no
[2026-08-04T01:52:29.921Z] LiveUpdateForge: AfterToolExec flush
[2026-08-04T01:53:13.932Z] LiveUpdateForge: EndTurn fallback flush
[2026-08-04T01:53:13.932Z] onEndTurn: naturalStop=false toolCalls=3 nudgeMsg=no
[2026-08-04T01:53:16.574Z] LiveUpdateForge: AfterToolExec flush
[2026-08-04T01:53:40.878Z] LiveUpdateForge: EndTurn fallback flush
[2026-08-04T01:53:40.878Z] onEndTurn: naturalStop=false toolCalls=4 nudgeMsg=no
[2026-08-04T01:57:49.780Z] LiveUpdateForge: AfterToolExec flush
[2026-08-04T01:57:59.437Z] LiveUpdateForge: EndTurn fallback flush
[2026-08-04T01:57:59.438Z] onEndTurn: naturalStop=false toolCalls=5 nudgeMsg=no
[2026-08-04T01:59:39.134Z] LiveUpdateForge: AfterToolExec flush
[2026-08-04T01:59:43.130Z] LiveUpdateForge: EndTurn fallback flush
[2026-08-04T01:59:43.131Z] onEndTurn: naturalStop=false toolCalls=6 nudgeMsg=no
[2026-08-04T01:59:48.143Z] LiveUpdateForge: EndTurn fallback flush
[2026-08-04T01:59:48.144Z] onEndTurn: naturalStop=false toolCalls=6 nudgeMsg=no
[2026-08-04T01:59:55.501Z] LiveUpdateForge: EndTurn fallback flush
[2026-08-04T01:59:55.501Z] onEndTurn: naturalStop=false toolCalls=6 nudgeMsg=no
[2026-08-04T02:00:13.727Z] LiveUpdateForge: AfterToolExec flush
[2026-08-04T02:00:20.251Z] LiveUpdateForge: EndTurn fallback flush
[2026-08-04T02:00:20.251Z] onEndTurn: naturalStop=true toolCalls=7 nudgeMsg=no
[2026-08-04T02:08:01.320Z] ResumeDiffForge: running checkResumeConsistency
[2026-08-04T02:08:01.321Z] checkResumeConsistency: forgedTimestamps=[]
[2026-08-04T02:08:01.328Z] checkResumeConsistency: no changes detected
[2026-08-04T02:08:01.328Z] LiveUpdateForge: session reset, allowLiveUpdate = false
[2026-08-04T02:08:01.329Z] NudgeForge: ResumeComplete — restoring count from history
[2026-08-04T02:08:01.329Z] restoreNudgeCountFromHistory: no reset point found, count=7
[2026-08-04T02:08:01.339Z] LiveUpdateForge: allowLiveUpdate = true (first real BeforeSend)
[2026-08-04T02:08:06.468Z] LiveUpdateForge: EndTurn fallback flush
[2026-08-04T02:08:06.468Z] onEndTurn: naturalStop=false toolCalls=7 nudgeMsg=no
[2026-08-04T02:08:11.596Z] LiveUpdateForge: EndTurn fallback flush
[2026-08-04T02:08:11.597Z] onEndTurn: naturalStop=false toolCalls=7 nudgeMsg=no
[2026-08-04T02:08:23.388Z] LiveUpdateForge: EndTurn fallback flush
[2026-08-04T02:08:23.389Z] onEndTurn: naturalStop=false toolCalls=7 nudgeMsg=no
[2026-08-04T02:08:23.580Z] LiveUpdateForge: AfterToolExec flush
[2026-08-04T02:08:28.673Z] LiveUpdateForge: EndTurn fallback flush
[2026-08-04T02:08:28.673Z] onEndTurn: naturalStop=false toolCalls=8 nudgeMsg=no
[2026-08-04T02:08:28.685Z] LiveUpdateForge: AfterToolExec flush
[2026-08-04T02:08:36.278Z] LiveUpdateForge: EndTurn fallback flush
[2026-08-04T02:08:36.278Z] onEndTurn: naturalStop=false toolCalls=9 nudgeMsg=no
[2026-08-04T02:08:38.356Z] LiveUpdateForge: AfterToolExec flush
[2026-08-04T02:08:43.483Z] LiveUpdateForge: EndTurn fallback flush
[2026-08-04T02:08:43.483Z] onEndTurn: naturalStop=false toolCalls=10 nudgeMsg=no
[2026-08-04T02:08:43.547Z] LiveUpdateForge: AfterToolExec flush
[2026-08-04T02:09:01.816Z] LiveUpdateForge: EndTurn fallback flush
[2026-08-04T02:09:01.816Z] onEndTurn: naturalStop=false toolCalls=11 nudgeMsg=no
[2026-08-04T02:09:01.918Z] LiveUpdateForge: AfterToolExec flush
[2026-08-04T02:09:06.884Z] LiveUpdateForge: EndTurn fallback flush
[2026-08-04T02:09:06.884Z] onEndTurn: naturalStop=false toolCalls=12 nudgeMsg=no
[2026-08-04T02:09:06.987Z] LiveUpdateForge: AfterToolExec flush
[2026-08-04T02:09:14.573Z] LiveUpdateForge: EndTurn fallback flush
[2026-08-04T02:09:14.574Z] onEndTurn: naturalStop=false toolCalls=13 nudgeMsg=no
[2026-08-04T02:09:14.652Z] LiveUpdateForge: AfterToolExec flush
[2026-08-04T02:09:35.488Z] LiveUpdateForge: EndTurn fallback flush
[2026-08-04T02:09:35.488Z] onEndTurn: naturalStop=false toolCalls=14 nudgeMsg=no
[2026-08-04T02:09:35.535Z] LiveUpdateForge: AfterToolExec flush
[2026-08-04T02:09:49.415Z] LiveUpdateForge: EndTurn fallback flush
[2026-08-04T02:09:49.415Z] onEndTurn: naturalStop=false toolCalls=15 nudgeMsg=no
[2026-08-04T02:09:49.485Z] LiveUpdateForge: AfterToolExec flush
[2026-08-04T02:09:56.244Z] LiveUpdateForge: EndTurn fallback flush
[2026-08-04T02:09:56.244Z] onEndTurn: naturalStop=false toolCalls=16 nudgeMsg=no
[2026-08-04T02:09:56.317Z] LiveUpdateForge: AfterToolExec flush
[2026-08-04T02:10:08.120Z] LiveUpdateForge: EndTurn fallback flush
[2026-08-04T02:10:08.121Z] onEndTurn: naturalStop=false toolCalls=17 nudgeMsg=no
[2026-08-04T02:10:08.245Z] LiveUpdateForge: AfterToolExec flush
[2026-08-04T02:10:13.222Z] LiveUpdateForge: EndTurn fallback flush
[2026-08-04T02:10:13.222Z] onEndTurn: naturalStop=false toolCalls=18 nudgeMsg=no
[2026-08-04T02:10:13.284Z] LiveUpdateForge: AfterToolExec flush
[2026-08-04T02:10:27.048Z] LiveUpdateForge: EndTurn fallback flush
[2026-08-04T02:10:27.048Z] onEndTurn: naturalStop=false toolCalls=19 nudgeMsg=no
[2026-08-04T02:10:27.114Z] LiveUpdateForge: AfterToolExec flush
[2026-08-04T02:10:58.960Z] LiveUpdateForge: EndTurn fallback flush
[2026-08-04T02:10:58.960Z] onEndTurn: naturalStop=false toolCalls=20 nudgeMsg=no
[2026-08-04T02:11:02.021Z] LiveUpdateForge: AfterToolExec flush
[2026-08-04T02:11:10.246Z] LiveUpdateForge: EndTurn fallback flush
[2026-08-04T02:11:10.246Z] onEndTurn: naturalStop=false toolCalls=21 nudgeMsg=no
[2026-08-04T02:11:10.350Z] LiveUpdateForge: AfterToolExec flush
[2026-08-04T02:11:17.144Z] LiveUpdateForge: EndTurn fallback flush
[2026-08-04T02:11:17.144Z] onEndTurn: naturalStop=false toolCalls=22 nudgeMsg=no
[2026-08-04T02:11:17.151Z] LiveUpdateForge: AfterToolExec flush
[2026-08-04T02:11:29.106Z] LiveUpdateForge: EndTurn fallback flush
[2026-08-04T02:11:29.107Z] onEndTurn: naturalStop=false toolCalls=23 nudgeMsg=no
[2026-08-04T02:11:29.284Z] LiveUpdateForge: AfterToolExec flush
[2026-08-04T02:11:37.639Z] LiveUpdateForge: EndTurn fallback flush
[2026-08-04T02:11:37.640Z] onEndTurn: naturalStop=false toolCalls=24 nudgeMsg=no
[2026-08-04T02:12:23.254Z] LiveUpdateForge: AfterToolExec flush
[2026-08-04T02:12:31.695Z] LiveUpdateForge: EndTurn fallback flush
[2026-08-04T02:12:31.695Z] onEndTurn: naturalStop=true toolCalls=25 nudgeMsg=no
[2026-08-04T02:15:10.111Z] ResumeDiffForge: running checkResumeConsistency
[2026-08-04T02:15:10.112Z] checkResumeConsistency: forgedTimestamps=[]
[2026-08-04T02:15:10.118Z] checkResumeConsistency: no changes detected
[2026-08-04T02:15:10.119Z] LiveUpdateForge: session reset, allowLiveUpdate = false
[2026-08-04T02:15:10.119Z] NudgeForge: ResumeComplete — restoring count from history
[2026-08-04T02:15:10.119Z] restoreNudgeCountFromHistory: no reset point found, count=25
[2026-08-04T02:15:10.127Z] LiveUpdateForge: allowLiveUpdate = true (first real BeforeSend)
[2026-08-04T02:15:39.622Z] LiveUpdateForge: EndTurn fallback flush
[2026-08-04T02:15:39.623Z] onEndTurn: naturalStop=false toolCalls=25 nudgeMsg=no
[2026-08-04T02:15:40.204Z] LiveUpdateForge: AfterToolExec flush
[2026-08-04T02:15:49.941Z] LiveUpdateForge: EndTurn fallback flush
[2026-08-04T02:15:49.941Z] onEndTurn: naturalStop=true toolCalls=26 nudgeMsg=no
[2026-08-04T02:22:57.212Z] ResumeDiffForge: running checkResumeConsistency
[2026-08-04T02:22:57.212Z] checkResumeConsistency: forgedTimestamps=[]
[2026-08-04T02:22:57.218Z] checkResumeConsistency: no changes detected
[2026-08-04T02:22:57.218Z] LiveUpdateForge: session reset, allowLiveUpdate = false
[2026-08-04T02:22:57.219Z] NudgeForge: ResumeComplete — restoring count from history
[2026-08-04T02:22:57.219Z] restoreNudgeCountFromHistory: no reset point found, count=26
[2026-08-04T02:22:57.228Z] LiveUpdateForge: allowLiveUpdate = true (first real BeforeSend)
[2026-08-04T02:23:02.358Z] LiveUpdateForge: EndTurn fallback flush
[2026-08-04T02:23:02.358Z] onEndTurn: naturalStop=false toolCalls=26 nudgeMsg=no
[2026-08-04T02:23:17.309Z] LiveUpdateForge: EndTurn fallback flush
[2026-08-04T02:23:17.310Z] onEndTurn: naturalStop=false toolCalls=26 nudgeMsg=no
[2026-08-04T02:23:17.385Z] LiveUpdateForge: AfterToolExec flush
[2026-08-04T02:23:25.492Z] LiveUpdateForge: EndTurn fallback flush
[2026-08-04T02:23:25.492Z] onEndTurn: naturalStop=false toolCalls=27 nudgeMsg=no
[2026-08-04T02:23:25.495Z] LiveUpdateForge: AfterToolExec flush
[2026-08-04T02:23:47.991Z] LiveUpdateForge: EndTurn fallback flush
[2026-08-04T02:23:47.991Z] onEndTurn: naturalStop=false toolCalls=28 nudgeMsg=no
[2026-08-04T02:23:47.998Z] LiveUpdateForge: AfterToolExec flush
[2026-08-04T02:23:54.805Z] LiveUpdateForge: EndTurn fallback flush
[2026-08-04T02:23:54.806Z] onEndTurn: naturalStop=false toolCalls=29 nudgeMsg=no
[2026-08-04T02:23:54.808Z] LiveUpdateForge: AfterToolExec flush
[2026-08-04T02:25:00.897Z] LiveUpdateForge: EndTurn fallback flush
[2026-08-04T02:25:00.897Z] onEndTurn: naturalStop=false toolCalls=30 nudgeMsg=no
[2026-08-04T02:25:00.907Z] LiveUpdateForge: AfterToolExec flush
[2026-08-04T02:25:08.839Z] LiveUpdateForge: EndTurn fallback flush
[2026-08-04T02:25:08.839Z] onEndTurn: naturalStop=false toolCalls=31 nudgeMsg=no
[2026-08-04T02:25:08.846Z] LiveUpdateForge: AfterToolExec flush
[2026-08-04T02:25:37.447Z] LiveUpdateForge: EndTurn fallback flush
[2026-08-04T02:25:37.448Z] onEndTurn: naturalStop=false toolCalls=32 nudgeMsg=no
[2026-08-04T02:25:37.533Z] LiveUpdateForge: AfterToolExec flush
[2026-08-04T02:25:43.843Z] LiveUpdateForge: EndTurn fallback flush
[2026-08-04T02:25:43.844Z] onEndTurn: naturalStop=false toolCalls=33 nudgeMsg=no
[2026-08-04T02:25:43.848Z] LiveUpdateForge: AfterToolExec flush
[2026-08-04T02:27:25.922Z] LiveUpdateForge: EndTurn fallback flush
[2026-08-04T02:27:25.922Z] onEndTurn: naturalStop=false toolCalls=34 nudgeMsg=no
[2026-08-04T02:27:26.003Z] LiveUpdateForge: AfterToolExec flush
[2026-08-04T02:27:39.512Z] LiveUpdateForge: EndTurn fallback flush
[2026-08-04T02:27:39.512Z] onEndTurn: naturalStop=false toolCalls=35 nudgeMsg=no
[2026-08-04T02:27:39.579Z] LiveUpdateForge: AfterToolExec flush
[2026-08-04T02:28:06.446Z] LiveUpdateForge: EndTurn fallback flush
[2026-08-04T02:28:06.446Z] onEndTurn: naturalStop=false toolCalls=36 nudgeMsg=no
[2026-08-04T02:28:06.462Z] LiveUpdateForge: AfterToolExec flush
[2026-08-04T02:28:14.325Z] LiveUpdateForge: EndTurn fallback flush
[2026-08-04T02:28:14.325Z] onEndTurn: naturalStop=false toolCalls=37 nudgeMsg=no
[2026-08-04T02:28:14.391Z] LiveUpdateForge: AfterToolExec flush
[2026-08-04T02:28:31.018Z] LiveUpdateForge: EndTurn fallback flush
[2026-08-04T02:28:31.018Z] onEndTurn: naturalStop=false toolCalls=38 nudgeMsg=no
[2026-08-04T02:28:31.112Z] LiveUpdateForge: AfterToolExec flush
[2026-08-04T02:29:02.999Z] LiveUpdateForge: EndTurn fallback flush
[2026-08-04T02:29:02.999Z] onEndTurn: naturalStop=false toolCalls=39 nudgeMsg=no
[2026-08-04T02:29:03.069Z] LiveUpdateForge: AfterToolExec flush
[2026-08-04T02:30:25.338Z] LiveUpdateForge: EndTurn fallback flush
[2026-08-04T02:30:25.339Z] onEndTurn: naturalStop=false toolCalls=40 nudgeMsg=no
[2026-08-04T02:30:25.398Z] LiveUpdateForge: AfterToolExec flush
[2026-08-04T02:30:41.761Z] LiveUpdateForge: EndTurn fallback flush
[2026-08-04T02:30:41.761Z] onEndTurn: naturalStop=false toolCalls=41 nudgeMsg=no
[2026-08-04T02:30:43.778Z] LiveUpdateForge: AfterToolExec flush
[2026-08-04T02:31:15.687Z] LiveUpdateForge: EndTurn fallback flush
[2026-08-04T02:31:15.688Z] onEndTurn: naturalStop=false toolCalls=42 nudgeMsg=no
[2026-08-04T02:31:15.752Z] LiveUpdateForge: AfterToolExec flush
[2026-08-04T02:32:57.693Z] LiveUpdateForge: EndTurn fallback flush
[2026-08-04T02:32:57.693Z] onEndTurn: naturalStop=false toolCalls=43 nudgeMsg=no
[2026-08-04T02:32:57.764Z] LiveUpdateForge: AfterToolExec flush
[2026-08-04T02:33:03.528Z] LiveUpdateForge: EndTurn fallback flush
[2026-08-04T02:33:03.528Z] onEndTurn: naturalStop=false toolCalls=44 nudgeMsg=no
[2026-08-04T02:33:03.537Z] LiveUpdateForge: AfterToolExec flush
[2026-08-04T02:33:10.160Z] LiveUpdateForge: EndTurn fallback flush
[2026-08-04T02:33:10.160Z] onEndTurn: naturalStop=false toolCalls=45 nudgeMsg=no
[2026-08-04T02:33:10.234Z] LiveUpdateForge: AfterToolExec flush
[2026-08-04T02:33:19.504Z] LiveUpdateForge: EndTurn fallback flush
[2026-08-04T02:33:19.505Z] onEndTurn: naturalStop=false toolCalls=46 nudgeMsg=no
[2026-08-04T02:33:19.514Z] LiveUpdateForge: AfterToolExec flush
[2026-08-04T02:33:38.274Z] LiveUpdateForge: EndTurn fallback flush
[2026-08-04T02:33:38.274Z] onEndTurn: naturalStop=false toolCalls=47 nudgeMsg=no
[2026-08-04T02:33:38.285Z] LiveUpdateForge: AfterToolExec flush
[2026-08-04T02:33:47.921Z] LiveUpdateForge: EndTurn fallback flush
[2026-08-04T02:33:47.921Z] onEndTurn: naturalStop=false toolCalls=48 nudgeMsg=no
[2026-08-04T02:33:47.930Z] LiveUpdateForge: AfterToolExec flush
[2026-08-04T02:33:56.279Z] LiveUpdateForge: EndTurn fallback flush
[2026-08-04T02:33:56.279Z] onEndTurn: naturalStop=false toolCalls=49 nudgeMsg=no
[2026-08-04T02:33:56.361Z] LiveUpdateForge: AfterToolExec flush
[2026-08-04T02:34:03.138Z] LiveUpdateForge: EndTurn fallback flush
[2026-08-04T02:34:03.138Z] onEndTurn: naturalStop=false toolCalls=50 nudgeMsg=no
[2026-08-04T02:34:03.147Z] LiveUpdateForge: AfterToolExec flush
[2026-08-04T02:34:11.923Z] LiveUpdateForge: EndTurn fallback flush
[2026-08-04T02:34:11.923Z] onEndTurn: naturalStop=false toolCalls=51 nudgeMsg=no
[2026-08-04T02:34:11.983Z] LiveUpdateForge: AfterToolExec flush
[2026-08-04T02:34:19.465Z] LiveUpdateForge: EndTurn fallback flush
[2026-08-04T02:34:19.465Z] onEndTurn: naturalStop=false toolCalls=52 nudgeMsg=no
[2026-08-04T02:34:19.473Z] LiveUpdateForge: AfterToolExec flush
[2026-08-04T02:35:25.238Z] LiveUpdateForge: EndTurn fallback flush
[2026-08-04T02:35:25.238Z] onEndTurn: naturalStop=false toolCalls=53 nudgeMsg=no
[2026-08-04T02:35:25.250Z] LiveUpdateForge: AfterToolExec flush
[2026-08-04T02:35:30.427Z] LiveUpdateForge: EndTurn fallback flush
[2026-08-04T02:35:30.427Z] onEndTurn: naturalStop=false toolCalls=54 nudgeMsg=no
[2026-08-04T02:35:37.567Z] LiveUpdateForge: EndTurn fallback flush
[2026-08-04T02:35:37.567Z] onEndTurn: naturalStop=false toolCalls=54 nudgeMsg=no
[2026-08-04T02:35:37.578Z] LiveUpdateForge: AfterToolExec flush
[2026-08-04T02:36:12.664Z] LiveUpdateForge: EndTurn fallback flush
[2026-08-04T02:36:12.664Z] onEndTurn: naturalStop=false toolCalls=55 nudgeMsg=no
[2026-08-04T02:36:12.734Z] LiveUpdateForge: AfterToolExec flush
[2026-08-04T02:36:19.090Z] LiveUpdateForge: EndTurn fallback flush
[2026-08-04T02:36:19.090Z] onEndTurn: naturalStop=false toolCalls=56 nudgeMsg=no
[2026-08-04T02:36:19.100Z] LiveUpdateForge: AfterToolExec flush
[2026-08-04T02:37:29.208Z] LiveUpdateForge: EndTurn fallback flush
[2026-08-04T02:37:29.209Z] onEndTurn: naturalStop=false toolCalls=57 nudgeMsg=no
[2026-08-04T02:37:29.276Z] LiveUpdateForge: AfterToolExec flush
[2026-08-04T02:37:37.983Z] LiveUpdateForge: EndTurn fallback flush
[2026-08-04T02:37:37.983Z] onEndTurn: naturalStop=false toolCalls=58 nudgeMsg=no
[2026-08-04T02:37:37.996Z] LiveUpdateForge: AfterToolExec flush
[2026-08-04T02:37:45.894Z] LiveUpdateForge: EndTurn fallback flush
[2026-08-04T02:37:45.895Z] onEndTurn: naturalStop=false toolCalls=59 nudgeMsg=no
[2026-08-04T02:37:45.905Z] LiveUpdateForge: AfterToolExec flush
[2026-08-04T02:37:57.180Z] LiveUpdateForge: EndTurn fallback flush
[2026-08-04T02:37:57.181Z] onEndTurn: naturalStop=false toolCalls=60 nudgeMsg=no
[2026-08-04T02:37:57.193Z] LiveUpdateForge: AfterToolExec flush
[2026-08-04T02:38:31.570Z] LiveUpdateForge: EndTurn fallback flush
[2026-08-04T02:38:31.570Z] onEndTurn: naturalStop=false toolCalls=61 nudgeMsg=no
[2026-08-04T02:38:31.760Z] LiveUpdateForge: AfterToolExec flush
[2026-08-04T02:38:37.326Z] LiveUpdateForge: EndTurn fallback flush
[2026-08-04T02:38:37.326Z] onEndTurn: naturalStop=false toolCalls=62 nudgeMsg=no
[2026-08-04T02:38:37.397Z] LiveUpdateForge: AfterToolExec flush
[2026-08-04T02:38:42.521Z] LiveUpdateForge: EndTurn fallback flush
[2026-08-04T02:38:42.521Z] onEndTurn: naturalStop=false toolCalls=63 nudgeMsg=no
[2026-08-04T02:38:55.025Z] LiveUpdateForge: AfterToolExec flush
[2026-08-04T02:39:04.610Z] LiveUpdateForge: EndTurn fallback flush
[2026-08-04T02:39:04.611Z] onEndTurn: naturalStop=false toolCalls=64 nudgeMsg=no
[2026-08-04T02:39:04.642Z] LiveUpdateForge: AfterToolExec flush
[2026-08-04T02:39:14.704Z] LiveUpdateForge: EndTurn fallback flush
[2026-08-04T02:39:14.704Z] onEndTurn: naturalStop=true toolCalls=0 nudgeMsg=YES
[2026-08-04T02:39:38.875Z] LiveUpdateForge: EndTurn fallback flush
[2026-08-04T02:39:38.875Z] onEndTurn: naturalStop=true toolCalls=0 nudgeMsg=no
[2026-08-04T02:44:45.318Z] ResumeDiffForge: running checkResumeConsistency
[2026-08-04T02:44:45.318Z] checkResumeConsistency: forgedTimestamps=[]
[2026-08-04T02:44:45.326Z] checkResumeConsistency: no changes detected
[2026-08-04T02:44:45.326Z] LiveUpdateForge: session reset, allowLiveUpdate = false
[2026-08-04T02:44:45.327Z] NudgeForge: ResumeComplete — restoring count from history
[2026-08-04T02:44:45.327Z] restoreNudgeCountFromHistory: found nudge message at idx=146 count=0
[2026-08-04T02:44:45.347Z] LiveUpdateForge: allowLiveUpdate = true (first real BeforeSend)
[2026-08-04T02:49:21.855Z] LiveUpdateForge: EndTurn fallback flush
[2026-08-04T02:49:21.856Z] onEndTurn: naturalStop=false toolCalls=0 nudgeMsg=no
[2026-08-04T02:49:21.948Z] LiveUpdateForge: AfterToolExec flush
[2026-08-04T02:49:34.106Z] LiveUpdateForge: EndTurn fallback flush
[2026-08-04T02:49:34.106Z] onEndTurn: naturalStop=false toolCalls=1 nudgeMsg=no
[2026-08-04T02:49:34.183Z] LiveUpdateForge: AfterToolExec flush
[2026-08-04T02:49:44.408Z] LiveUpdateForge: EndTurn fallback flush
[2026-08-04T02:49:44.408Z] onEndTurn: naturalStop=false toolCalls=2 nudgeMsg=no
[2026-08-04T02:49:44.424Z] LiveUpdateForge: AfterToolExec flush
[2026-08-04T02:49:51.128Z] LiveUpdateForge: EndTurn fallback flush
[2026-08-04T02:49:51.128Z] onEndTurn: naturalStop=false toolCalls=3 nudgeMsg=no
[2026-08-04T02:49:51.249Z] LiveUpdateForge: AfterToolExec flush
[2026-08-04T02:49:58.555Z] LiveUpdateForge: EndTurn fallback flush
[2026-08-04T02:49:58.555Z] onEndTurn: naturalStop=false toolCalls=4 nudgeMsg=no
[2026-08-04T02:49:58.647Z] LiveUpdateForge: AfterToolExec flush
[2026-08-04T02:50:07.306Z] LiveUpdateForge: EndTurn fallback flush
[2026-08-04T02:50:07.306Z] onEndTurn: naturalStop=false toolCalls=5 nudgeMsg=no
[2026-08-04T02:50:07.386Z] LiveUpdateForge: AfterToolExec flush
[2026-08-04T02:50:15.929Z] LiveUpdateForge: EndTurn fallback flush
[2026-08-04T02:50:15.930Z] onEndTurn: naturalStop=false toolCalls=6 nudgeMsg=no
[2026-08-04T02:50:16.009Z] LiveUpdateForge: AfterToolExec flush
[2026-08-04T02:50:24.252Z] LiveUpdateForge: EndTurn fallback flush
[2026-08-04T02:50:24.253Z] onEndTurn: naturalStop=false toolCalls=7 nudgeMsg=no
[2026-08-04T02:50:24.262Z] LiveUpdateForge: AfterToolExec flush
[2026-08-04T02:51:25.315Z] LiveUpdateForge: EndTurn fallback flush
[2026-08-04T02:51:25.315Z] onEndTurn: naturalStop=false toolCalls=8 nudgeMsg=no
[2026-08-04T02:51:25.504Z] LiveUpdateForge: AfterToolExec flush
[2026-08-04T02:51:34.250Z] LiveUpdateForge: EndTurn fallback flush
[2026-08-04T02:51:34.250Z] onEndTurn: naturalStop=false toolCalls=9 nudgeMsg=no
[2026-08-04T02:51:43.637Z] LiveUpdateForge: AfterToolExec flush
[2026-08-04T02:51:49.822Z] LiveUpdateForge: EndTurn fallback flush
[2026-08-04T02:51:49.823Z] onEndTurn: naturalStop=false toolCalls=10 nudgeMsg=no
[2026-08-04T02:51:49.849Z] LiveUpdateForge: AfterToolExec flush
[2026-08-04T02:52:00.025Z] LiveUpdateForge: EndTurn fallback flush
[2026-08-04T02:52:00.025Z] onEndTurn: naturalStop=true toolCalls=11 nudgeMsg=no
[2026-08-04T03:00:29.910Z] ResumeDiffForge: running checkResumeConsistency
[2026-08-04T03:00:29.910Z] checkResumeConsistency: forgedTimestamps=[]
[2026-08-04T03:00:29.915Z] checkResumeConsistency: no changes detected
[2026-08-04T03:00:29.915Z] LiveUpdateForge: session reset, allowLiveUpdate = false
[2026-08-04T03:00:29.916Z] NudgeForge: ResumeComplete — restoring count from history
[2026-08-04T03:00:29.916Z] restoreNudgeCountFromHistory: found nudge message at idx=146 count=11
[2026-08-04T03:00:29.928Z] LiveUpdateForge: allowLiveUpdate = true (first real BeforeSend)
[2026-08-04T03:00:35.068Z] LiveUpdateForge: EndTurn fallback flush
[2026-08-04T03:00:35.068Z] onEndTurn: naturalStop=false toolCalls=11 nudgeMsg=no
[2026-08-04T03:00:40.224Z] LiveUpdateForge: EndTurn fallback flush
[2026-08-04T03:00:40.225Z] onEndTurn: naturalStop=false toolCalls=11 nudgeMsg=no
[2026-08-04T03:01:50.123Z] LiveUpdateForge: EndTurn fallback flush
[2026-08-04T03:01:50.123Z] onEndTurn: naturalStop=false toolCalls=11 nudgeMsg=no
[2026-08-04T03:01:55.280Z] LiveUpdateForge: EndTurn fallback flush
[2026-08-04T03:01:55.280Z] onEndTurn: naturalStop=false toolCalls=11 nudgeMsg=no
[2026-08-04T03:02:11.680Z] LiveUpdateForge: EndTurn fallback flush
[2026-08-04T03:02:11.680Z] onEndTurn: naturalStop=false toolCalls=11 nudgeMsg=no
[2026-08-04T03:02:13.707Z] LiveUpdateForge: AfterToolExec flush
[2026-08-04T03:02:27.907Z] LiveUpdateForge: EndTurn fallback flush
[2026-08-04T03:02:27.907Z] onEndTurn: naturalStop=false toolCalls=12 nudgeMsg=no
[2026-08-04T03:22:30.343Z] LiveUpdateForge: AfterToolExec flush
[2026-08-04T03:23:38.918Z] LiveUpdateForge: EndTurn fallback flush
[2026-08-04T03:23:38.918Z] onEndTurn: naturalStop=true toolCalls=24 nudgeMsg=no
[2026-08-04T03:48:42.652Z] MemoryForge: attached 5 listener(s)
[2026-08-04T03:48:42.653Z] InitialReadForge: armed one-shot BeforeSend after NewSessionStart
[2026-08-04T03:48:42.653Z] LiveUpdateForge: session reset, allowLiveUpdate = false
[2026-08-04T03:48:42.787Z] LiveUpdateForge: session reset, allowLiveUpdate = false
[2026-08-04T03:48:42.794Z] ResumeDiffForge: running checkResumeConsistency
[2026-08-04T03:48:42.795Z] checkResumeConsistency: forgedTimestamps=[]
[2026-08-04T03:48:42.801Z] checkResumeConsistency: no changes detected
[2026-08-04T03:48:42.801Z] LiveUpdateForge: session reset, allowLiveUpdate = false
[2026-08-04T03:48:42.801Z] NudgeForge: ResumeComplete — restoring count from history
[2026-08-04T03:48:42.802Z] restoreNudgeCountFromHistory: found nudge message at idx=146 count=24
[2026-08-04T03:49:47.311Z] MemoryForge: attached 5 listener(s)
[2026-08-04T03:49:47.311Z] InitialReadForge: armed one-shot BeforeSend after NewSessionStart
[2026-08-04T03:49:47.311Z] LiveUpdateForge: session reset, allowLiveUpdate = false
[2026-08-04T03:49:47.417Z] LiveUpdateForge: session reset, allowLiveUpdate = false
[2026-08-04T03:49:47.436Z] ResumeDiffForge: running checkResumeConsistency
[2026-08-04T03:49:47.437Z] checkResumeConsistency: forgedTimestamps=[]
[2026-08-04T03:49:47.443Z] checkResumeConsistency: no changes detected
[2026-08-04T03:49:47.443Z] LiveUpdateForge: session reset, allowLiveUpdate = false
[2026-08-04T03:49:47.443Z] NudgeForge: ResumeComplete — restoring count from history
[2026-08-04T03:49:47.444Z] restoreNudgeCountFromHistory: found nudge message at idx=146 count=24
[2026-08-04T03:49:48.205Z] ResumeDiffForge: running checkResumeConsistency
[2026-08-04T03:49:48.206Z] checkResumeConsistency: forgedTimestamps=[]
[2026-08-04T03:49:48.213Z] checkResumeConsistency: no changes detected
[2026-08-04T03:49:48.213Z] LiveUpdateForge: session reset, allowLiveUpdate = false
[2026-08-04T03:49:48.213Z] NudgeForge: ResumeComplete — restoring count from history
[2026-08-04T03:49:48.214Z] restoreNudgeCountFromHistory: found nudge message at idx=146 count=24
[2026-08-04T03:49:48.326Z] ResumeDiffForge: running checkResumeConsistency
[2026-08-04T03:49:48.326Z] checkResumeConsistency: forgedTimestamps=[]
[2026-08-04T03:49:48.333Z] checkResumeConsistency: no changes detected
[2026-08-04T03:49:48.334Z] LiveUpdateForge: session reset, allowLiveUpdate = false
[2026-08-04T03:49:48.334Z] NudgeForge: ResumeComplete — restoring count from history
[2026-08-04T03:49:48.335Z] restoreNudgeCountFromHistory: found nudge message at idx=146 count=24
[2026-08-04T03:49:49.829Z] MemoryForge: attached 5 listener(s)
[2026-08-04T03:49:49.830Z] InitialReadForge: armed one-shot BeforeSend after NewSessionStart
[2026-08-04T03:49:49.830Z] LiveUpdateForge: session reset, allowLiveUpdate = false
[2026-08-04T03:49:49.833Z] MemoryForge: detached all listeners
[2026-08-04T03:49:49.833Z] ResumeDiffForge: running checkResumeConsistency
[2026-08-04T03:49:49.834Z] checkResumeConsistency: forgedTimestamps=[]
[2026-08-04T03:49:49.908Z] checkResumeConsistency: no changes detected
[2026-08-04T03:49:49.909Z] LiveUpdateForge: session reset, allowLiveUpdate = false
[2026-08-04T03:49:49.909Z] NudgeForge: ResumeComplete — restoring count from history
[2026-08-04T03:49:49.909Z] restoreNudgeCountFromHistory: found nudge message at idx=146 count=24
[2026-08-04T03:49:49.927Z] LiveUpdateForge: allowLiveUpdate = true (first real BeforeSend)
[2026-08-04T03:49:49.928Z] InitialReadForge.onBeforeSend: SKIP (fr=false syn=false hasRead=true)
[2026-08-04T03:50:03.466Z] ResumeDiffForge: running checkResumeConsistency
[2026-08-04T03:50:03.466Z] checkResumeConsistency: forgedTimestamps=[]
[2026-08-04T03:50:03.474Z] checkResumeConsistency: no changes detected
[2026-08-04T03:50:03.475Z] LiveUpdateForge: session reset, allowLiveUpdate = false
[2026-08-04T03:50:03.475Z] NudgeForge: ResumeComplete — restoring count from history
[2026-08-04T03:50:03.475Z] restoreNudgeCountFromHistory: found nudge message at idx=146 count=24
[2026-08-04T03:50:03.488Z] LiveUpdateForge: allowLiveUpdate = true (first real BeforeSend)
[2026-08-04T03:50:03.488Z] InitialReadForge.onBeforeSend: SKIP (fr=false syn=false hasRead=true)
[2026-08-04T03:50:23.791Z] LiveUpdateForge: EndTurn fallback flush
[2026-08-04T03:50:23.791Z] onEndTurn: naturalStop=false toolCalls=24 nudgeMsg=no
[2026-08-04T03:50:23.934Z] LiveUpdateForge: AfterToolExec flush
[2026-08-04T03:50:24.014Z] InitialReadForge.onBeforeSend: SKIP (fr=true syn=false hasRead=true)
[2026-08-04T03:50:32.552Z] LiveUpdateForge: EndTurn fallback flush
[2026-08-04T03:50:32.552Z] onEndTurn: naturalStop=false toolCalls=25 nudgeMsg=no
[2026-08-04T03:50:32.562Z] LiveUpdateForge: AfterToolExec flush
[2026-08-04T03:50:32.637Z] InitialReadForge.onBeforeSend: SKIP (fr=true syn=false hasRead=true)
[2026-08-04T03:50:46.317Z] LiveUpdateForge: EndTurn fallback flush
[2026-08-04T03:50:46.317Z] onEndTurn: naturalStop=false toolCalls=26 nudgeMsg=no
[2026-08-04T03:50:46.385Z] LiveUpdateForge: AfterToolExec flush
[2026-08-04T03:50:46.460Z] InitialReadForge.onBeforeSend: SKIP (fr=true syn=false hasRead=true)
[2026-08-04T03:50:55.072Z] LiveUpdateForge: EndTurn fallback flush
[2026-08-04T03:50:55.072Z] onEndTurn: naturalStop=false toolCalls=27 nudgeMsg=no
[2026-08-04T03:50:55.148Z] LiveUpdateForge: AfterToolExec flush
[2026-08-04T03:50:55.220Z] InitialReadForge.onBeforeSend: SKIP (fr=true syn=false hasRead=true)
[2026-08-04T03:51:06.830Z] LiveUpdateForge: EndTurn fallback flush
[2026-08-04T03:51:06.830Z] onEndTurn: naturalStop=false toolCalls=28 nudgeMsg=no
[2026-08-04T03:51:06.837Z] LiveUpdateForge: AfterToolExec flush
[2026-08-04T03:51:06.908Z] InitialReadForge.onBeforeSend: SKIP (fr=true syn=false hasRead=true)
[2026-08-04T03:51:18.619Z] LiveUpdateForge: EndTurn fallback flush
[2026-08-04T03:51:18.620Z] onEndTurn: naturalStop=false toolCalls=29 nudgeMsg=no
[2026-08-04T03:52:35.061Z] LiveUpdateForge: AfterToolExec flush
[2026-08-04T03:52:35.163Z] InitialReadForge.onBeforeSend: SKIP (fr=true syn=false hasRead=true)
[2026-08-04T03:52:43.128Z] LiveUpdateForge: EndTurn fallback flush
[2026-08-04T03:52:43.128Z] onEndTurn: naturalStop=false toolCalls=30 nudgeMsg=no
[2026-08-04T03:52:43.150Z] LiveUpdateForge: AfterToolExec flush
[2026-08-04T03:52:43.244Z] InitialReadForge.onBeforeSend: SKIP (fr=true syn=false hasRead=true)
[2026-08-04T03:52:50.860Z] LiveUpdateForge: EndTurn fallback flush
[2026-08-04T03:52:50.861Z] onEndTurn: naturalStop=false toolCalls=31 nudgeMsg=no
[2026-08-04T03:52:50.873Z] LiveUpdateForge: AfterToolExec flush
[2026-08-04T03:52:50.970Z] InitialReadForge.onBeforeSend: SKIP (fr=true syn=false hasRead=true)
[2026-08-04T03:53:09.044Z] LiveUpdateForge: EndTurn fallback flush
[2026-08-04T03:53:09.044Z] onEndTurn: naturalStop=false toolCalls=32 nudgeMsg=no
[2026-08-04T03:53:12.250Z] LiveUpdateForge: AfterToolExec flush
[2026-08-04T03:53:12.336Z] InitialReadForge.onBeforeSend: SKIP (fr=true syn=false hasRead=true)
[2026-08-04T03:53:36.090Z] LiveUpdateForge: EndTurn fallback flush
[2026-08-04T03:53:36.091Z] onEndTurn: naturalStop=false toolCalls=33 nudgeMsg=no
[2026-08-04T03:53:36.449Z] LiveUpdateForge: AfterToolExec flush
[2026-08-04T03:53:36.538Z] InitialReadForge.onBeforeSend: SKIP (fr=true syn=false hasRead=true)
[2026-08-04T03:53:45.037Z] LiveUpdateForge: EndTurn fallback flush
[2026-08-04T03:53:45.038Z] onEndTurn: naturalStop=true toolCalls=34 nudgeMsg=no
[2026-08-04T04:02:20.958Z] MemoryForge: attached 5 listener(s)
[2026-08-04T04:02:20.958Z] InitialReadForge: armed one-shot BeforeSend after NewSessionStart
[2026-08-04T04:02:20.958Z] LiveUpdateForge: session reset, allowLiveUpdate = false
[2026-08-04T04:02:21.092Z] LiveUpdateForge: session reset, allowLiveUpdate = false
[2026-08-04T04:02:21.101Z] ResumeDiffForge: running checkResumeConsistency
[2026-08-04T04:02:21.102Z] checkResumeConsistency: forgedTimestamps=[]
[2026-08-04T04:02:21.106Z] checkResumeConsistency: no changes detected
[2026-08-04T04:02:21.106Z] LiveUpdateForge: session reset, allowLiveUpdate = false
[2026-08-04T04:02:21.107Z] NudgeForge: ResumeComplete — restoring count from history
[2026-08-04T04:02:21.107Z] restoreNudgeCountFromHistory: found nudge message at idx=146 count=34
[2026-08-04T04:02:23.362Z] ResumeDiffForge: running checkResumeConsistency
[2026-08-04T04:02:23.363Z] checkResumeConsistency: forgedTimestamps=[]
[2026-08-04T04:02:23.369Z] checkResumeConsistency: no changes detected
[2026-08-04T04:02:23.370Z] LiveUpdateForge: session reset, allowLiveUpdate = false
[2026-08-04T04:02:23.370Z] NudgeForge: ResumeComplete — restoring count from history
[2026-08-04T04:02:23.371Z] restoreNudgeCountFromHistory: found nudge message at idx=146 count=34
[2026-08-04T04:02:23.473Z] ResumeDiffForge: running checkResumeConsistency
[2026-08-04T04:02:23.474Z] checkResumeConsistency: forgedTimestamps=[]
[2026-08-04T04:02:23.480Z] checkResumeConsistency: no changes detected
[2026-08-04T04:02:23.480Z] LiveUpdateForge: session reset, allowLiveUpdate = false
[2026-08-04T04:02:23.480Z] NudgeForge: ResumeComplete — restoring count from history
[2026-08-04T04:02:23.481Z] restoreNudgeCountFromHistory: found nudge message at idx=146 count=34
[2026-08-04T04:02:25.809Z] MemoryForge: attached 5 listener(s)
[2026-08-04T04:02:25.809Z] InitialReadForge: armed one-shot BeforeSend after NewSessionStart
[2026-08-04T04:02:25.809Z] LiveUpdateForge: session reset, allowLiveUpdate = false
[2026-08-04T04:02:25.812Z] MemoryForge: detached all listeners
[2026-08-04T04:02:25.813Z] ResumeDiffForge: running checkResumeConsistency
[2026-08-04T04:02:25.813Z] checkResumeConsistency: forgedTimestamps=[]
[2026-08-04T04:02:25.890Z] checkResumeConsistency: no changes detected
[2026-08-04T04:02:25.890Z] LiveUpdateForge: session reset, allowLiveUpdate = false
[2026-08-04T04:02:25.891Z] NudgeForge: ResumeComplete — restoring count from history
[2026-08-04T04:02:25.891Z] restoreNudgeCountFromHistory: found nudge message at idx=146 count=34
[2026-08-04T04:02:25.904Z] LiveUpdateForge: allowLiveUpdate = true (first real BeforeSend)
[2026-08-04T04:02:25.904Z] InitialReadForge.onBeforeSend: SKIP (fr=false syn=false hasRead=true)
[2026-08-04T04:02:42.604Z] LiveUpdateForge: EndTurn fallback flush
[2026-08-04T04:02:42.605Z] onEndTurn: naturalStop=false toolCalls=34 nudgeMsg=no
[2026-08-04T04:02:42.710Z] LiveUpdateForge: AfterToolExec flush
[2026-08-04T04:02:42.786Z] InitialReadForge.onBeforeSend: SKIP (fr=true syn=false hasRead=true)
[2026-08-04T04:02:50.523Z] LiveUpdateForge: EndTurn fallback flush
[2026-08-04T04:02:50.523Z] onEndTurn: naturalStop=false toolCalls=35 nudgeMsg=no
[2026-08-04T04:02:50.536Z] LiveUpdateForge: AfterToolExec flush
[2026-08-04T04:02:50.608Z] InitialReadForge.onBeforeSend: SKIP (fr=true syn=false hasRead=true)
[2026-08-04T04:02:57.522Z] LiveUpdateForge: EndTurn fallback flush
[2026-08-04T04:02:57.522Z] onEndTurn: naturalStop=false toolCalls=36 nudgeMsg=no
[2026-08-04T04:02:57.585Z] LiveUpdateForge: AfterToolExec flush
[2026-08-04T04:02:57.657Z] InitialReadForge.onBeforeSend: SKIP (fr=true syn=false hasRead=true)
[2026-08-04T04:03:12.177Z] LiveUpdateForge: EndTurn fallback flush
[2026-08-04T04:03:12.178Z] onEndTurn: naturalStop=false toolCalls=37 nudgeMsg=no
[2026-08-04T04:03:12.244Z] LiveUpdateForge: AfterToolExec flush
[2026-08-04T04:03:12.318Z] InitialReadForge.onBeforeSend: SKIP (fr=true syn=false hasRead=true)
[2026-08-04T04:03:27.983Z] LiveUpdateForge: EndTurn fallback flush
[2026-08-04T04:03:27.983Z] onEndTurn: naturalStop=false toolCalls=38 nudgeMsg=no
[2026-08-04T04:03:28.052Z] LiveUpdateForge: AfterToolExec flush
[2026-08-04T04:03:28.127Z] InitialReadForge.onBeforeSend: SKIP (fr=true syn=false hasRead=true)
[2026-08-04T04:03:45.804Z] LiveUpdateForge: EndTurn fallback flush
[2026-08-04T04:03:45.805Z] onEndTurn: naturalStop=false toolCalls=39 nudgeMsg=no
[2026-08-04T04:03:45.883Z] LiveUpdateForge: AfterToolExec flush
[2026-08-04T04:03:45.959Z] InitialReadForge.onBeforeSend: SKIP (fr=true syn=false hasRead=true)
[2026-08-04T04:04:11.314Z] LiveUpdateForge: EndTurn fallback flush
[2026-08-04T04:04:11.314Z] onEndTurn: naturalStop=true toolCalls=40 nudgeMsg=no
[2026-08-04T04:34:16.351Z] MemoryForge: attached 5 listener(s)
[2026-08-04T04:34:16.351Z] InitialReadForge: armed one-shot BeforeSend after NewSessionStart
[2026-08-04T04:34:16.352Z] LiveUpdateForge: session reset, allowLiveUpdate = false
[2026-08-04T04:34:16.511Z] LiveUpdateForge: session reset, allowLiveUpdate = false
[2026-08-04T04:34:16.519Z] ResumeDiffForge: running checkResumeConsistency
[2026-08-04T04:34:16.520Z] checkResumeConsistency: forgedTimestamps=[]
[2026-08-04T04:34:16.526Z] checkResumeConsistency: no changes detected
[2026-08-04T04:34:16.526Z] LiveUpdateForge: session reset, allowLiveUpdate = false
[2026-08-04T04:34:16.526Z] NudgeForge: ResumeComplete — restoring count from history
[2026-08-04T04:34:16.527Z] restoreNudgeCountFromHistory: found nudge message at idx=146 count=40
[2026-08-04T04:34:17.257Z] ResumeDiffForge: running checkResumeConsistency
[2026-08-04T04:34:17.258Z] checkResumeConsistency: forgedTimestamps=[]
[2026-08-04T04:34:17.265Z] checkResumeConsistency: no changes detected
[2026-08-04T04:34:17.266Z] LiveUpdateForge: session reset, allowLiveUpdate = false
[2026-08-04T04:34:17.266Z] NudgeForge: ResumeComplete — restoring count from history
[2026-08-04T04:34:17.266Z] restoreNudgeCountFromHistory: found nudge message at idx=146 count=40
[2026-08-04T04:34:17.379Z] ResumeDiffForge: running checkResumeConsistency
[2026-08-04T04:34:17.380Z] checkResumeConsistency: forgedTimestamps=[]
[2026-08-04T04:34:17.387Z] checkResumeConsistency: no changes detected
[2026-08-04T04:34:17.387Z] LiveUpdateForge: session reset, allowLiveUpdate = false
[2026-08-04T04:34:17.387Z] NudgeForge: ResumeComplete — restoring count from history
[2026-08-04T04:34:17.388Z] restoreNudgeCountFromHistory: found nudge message at idx=146 count=40
[2026-08-04T04:34:19.507Z] MemoryForge: attached 5 listener(s)
[2026-08-04T04:34:19.507Z] InitialReadForge: armed one-shot BeforeSend after NewSessionStart
[2026-08-04T04:34:19.508Z] LiveUpdateForge: session reset, allowLiveUpdate = false
[2026-08-04T04:34:19.512Z] MemoryForge: detached all listeners
[2026-08-04T04:34:19.512Z] ResumeDiffForge: running checkResumeConsistency
[2026-08-04T04:34:19.512Z] checkResumeConsistency: forgedTimestamps=[]
[2026-08-04T04:34:19.593Z] checkResumeConsistency: no changes detected
[2026-08-04T04:34:19.594Z] LiveUpdateForge: session reset, allowLiveUpdate = false
[2026-08-04T04:34:19.594Z] NudgeForge: ResumeComplete — restoring count from history
[2026-08-04T04:34:19.595Z] restoreNudgeCountFromHistory: found nudge message at idx=146 count=40
[2026-08-04T04:34:19.611Z] LiveUpdateForge: allowLiveUpdate = true (first real BeforeSend)
[2026-08-04T04:34:19.612Z] InitialReadForge.onBeforeSend: SKIP (fr=false syn=false hasRead=true)
[2026-08-04T04:34:30.170Z] LiveUpdateForge: EndTurn fallback flush
[2026-08-04T04:34:30.170Z] onEndTurn: naturalStop=false toolCalls=40 nudgeMsg=no
[2026-08-04T04:34:30.284Z] LiveUpdateForge: AfterToolExec flush
[2026-08-04T04:34:30.368Z] InitialReadForge.onBeforeSend: SKIP (fr=true syn=false hasRead=true)
[2026-08-04T04:34:34.763Z] LiveUpdateForge: EndTurn fallback flush
[2026-08-04T04:34:34.763Z] onEndTurn: naturalStop=false toolCalls=41 nudgeMsg=no
[2026-08-04T04:34:34.842Z] LiveUpdateForge: AfterToolExec flush
[2026-08-04T04:34:34.925Z] InitialReadForge.onBeforeSend: SKIP (fr=true syn=false hasRead=true)
[2026-08-04T04:34:45.580Z] LiveUpdateForge: EndTurn fallback flush
[2026-08-04T04:34:45.580Z] onEndTurn: naturalStop=false toolCalls=42 nudgeMsg=no
[2026-08-04T04:34:47.307Z] LiveUpdateForge: AfterToolExec flush
[2026-08-04T04:34:47.400Z] InitialReadForge.onBeforeSend: SKIP (fr=true syn=false hasRead=true)
[2026-08-04T04:34:50.911Z] LiveUpdateForge: EndTurn fallback flush
[2026-08-04T04:34:50.911Z] onEndTurn: naturalStop=false toolCalls=43 nudgeMsg=no
[2026-08-04T04:34:50.947Z] LiveUpdateForge: AfterToolExec flush
[2026-08-04T04:34:51.024Z] InitialReadForge.onBeforeSend: SKIP (fr=true syn=false hasRead=true)
[2026-08-04T04:34:55.641Z] LiveUpdateForge: EndTurn fallback flush
[2026-08-04T04:34:55.641Z] onEndTurn: naturalStop=false toolCalls=44 nudgeMsg=no
[2026-08-04T04:34:56.193Z] LiveUpdateForge: AfterToolExec flush
[2026-08-04T04:34:56.278Z] InitialReadForge.onBeforeSend: SKIP (fr=true syn=false hasRead=true)
[2026-08-04T04:34:59.572Z] LiveUpdateForge: EndTurn fallback flush
[2026-08-04T04:34:59.573Z] onEndTurn: naturalStop=true toolCalls=45 nudgeMsg=no
[2026-08-04T04:37:27.832Z] ResumeDiffForge: running checkResumeConsistency
[2026-08-04T04:37:27.833Z] checkResumeConsistency: forgedTimestamps=[]
[2026-08-04T04:37:27.840Z] checkResumeConsistency: no changes detected
[2026-08-04T04:37:27.840Z] LiveUpdateForge: session reset, allowLiveUpdate = false
[2026-08-04T04:37:27.840Z] NudgeForge: ResumeComplete — restoring count from history
[2026-08-04T04:37:27.841Z] restoreNudgeCountFromHistory: found nudge message at idx=146 count=45
[2026-08-04T04:37:27.860Z] LiveUpdateForge: allowLiveUpdate = true (first real BeforeSend)
[2026-08-04T04:37:27.861Z] InitialReadForge.onBeforeSend: SKIP (fr=false syn=false hasRead=true)
[2026-08-04T04:37:35.297Z] LiveUpdateForge: EndTurn fallback flush
[2026-08-04T04:37:35.298Z] onEndTurn: naturalStop=false toolCalls=45 nudgeMsg=no
[2026-08-04T04:38:16.094Z] LiveUpdateForge: AfterToolExec flush
[2026-08-04T04:38:16.172Z] InitialReadForge.onBeforeSend: SKIP (fr=true syn=false hasRead=true)
[2026-08-04T04:38:24.628Z] LiveUpdateForge: EndTurn fallback flush
[2026-08-04T04:38:24.629Z] onEndTurn: naturalStop=false toolCalls=46 nudgeMsg=no
[2026-08-04T04:38:26.624Z] LiveUpdateForge: AfterToolExec flush
[2026-08-04T04:38:26.711Z] InitialReadForge.onBeforeSend: SKIP (fr=true syn=false hasRead=true)
[2026-08-04T04:38:30.445Z] LiveUpdateForge: EndTurn fallback flush
[2026-08-04T04:38:30.445Z] onEndTurn: naturalStop=true toolCalls=47 nudgeMsg=no
[2026-08-04T04:40:40.292Z] ResumeDiffForge: running checkResumeConsistency
[2026-08-04T04:40:40.293Z] checkResumeConsistency: forgedTimestamps=[]
[2026-08-04T04:40:40.297Z] checkResumeConsistency: no changes detected
[2026-08-04T04:40:40.297Z] LiveUpdateForge: session reset, allowLiveUpdate = false
[2026-08-04T04:40:40.297Z] NudgeForge: ResumeComplete — restoring count from history
[2026-08-04T04:40:40.298Z] restoreNudgeCountFromHistory: found nudge message at idx=146 count=47
[2026-08-04T04:40:40.317Z] LiveUpdateForge: allowLiveUpdate = true (first real BeforeSend)
[2026-08-04T04:40:40.318Z] InitialReadForge.onBeforeSend: SKIP (fr=false syn=false hasRead=true)
[2026-08-04T04:40:44.936Z] LiveUpdateForge: EndTurn fallback flush
[2026-08-04T04:40:44.937Z] onEndTurn: naturalStop=false toolCalls=47 nudgeMsg=no
[2026-08-04T04:40:45.133Z] LiveUpdateForge: AfterToolExec flush
[2026-08-04T04:40:45.244Z] InitialReadForge.onBeforeSend: SKIP (fr=true syn=false hasRead=true)
[2026-08-04T04:41:03.257Z] LiveUpdateForge: EndTurn fallback flush
[2026-08-04T04:41:03.257Z] onEndTurn: naturalStop=false toolCalls=48 nudgeMsg=no
[2026-08-04T04:41:04.945Z] LiveUpdateForge: AfterToolExec flush
[2026-08-04T04:41:05.026Z] InitialReadForge.onBeforeSend: SKIP (fr=true syn=false hasRead=true)
[2026-08-04T04:41:09.094Z] LiveUpdateForge: EndTurn fallback flush
[2026-08-04T04:41:09.094Z] onEndTurn: naturalStop=true toolCalls=49 nudgeMsg=no
[2026-08-04T04:41:59.171Z] ResumeDiffForge: running checkResumeConsistency
[2026-08-04T04:41:59.171Z] checkResumeConsistency: forgedTimestamps=[]
[2026-08-04T04:41:59.176Z] checkResumeConsistency: no changes detected
[2026-08-04T04:41:59.176Z] LiveUpdateForge: session reset, allowLiveUpdate = false
[2026-08-04T04:41:59.177Z] NudgeForge: ResumeComplete — restoring count from history
[2026-08-04T04:41:59.177Z] restoreNudgeCountFromHistory: found nudge message at idx=146 count=49
[2026-08-04T04:41:59.210Z] LiveUpdateForge: allowLiveUpdate = true (first real BeforeSend)
[2026-08-04T04:41:59.210Z] InitialReadForge.onBeforeSend: SKIP (fr=false syn=false hasRead=true)
[2026-08-04T04:42:03.126Z] LiveUpdateForge: EndTurn fallback flush
[2026-08-04T04:42:03.126Z] onEndTurn: naturalStop=false toolCalls=49 nudgeMsg=no
[2026-08-04T04:42:23.435Z] LiveUpdateForge: AfterToolExec flush
[2026-08-04T04:42:23.534Z] InitialReadForge.onBeforeSend: SKIP (fr=true syn=false hasRead=true)
[2026-08-04T04:42:35.932Z] LiveUpdateForge: EndTurn fallback flush
[2026-08-04T04:42:35.932Z] onEndTurn: naturalStop=false toolCalls=50 nudgeMsg=no
[2026-08-04T04:42:37.417Z] LiveUpdateForge: AfterToolExec flush
[2026-08-04T04:42:37.508Z] InitialReadForge.onBeforeSend: SKIP (fr=true syn=false hasRead=true)
[2026-08-04T04:42:44.814Z] LiveUpdateForge: EndTurn fallback flush
[2026-08-04T04:42:44.815Z] onEndTurn: naturalStop=false toolCalls=51 nudgeMsg=no
[2026-08-04T04:42:45.112Z] LiveUpdateForge: AfterToolExec flush
[2026-08-04T04:42:45.197Z] InitialReadForge.onBeforeSend: SKIP (fr=true syn=false hasRead=true)
[2026-08-04T04:42:48.898Z] LiveUpdateForge: EndTurn fallback flush
[2026-08-04T04:42:48.898Z] onEndTurn: naturalStop=false toolCalls=52 nudgeMsg=no
[2026-08-04T04:42:48.931Z] LiveUpdateForge: AfterToolExec flush
[2026-08-04T04:42:49.010Z] InitialReadForge.onBeforeSend: SKIP (fr=true syn=false hasRead=true)
[2026-08-04T04:42:53.240Z] LiveUpdateForge: EndTurn fallback flush
[2026-08-04T04:42:53.240Z] onEndTurn: naturalStop=false toolCalls=53 nudgeMsg=no
[2026-08-04T04:42:53.261Z] LiveUpdateForge: AfterToolExec flush
[2026-08-04T04:42:53.345Z] InitialReadForge.onBeforeSend: SKIP (fr=true syn=false hasRead=true)
[2026-08-04T04:42:57.186Z] LiveUpdateForge: EndTurn fallback flush
[2026-08-04T04:42:57.186Z] onEndTurn: naturalStop=false toolCalls=54 nudgeMsg=no
[2026-08-04T04:42:57.638Z] LiveUpdateForge: AfterToolExec flush
[2026-08-04T04:42:57.734Z] InitialReadForge.onBeforeSend: SKIP (fr=true syn=false hasRead=true)
[2026-08-04T04:43:05.495Z] LiveUpdateForge: EndTurn fallback flush
[2026-08-04T04:43:05.496Z] onEndTurn: naturalStop=false toolCalls=55 nudgeMsg=no
[2026-08-04T04:43:05.862Z] LiveUpdateForge: AfterToolExec flush
[2026-08-04T04:43:05.959Z] InitialReadForge.onBeforeSend: SKIP (fr=true syn=false hasRead=true)
[2026-08-04T04:43:14.199Z] LiveUpdateForge: EndTurn fallback flush
[2026-08-04T04:43:14.200Z] onEndTurn: naturalStop=false toolCalls=56 nudgeMsg=no
[2026-08-04T04:43:14.877Z] LiveUpdateForge: AfterToolExec flush
[2026-08-04T04:43:14.960Z] InitialReadForge.onBeforeSend: SKIP (fr=true syn=false hasRead=true)
[2026-08-04T04:43:18.524Z] LiveUpdateForge: EndTurn fallback flush
[2026-08-04T04:43:18.524Z] onEndTurn: naturalStop=true toolCalls=0 nudgeMsg=YES
[2026-08-04T04:43:18.527Z] InitialReadForge.onBeforeSend: SKIP (fr=false syn=false hasRead=true)
[2026-08-04T04:43:25.013Z] LiveUpdateForge: EndTurn fallback flush
[2026-08-04T04:43:25.013Z] onEndTurn: naturalStop=true toolCalls=0 nudgeMsg=no
[2026-08-04T04:47:33.122Z] ResumeDiffForge: running checkResumeConsistency
[2026-08-04T04:47:33.122Z] checkResumeConsistency: forgedTimestamps=[]
[2026-08-04T04:47:33.126Z] checkResumeConsistency: no changes detected
[2026-08-04T04:47:33.127Z] LiveUpdateForge: session reset, allowLiveUpdate = false
[2026-08-04T04:47:33.127Z] NudgeForge: ResumeComplete — restoring count from history
[2026-08-04T04:47:33.128Z] restoreNudgeCountFromHistory: found nudge message at idx=287 count=0
[2026-08-04T04:47:33.152Z] LiveUpdateForge: allowLiveUpdate = true (first real BeforeSend)
[2026-08-04T04:47:33.153Z] InitialReadForge.onBeforeSend: SKIP (fr=false syn=false hasRead=true)
[2026-08-04T04:47:48.534Z] LiveUpdateForge: EndTurn fallback flush
[2026-08-04T04:47:48.534Z] onEndTurn: naturalStop=false toolCalls=0 nudgeMsg=no
[2026-08-04T04:47:49.895Z] LiveUpdateForge: AfterToolExec flush
[2026-08-04T04:47:49.977Z] InitialReadForge.onBeforeSend: SKIP (fr=true syn=false hasRead=true)
[2026-08-04T04:47:53.214Z] LiveUpdateForge: EndTurn fallback flush
[2026-08-04T04:47:53.215Z] onEndTurn: naturalStop=false toolCalls=1 nudgeMsg=no
[2026-08-04T04:47:53.592Z] LiveUpdateForge: AfterToolExec flush
[2026-08-04T04:47:53.668Z] InitialReadForge.onBeforeSend: SKIP (fr=true syn=false hasRead=true)
[2026-08-04T04:47:59.088Z] LiveUpdateForge: EndTurn fallback flush
[2026-08-04T04:47:59.088Z] onEndTurn: naturalStop=false toolCalls=2 nudgeMsg=no
[2026-08-04T04:47:59.719Z] LiveUpdateForge: AfterToolExec flush
[2026-08-04T04:47:59.796Z] InitialReadForge.onBeforeSend: SKIP (fr=true syn=false hasRead=true)
[2026-08-04T04:48:04.562Z] LiveUpdateForge: EndTurn fallback flush
[2026-08-04T04:48:04.562Z] onEndTurn: naturalStop=false toolCalls=3 nudgeMsg=no
[2026-08-04T04:48:04.572Z] LiveUpdateForge: AfterToolExec flush
[2026-08-04T04:48:04.651Z] InitialReadForge.onBeforeSend: SKIP (fr=true syn=false hasRead=true)
[2026-08-04T04:48:11.690Z] LiveUpdateForge: EndTurn fallback flush
[2026-08-04T04:48:11.691Z] onEndTurn: naturalStop=false toolCalls=4 nudgeMsg=no
[2026-08-04T04:48:12.063Z] LiveUpdateForge: AfterToolExec flush
[2026-08-04T04:48:12.150Z] InitialReadForge.onBeforeSend: SKIP (fr=true syn=false hasRead=true)
[2026-08-04T04:48:20.260Z] LiveUpdateForge: EndTurn fallback flush
[2026-08-04T04:48:20.261Z] onEndTurn: naturalStop=false toolCalls=5 nudgeMsg=no
[2026-08-04T04:48:20.616Z] LiveUpdateForge: AfterToolExec flush
[2026-08-04T04:48:20.697Z] InitialReadForge.onBeforeSend: SKIP (fr=true syn=false hasRead=true)
[2026-08-04T04:48:24.563Z] LiveUpdateForge: EndTurn fallback flush
[2026-08-04T04:48:24.563Z] onEndTurn: naturalStop=true toolCalls=6 nudgeMsg=no
[2026-08-04T04:49:43.898Z] ResumeDiffForge: running checkResumeConsistency
[2026-08-04T04:49:43.899Z] checkResumeConsistency: forgedTimestamps=[]
[2026-08-04T04:49:43.939Z] checkResumeConsistency: no changes detected
[2026-08-04T04:49:43.939Z] LiveUpdateForge: session reset, allowLiveUpdate = false
[2026-08-04T04:49:43.939Z] NudgeForge: ResumeComplete — restoring count from history
[2026-08-04T04:49:43.940Z] restoreNudgeCountFromHistory: found nudge message at idx=287 count=6
[2026-08-04T04:49:43.963Z] LiveUpdateForge: allowLiveUpdate = true (first real BeforeSend)
[2026-08-04T04:49:43.963Z] InitialReadForge.onBeforeSend: SKIP (fr=false syn=false hasRead=true)
[2026-08-04T04:49:54.191Z] LiveUpdateForge: EndTurn fallback flush
[2026-08-04T04:49:54.192Z] onEndTurn: naturalStop=true toolCalls=6 nudgeMsg=no
[2026-08-04T04:52:02.301Z] ResumeDiffForge: running checkResumeConsistency
[2026-08-04T04:52:02.301Z] checkResumeConsistency: forgedTimestamps=[]
[2026-08-04T04:52:02.305Z] checkResumeConsistency: no changes detected
[2026-08-04T04:52:02.305Z] LiveUpdateForge: session reset, allowLiveUpdate = false
[2026-08-04T04:52:02.306Z] NudgeForge: ResumeComplete — restoring count from history
[2026-08-04T04:52:02.306Z] restoreNudgeCountFromHistory: found nudge message at idx=287 count=6
[2026-08-04T04:52:02.329Z] LiveUpdateForge: allowLiveUpdate = true (first real BeforeSend)
[2026-08-04T04:52:02.329Z] InitialReadForge.onBeforeSend: SKIP (fr=false syn=false hasRead=true)
[2026-08-04T04:52:17.678Z] LiveUpdateForge: EndTurn fallback flush
[2026-08-04T04:52:17.678Z] onEndTurn: naturalStop=false toolCalls=6 nudgeMsg=no
[2026-08-04T04:52:21.216Z] LiveUpdateForge: AfterToolExec flush
[2026-08-04T04:52:21.306Z] InitialReadForge.onBeforeSend: SKIP (fr=true syn=false hasRead=true)
[2026-08-04T04:52:27.304Z] LiveUpdateForge: EndTurn fallback flush
[2026-08-04T04:52:27.305Z] onEndTurn: naturalStop=false toolCalls=7 nudgeMsg=no
[2026-08-04T04:52:27.860Z] LiveUpdateForge: AfterToolExec flush
[2026-08-04T04:52:27.952Z] InitialReadForge.onBeforeSend: SKIP (fr=true syn=false hasRead=true)
[2026-08-04T04:52:41.296Z] LiveUpdateForge: EndTurn fallback flush
[2026-08-04T04:52:41.296Z] onEndTurn: naturalStop=false toolCalls=8 nudgeMsg=no
[2026-08-04T04:52:41.630Z] LiveUpdateForge: AfterToolExec flush
[2026-08-04T04:52:41.718Z] InitialReadForge.onBeforeSend: SKIP (fr=true syn=false hasRead=true)
[2026-08-04T04:52:48.782Z] LiveUpdateForge: EndTurn fallback flush
[2026-08-04T04:52:48.782Z] onEndTurn: naturalStop=false toolCalls=9 nudgeMsg=no
[2026-08-04T04:52:49.460Z] LiveUpdateForge: AfterToolExec flush
[2026-08-04T04:52:49.547Z] InitialReadForge.onBeforeSend: SKIP (fr=true syn=false hasRead=true)
[2026-08-04T04:52:53.336Z] LiveUpdateForge: EndTurn fallback flush
[2026-08-04T04:52:53.337Z] onEndTurn: naturalStop=true toolCalls=10 nudgeMsg=no
[2026-08-04T04:53:58.112Z] ResumeDiffForge: running checkResumeConsistency
[2026-08-04T04:53:58.113Z] checkResumeConsistency: forgedTimestamps=[]
[2026-08-04T04:53:58.121Z] checkResumeConsistency: no changes detected
[2026-08-04T04:53:58.121Z] LiveUpdateForge: session reset, allowLiveUpdate = false
[2026-08-04T04:53:58.122Z] NudgeForge: ResumeComplete — restoring count from history
[2026-08-04T04:53:58.122Z] restoreNudgeCountFromHistory: found nudge message at idx=287 count=10
[2026-08-04T04:53:58.152Z] LiveUpdateForge: allowLiveUpdate = true (first real BeforeSend)
[2026-08-04T04:53:58.152Z] InitialReadForge.onBeforeSend: SKIP (fr=false syn=false hasRead=true)
[2026-08-04T04:54:07.165Z] LiveUpdateForge: EndTurn fallback flush
[2026-08-04T04:54:07.166Z] onEndTurn: naturalStop=false toolCalls=10 nudgeMsg=no
[2026-08-04T04:54:08.713Z] LiveUpdateForge: AfterToolExec flush
[2026-08-04T04:54:08.792Z] InitialReadForge.onBeforeSend: SKIP (fr=true syn=false hasRead=true)
[2026-08-04T04:54:16.366Z] LiveUpdateForge: EndTurn fallback flush
[2026-08-04T04:54:16.366Z] onEndTurn: naturalStop=false toolCalls=11 nudgeMsg=no
[2026-08-04T04:54:16.772Z] LiveUpdateForge: AfterToolExec flush
[2026-08-04T04:54:16.870Z] InitialReadForge.onBeforeSend: SKIP (fr=true syn=false hasRead=true)
[2026-08-04T04:54:22.923Z] LiveUpdateForge: EndTurn fallback flush
[2026-08-04T04:54:22.923Z] onEndTurn: naturalStop=false toolCalls=12 nudgeMsg=no
[2026-08-04T04:54:23.669Z] LiveUpdateForge: AfterToolExec flush
[2026-08-04T04:54:23.752Z] InitialReadForge.onBeforeSend: SKIP (fr=true syn=false hasRead=true)
[2026-08-04T04:54:28.005Z] LiveUpdateForge: EndTurn fallback flush
[2026-08-04T04:54:28.005Z] onEndTurn: naturalStop=true toolCalls=13 nudgeMsg=no
[2026-08-04T04:55:26.476Z] ResumeDiffForge: running checkResumeConsistency
[2026-08-04T04:55:26.476Z] checkResumeConsistency: forgedTimestamps=[]
[2026-08-04T04:55:26.482Z] checkResumeConsistency: no changes detected
[2026-08-04T04:55:26.483Z] LiveUpdateForge: session reset, allowLiveUpdate = false
[2026-08-04T04:55:26.483Z] NudgeForge: ResumeComplete — restoring count from history
[2026-08-04T04:55:26.483Z] restoreNudgeCountFromHistory: found nudge message at idx=287 count=13
[2026-08-04T04:55:26.507Z] LiveUpdateForge: allowLiveUpdate = true (first real BeforeSend)
[2026-08-04T04:55:26.507Z] InitialReadForge.onBeforeSend: SKIP (fr=false syn=false hasRead=true)
[2026-08-04T04:55:34.089Z] LiveUpdateForge: EndTurn fallback flush
[2026-08-04T04:55:34.090Z] onEndTurn: naturalStop=true toolCalls=13 nudgeMsg=no
[2026-08-04T05:00:18.326Z] ResumeDiffForge: running checkResumeConsistency
[2026-08-04T05:00:18.327Z] checkResumeConsistency: forgedTimestamps=[]
[2026-08-04T05:00:18.330Z] checkResumeConsistency: no changes detected
[2026-08-04T05:00:18.331Z] LiveUpdateForge: session reset, allowLiveUpdate = false
[2026-08-04T05:00:18.331Z] NudgeForge: ResumeComplete — restoring count from history
[2026-08-04T05:00:18.331Z] restoreNudgeCountFromHistory: found nudge message at idx=287 count=13
[2026-08-04T05:00:18.361Z] LiveUpdateForge: allowLiveUpdate = true (first real BeforeSend)
[2026-08-04T05:00:18.362Z] InitialReadForge.onBeforeSend: SKIP (fr=false syn=false hasRead=true)
[2026-08-04T05:00:29.411Z] LiveUpdateForge: EndTurn fallback flush
[2026-08-04T05:00:29.411Z] onEndTurn: naturalStop=false toolCalls=13 nudgeMsg=no
[2026-08-04T05:00:29.504Z] LiveUpdateForge: AfterToolExec flush
[2026-08-04T05:00:29.585Z] InitialReadForge.onBeforeSend: SKIP (fr=true syn=false hasRead=true)
[2026-08-04T05:00:39.002Z] LiveUpdateForge: EndTurn fallback flush
[2026-08-04T05:00:39.002Z] onEndTurn: naturalStop=false toolCalls=14 nudgeMsg=no
[2026-08-04T05:00:39.009Z] LiveUpdateForge: AfterToolExec flush
[2026-08-04T05:00:39.087Z] InitialReadForge.onBeforeSend: SKIP (fr=true syn=false hasRead=true)
[2026-08-04T05:00:46.207Z] LiveUpdateForge: EndTurn fallback flush
[2026-08-04T05:00:46.207Z] onEndTurn: naturalStop=false toolCalls=15 nudgeMsg=no
[2026-08-04T05:00:46.320Z] LiveUpdateForge: AfterToolExec flush
[2026-08-04T05:00:46.402Z] InitialReadForge.onBeforeSend: SKIP (fr=true syn=false hasRead=true)
[2026-08-04T05:00:53.668Z] LiveUpdateForge: EndTurn fallback flush
[2026-08-04T05:00:53.669Z] onEndTurn: naturalStop=false toolCalls=16 nudgeMsg=no
[2026-08-04T05:00:53.693Z] LiveUpdateForge: AfterToolExec flush
[2026-08-04T05:00:53.787Z] InitialReadForge.onBeforeSend: SKIP (fr=true syn=false hasRead=true)
[2026-08-04T05:00:58.549Z] LiveUpdateForge: EndTurn fallback flush
[2026-08-04T05:00:58.550Z] onEndTurn: naturalStop=false toolCalls=17 nudgeMsg=no
[2026-08-04T05:00:58.570Z] LiveUpdateForge: AfterToolExec flush
[2026-08-04T05:00:58.659Z] InitialReadForge.onBeforeSend: SKIP (fr=true syn=false hasRead=true)
[2026-08-04T05:01:02.955Z] LiveUpdateForge: EndTurn fallback flush
[2026-08-04T05:01:02.956Z] onEndTurn: naturalStop=false toolCalls=18 nudgeMsg=no
[2026-08-04T05:01:48.581Z] LiveUpdateForge: AfterToolExec flush
[2026-08-04T05:01:48.664Z] InitialReadForge.onBeforeSend: SKIP (fr=true syn=false hasRead=true)
[2026-08-04T05:01:52.958Z] LiveUpdateForge: EndTurn fallback flush
[2026-08-04T05:01:52.959Z] onEndTurn: naturalStop=false toolCalls=19 nudgeMsg=no
[2026-08-04T05:01:52.972Z] LiveUpdateForge: AfterToolExec flush
[2026-08-04T05:01:53.053Z] InitialReadForge.onBeforeSend: SKIP (fr=true syn=false hasRead=true)
[2026-08-04T05:01:59.702Z] LiveUpdateForge: EndTurn fallback flush
[2026-08-04T05:01:59.703Z] onEndTurn: naturalStop=true toolCalls=20 nudgeMsg=no
[2026-08-04T05:04:32.531Z] ResumeDiffForge: running checkResumeConsistency
[2026-08-04T05:04:32.531Z] checkResumeConsistency: forgedTimestamps=[]
[2026-08-04T05:04:32.536Z] checkResumeConsistency: no changes detected
[2026-08-04T05:04:32.536Z] LiveUpdateForge: session reset, allowLiveUpdate = false
[2026-08-04T05:04:32.537Z] NudgeForge: ResumeComplete — restoring count from history
[2026-08-04T05:04:32.537Z] restoreNudgeCountFromHistory: found nudge message at idx=287 count=20
[2026-08-04T05:04:32.562Z] LiveUpdateForge: allowLiveUpdate = true (first real BeforeSend)
[2026-08-04T05:04:32.562Z] InitialReadForge.onBeforeSend: SKIP (fr=false syn=false hasRead=true)
[2026-08-04T05:04:42.656Z] LiveUpdateForge: EndTurn fallback flush
[2026-08-04T05:04:42.656Z] onEndTurn: naturalStop=false toolCalls=20 nudgeMsg=no
[2026-08-04T05:04:42.666Z] LiveUpdateForge: AfterToolExec flush
[2026-08-04T05:04:42.760Z] InitialReadForge.onBeforeSend: SKIP (fr=true syn=false hasRead=true)
[2026-08-04T05:04:49.719Z] LiveUpdateForge: EndTurn fallback flush
[2026-08-04T05:04:49.719Z] onEndTurn: naturalStop=false toolCalls=21 nudgeMsg=no
[2026-08-04T05:04:49.820Z] LiveUpdateForge: AfterToolExec flush
[2026-08-04T05:04:49.904Z] InitialReadForge.onBeforeSend: SKIP (fr=true syn=false hasRead=true)
[2026-08-04T05:04:53.358Z] LiveUpdateForge: EndTurn fallback flush
[2026-08-04T05:04:53.358Z] onEndTurn: naturalStop=false toolCalls=22 nudgeMsg=no
[2026-08-04T05:04:53.382Z] LiveUpdateForge: AfterToolExec flush
[2026-08-04T05:04:53.484Z] InitialReadForge.onBeforeSend: SKIP (fr=true syn=false hasRead=true)
[2026-08-04T05:05:00.459Z] LiveUpdateForge: EndTurn fallback flush
[2026-08-04T05:05:00.459Z] onEndTurn: naturalStop=false toolCalls=23 nudgeMsg=no
[2026-08-04T05:05:00.480Z] LiveUpdateForge: AfterToolExec flush
[2026-08-04T05:05:00.577Z] InitialReadForge.onBeforeSend: SKIP (fr=true syn=false hasRead=true)
[2026-08-04T05:05:03.736Z] LiveUpdateForge: EndTurn fallback flush
[2026-08-04T05:05:03.737Z] onEndTurn: naturalStop=false toolCalls=24 nudgeMsg=no
[2026-08-04T05:05:10.601Z] LiveUpdateForge: AfterToolExec flush
[2026-08-04T05:05:10.695Z] InitialReadForge.onBeforeSend: SKIP (fr=true syn=false hasRead=true)
[2026-08-04T05:05:16.679Z] LiveUpdateForge: EndTurn fallback flush
[2026-08-04T05:05:16.680Z] onEndTurn: naturalStop=true toolCalls=25 nudgeMsg=no
[2026-08-04T05:07:56.647Z] ResumeDiffForge: running checkResumeConsistency
[2026-08-04T05:07:56.648Z] checkResumeConsistency: forgedTimestamps=[]
[2026-08-04T05:07:56.652Z] checkResumeConsistency: no changes detected
[2026-08-04T05:07:56.653Z] LiveUpdateForge: session reset, allowLiveUpdate = false
[2026-08-04T05:07:56.653Z] NudgeForge: ResumeComplete — restoring count from history
[2026-08-04T05:07:56.654Z] restoreNudgeCountFromHistory: found nudge message at idx=287 count=25
[2026-08-04T05:07:56.686Z] LiveUpdateForge: allowLiveUpdate = true (first real BeforeSend)
[2026-08-04T05:07:56.686Z] InitialReadForge.onBeforeSend: SKIP (fr=false syn=false hasRead=true)
[2026-08-04T05:08:03.014Z] LiveUpdateForge: EndTurn fallback flush
[2026-08-04T05:08:03.014Z] onEndTurn: naturalStop=false toolCalls=25 nudgeMsg=no
[2026-08-04T05:08:03.090Z] LiveUpdateForge: AfterToolExec flush
[2026-08-04T05:08:03.169Z] InitialReadForge.onBeforeSend: SKIP (fr=true syn=false hasRead=true)
[2026-08-04T05:08:08.997Z] LiveUpdateForge: EndTurn fallback flush
[2026-08-04T05:08:08.997Z] onEndTurn: naturalStop=false toolCalls=26 nudgeMsg=no
[2026-08-04T05:08:09.097Z] LiveUpdateForge: AfterToolExec flush
[2026-08-04T05:08:09.177Z] InitialReadForge.onBeforeSend: SKIP (fr=true syn=false hasRead=true)
[2026-08-04T05:08:12.961Z] LiveUpdateForge: EndTurn fallback flush
[2026-08-04T05:08:12.961Z] onEndTurn: naturalStop=false toolCalls=27 nudgeMsg=no
[2026-08-04T05:08:13.032Z] LiveUpdateForge: AfterToolExec flush
[2026-08-04T05:08:13.118Z] InitialReadForge.onBeforeSend: SKIP (fr=true syn=false hasRead=true)
[2026-08-04T05:08:17.180Z] LiveUpdateForge: EndTurn fallback flush
[2026-08-04T05:08:17.181Z] onEndTurn: naturalStop=false toolCalls=28 nudgeMsg=no
[2026-08-04T05:08:17.191Z] LiveUpdateForge: AfterToolExec flush
[2026-08-04T05:08:17.268Z] InitialReadForge.onBeforeSend: SKIP (fr=true syn=false hasRead=true)
[2026-08-04T05:08:22.936Z] LiveUpdateForge: EndTurn fallback flush
[2026-08-04T05:08:22.937Z] onEndTurn: naturalStop=false toolCalls=29 nudgeMsg=no
[2026-08-04T05:08:23.004Z] LiveUpdateForge: AfterToolExec flush
[2026-08-04T05:08:23.079Z] InitialReadForge.onBeforeSend: SKIP (fr=true syn=false hasRead=true)
[2026-08-04T05:08:29.042Z] LiveUpdateForge: EndTurn fallback flush
[2026-08-04T05:08:29.042Z] onEndTurn: naturalStop=false toolCalls=30 nudgeMsg=no
[2026-08-04T05:08:29.051Z] LiveUpdateForge: AfterToolExec flush
[2026-08-04T05:08:29.138Z] InitialReadForge.onBeforeSend: SKIP (fr=true syn=false hasRead=true)
[2026-08-04T05:08:35.967Z] LiveUpdateForge: EndTurn fallback flush
[2026-08-04T05:08:35.967Z] onEndTurn: naturalStop=false toolCalls=31 nudgeMsg=no
[2026-08-04T05:08:36.031Z] LiveUpdateForge: AfterToolExec flush
[2026-08-04T05:08:36.106Z] InitialReadForge.onBeforeSend: SKIP (fr=true syn=false hasRead=true)
[2026-08-04T05:08:44.037Z] LiveUpdateForge: EndTurn fallback flush
[2026-08-04T05:08:44.037Z] onEndTurn: naturalStop=false toolCalls=32 nudgeMsg=no
[2026-08-04T05:08:44.045Z] LiveUpdateForge: AfterToolExec flush
[2026-08-04T05:08:44.121Z] InitialReadForge.onBeforeSend: SKIP (fr=true syn=false hasRead=true)
[2026-08-04T05:08:50.239Z] LiveUpdateForge: EndTurn fallback flush
[2026-08-04T05:08:50.239Z] onEndTurn: naturalStop=false toolCalls=33 nudgeMsg=no
[2026-08-04T05:08:50.245Z] LiveUpdateForge: AfterToolExec flush
[2026-08-04T05:08:50.330Z] InitialReadForge.onBeforeSend: SKIP (fr=true syn=false hasRead=true)
[2026-08-04T05:08:59.310Z] LiveUpdateForge: EndTurn fallback flush
[2026-08-04T05:08:59.311Z] onEndTurn: naturalStop=false toolCalls=34 nudgeMsg=no
[2026-08-04T05:08:59.426Z] LiveUpdateForge: AfterToolExec flush
[2026-08-04T05:08:59.523Z] InitialReadForge.onBeforeSend: SKIP (fr=true syn=false hasRead=true)
[2026-08-04T05:09:06.751Z] LiveUpdateForge: EndTurn fallback flush
[2026-08-04T05:09:06.751Z] onEndTurn: naturalStop=false toolCalls=35 nudgeMsg=no
[2026-08-04T05:09:06.764Z] LiveUpdateForge: AfterToolExec flush
[2026-08-04T05:09:06.843Z] InitialReadForge.onBeforeSend: SKIP (fr=true syn=false hasRead=true)
[2026-08-04T05:09:16.354Z] LiveUpdateForge: EndTurn fallback flush
[2026-08-04T05:09:16.355Z] onEndTurn: naturalStop=true toolCalls=36 nudgeMsg=no
[2026-08-04T05:11:28.918Z] ResumeDiffForge: running checkResumeConsistency
[2026-08-04T05:11:28.919Z] checkResumeConsistency: forgedTimestamps=[]
[2026-08-04T05:11:28.924Z] checkResumeConsistency: no changes detected
[2026-08-04T05:11:28.925Z] LiveUpdateForge: session reset, allowLiveUpdate = false
[2026-08-04T05:11:28.925Z] NudgeForge: ResumeComplete — restoring count from history
[2026-08-04T05:11:28.925Z] restoreNudgeCountFromHistory: found nudge message at idx=287 count=36
[2026-08-04T05:11:28.949Z] LiveUpdateForge: allowLiveUpdate = true (first real BeforeSend)
[2026-08-04T05:11:28.950Z] InitialReadForge.onBeforeSend: SKIP (fr=false syn=false hasRead=true)
[2026-08-04T05:11:37.857Z] LiveUpdateForge: EndTurn fallback flush
[2026-08-04T05:11:37.857Z] onEndTurn: naturalStop=false toolCalls=36 nudgeMsg=no
[2026-08-04T05:11:39.648Z] LiveUpdateForge: AfterToolExec flush
[2026-08-04T05:11:39.737Z] InitialReadForge.onBeforeSend: SKIP (fr=true syn=false hasRead=true)
[2026-08-04T05:11:44.067Z] LiveUpdateForge: EndTurn fallback flush
[2026-08-04T05:11:44.067Z] onEndTurn: naturalStop=false toolCalls=37 nudgeMsg=no
[2026-08-04T05:11:44.577Z] LiveUpdateForge: AfterToolExec flush
[2026-08-04T05:11:44.655Z] InitialReadForge.onBeforeSend: SKIP (fr=true syn=false hasRead=true)
[2026-08-04T05:11:54.361Z] LiveUpdateForge: EndTurn fallback flush
[2026-08-04T05:11:54.361Z] onEndTurn: naturalStop=true toolCalls=38 nudgeMsg=no
[2026-08-04T05:28:51.314Z] MemoryForge: attached 5 listener(s)
[2026-08-04T05:28:51.314Z] InitialReadForge: armed one-shot BeforeSend after NewSessionStart
[2026-08-04T05:28:51.314Z] LiveUpdateForge: session reset, allowLiveUpdate = false
[2026-08-04T05:28:51.645Z] LiveUpdateForge: session reset, allowLiveUpdate = false
[2026-08-04T05:28:51.660Z] ResumeDiffForge: running checkResumeConsistency
[2026-08-04T05:28:51.661Z] checkResumeConsistency: forgedTimestamps=[]
[2026-08-04T05:28:51.665Z] checkResumeConsistency: no changes detected
[2026-08-04T05:28:51.666Z] LiveUpdateForge: session reset, allowLiveUpdate = false
[2026-08-04T05:28:51.666Z] NudgeForge: ResumeComplete — restoring count from history
[2026-08-04T05:28:51.666Z] restoreNudgeCountFromHistory: found nudge message at idx=287 count=38
[2026-08-04T05:28:53.880Z] ResumeDiffForge: running checkResumeConsistency
[2026-08-04T05:28:53.881Z] checkResumeConsistency: forgedTimestamps=[]
[2026-08-04T05:28:53.888Z] checkResumeConsistency: no changes detected
[2026-08-04T05:28:53.888Z] LiveUpdateForge: session reset, allowLiveUpdate = false
[2026-08-04T05:28:53.889Z] NudgeForge: ResumeComplete — restoring count from history
[2026-08-04T05:28:53.889Z] restoreNudgeCountFromHistory: found nudge message at idx=287 count=38
[2026-08-04T05:28:54.027Z] ResumeDiffForge: running checkResumeConsistency
[2026-08-04T05:28:54.028Z] checkResumeConsistency: forgedTimestamps=[]
[2026-08-04T05:28:54.035Z] checkResumeConsistency: no changes detected
[2026-08-04T05:28:54.035Z] LiveUpdateForge: session reset, allowLiveUpdate = false
[2026-08-04T05:28:54.035Z] NudgeForge: ResumeComplete — restoring count from history
[2026-08-04T05:28:54.036Z] restoreNudgeCountFromHistory: found nudge message at idx=287 count=38
[2026-08-04T05:28:55.347Z] MemoryForge: attached 5 listener(s)
[2026-08-04T05:28:55.348Z] InitialReadForge: armed one-shot BeforeSend after NewSessionStart
[2026-08-04T05:28:55.348Z] LiveUpdateForge: session reset, allowLiveUpdate = false
[2026-08-04T05:28:55.353Z] MemoryForge: detached all listeners
[2026-08-04T05:28:55.353Z] ResumeDiffForge: running checkResumeConsistency
[2026-08-04T05:28:55.354Z] checkResumeConsistency: forgedTimestamps=[]
[2026-08-04T05:28:55.439Z] checkResumeConsistency: no changes detected
[2026-08-04T05:28:55.439Z] LiveUpdateForge: session reset, allowLiveUpdate = false
[2026-08-04T05:28:55.439Z] NudgeForge: ResumeComplete — restoring count from history
[2026-08-04T05:28:55.440Z] restoreNudgeCountFromHistory: found nudge message at idx=287 count=38
[2026-08-04T05:28:55.453Z] LiveUpdateForge: allowLiveUpdate = true (first real BeforeSend)
[2026-08-04T05:28:55.454Z] InitialReadForge.onBeforeSend: SKIP (fr=false syn=false hasRead=true)
[2026-08-04T05:29:09.943Z] LiveUpdateForge: EndTurn fallback flush
[2026-08-04T05:29:09.944Z] onEndTurn: naturalStop=false toolCalls=38 nudgeMsg=no
[2026-08-04T05:29:10.055Z] LiveUpdateForge: AfterToolExec flush
[2026-08-04T05:29:10.136Z] InitialReadForge.onBeforeSend: SKIP (fr=true syn=false hasRead=true)
[2026-08-04T05:29:13.414Z] LiveUpdateForge: EndTurn fallback flush
[2026-08-04T05:29:13.415Z] onEndTurn: naturalStop=false toolCalls=39 nudgeMsg=no
[2026-08-04T05:29:13.426Z] LiveUpdateForge: AfterToolExec flush
[2026-08-04T05:29:13.516Z] InitialReadForge.onBeforeSend: SKIP (fr=true syn=false hasRead=true)
[2026-08-04T05:29:16.426Z] LiveUpdateForge: EndTurn fallback flush
[2026-08-04T05:29:16.426Z] onEndTurn: naturalStop=false toolCalls=40 nudgeMsg=no
[2026-08-04T05:29:16.495Z] LiveUpdateForge: AfterToolExec flush
[2026-08-04T05:29:16.570Z] InitialReadForge.onBeforeSend: SKIP (fr=true syn=false hasRead=true)
[2026-08-04T05:29:23.375Z] LiveUpdateForge: EndTurn fallback flush
[2026-08-04T05:29:23.376Z] onEndTurn: naturalStop=false toolCalls=41 nudgeMsg=no
[2026-08-04T05:29:23.445Z] LiveUpdateForge: AfterToolExec flush
[2026-08-04T05:29:23.522Z] InitialReadForge.onBeforeSend: SKIP (fr=true syn=false hasRead=true)
[2026-08-04T05:29:40.655Z] LiveUpdateForge: EndTurn fallback flush
[2026-08-04T05:29:40.656Z] onEndTurn: naturalStop=false toolCalls=42 nudgeMsg=no
[2026-08-04T05:29:40.737Z] LiveUpdateForge: AfterToolExec flush
[2026-08-04T05:29:40.821Z] InitialReadForge.onBeforeSend: SKIP (fr=true syn=false hasRead=true)
[2026-08-04T05:29:57.444Z] LiveUpdateForge: EndTurn fallback flush
[2026-08-04T05:29:57.445Z] onEndTurn: naturalStop=false toolCalls=43 nudgeMsg=no
[2026-08-04T05:29:57.452Z] LiveUpdateForge: AfterToolExec flush
[2026-08-04T05:29:57.532Z] InitialReadForge.onBeforeSend: SKIP (fr=true syn=false hasRead=true)
[2026-08-04T05:30:02.500Z] LiveUpdateForge: EndTurn fallback flush
[2026-08-04T05:30:02.501Z] onEndTurn: naturalStop=false toolCalls=44 nudgeMsg=no
[2026-08-04T05:30:02.587Z] LiveUpdateForge: AfterToolExec flush
[2026-08-04T05:30:02.668Z] InitialReadForge.onBeforeSend: SKIP (fr=true syn=false hasRead=true)
[2026-08-04T05:30:13.154Z] LiveUpdateForge: EndTurn fallback flush
[2026-08-04T05:30:13.155Z] onEndTurn: naturalStop=false toolCalls=45 nudgeMsg=no
[2026-08-04T05:30:13.239Z] LiveUpdateForge: AfterToolExec flush
[2026-08-04T05:30:13.317Z] InitialReadForge.onBeforeSend: SKIP (fr=true syn=false hasRead=true)
[2026-08-04T05:30:17.974Z] LiveUpdateForge: EndTurn fallback flush
[2026-08-04T05:30:17.975Z] onEndTurn: naturalStop=false toolCalls=46 nudgeMsg=no
[2026-08-04T05:30:18.045Z] LiveUpdateForge: AfterToolExec flush
[2026-08-04T05:30:18.127Z] InitialReadForge.onBeforeSend: SKIP (fr=true syn=false hasRead=true)
[2026-08-04T05:30:28.385Z] LiveUpdateForge: EndTurn fallback flush
[2026-08-04T05:30:28.385Z] onEndTurn: naturalStop=false toolCalls=47 nudgeMsg=no
[2026-08-04T05:30:28.404Z] LiveUpdateForge: AfterToolExec flush
[2026-08-04T05:30:28.487Z] InitialReadForge.onBeforeSend: SKIP (fr=true syn=false hasRead=true)
[2026-08-04T05:30:32.768Z] LiveUpdateForge: EndTurn fallback flush
[2026-08-04T05:30:32.768Z] onEndTurn: naturalStop=false toolCalls=48 nudgeMsg=no
[2026-08-04T05:30:32.830Z] LiveUpdateForge: AfterToolExec flush
[2026-08-04T05:30:32.918Z] InitialReadForge.onBeforeSend: SKIP (fr=true syn=false hasRead=true)
[2026-08-04T05:30:40.862Z] LiveUpdateForge: EndTurn fallback flush
[2026-08-04T05:30:40.862Z] onEndTurn: naturalStop=false toolCalls=49 nudgeMsg=no
[2026-08-04T05:30:40.974Z] LiveUpdateForge: AfterToolExec flush
[2026-08-04T05:30:41.060Z] InitialReadForge.onBeforeSend: SKIP (fr=true syn=false hasRead=true)
[2026-08-04T05:30:45.612Z] LiveUpdateForge: EndTurn fallback flush
[2026-08-04T05:30:45.613Z] onEndTurn: naturalStop=false toolCalls=50 nudgeMsg=no
[2026-08-04T05:30:45.694Z] LiveUpdateForge: AfterToolExec flush
[2026-08-04T05:30:45.785Z] InitialReadForge.onBeforeSend: SKIP (fr=true syn=false hasRead=true)
[2026-08-04T05:30:50.271Z] LiveUpdateForge: EndTurn fallback flush
[2026-08-04T05:30:50.272Z] onEndTurn: naturalStop=false toolCalls=51 nudgeMsg=no
[2026-08-04T05:30:50.344Z] LiveUpdateForge: AfterToolExec flush
[2026-08-04T05:30:50.428Z] InitialReadForge.onBeforeSend: SKIP (fr=true syn=false hasRead=true)
[2026-08-04T05:30:56.009Z] LiveUpdateForge: EndTurn fallback flush
[2026-08-04T05:30:56.009Z] onEndTurn: naturalStop=false toolCalls=52 nudgeMsg=no
[2026-08-04T05:30:56.017Z] LiveUpdateForge: AfterToolExec flush
[2026-08-04T05:30:56.100Z] InitialReadForge.onBeforeSend: SKIP (fr=true syn=false hasRead=true)
[2026-08-04T05:31:00.056Z] LiveUpdateForge: EndTurn fallback flush
[2026-08-04T05:31:00.056Z] onEndTurn: naturalStop=false toolCalls=53 nudgeMsg=no
[2026-08-04T05:31:00.063Z] LiveUpdateForge: AfterToolExec flush
[2026-08-04T05:31:00.171Z] InitialReadForge.onBeforeSend: SKIP (fr=true syn=false hasRead=true)
[2026-08-04T05:31:05.538Z] LiveUpdateForge: EndTurn fallback flush
[2026-08-04T05:31:05.538Z] onEndTurn: naturalStop=false toolCalls=54 nudgeMsg=no
[2026-08-04T05:31:05.607Z] LiveUpdateForge: AfterToolExec flush
[2026-08-04T05:31:05.698Z] InitialReadForge.onBeforeSend: SKIP (fr=true syn=false hasRead=true)
[2026-08-04T05:31:10.099Z] LiveUpdateForge: EndTurn fallback flush
[2026-08-04T05:31:10.099Z] onEndTurn: naturalStop=false toolCalls=55 nudgeMsg=no
[2026-08-04T05:31:10.102Z] LiveUpdateForge: AfterToolExec flush
[2026-08-04T05:31:10.205Z] InitialReadForge.onBeforeSend: SKIP (fr=true syn=false hasRead=true)
[2026-08-04T05:31:14.246Z] LiveUpdateForge: EndTurn fallback flush
[2026-08-04T05:31:14.246Z] onEndTurn: naturalStop=false toolCalls=56 nudgeMsg=no
[2026-08-04T05:31:14.253Z] LiveUpdateForge: AfterToolExec flush
[2026-08-04T05:31:14.334Z] InitialReadForge.onBeforeSend: SKIP (fr=true syn=false hasRead=true)
[2026-08-04T05:31:28.753Z] LiveUpdateForge: EndTurn fallback flush
[2026-08-04T05:31:28.753Z] onEndTurn: naturalStop=false toolCalls=57 nudgeMsg=no
[2026-08-04T05:31:28.875Z] LiveUpdateForge: AfterToolExec flush
[2026-08-04T05:31:28.966Z] InitialReadForge.onBeforeSend: SKIP (fr=true syn=false hasRead=true)
[2026-08-04T05:31:33.516Z] LiveUpdateForge: EndTurn fallback flush
[2026-08-04T05:31:33.517Z] onEndTurn: naturalStop=false toolCalls=58 nudgeMsg=no
[2026-08-04T05:31:33.541Z] LiveUpdateForge: AfterToolExec flush
[2026-08-04T05:31:33.639Z] InitialReadForge.onBeforeSend: SKIP (fr=true syn=false hasRead=true)
[2026-08-04T05:31:37.734Z] LiveUpdateForge: EndTurn fallback flush
[2026-08-04T05:31:37.735Z] onEndTurn: naturalStop=false toolCalls=59 nudgeMsg=no
[2026-08-04T05:31:37.822Z] LiveUpdateForge: AfterToolExec flush
[2026-08-04T05:31:37.911Z] InitialReadForge.onBeforeSend: SKIP (fr=true syn=false hasRead=true)
[2026-08-04T05:31:41.541Z] LiveUpdateForge: EndTurn fallback flush
[2026-08-04T05:31:41.542Z] onEndTurn: naturalStop=false toolCalls=60 nudgeMsg=no
[2026-08-04T05:31:41.548Z] LiveUpdateForge: AfterToolExec flush
[2026-08-04T05:31:41.656Z] InitialReadForge.onBeforeSend: SKIP (fr=true syn=false hasRead=true)
[2026-08-04T05:31:46.470Z] LiveUpdateForge: EndTurn fallback flush
[2026-08-04T05:31:46.470Z] onEndTurn: naturalStop=false toolCalls=61 nudgeMsg=no
[2026-08-04T05:31:46.494Z] LiveUpdateForge: AfterToolExec flush
[2026-08-04T05:31:46.606Z] InitialReadForge.onBeforeSend: SKIP (fr=true syn=false hasRead=true)
[2026-08-04T05:31:51.557Z] LiveUpdateForge: EndTurn fallback flush
[2026-08-04T05:31:51.557Z] onEndTurn: naturalStop=false toolCalls=62 nudgeMsg=no
[2026-08-04T05:31:51.674Z] LiveUpdateForge: AfterToolExec flush
[2026-08-04T05:31:51.776Z] InitialReadForge.onBeforeSend: SKIP (fr=true syn=false hasRead=true)
[2026-08-04T05:31:55.858Z] LiveUpdateForge: EndTurn fallback flush
[2026-08-04T05:31:55.858Z] onEndTurn: naturalStop=false toolCalls=63 nudgeMsg=no
[2026-08-04T05:32:07.590Z] LiveUpdateForge: AfterToolExec flush
[2026-08-04T05:32:07.692Z] InitialReadForge.onBeforeSend: SKIP (fr=true syn=false hasRead=true)
[2026-08-04T05:32:12.150Z] LiveUpdateForge: EndTurn fallback flush
[2026-08-04T05:32:12.150Z] onEndTurn: naturalStop=false toolCalls=64 nudgeMsg=no
[2026-08-04T05:32:12.175Z] LiveUpdateForge: AfterToolExec flush
[2026-08-04T05:32:12.289Z] InitialReadForge.onBeforeSend: SKIP (fr=true syn=false hasRead=true)
[2026-08-04T05:32:24.150Z] LiveUpdateForge: EndTurn fallback flush
[2026-08-04T05:32:24.151Z] onEndTurn: naturalStop=false toolCalls=65 nudgeMsg=no
[2026-08-04T05:32:26.386Z] LiveUpdateForge: AfterToolExec flush
[2026-08-04T05:32:26.477Z] InitialReadForge.onBeforeSend: SKIP (fr=true syn=false hasRead=true)
[2026-08-04T05:32:30.126Z] LiveUpdateForge: EndTurn fallback flush
[2026-08-04T05:32:30.127Z] onEndTurn: naturalStop=false toolCalls=66 nudgeMsg=no
[2026-08-04T05:32:30.574Z] LiveUpdateForge: AfterToolExec flush
[2026-08-04T05:32:30.671Z] InitialReadForge.onBeforeSend: SKIP (fr=true syn=false hasRead=true)
[2026-08-04T05:32:50.338Z] LiveUpdateForge: EndTurn fallback flush
[2026-08-04T05:32:50.338Z] onEndTurn: naturalStop=false toolCalls=67 nudgeMsg=no
[2026-08-04T05:32:50.873Z] LiveUpdateForge: AfterToolExec flush
[2026-08-04T05:32:50.964Z] InitialReadForge.onBeforeSend: SKIP (fr=true syn=false hasRead=true)
[2026-08-04T05:32:56.386Z] LiveUpdateForge: EndTurn fallback flush
[2026-08-04T05:32:56.387Z] onEndTurn: naturalStop=false toolCalls=68 nudgeMsg=no
[2026-08-04T05:32:56.826Z] LiveUpdateForge: AfterToolExec flush
[2026-08-04T05:32:56.957Z] InitialReadForge.onBeforeSend: SKIP (fr=true syn=false hasRead=true)
[2026-08-04T05:33:04.189Z] LiveUpdateForge: EndTurn fallback flush
[2026-08-04T05:33:04.189Z] onEndTurn: naturalStop=false toolCalls=69 nudgeMsg=no
[2026-08-04T05:33:04.525Z] LiveUpdateForge: AfterToolExec flush
[2026-08-04T05:33:04.629Z] InitialReadForge.onBeforeSend: SKIP (fr=true syn=false hasRead=true)
[2026-08-04T05:33:13.800Z] LiveUpdateForge: EndTurn fallback flush
[2026-08-04T05:33:13.801Z] onEndTurn: naturalStop=false toolCalls=70 nudgeMsg=no
[2026-08-04T05:33:14.135Z] LiveUpdateForge: AfterToolExec flush
[2026-08-04T05:33:14.255Z] InitialReadForge.onBeforeSend: SKIP (fr=true syn=false hasRead=true)
[2026-08-04T05:33:22.123Z] LiveUpdateForge: EndTurn fallback flush
[2026-08-04T05:33:22.123Z] onEndTurn: naturalStop=false toolCalls=71 nudgeMsg=no
[2026-08-04T05:33:22.540Z] LiveUpdateForge: AfterToolExec flush
[2026-08-04T05:33:22.639Z] InitialReadForge.onBeforeSend: SKIP (fr=true syn=false hasRead=true)
[2026-08-04T05:33:27.464Z] LiveUpdateForge: EndTurn fallback flush
[2026-08-04T05:33:27.465Z] onEndTurn: naturalStop=false toolCalls=72 nudgeMsg=no
[2026-08-04T05:33:28.112Z] LiveUpdateForge: AfterToolExec flush
[2026-08-04T05:33:28.200Z] InitialReadForge.onBeforeSend: SKIP (fr=true syn=false hasRead=true)
[2026-08-04T05:33:36.548Z] LiveUpdateForge: EndTurn fallback flush
[2026-08-04T05:33:36.548Z] onEndTurn: naturalStop=true toolCalls=0 nudgeMsg=YES
[2026-08-04T05:33:36.552Z] InitialReadForge.onBeforeSend: SKIP (fr=false syn=false hasRead=true)
[2026-08-04T05:33:44.018Z] LiveUpdateForge: EndTurn fallback flush
[2026-08-04T05:33:44.018Z] onEndTurn: naturalStop=false toolCalls=0 nudgeMsg=no
[2026-08-04T05:33:44.031Z] LiveUpdateForge: self-write on D:\Unity\E1\CODELY.md, baseline aligned
[2026-08-04T05:33:44.032Z] LiveUpdateForge: AfterToolExec flush
[2026-08-04T05:33:44.121Z] InitialReadForge.onBeforeSend: SKIP (fr=true syn=false hasRead=true)
[2026-08-04T05:33:48.538Z] LiveUpdateForge: EndTurn fallback flush
[2026-08-04T05:33:48.539Z] onEndTurn: naturalStop=true toolCalls=0 nudgeMsg=no
[2026-08-04T05:52:51.145Z] MemoryForge: attached 5 listener(s)
[2026-08-04T05:52:51.146Z] InitialReadForge: armed one-shot BeforeSend after NewSessionStart
[2026-08-04T05:52:51.146Z] LiveUpdateForge: session reset, allowLiveUpdate = false
[2026-08-04T05:52:51.475Z] LiveUpdateForge: session reset, allowLiveUpdate = false
[2026-08-04T05:52:51.489Z] ResumeDiffForge: running checkResumeConsistency
[2026-08-04T05:52:51.490Z] checkResumeConsistency: forgedTimestamps=[]
[2026-08-04T05:52:51.495Z] checkResumeConsistency: no changes detected
[2026-08-04T05:52:51.495Z] LiveUpdateForge: session reset, allowLiveUpdate = false
[2026-08-04T05:52:51.495Z] NudgeForge: ResumeComplete — restoring count from history
[2026-08-04T05:52:51.495Z] restoreNudgeCountFromHistory: found last write at idx=458 count=0
[2026-08-04T05:52:53.743Z] ResumeDiffForge: running checkResumeConsistency
[2026-08-04T05:52:53.744Z] checkResumeConsistency: forgedTimestamps=[]
[2026-08-04T05:52:53.752Z] checkResumeConsistency: no changes detected
[2026-08-04T05:52:53.752Z] LiveUpdateForge: session reset, allowLiveUpdate = false
[2026-08-04T05:52:53.753Z] NudgeForge: ResumeComplete — restoring count from history
[2026-08-04T05:52:53.753Z] restoreNudgeCountFromHistory: found last write at idx=458 count=0
[2026-08-04T05:52:53.922Z] ResumeDiffForge: running checkResumeConsistency
[2026-08-04T05:52:53.923Z] checkResumeConsistency: forgedTimestamps=[]
[2026-08-04T05:52:53.928Z] checkResumeConsistency: no changes detected
[2026-08-04T05:52:53.929Z] LiveUpdateForge: session reset, allowLiveUpdate = false
[2026-08-04T05:52:53.929Z] NudgeForge: ResumeComplete — restoring count from history
[2026-08-04T05:52:53.929Z] restoreNudgeCountFromHistory: found last write at idx=458 count=0
[2026-08-04T05:52:55.320Z] MemoryForge: attached 5 listener(s)
[2026-08-04T05:52:55.320Z] InitialReadForge: armed one-shot BeforeSend after NewSessionStart
[2026-08-04T05:52:55.321Z] LiveUpdateForge: session reset, allowLiveUpdate = false
[2026-08-04T05:52:55.326Z] MemoryForge: detached all listeners
[2026-08-04T05:52:55.327Z] ResumeDiffForge: running checkResumeConsistency
[2026-08-04T05:52:55.327Z] checkResumeConsistency: forgedTimestamps=[]
[2026-08-04T05:52:55.435Z] checkResumeConsistency: no changes detected
[2026-08-04T05:52:55.436Z] LiveUpdateForge: session reset, allowLiveUpdate = false
[2026-08-04T05:52:55.436Z] NudgeForge: ResumeComplete — restoring count from history
[2026-08-04T05:52:55.436Z] restoreNudgeCountFromHistory: found last write at idx=458 count=0
[2026-08-04T05:52:55.451Z] LiveUpdateForge: allowLiveUpdate = true (first real BeforeSend)
[2026-08-04T05:52:55.451Z] InitialReadForge.onBeforeSend: SKIP (fr=false syn=false hasRead=true)
[2026-08-04T05:53:11.455Z] LiveUpdateForge: EndTurn fallback flush
[2026-08-04T05:53:11.455Z] onEndTurn: naturalStop=false toolCalls=0 nudgeMsg=no
[2026-08-04T05:53:11.613Z] LiveUpdateForge: AfterToolExec flush
[2026-08-04T05:53:11.733Z] InitialReadForge.onBeforeSend: SKIP (fr=true syn=false hasRead=true)
[2026-08-04T05:53:19.782Z] LiveUpdateForge: EndTurn fallback flush
[2026-08-04T05:53:19.782Z] onEndTurn: naturalStop=false toolCalls=1 nudgeMsg=no
[2026-08-04T05:53:19.794Z] LiveUpdateForge: AfterToolExec flush
[2026-08-04T05:53:19.899Z] InitialReadForge.onBeforeSend: SKIP (fr=true syn=false hasRead=true)
[2026-08-04T05:53:26.373Z] LiveUpdateForge: EndTurn fallback flush
[2026-08-04T05:53:26.373Z] onEndTurn: naturalStop=false toolCalls=2 nudgeMsg=no
[2026-08-04T05:53:26.487Z] LiveUpdateForge: AfterToolExec flush
[2026-08-04T05:53:26.576Z] InitialReadForge.onBeforeSend: SKIP (fr=true syn=false hasRead=true)
[2026-08-04T05:53:34.125Z] LiveUpdateForge: EndTurn fallback flush
[2026-08-04T05:53:34.126Z] onEndTurn: naturalStop=false toolCalls=3 nudgeMsg=no
[2026-08-04T05:53:34.134Z] LiveUpdateForge: AfterToolExec flush
[2026-08-04T05:53:34.235Z] InitialReadForge.onBeforeSend: SKIP (fr=true syn=false hasRead=true)
[2026-08-04T05:53:49.391Z] LiveUpdateForge: EndTurn fallback flush
[2026-08-04T05:53:49.392Z] onEndTurn: naturalStop=false toolCalls=4 nudgeMsg=no
[2026-08-04T05:53:49.486Z] LiveUpdateForge: AfterToolExec flush
[2026-08-04T05:53:49.570Z] InitialReadForge.onBeforeSend: SKIP (fr=true syn=false hasRead=true)
[2026-08-04T05:54:04.786Z] LiveUpdateForge: EndTurn fallback flush
[2026-08-04T05:54:04.786Z] onEndTurn: naturalStop=true toolCalls=5 nudgeMsg=no
[2026-08-04T05:56:03.645Z] ResumeDiffForge: running checkResumeConsistency
[2026-08-04T05:56:03.646Z] checkResumeConsistency: forgedTimestamps=[]
[2026-08-04T05:56:03.651Z] checkResumeConsistency: no changes detected
[2026-08-04T05:56:03.652Z] LiveUpdateForge: session reset, allowLiveUpdate = false
[2026-08-04T05:56:03.652Z] NudgeForge: ResumeComplete — restoring count from history
[2026-08-04T05:56:03.653Z] restoreNudgeCountFromHistory: found last write at idx=458 count=5
[2026-08-04T05:56:03.681Z] LiveUpdateForge: allowLiveUpdate = true (first real BeforeSend)
[2026-08-04T05:56:03.681Z] InitialReadForge.onBeforeSend: SKIP (fr=false syn=false hasRead=true)
[2026-08-04T05:56:19.953Z] LiveUpdateForge: EndTurn fallback flush
[2026-08-04T05:56:19.954Z] onEndTurn: naturalStop=false toolCalls=5 nudgeMsg=no
[2026-08-04T05:56:38.428Z] LiveUpdateForge: AfterToolExec flush
[2026-08-04T05:56:38.520Z] InitialReadForge.onBeforeSend: SKIP (fr=true syn=false hasRead=true)
[2026-08-04T05:56:48.010Z] LiveUpdateForge: EndTurn fallback flush
[2026-08-04T05:56:48.011Z] onEndTurn: naturalStop=false toolCalls=6 nudgeMsg=no
[2026-08-04T05:56:51.048Z] LiveUpdateForge: AfterToolExec flush
[2026-08-04T05:56:51.143Z] InitialReadForge.onBeforeSend: SKIP (fr=true syn=false hasRead=true)
[2026-08-04T05:57:06.491Z] LiveUpdateForge: EndTurn fallback flush
[2026-08-04T05:57:06.492Z] onEndTurn: naturalStop=false toolCalls=7 nudgeMsg=no
[2026-08-04T05:57:08.212Z] LiveUpdateForge: AfterToolExec flush
[2026-08-04T05:57:08.300Z] InitialReadForge.onBeforeSend: SKIP (fr=true syn=false hasRead=true)
[2026-08-04T05:57:16.277Z] LiveUpdateForge: EndTurn fallback flush
[2026-08-04T05:57:16.277Z] onEndTurn: naturalStop=true toolCalls=8 nudgeMsg=no
[2026-08-04T06:04:35.399Z] ResumeDiffForge: running checkResumeConsistency
[2026-08-04T06:04:35.399Z] checkResumeConsistency: forgedTimestamps=[]
[2026-08-04T06:04:35.405Z] checkResumeConsistency: no changes detected
[2026-08-04T06:04:35.406Z] LiveUpdateForge: session reset, allowLiveUpdate = false
[2026-08-04T06:04:35.406Z] NudgeForge: ResumeComplete — restoring count from history
[2026-08-04T06:04:35.406Z] restoreNudgeCountFromHistory: found last write at idx=458 count=8
[2026-08-04T06:04:35.435Z] LiveUpdateForge: allowLiveUpdate = true (first real BeforeSend)
[2026-08-04T06:04:35.436Z] InitialReadForge.onBeforeSend: SKIP (fr=false syn=false hasRead=true)
[2026-08-04T06:04:46.264Z] LiveUpdateForge: EndTurn fallback flush
[2026-08-04T06:04:46.264Z] onEndTurn: naturalStop=false toolCalls=8 nudgeMsg=no
[2026-08-04T06:05:42.998Z] LiveUpdateForge: AfterToolExec flush
[2026-08-04T06:05:43.096Z] InitialReadForge.onBeforeSend: SKIP (fr=true syn=false hasRead=true)
[2026-08-04T06:05:53.185Z] LiveUpdateForge: EndTurn fallback flush
[2026-08-04T06:05:53.185Z] onEndTurn: naturalStop=false toolCalls=9 nudgeMsg=no
[2026-08-04T06:05:59.062Z] LiveUpdateForge: AfterToolExec flush
[2026-08-04T06:05:59.149Z] InitialReadForge.onBeforeSend: SKIP (fr=true syn=false hasRead=true)
[2026-08-04T06:06:05.385Z] LiveUpdateForge: EndTurn fallback flush
[2026-08-04T06:06:05.385Z] onEndTurn: naturalStop=false toolCalls=10 nudgeMsg=no
[2026-08-04T06:06:10.220Z] LiveUpdateForge: AfterToolExec flush
[2026-08-04T06:06:10.309Z] InitialReadForge.onBeforeSend: SKIP (fr=true syn=false hasRead=true)
[2026-08-04T06:06:18.196Z] LiveUpdateForge: EndTurn fallback flush
[2026-08-04T06:06:18.196Z] onEndTurn: naturalStop=false toolCalls=11 nudgeMsg=no
[2026-08-04T06:06:39.487Z] LiveUpdateForge: AfterToolExec flush
[2026-08-04T06:06:39.582Z] InitialReadForge.onBeforeSend: SKIP (fr=true syn=false hasRead=true)
[2026-08-04T06:06:53.754Z] LiveUpdateForge: EndTurn fallback flush
[2026-08-04T06:06:53.754Z] onEndTurn: naturalStop=false toolCalls=12 nudgeMsg=no
[2026-08-04T06:06:56.780Z] LiveUpdateForge: AfterToolExec flush
[2026-08-04T06:06:56.907Z] InitialReadForge.onBeforeSend: SKIP (fr=true syn=false hasRead=true)
[2026-08-04T06:07:07.992Z] LiveUpdateForge: EndTurn fallback flush
[2026-08-04T06:07:07.993Z] onEndTurn: naturalStop=false toolCalls=13 nudgeMsg=no
[2026-08-04T06:07:49.684Z] LiveUpdateForge: AfterToolExec flush
[2026-08-04T06:07:49.788Z] InitialReadForge.onBeforeSend: SKIP (fr=true syn=false hasRead=true)
[2026-08-04T06:07:58.858Z] LiveUpdateForge: EndTurn fallback flush
[2026-08-04T06:07:58.859Z] onEndTurn: naturalStop=true toolCalls=14 nudgeMsg=no
[2026-08-04T07:32:36.652Z] MemoryForge: attached 5 listener(s)
[2026-08-04T07:32:36.653Z] InitialReadForge: armed one-shot BeforeSend after NewSessionStart
[2026-08-04T07:32:36.653Z] LiveUpdateForge: session reset, allowLiveUpdate = false
[2026-08-04T07:32:37.123Z] LiveUpdateForge: session reset, allowLiveUpdate = false
[2026-08-04T07:32:37.152Z] ResumeDiffForge: running checkResumeConsistency
[2026-08-04T07:32:37.153Z] checkResumeConsistency: forgedTimestamps=[]
[2026-08-04T07:32:37.160Z] checkResumeConsistency: no changes detected
[2026-08-04T07:32:37.160Z] LiveUpdateForge: session reset, allowLiveUpdate = false
[2026-08-04T07:32:37.160Z] NudgeForge: ResumeComplete — restoring count from history
[2026-08-04T07:32:37.161Z] restoreNudgeCountFromHistory: found last write at idx=458 count=14
[2026-08-04T07:36:06.071Z] ResumeDiffForge: running checkResumeConsistency
[2026-08-04T07:36:06.071Z] checkResumeConsistency: forgedTimestamps=[]
[2026-08-04T07:36:06.085Z] checkResumeConsistency: no changes detected
[2026-08-04T07:36:06.085Z] LiveUpdateForge: session reset, allowLiveUpdate = false
[2026-08-04T07:36:06.085Z] NudgeForge: ResumeComplete — restoring count from history
[2026-08-04T07:36:06.086Z] restoreNudgeCountFromHistory: found last write at idx=458 count=14
[2026-08-04T07:36:35.497Z] MemoryForge: attached 5 listener(s)
[2026-08-04T07:36:35.497Z] InitialReadForge: armed one-shot BeforeSend after NewSessionStart
[2026-08-04T07:36:35.497Z] LiveUpdateForge: session reset, allowLiveUpdate = false
[2026-08-04T07:36:36.360Z] LiveUpdateForge: session reset, allowLiveUpdate = false
[2026-08-04T07:36:36.383Z] ResumeDiffForge: running checkResumeConsistency
[2026-08-04T07:36:36.384Z] checkResumeConsistency: forgedTimestamps=[]
[2026-08-04T07:36:36.390Z] checkResumeConsistency: no changes detected
[2026-08-04T07:36:36.390Z] LiveUpdateForge: session reset, allowLiveUpdate = false
[2026-08-04T07:36:36.391Z] NudgeForge: ResumeComplete — restoring count from history
[2026-08-04T07:36:36.391Z] restoreNudgeCountFromHistory: found last write at idx=458 count=14
[2026-08-04T07:36:37.603Z] ResumeDiffForge: running checkResumeConsistency
[2026-08-04T07:36:37.603Z] checkResumeConsistency: forgedTimestamps=[]
[2026-08-04T07:36:37.611Z] checkResumeConsistency: no changes detected
[2026-08-04T07:36:37.612Z] LiveUpdateForge: session reset, allowLiveUpdate = false
[2026-08-04T07:36:37.612Z] NudgeForge: ResumeComplete — restoring count from history
[2026-08-04T07:36:37.613Z] restoreNudgeCountFromHistory: found last write at idx=458 count=14
[2026-08-04T07:36:37.788Z] ResumeDiffForge: running checkResumeConsistency
[2026-08-04T07:36:37.788Z] checkResumeConsistency: forgedTimestamps=[]
[2026-08-04T07:36:37.795Z] checkResumeConsistency: no changes detected
[2026-08-04T07:36:37.796Z] LiveUpdateForge: session reset, allowLiveUpdate = false
[2026-08-04T07:36:37.796Z] NudgeForge: ResumeComplete — restoring count from history
[2026-08-04T07:36:37.797Z] restoreNudgeCountFromHistory: found last write at idx=458 count=14
[2026-08-04T07:36:39.808Z] MemoryForge: attached 5 listener(s)
[2026-08-04T07:36:39.809Z] InitialReadForge: armed one-shot BeforeSend after NewSessionStart
[2026-08-04T07:36:39.809Z] LiveUpdateForge: session reset, allowLiveUpdate = false
[2026-08-04T07:36:39.814Z] MemoryForge: detached all listeners
[2026-08-04T07:36:39.815Z] ResumeDiffForge: running checkResumeConsistency
[2026-08-04T07:36:39.815Z] checkResumeConsistency: forgedTimestamps=[]
[2026-08-04T07:36:39.912Z] checkResumeConsistency: no changes detected
[2026-08-04T07:36:39.913Z] LiveUpdateForge: session reset, allowLiveUpdate = false
[2026-08-04T07:36:39.913Z] NudgeForge: ResumeComplete — restoring count from history
[2026-08-04T07:36:39.913Z] restoreNudgeCountFromHistory: found last write at idx=458 count=14
[2026-08-04T07:36:39.928Z] LiveUpdateForge: allowLiveUpdate = true (first real BeforeSend)
[2026-08-04T07:36:39.929Z] InitialReadForge.onBeforeSend: SKIP (fr=false syn=false hasRead=true)
[2026-08-04T07:37:03.742Z] LiveUpdateForge: EndTurn fallback flush
[2026-08-04T07:37:03.742Z] onEndTurn: naturalStop=true toolCalls=14 nudgeMsg=no
[2026-08-04T07:41:55.006Z] ResumeDiffForge: running checkResumeConsistency
[2026-08-04T07:41:55.007Z] checkResumeConsistency: forgedTimestamps=[]
[2026-08-04T07:41:55.013Z] checkResumeConsistency: no changes detected
[2026-08-04T07:41:55.013Z] LiveUpdateForge: session reset, allowLiveUpdate = false
[2026-08-04T07:41:55.014Z] NudgeForge: ResumeComplete — restoring count from history
[2026-08-04T07:41:55.014Z] restoreNudgeCountFromHistory: found last write at idx=458 count=14
[2026-08-04T07:53:11.979Z] MemoryForge: attached 5 listener(s)
[2026-08-04T07:53:11.980Z] InitialReadForge: armed one-shot BeforeSend after NewSessionStart
[2026-08-04T07:53:11.980Z] LiveUpdateForge: session reset, allowLiveUpdate = false
[2026-08-04T07:53:12.866Z] LiveUpdateForge: session reset, allowLiveUpdate = false
[2026-08-04T07:53:12.895Z] ResumeDiffForge: running checkResumeConsistency
[2026-08-04T07:53:12.896Z] checkResumeConsistency: forgedTimestamps=[]
[2026-08-04T07:53:12.902Z] checkResumeConsistency: no changes detected
[2026-08-04T07:53:12.902Z] LiveUpdateForge: session reset, allowLiveUpdate = false
[2026-08-04T07:53:12.902Z] NudgeForge: ResumeComplete — restoring count from history
[2026-08-04T07:53:12.903Z] restoreNudgeCountFromHistory: found last write at idx=458 count=14
[2026-08-04T07:53:14.828Z] ResumeDiffForge: running checkResumeConsistency
[2026-08-04T07:53:14.828Z] checkResumeConsistency: forgedTimestamps=[]
[2026-08-04T07:53:14.837Z] checkResumeConsistency: no changes detected
[2026-08-04T07:53:14.838Z] LiveUpdateForge: session reset, allowLiveUpdate = false
[2026-08-04T07:53:14.838Z] NudgeForge: ResumeComplete — restoring count from history
[2026-08-04T07:53:14.839Z] restoreNudgeCountFromHistory: found last write at idx=458 count=14
[2026-08-04T07:53:14.994Z] ResumeDiffForge: running checkResumeConsistency
[2026-08-04T07:53:14.995Z] checkResumeConsistency: forgedTimestamps=[]
[2026-08-04T07:53:15.001Z] checkResumeConsistency: no changes detected
[2026-08-04T07:53:15.002Z] LiveUpdateForge: session reset, allowLiveUpdate = false
[2026-08-04T07:53:15.002Z] NudgeForge: ResumeComplete — restoring count from history
[2026-08-04T07:53:15.003Z] restoreNudgeCountFromHistory: found last write at idx=458 count=14
[2026-08-04T07:53:16.618Z] MemoryForge: attached 5 listener(s)
[2026-08-04T07:53:16.619Z] InitialReadForge: armed one-shot BeforeSend after NewSessionStart
[2026-08-04T07:53:16.619Z] LiveUpdateForge: session reset, allowLiveUpdate = false
[2026-08-04T07:53:16.624Z] MemoryForge: detached all listeners
[2026-08-04T07:53:16.625Z] ResumeDiffForge: running checkResumeConsistency
[2026-08-04T07:53:16.625Z] checkResumeConsistency: forgedTimestamps=[]
[2026-08-04T07:53:16.723Z] checkResumeConsistency: no changes detected
[2026-08-04T07:53:16.723Z] LiveUpdateForge: session reset, allowLiveUpdate = false
[2026-08-04T07:53:16.723Z] NudgeForge: ResumeComplete — restoring count from history
[2026-08-04T07:53:16.724Z] restoreNudgeCountFromHistory: found last write at idx=458 count=14
[2026-08-04T07:53:16.739Z] LiveUpdateForge: allowLiveUpdate = true (first real BeforeSend)
[2026-08-04T07:53:16.740Z] InitialReadForge.onBeforeSend: SKIP (fr=false syn=false hasRead=true)
[2026-08-04T07:53:37.692Z] LiveUpdateForge: EndTurn fallback flush
[2026-08-04T07:53:37.693Z] onEndTurn: naturalStop=false toolCalls=14 nudgeMsg=no
[2026-08-04T07:53:37.852Z] LiveUpdateForge: AfterToolExec flush
[2026-08-04T07:53:37.947Z] InitialReadForge.onBeforeSend: SKIP (fr=true syn=false hasRead=true)
[2026-08-04T07:53:51.458Z] LiveUpdateForge: EndTurn fallback flush
[2026-08-04T07:53:51.459Z] onEndTurn: naturalStop=false toolCalls=15 nudgeMsg=no
[2026-08-04T07:53:51.529Z] LiveUpdateForge: AfterToolExec flush
[2026-08-04T07:53:51.631Z] InitialReadForge.onBeforeSend: SKIP (fr=true syn=false hasRead=true)
[2026-08-04T07:54:01.952Z] LiveUpdateForge: EndTurn fallback flush
[2026-08-04T07:54:01.952Z] onEndTurn: naturalStop=false toolCalls=16 nudgeMsg=no
[2026-08-04T07:54:02.050Z] LiveUpdateForge: AfterToolExec flush
[2026-08-04T07:54:02.148Z] InitialReadForge.onBeforeSend: SKIP (fr=true syn=false hasRead=true)
[2026-08-04T07:54:31.030Z] LiveUpdateForge: EndTurn fallback flush
[2026-08-04T07:54:31.030Z] onEndTurn: naturalStop=false toolCalls=17 nudgeMsg=no
[2026-08-04T07:54:31.044Z] LiveUpdateForge: AfterToolExec flush
[2026-08-04T07:54:31.143Z] InitialReadForge.onBeforeSend: SKIP (fr=true syn=false hasRead=true)
[2026-08-04T07:54:43.193Z] LiveUpdateForge: EndTurn fallback flush
[2026-08-04T07:54:43.194Z] onEndTurn: naturalStop=false toolCalls=18 nudgeMsg=no
[2026-08-04T07:54:43.202Z] LiveUpdateForge: AfterToolExec flush
[2026-08-04T07:54:43.317Z] InitialReadForge.onBeforeSend: SKIP (fr=true syn=false hasRead=true)
[2026-08-04T07:54:58.241Z] LiveUpdateForge: EndTurn fallback flush
[2026-08-04T07:54:58.241Z] onEndTurn: naturalStop=false toolCalls=19 nudgeMsg=no
[2026-08-04T07:54:58.387Z] LiveUpdateForge: AfterToolExec flush
[2026-08-04T07:54:58.488Z] InitialReadForge.onBeforeSend: SKIP (fr=true syn=false hasRead=true)
[2026-08-04T07:55:13.339Z] LiveUpdateForge: EndTurn fallback flush
[2026-08-04T07:55:13.340Z] onEndTurn: naturalStop=false toolCalls=20 nudgeMsg=no
[2026-08-04T07:55:13.360Z] LiveUpdateForge: AfterToolExec flush
[2026-08-04T07:55:13.450Z] InitialReadForge.onBeforeSend: SKIP (fr=true syn=false hasRead=true)
[2026-08-04T07:55:29.668Z] LiveUpdateForge: EndTurn fallback flush
[2026-08-04T07:55:29.669Z] onEndTurn: naturalStop=false toolCalls=21 nudgeMsg=no
[2026-08-04T07:55:29.694Z] LiveUpdateForge: AfterToolExec flush
[2026-08-04T07:55:29.789Z] InitialReadForge.onBeforeSend: SKIP (fr=true syn=false hasRead=true)
[2026-08-04T07:55:47.379Z] LiveUpdateForge: EndTurn fallback flush
[2026-08-04T07:55:47.379Z] onEndTurn: naturalStop=false toolCalls=22 nudgeMsg=no
[2026-08-04T07:55:47.403Z] LiveUpdateForge: AfterToolExec flush
[2026-08-04T07:55:47.502Z] InitialReadForge.onBeforeSend: SKIP (fr=true syn=false hasRead=true)
[2026-08-04T07:55:57.261Z] LiveUpdateForge: EndTurn fallback flush
[2026-08-04T07:55:57.261Z] onEndTurn: naturalStop=false toolCalls=23 nudgeMsg=no
[2026-08-04T07:56:06.298Z] LiveUpdateForge: AfterToolExec flush
[2026-08-04T07:56:06.402Z] InitialReadForge.onBeforeSend: SKIP (fr=true syn=false hasRead=true)
[2026-08-04T07:56:24.691Z] LiveUpdateForge: EndTurn fallback flush
[2026-08-04T07:56:24.691Z] onEndTurn: naturalStop=false toolCalls=24 nudgeMsg=no
[2026-08-04T07:56:28.129Z] LiveUpdateForge: AfterToolExec flush
[2026-08-04T07:56:28.227Z] InitialReadForge.onBeforeSend: SKIP (fr=true syn=false hasRead=true)
[2026-08-04T07:56:55.077Z] LiveUpdateForge: EndTurn fallback flush
[2026-08-04T07:56:55.078Z] onEndTurn: naturalStop=true toolCalls=25 nudgeMsg=no
[2026-08-04T07:57:09.851Z] ResumeDiffForge: running checkResumeConsistency
[2026-08-04T07:57:09.851Z] checkResumeConsistency: forgedTimestamps=[]
[2026-08-04T07:57:09.856Z] checkResumeConsistency: no changes detected
[2026-08-04T07:57:09.857Z] LiveUpdateForge: session reset, allowLiveUpdate = false
[2026-08-04T07:57:09.857Z] NudgeForge: ResumeComplete — restoring count from history
[2026-08-04T07:57:09.857Z] restoreNudgeCountFromHistory: found last write at idx=458 count=25
[2026-08-04T07:57:09.886Z] LiveUpdateForge: allowLiveUpdate = true (first real BeforeSend)
[2026-08-04T07:57:09.886Z] InitialReadForge.onBeforeSend: SKIP (fr=false syn=false hasRead=true)
[2026-08-04T08:07:59.110Z] ResumeDiffForge: running checkResumeConsistency
[2026-08-04T08:07:59.111Z] checkResumeConsistency: forgedTimestamps=[]
[2026-08-04T08:07:59.116Z] checkResumeConsistency: no changes detected
[2026-08-04T08:07:59.117Z] LiveUpdateForge: session reset, allowLiveUpdate = false
[2026-08-04T08:07:59.117Z] NudgeForge: ResumeComplete — restoring count from history
[2026-08-04T08:07:59.117Z] restoreNudgeCountFromHistory: found last write at idx=458 count=25
[2026-08-04T08:07:59.154Z] LiveUpdateForge: allowLiveUpdate = true (first real BeforeSend)
[2026-08-04T08:07:59.154Z] InitialReadForge.onBeforeSend: SKIP (fr=false syn=false hasRead=true)
[2026-08-04T08:08:53.686Z] LiveUpdateForge: EndTurn fallback flush
[2026-08-04T08:08:53.686Z] onEndTurn: naturalStop=false toolCalls=25 nudgeMsg=no
[2026-08-04T08:08:53.768Z] LiveUpdateForge: AfterToolExec flush
[2026-08-04T08:08:53.860Z] InitialReadForge.onBeforeSend: SKIP (fr=true syn=false hasRead=true)
[2026-08-04T08:09:20.471Z] LiveUpdateForge: EndTurn fallback flush
[2026-08-04T08:09:20.471Z] onEndTurn: naturalStop=false toolCalls=26 nudgeMsg=no
[2026-08-04T08:09:20.479Z] LiveUpdateForge: AfterToolExec flush
[2026-08-04T08:09:20.575Z] InitialReadForge.onBeforeSend: SKIP (fr=true syn=false hasRead=true)
[2026-08-04T08:09:53.716Z] LiveUpdateForge: EndTurn fallback flush
[2026-08-04T08:09:53.716Z] onEndTurn: naturalStop=false toolCalls=27 nudgeMsg=no
[2026-08-04T08:09:53.726Z] LiveUpdateForge: AfterToolExec flush
[2026-08-04T08:09:53.834Z] InitialReadForge.onBeforeSend: SKIP (fr=true syn=false hasRead=true)
[2026-08-04T08:10:09.443Z] LiveUpdateForge: EndTurn fallback flush
[2026-08-04T08:10:09.444Z] onEndTurn: naturalStop=false toolCalls=28 nudgeMsg=no
[2026-08-04T08:10:09.560Z] LiveUpdateForge: AfterToolExec flush
[2026-08-04T08:10:09.663Z] InitialReadForge.onBeforeSend: SKIP (fr=true syn=false hasRead=true)
[2026-08-04T08:10:18.822Z] LiveUpdateForge: EndTurn fallback flush
[2026-08-04T08:10:18.822Z] onEndTurn: naturalStop=false toolCalls=29 nudgeMsg=no
[2026-08-04T08:10:18.829Z] LiveUpdateForge: AfterToolExec flush
[2026-08-04T08:10:18.918Z] InitialReadForge.onBeforeSend: SKIP (fr=true syn=false hasRead=true)
[2026-08-04T08:10:31.779Z] LiveUpdateForge: EndTurn fallback flush
[2026-08-04T08:10:31.780Z] onEndTurn: naturalStop=false toolCalls=30 nudgeMsg=no
[2026-08-04T08:10:31.893Z] LiveUpdateForge: AfterToolExec flush
[2026-08-04T08:10:31.985Z] InitialReadForge.onBeforeSend: SKIP (fr=true syn=false hasRead=true)
[2026-08-04T08:10:45.259Z] LiveUpdateForge: EndTurn fallback flush
[2026-08-04T08:10:45.260Z] onEndTurn: naturalStop=false toolCalls=31 nudgeMsg=no
[2026-08-04T08:10:45.372Z] LiveUpdateForge: AfterToolExec flush
[2026-08-04T08:10:45.466Z] InitialReadForge.onBeforeSend: SKIP (fr=true syn=false hasRead=true)
[2026-08-04T08:10:59.161Z] LiveUpdateForge: EndTurn fallback flush
[2026-08-04T08:10:59.161Z] onEndTurn: naturalStop=false toolCalls=32 nudgeMsg=no
[2026-08-04T08:10:59.168Z] LiveUpdateForge: AfterToolExec flush
[2026-08-04T08:10:59.269Z] InitialReadForge.onBeforeSend: SKIP (fr=true syn=false hasRead=true)
[2026-08-04T08:11:14.060Z] LiveUpdateForge: EndTurn fallback flush
[2026-08-04T08:11:14.061Z] onEndTurn: naturalStop=false toolCalls=33 nudgeMsg=no
[2026-08-04T08:11:14.176Z] LiveUpdateForge: AfterToolExec flush
[2026-08-04T08:11:14.272Z] InitialReadForge.onBeforeSend: SKIP (fr=true syn=false hasRead=true)
[2026-08-04T08:11:26.905Z] LiveUpdateForge: EndTurn fallback flush
[2026-08-04T08:11:26.906Z] onEndTurn: naturalStop=false toolCalls=34 nudgeMsg=no
[2026-08-04T08:11:26.912Z] LiveUpdateForge: AfterToolExec flush
[2026-08-04T08:11:27.013Z] InitialReadForge.onBeforeSend: SKIP (fr=true syn=false hasRead=true)
[2026-08-04T08:11:40.123Z] LiveUpdateForge: EndTurn fallback flush
[2026-08-04T08:11:40.123Z] onEndTurn: naturalStop=false toolCalls=35 nudgeMsg=no
[2026-08-04T08:11:40.147Z] LiveUpdateForge: AfterToolExec flush
[2026-08-04T08:11:40.251Z] InitialReadForge.onBeforeSend: SKIP (fr=true syn=false hasRead=true)
[2026-08-04T08:11:51.428Z] LiveUpdateForge: EndTurn fallback flush
[2026-08-04T08:11:51.429Z] onEndTurn: naturalStop=false toolCalls=36 nudgeMsg=no
[2026-08-04T08:11:51.452Z] LiveUpdateForge: AfterToolExec flush
[2026-08-04T08:11:51.551Z] InitialReadForge.onBeforeSend: SKIP (fr=true syn=false hasRead=true)
[2026-08-04T08:12:06.427Z] LiveUpdateForge: EndTurn fallback flush
[2026-08-04T08:12:06.427Z] onEndTurn: naturalStop=false toolCalls=37 nudgeMsg=no
[2026-08-04T08:12:06.437Z] LiveUpdateForge: AfterToolExec flush
[2026-08-04T08:12:06.530Z] InitialReadForge.onBeforeSend: SKIP (fr=true syn=false hasRead=true)
[2026-08-04T08:12:17.794Z] LiveUpdateForge: EndTurn fallback flush
[2026-08-04T08:12:17.795Z] onEndTurn: naturalStop=false toolCalls=38 nudgeMsg=no
[2026-08-04T08:12:17.814Z] LiveUpdateForge: AfterToolExec flush
[2026-08-04T08:12:17.916Z] InitialReadForge.onBeforeSend: SKIP (fr=true syn=false hasRead=true)
[2026-08-04T08:12:26.030Z] LiveUpdateForge: EndTurn fallback flush
[2026-08-04T08:12:26.031Z] onEndTurn: naturalStop=false toolCalls=39 nudgeMsg=no
[2026-08-04T08:12:34.098Z] LiveUpdateForge: AfterToolExec flush
[2026-08-04T08:12:34.222Z] InitialReadForge.onBeforeSend: SKIP (fr=true syn=false hasRead=true)
[2026-08-04T08:12:44.235Z] LiveUpdateForge: EndTurn fallback flush
[2026-08-04T08:12:44.235Z] onEndTurn: naturalStop=true toolCalls=40 nudgeMsg=no
[2026-08-04T08:13:11.113Z] ResumeDiffForge: running checkResumeConsistency
[2026-08-04T08:13:11.113Z] checkResumeConsistency: forgedTimestamps=[]
[2026-08-04T08:13:11.120Z] checkResumeConsistency: no changes detected
[2026-08-04T08:13:11.121Z] LiveUpdateForge: session reset, allowLiveUpdate = false
[2026-08-04T08:13:11.121Z] NudgeForge: ResumeComplete — restoring count from history
[2026-08-04T08:13:11.122Z] restoreNudgeCountFromHistory: found last write at idx=458 count=40
[2026-08-04T08:13:11.169Z] LiveUpdateForge: allowLiveUpdate = true (first real BeforeSend)
[2026-08-04T08:13:11.169Z] InitialReadForge.onBeforeSend: SKIP (fr=false syn=false hasRead=true)
[2026-08-04T08:13:29.459Z] LiveUpdateForge: EndTurn fallback flush
[2026-08-04T08:13:29.459Z] onEndTurn: naturalStop=false toolCalls=40 nudgeMsg=no
[2026-08-04T08:13:31.452Z] LiveUpdateForge: AfterToolExec flush
[2026-08-04T08:13:31.563Z] InitialReadForge.onBeforeSend: SKIP (fr=true syn=false hasRead=true)
[2026-08-04T08:13:41.266Z] LiveUpdateForge: EndTurn fallback flush
[2026-08-04T08:13:41.267Z] onEndTurn: naturalStop=true toolCalls=41 nudgeMsg=no
[2026-08-04T08:15:20.886Z] ResumeDiffForge: running checkResumeConsistency
[2026-08-04T08:15:20.887Z] checkResumeConsistency: forgedTimestamps=[]
[2026-08-04T08:15:20.893Z] checkResumeConsistency: no changes detected
[2026-08-04T08:15:20.893Z] LiveUpdateForge: session reset, allowLiveUpdate = false
[2026-08-04T08:15:20.893Z] NudgeForge: ResumeComplete — restoring count from history
[2026-08-04T08:15:20.894Z] restoreNudgeCountFromHistory: found last write at idx=458 count=41
[2026-08-04T08:15:20.935Z] LiveUpdateForge: allowLiveUpdate = true (first real BeforeSend)
[2026-08-04T08:15:20.936Z] InitialReadForge.onBeforeSend: SKIP (fr=false syn=false hasRead=true)
[2026-08-04T08:15:50.907Z] LiveUpdateForge: EndTurn fallback flush
[2026-08-04T08:15:50.908Z] onEndTurn: naturalStop=false toolCalls=41 nudgeMsg=no
[2026-08-04T08:15:51.049Z] LiveUpdateForge: AfterToolExec flush
[2026-08-04T08:15:51.180Z] InitialReadForge.onBeforeSend: SKIP (fr=true syn=false hasRead=true)
[2026-08-04T08:17:09.421Z] LiveUpdateForge: EndTurn fallback flush
[2026-08-04T08:17:09.421Z] onEndTurn: naturalStop=false toolCalls=42 nudgeMsg=no
[2026-08-04T08:17:09.590Z] LiveUpdateForge: AfterToolExec flush
[2026-08-04T08:17:09.728Z] InitialReadForge.onBeforeSend: SKIP (fr=true syn=false hasRead=true)
[2026-08-04T08:17:29.704Z] LiveUpdateForge: EndTurn fallback flush
[2026-08-04T08:17:29.704Z] onEndTurn: naturalStop=false toolCalls=43 nudgeMsg=no
[2026-08-04T08:17:29.727Z] LiveUpdateForge: AfterToolExec flush
[2026-08-04T08:17:29.863Z] InitialReadForge.onBeforeSend: SKIP (fr=true syn=false hasRead=true)
[2026-08-04T08:18:01.559Z] LiveUpdateForge: EndTurn fallback flush
[2026-08-04T08:18:01.560Z] onEndTurn: naturalStop=false toolCalls=44 nudgeMsg=no
[2026-08-04T08:18:09.503Z] LiveUpdateForge: AfterToolExec flush
[2026-08-04T08:18:09.647Z] InitialReadForge.onBeforeSend: SKIP (fr=true syn=false hasRead=true)
[2026-08-04T08:18:27.231Z] LiveUpdateForge: EndTurn fallback flush
[2026-08-04T08:18:27.232Z] onEndTurn: naturalStop=true toolCalls=45 nudgeMsg=no
[2026-08-04T08:57:06.445Z] MemoryForge: attached 5 listener(s)
[2026-08-04T08:57:06.445Z] InitialReadForge: armed one-shot BeforeSend after NewSessionStart
[2026-08-04T08:57:06.446Z] LiveUpdateForge: session reset, allowLiveUpdate = false
[2026-08-04T08:57:07.133Z] LiveUpdateForge: session reset, allowLiveUpdate = false
[2026-08-04T08:57:07.168Z] ResumeDiffForge: running checkResumeConsistency
[2026-08-04T08:57:07.169Z] checkResumeConsistency: forgedTimestamps=[]
[2026-08-04T08:57:07.175Z] checkResumeConsistency: no changes detected
[2026-08-04T08:57:07.176Z] LiveUpdateForge: session reset, allowLiveUpdate = false
[2026-08-04T08:57:07.176Z] NudgeForge: ResumeComplete — restoring count from history
[2026-08-04T08:57:07.177Z] restoreNudgeCountFromHistory: found last write at idx=458 count=45
[2026-08-04T08:57:09.017Z] ResumeDiffForge: running checkResumeConsistency
[2026-08-04T08:57:09.017Z] checkResumeConsistency: forgedTimestamps=[]
[2026-08-04T08:57:09.026Z] checkResumeConsistency: no changes detected
[2026-08-04T08:57:09.027Z] LiveUpdateForge: session reset, allowLiveUpdate = false
[2026-08-04T08:57:09.027Z] NudgeForge: ResumeComplete — restoring count from history
[2026-08-04T08:57:09.027Z] restoreNudgeCountFromHistory: found last write at idx=458 count=45
[2026-08-04T08:57:09.177Z] ResumeDiffForge: running checkResumeConsistency
[2026-08-04T08:57:09.178Z] checkResumeConsistency: forgedTimestamps=[]
[2026-08-04T08:57:09.184Z] checkResumeConsistency: no changes detected
[2026-08-04T08:57:09.184Z] LiveUpdateForge: session reset, allowLiveUpdate = false
[2026-08-04T08:57:09.185Z] NudgeForge: ResumeComplete — restoring count from history
[2026-08-04T08:57:09.185Z] restoreNudgeCountFromHistory: found last write at idx=458 count=45
[2026-08-04T08:57:12.016Z] MemoryForge: attached 5 listener(s)
[2026-08-04T08:57:12.016Z] InitialReadForge: armed one-shot BeforeSend after NewSessionStart
[2026-08-04T08:57:12.016Z] LiveUpdateForge: session reset, allowLiveUpdate = false
[2026-08-04T08:57:12.023Z] MemoryForge: detached all listeners
[2026-08-04T08:57:12.024Z] ResumeDiffForge: running checkResumeConsistency
[2026-08-04T08:57:12.024Z] checkResumeConsistency: forgedTimestamps=[]
[2026-08-04T08:57:12.148Z] checkResumeConsistency: no changes detected
[2026-08-04T08:57:12.148Z] LiveUpdateForge: session reset, allowLiveUpdate = false
[2026-08-04T08:57:12.148Z] NudgeForge: ResumeComplete — restoring count from history
[2026-08-04T08:57:12.149Z] restoreNudgeCountFromHistory: found last write at idx=458 count=45
[2026-08-04T08:57:12.163Z] LiveUpdateForge: allowLiveUpdate = true (first real BeforeSend)
[2026-08-04T08:57:12.164Z] InitialReadForge.onBeforeSend: SKIP (fr=false syn=false hasRead=true)
[2026-08-04T08:57:52.158Z] LiveUpdateForge: EndTurn fallback flush
[2026-08-04T08:57:52.158Z] onEndTurn: naturalStop=false toolCalls=45 nudgeMsg=no
[2026-08-04T08:57:52.195Z] LiveUpdateForge: AfterToolExec flush
[2026-08-04T08:57:52.302Z] InitialReadForge.onBeforeSend: SKIP (fr=true syn=false hasRead=true)
[2026-08-04T08:58:20.808Z] LiveUpdateForge: EndTurn fallback flush
[2026-08-04T08:58:20.808Z] onEndTurn: naturalStop=false toolCalls=46 nudgeMsg=no
[2026-08-04T08:58:20.959Z] LiveUpdateForge: AfterToolExec flush
[2026-08-04T08:58:21.081Z] InitialReadForge.onBeforeSend: SKIP (fr=true syn=false hasRead=true)
[2026-08-04T08:59:17.980Z] LiveUpdateForge: EndTurn fallback flush
[2026-08-04T08:59:17.980Z] onEndTurn: naturalStop=false toolCalls=47 nudgeMsg=no
[2026-08-04T08:59:18.130Z] LiveUpdateForge: AfterToolExec flush
[2026-08-04T08:59:18.247Z] InitialReadForge.onBeforeSend: SKIP (fr=true syn=false hasRead=true)
[2026-08-04T08:59:35.390Z] LiveUpdateForge: EndTurn fallback flush
[2026-08-04T08:59:35.390Z] onEndTurn: naturalStop=false toolCalls=48 nudgeMsg=no
[2026-08-04T08:59:44.025Z] LiveUpdateForge: AfterToolExec flush
[2026-08-04T08:59:44.138Z] InitialReadForge.onBeforeSend: SKIP (fr=true syn=false hasRead=true)
[2026-08-04T08:59:56.560Z] LiveUpdateForge: EndTurn fallback flush
[2026-08-04T08:59:56.560Z] onEndTurn: naturalStop=true toolCalls=49 nudgeMsg=no
[2026-08-04T09:09:52.885Z] MemoryForge: attached 5 listener(s)
[2026-08-04T09:09:52.885Z] InitialReadForge: armed one-shot BeforeSend after NewSessionStart
[2026-08-04T09:09:52.885Z] LiveUpdateForge: session reset, allowLiveUpdate = false
[2026-08-04T09:09:53.631Z] LiveUpdateForge: session reset, allowLiveUpdate = false
[2026-08-04T09:09:53.663Z] ResumeDiffForge: running checkResumeConsistency
[2026-08-04T09:09:53.664Z] checkResumeConsistency: forgedTimestamps=[]
[2026-08-04T09:09:53.671Z] checkResumeConsistency: no changes detected
[2026-08-04T09:09:53.671Z] LiveUpdateForge: session reset, allowLiveUpdate = false
[2026-08-04T09:09:53.672Z] NudgeForge: ResumeComplete — restoring count from history
[2026-08-04T09:09:53.672Z] restoreNudgeCountFromHistory: found last write at idx=458 count=49
[2026-08-04T09:09:55.497Z] ResumeDiffForge: running checkResumeConsistency
[2026-08-04T09:09:55.498Z] checkResumeConsistency: forgedTimestamps=[]
[2026-08-04T09:09:55.507Z] checkResumeConsistency: no changes detected
[2026-08-04T09:09:55.508Z] LiveUpdateForge: session reset, allowLiveUpdate = false
[2026-08-04T09:09:55.508Z] NudgeForge: ResumeComplete — restoring count from history
[2026-08-04T09:09:55.508Z] restoreNudgeCountFromHistory: found last write at idx=458 count=49
[2026-08-04T09:09:55.693Z] ResumeDiffForge: running checkResumeConsistency
[2026-08-04T09:09:55.694Z] checkResumeConsistency: forgedTimestamps=[]
[2026-08-04T09:09:55.698Z] checkResumeConsistency: no changes detected
[2026-08-04T09:09:55.699Z] LiveUpdateForge: session reset, allowLiveUpdate = false
[2026-08-04T09:09:55.699Z] NudgeForge: ResumeComplete — restoring count from history
[2026-08-04T09:09:55.700Z] restoreNudgeCountFromHistory: found last write at idx=458 count=49
[2026-08-04T09:09:58.074Z] MemoryForge: attached 5 listener(s)
[2026-08-04T09:09:58.074Z] InitialReadForge: armed one-shot BeforeSend after NewSessionStart
[2026-08-04T09:09:58.074Z] LiveUpdateForge: session reset, allowLiveUpdate = false
[2026-08-04T09:09:58.080Z] MemoryForge: detached all listeners
[2026-08-04T09:09:58.081Z] ResumeDiffForge: running checkResumeConsistency
[2026-08-04T09:09:58.081Z] checkResumeConsistency: forgedTimestamps=[]
[2026-08-04T09:09:58.208Z] checkResumeConsistency: no changes detected
[2026-08-04T09:09:58.208Z] LiveUpdateForge: session reset, allowLiveUpdate = false
[2026-08-04T09:09:58.209Z] NudgeForge: ResumeComplete — restoring count from history
[2026-08-04T09:09:58.209Z] restoreNudgeCountFromHistory: found last write at idx=458 count=49
[2026-08-04T09:09:58.227Z] LiveUpdateForge: allowLiveUpdate = true (first real BeforeSend)
[2026-08-04T09:09:58.227Z] InitialReadForge.onBeforeSend: SKIP (fr=false syn=false hasRead=true)
[2026-08-04T09:10:26.253Z] LiveUpdateForge: EndTurn fallback flush
[2026-08-04T09:10:26.254Z] onEndTurn: naturalStop=false toolCalls=49 nudgeMsg=no
[2026-08-04T09:10:28.030Z] LiveUpdateForge: AfterToolExec flush
[2026-08-04T09:10:28.136Z] InitialReadForge.onBeforeSend: SKIP (fr=true syn=false hasRead=true)
[2026-08-04T09:11:06.517Z] LiveUpdateForge: EndTurn fallback flush
[2026-08-04T09:11:06.518Z] onEndTurn: naturalStop=false toolCalls=50 nudgeMsg=no
[2026-08-04T09:11:07.369Z] LiveUpdateForge: AfterToolExec flush
[2026-08-04T09:11:07.473Z] InitialReadForge.onBeforeSend: SKIP (fr=true syn=false hasRead=true)
[2026-08-04T09:11:31.396Z] LiveUpdateForge: EndTurn fallback flush
[2026-08-04T09:11:31.396Z] onEndTurn: naturalStop=true toolCalls=0 nudgeMsg=YES
[2026-08-04T09:11:31.402Z] InitialReadForge.onBeforeSend: SKIP (fr=false syn=false hasRead=true)
[2026-08-04T09:11:56.690Z] LiveUpdateForge: EndTurn fallback flush
[2026-08-04T09:11:56.690Z] onEndTurn: naturalStop=true toolCalls=0 nudgeMsg=no
[2026-08-04T09:20:37.029Z] ResumeDiffForge: running checkResumeConsistency
[2026-08-04T09:20:37.030Z] checkResumeConsistency: forgedTimestamps=[]
[2026-08-04T09:20:37.036Z] checkResumeConsistency: no changes detected
[2026-08-04T09:20:37.036Z] LiveUpdateForge: session reset, allowLiveUpdate = false
[2026-08-04T09:20:37.037Z] NudgeForge: ResumeComplete — restoring count from history
[2026-08-04T09:20:37.037Z] restoreNudgeCountFromHistory: found nudge message at idx=588 count=0
[2026-08-04T09:20:37.077Z] LiveUpdateForge: allowLiveUpdate = true (first real BeforeSend)
[2026-08-04T09:20:37.078Z] InitialReadForge.onBeforeSend: SKIP (fr=false syn=false hasRead=true)
[2026-08-04T09:21:01.773Z] LiveUpdateForge: EndTurn fallback flush
[2026-08-04T09:21:01.774Z] onEndTurn: naturalStop=false toolCalls=0 nudgeMsg=no
[2026-08-04T09:21:01.815Z] LiveUpdateForge: AfterToolExec flush
[2026-08-04T09:21:01.909Z] InitialReadForge.onBeforeSend: SKIP (fr=true syn=false hasRead=true)
[2026-08-04T09:21:35.599Z] LiveUpdateForge: EndTurn fallback flush
[2026-08-04T09:21:35.599Z] onEndTurn: naturalStop=false toolCalls=1 nudgeMsg=no
[2026-08-04T09:21:35.603Z] LiveUpdateForge: AfterToolExec flush
[2026-08-04T09:21:35.707Z] InitialReadForge.onBeforeSend: SKIP (fr=true syn=false hasRead=true)
[2026-08-04T09:21:48.819Z] LiveUpdateForge: EndTurn fallback flush
[2026-08-04T09:21:48.820Z] onEndTurn: naturalStop=false toolCalls=2 nudgeMsg=no
[2026-08-04T09:21:48.827Z] LiveUpdateForge: AfterToolExec flush
[2026-08-04T09:21:48.928Z] InitialReadForge.onBeforeSend: SKIP (fr=true syn=false hasRead=true)
[2026-08-04T09:22:07.462Z] LiveUpdateForge: EndTurn fallback flush
[2026-08-04T09:22:07.463Z] onEndTurn: naturalStop=false toolCalls=3 nudgeMsg=no
[2026-08-04T09:22:07.470Z] LiveUpdateForge: AfterToolExec flush
[2026-08-04T09:22:07.573Z] InitialReadForge.onBeforeSend: SKIP (fr=true syn=false hasRead=true)
[2026-08-04T09:23:01.176Z] LiveUpdateForge: EndTurn fallback flush
[2026-08-04T09:23:01.176Z] onEndTurn: naturalStop=false toolCalls=4 nudgeMsg=no
[2026-08-04T09:23:01.312Z] LiveUpdateForge: AfterToolExec flush
[2026-08-04T09:23:01.421Z] InitialReadForge.onBeforeSend: SKIP (fr=true syn=false hasRead=true)
[2026-08-04T09:23:14.870Z] LiveUpdateForge: EndTurn fallback flush
[2026-08-04T09:23:14.870Z] onEndTurn: naturalStop=false toolCalls=5 nudgeMsg=no
[2026-08-04T09:23:14.894Z] LiveUpdateForge: AfterToolExec flush
[2026-08-04T09:23:15.019Z] InitialReadForge.onBeforeSend: SKIP (fr=true syn=false hasRead=true)
[2026-08-04T09:23:30.171Z] LiveUpdateForge: EndTurn fallback flush
[2026-08-04T09:23:30.171Z] onEndTurn: naturalStop=false toolCalls=6 nudgeMsg=no
[2026-08-04T09:23:30.200Z] LiveUpdateForge: AfterToolExec flush
[2026-08-04T09:23:30.329Z] InitialReadForge.onBeforeSend: SKIP (fr=true syn=false hasRead=true)
[2026-08-04T09:24:14.799Z] LiveUpdateForge: EndTurn fallback flush
[2026-08-04T09:24:14.800Z] onEndTurn: naturalStop=false toolCalls=7 nudgeMsg=no
[2026-08-04T09:24:23.173Z] LiveUpdateForge: AfterToolExec flush
[2026-08-04T09:24:23.286Z] InitialReadForge.onBeforeSend: SKIP (fr=true syn=false hasRead=true)
[2026-08-04T09:25:06.102Z] LiveUpdateForge: EndTurn fallback flush
[2026-08-04T09:25:06.103Z] onEndTurn: naturalStop=false toolCalls=8 nudgeMsg=no
[2026-08-04T09:25:08.001Z] LiveUpdateForge: AfterToolExec flush
[2026-08-04T09:25:08.103Z] InitialReadForge.onBeforeSend: SKIP (fr=true syn=false hasRead=true)
[2026-08-04T09:25:31.022Z] LiveUpdateForge: EndTurn fallback flush
[2026-08-04T09:25:31.023Z] onEndTurn: naturalStop=false toolCalls=9 nudgeMsg=no
[2026-08-04T09:25:31.617Z] LiveUpdateForge: AfterToolExec flush
[2026-08-04T09:25:31.738Z] InitialReadForge.onBeforeSend: SKIP (fr=true syn=false hasRead=true)
[2026-08-04T09:26:07.482Z] LiveUpdateForge: EndTurn fallback flush
[2026-08-04T09:26:07.482Z] onEndTurn: naturalStop=false toolCalls=10 nudgeMsg=no
[2026-08-04T09:26:08.266Z] LiveUpdateForge: AfterToolExec flush
[2026-08-04T09:26:08.385Z] InitialReadForge.onBeforeSend: SKIP (fr=true syn=false hasRead=true)
[2026-08-04T09:26:20.038Z] LiveUpdateForge: EndTurn fallback flush
[2026-08-04T09:26:20.038Z] onEndTurn: naturalStop=true toolCalls=11 nudgeMsg=no
[2026-08-04T11:05:51.242Z] MemoryForge: attached 5 listener(s)
[2026-08-04T11:05:51.242Z] InitialReadForge: armed one-shot BeforeSend after NewSessionStart
[2026-08-04T11:05:51.243Z] LiveUpdateForge: session reset, allowLiveUpdate = false
[2026-08-04T11:05:52.081Z] LiveUpdateForge: session reset, allowLiveUpdate = false
[2026-08-04T11:05:52.105Z] ResumeDiffForge: running checkResumeConsistency
[2026-08-04T11:05:52.106Z] checkResumeConsistency: forgedTimestamps=[]
[2026-08-04T11:05:52.113Z] checkResumeConsistency: no changes detected
[2026-08-04T11:05:52.113Z] LiveUpdateForge: session reset, allowLiveUpdate = false
[2026-08-04T11:05:52.113Z] NudgeForge: ResumeComplete — restoring count from history
[2026-08-04T11:05:52.113Z] restoreNudgeCountFromHistory: found nudge message at idx=588 count=11
[2026-08-04T11:06:01.157Z] ResumeDiffForge: running checkResumeConsistency
[2026-08-04T11:06:01.157Z] checkResumeConsistency: forgedTimestamps=[]
[2026-08-04T11:06:01.168Z] checkResumeConsistency: no changes detected
[2026-08-04T11:06:01.169Z] LiveUpdateForge: session reset, allowLiveUpdate = false
[2026-08-04T11:06:01.169Z] NudgeForge: ResumeComplete — restoring count from history
[2026-08-04T11:06:01.170Z] restoreNudgeCountFromHistory: found nudge message at idx=588 count=11
[2026-08-04T11:06:01.370Z] ResumeDiffForge: running checkResumeConsistency
[2026-08-04T11:06:01.371Z] checkResumeConsistency: forgedTimestamps=[]
[2026-08-04T11:06:01.376Z] checkResumeConsistency: no changes detected
[2026-08-04T11:06:01.377Z] LiveUpdateForge: session reset, allowLiveUpdate = false
[2026-08-04T11:06:01.377Z] NudgeForge: ResumeComplete — restoring count from history
[2026-08-04T11:06:01.378Z] restoreNudgeCountFromHistory: found nudge message at idx=588 count=11
[2026-08-04T11:06:04.333Z] MemoryForge: attached 5 listener(s)
[2026-08-04T11:06:04.334Z] InitialReadForge: armed one-shot BeforeSend after NewSessionStart
[2026-08-04T11:06:04.334Z] LiveUpdateForge: session reset, allowLiveUpdate = false
[2026-08-04T11:06:04.342Z] MemoryForge: detached all listeners
[2026-08-04T11:06:04.342Z] ResumeDiffForge: running checkResumeConsistency
[2026-08-04T11:06:04.343Z] checkResumeConsistency: forgedTimestamps=[]
[2026-08-04T11:06:04.480Z] checkResumeConsistency: no changes detected
[2026-08-04T11:06:04.481Z] LiveUpdateForge: session reset, allowLiveUpdate = false
[2026-08-04T11:06:04.481Z] NudgeForge: ResumeComplete — restoring count from history
[2026-08-04T11:06:04.482Z] restoreNudgeCountFromHistory: found nudge message at idx=588 count=11
[2026-08-04T11:06:04.503Z] LiveUpdateForge: allowLiveUpdate = true (first real BeforeSend)
[2026-08-04T11:06:04.504Z] InitialReadForge.onBeforeSend: SKIP (fr=false syn=false hasRead=true)
[2026-08-04T11:06:33.692Z] LiveUpdateForge: EndTurn fallback flush
[2026-08-04T11:06:33.693Z] onEndTurn: naturalStop=true toolCalls=11 nudgeMsg=no
[2026-08-04T11:49:06.616Z] MemoryForge: attached 5 listener(s)
[2026-08-04T11:49:06.617Z] InitialReadForge: armed one-shot BeforeSend after NewSessionStart
[2026-08-04T11:49:06.617Z] LiveUpdateForge: session reset, allowLiveUpdate = false
[2026-08-04T11:49:07.354Z] LiveUpdateForge: session reset, allowLiveUpdate = false
[2026-08-04T11:49:07.374Z] ResumeDiffForge: running checkResumeConsistency
[2026-08-04T11:49:07.375Z] checkResumeConsistency: forgedTimestamps=[]
[2026-08-04T11:49:07.381Z] checkResumeConsistency: no changes detected
[2026-08-04T11:49:07.381Z] LiveUpdateForge: session reset, allowLiveUpdate = false
[2026-08-04T11:49:07.381Z] NudgeForge: ResumeComplete — restoring count from history
[2026-08-04T11:49:07.382Z] restoreNudgeCountFromHistory: found nudge message at idx=588 count=11
[2026-08-04T11:49:08.710Z] ResumeDiffForge: running checkResumeConsistency
[2026-08-04T11:49:08.711Z] checkResumeConsistency: forgedTimestamps=[]
[2026-08-04T11:49:08.725Z] checkResumeConsistency: no changes detected
[2026-08-04T11:49:08.726Z] LiveUpdateForge: session reset, allowLiveUpdate = false
[2026-08-04T11:49:08.726Z] NudgeForge: ResumeComplete — restoring count from history
[2026-08-04T11:49:08.726Z] restoreNudgeCountFromHistory: found nudge message at idx=588 count=11
[2026-08-04T11:49:08.895Z] ResumeDiffForge: running checkResumeConsistency
[2026-08-04T11:49:08.895Z] checkResumeConsistency: forgedTimestamps=[]
[2026-08-04T11:49:08.902Z] checkResumeConsistency: no changes detected
[2026-08-04T11:49:08.902Z] LiveUpdateForge: session reset, allowLiveUpdate = false
[2026-08-04T11:49:08.903Z] NudgeForge: ResumeComplete — restoring count from history
[2026-08-04T11:49:08.903Z] restoreNudgeCountFromHistory: found nudge message at idx=588 count=11
[2026-08-04T11:49:11.640Z] MemoryForge: attached 5 listener(s)
[2026-08-04T11:49:11.641Z] InitialReadForge: armed one-shot BeforeSend after NewSessionStart
[2026-08-04T11:49:11.641Z] LiveUpdateForge: session reset, allowLiveUpdate = false
[2026-08-04T11:49:11.647Z] MemoryForge: detached all listeners
[2026-08-04T11:49:11.647Z] ResumeDiffForge: running checkResumeConsistency
[2026-08-04T11:49:11.648Z] checkResumeConsistency: forgedTimestamps=[]
[2026-08-04T11:49:11.775Z] checkResumeConsistency: no changes detected
[2026-08-04T11:49:11.775Z] LiveUpdateForge: session reset, allowLiveUpdate = false
[2026-08-04T11:49:11.775Z] NudgeForge: ResumeComplete — restoring count from history
[2026-08-04T11:49:11.776Z] restoreNudgeCountFromHistory: found nudge message at idx=588 count=11
[2026-08-04T11:49:11.789Z] LiveUpdateForge: allowLiveUpdate = true (first real BeforeSend)
[2026-08-04T11:49:11.790Z] InitialReadForge.onBeforeSend: SKIP (fr=false syn=false hasRead=true)
[2026-08-04T11:49:48.525Z] LiveUpdateForge: EndTurn fallback flush
[2026-08-04T11:49:48.526Z] onEndTurn: naturalStop=false toolCalls=11 nudgeMsg=no
[2026-08-04T11:51:11.289Z] LiveUpdateForge: AfterToolExec flush
[2026-08-04T11:51:11.393Z] InitialReadForge.onBeforeSend: SKIP (fr=true syn=false hasRead=true)
[2026-08-04T11:51:43.970Z] LiveUpdateForge: EndTurn fallback flush
[2026-08-04T11:51:43.970Z] onEndTurn: naturalStop=false toolCalls=12 nudgeMsg=no
[2026-08-04T11:51:44.005Z] LiveUpdateForge: AfterToolExec flush
[2026-08-04T11:51:44.131Z] InitialReadForge.onBeforeSend: SKIP (fr=true syn=false hasRead=true)
[2026-08-04T11:52:04.194Z] LiveUpdateForge: EndTurn fallback flush
[2026-08-04T11:52:04.195Z] onEndTurn: naturalStop=false toolCalls=13 nudgeMsg=no
[2026-08-04T11:52:04.201Z] LiveUpdateForge: AfterToolExec flush
[2026-08-04T11:52:04.311Z] InitialReadForge.onBeforeSend: SKIP (fr=true syn=false hasRead=true)
[2026-08-04T11:52:43.028Z] LiveUpdateForge: EndTurn fallback flush
[2026-08-04T11:52:43.029Z] onEndTurn: naturalStop=false toolCalls=14 nudgeMsg=no
[2026-08-04T11:52:43.043Z] InitialReadForge.onBeforeSend: SKIP (fr=true syn=false hasRead=true)
[2026-08-04T11:52:48.069Z] LiveUpdateForge: EndTurn fallback flush
[2026-08-04T11:52:48.070Z] onEndTurn: naturalStop=false toolCalls=14 nudgeMsg=no
[2026-08-04T11:52:48.073Z] InitialReadForge.onBeforeSend: SKIP (fr=true syn=false hasRead=true)
[2026-08-04T11:56:16.208Z] InitialReadForge.onBeforeSend: SKIP (fr=false syn=false hasRead=true)
[2026-08-04T11:56:38.710Z] LiveUpdateForge: EndTurn fallback flush
[2026-08-04T11:56:38.710Z] onEndTurn: naturalStop=false toolCalls=14 nudgeMsg=no
[2026-08-04T11:56:38.732Z] LiveUpdateForge: AfterToolExec flush
[2026-08-04T11:56:38.863Z] InitialReadForge.onBeforeSend: SKIP (fr=true syn=false hasRead=true)
[2026-08-04T11:57:01.938Z] LiveUpdateForge: EndTurn fallback flush
[2026-08-04T11:57:01.939Z] onEndTurn: naturalStop=false toolCalls=15 nudgeMsg=no
[2026-08-04T11:57:11.100Z] LiveUpdateForge: AfterToolExec flush
[2026-08-04T11:57:11.241Z] InitialReadForge.onBeforeSend: SKIP (fr=true syn=false hasRead=true)
[2026-08-04T11:57:30.555Z] LiveUpdateForge: EndTurn fallback flush
[2026-08-04T11:57:30.555Z] onEndTurn: naturalStop=false toolCalls=16 nudgeMsg=no
[2026-08-04T11:57:30.563Z] LiveUpdateForge: AfterToolExec flush
[2026-08-04T11:57:30.682Z] InitialReadForge.onBeforeSend: SKIP (fr=true syn=false hasRead=true)
[2026-08-04T11:57:48.912Z] LiveUpdateForge: EndTurn fallback flush
[2026-08-04T11:57:48.913Z] onEndTurn: naturalStop=false toolCalls=17 nudgeMsg=no
[2026-08-04T11:57:49.014Z] LiveUpdateForge: AfterToolExec flush
[2026-08-04T11:57:49.111Z] InitialReadForge.onBeforeSend: SKIP (fr=true syn=false hasRead=true)
[2026-08-04T11:58:38.646Z] LiveUpdateForge: EndTurn fallback flush
[2026-08-04T11:58:38.646Z] onEndTurn: naturalStop=false toolCalls=18 nudgeMsg=no
[2026-08-04T11:58:38.667Z] LiveUpdateForge: AfterToolExec flush
[2026-08-04T11:58:38.790Z] InitialReadForge.onBeforeSend: SKIP (fr=true syn=false hasRead=true)
[2026-08-04T11:58:52.782Z] LiveUpdateForge: EndTurn fallback flush
[2026-08-04T11:58:52.782Z] onEndTurn: naturalStop=false toolCalls=19 nudgeMsg=no
[2026-08-04T11:58:57.809Z] LiveUpdateForge: AfterToolExec flush
[2026-08-04T11:58:57.933Z] InitialReadForge.onBeforeSend: SKIP (fr=true syn=false hasRead=true)
[2026-08-04T11:59:41.183Z] LiveUpdateForge: EndTurn fallback flush
[2026-08-04T11:59:41.184Z] onEndTurn: naturalStop=false toolCalls=20 nudgeMsg=no
[2026-08-04T11:59:41.186Z] LiveUpdateForge: AfterToolExec flush
[2026-08-04T11:59:41.297Z] InitialReadForge.onBeforeSend: SKIP (fr=true syn=false hasRead=true)
[2026-08-04T12:00:50.224Z] LiveUpdateForge: EndTurn fallback flush
[2026-08-04T12:00:50.225Z] onEndTurn: naturalStop=false toolCalls=21 nudgeMsg=no
[2026-08-04T12:00:50.368Z] LiveUpdateForge: AfterToolExec flush
[2026-08-04T12:00:50.481Z] InitialReadForge.onBeforeSend: SKIP (fr=true syn=false hasRead=true)
[2026-08-04T12:01:20.880Z] LiveUpdateForge: EndTurn fallback flush
[2026-08-04T12:01:20.880Z] onEndTurn: naturalStop=false toolCalls=22 nudgeMsg=no
[2026-08-04T12:01:26.203Z] LiveUpdateForge: AfterToolExec flush
[2026-08-04T12:01:26.328Z] InitialReadForge.onBeforeSend: SKIP (fr=true syn=false hasRead=true)
[2026-08-04T12:01:48.630Z] LiveUpdateForge: EndTurn fallback flush
[2026-08-04T12:01:48.630Z] onEndTurn: naturalStop=false toolCalls=23 nudgeMsg=no
[2026-08-04T12:01:48.655Z] LiveUpdateForge: AfterToolExec flush
[2026-08-04T12:01:48.790Z] InitialReadForge.onBeforeSend: SKIP (fr=true syn=false hasRead=true)
[2026-08-04T12:02:07.823Z] LiveUpdateForge: EndTurn fallback flush
[2026-08-04T12:02:07.823Z] onEndTurn: naturalStop=false toolCalls=24 nudgeMsg=no
[2026-08-04T12:02:07.829Z] LiveUpdateForge: AfterToolExec flush
[2026-08-04T12:02:07.945Z] InitialReadForge.onBeforeSend: SKIP (fr=true syn=false hasRead=true)
[2026-08-04T12:02:27.778Z] LiveUpdateForge: EndTurn fallback flush
[2026-08-04T12:02:27.779Z] onEndTurn: naturalStop=false toolCalls=25 nudgeMsg=no
[2026-08-04T12:02:27.785Z] LiveUpdateForge: AfterToolExec flush
[2026-08-04T12:02:27.885Z] InitialReadForge.onBeforeSend: SKIP (fr=true syn=false hasRead=true)
[2026-08-04T12:02:49.533Z] LiveUpdateForge: EndTurn fallback flush
[2026-08-04T12:02:49.533Z] onEndTurn: naturalStop=false toolCalls=26 nudgeMsg=no
[2026-08-04T12:02:49.679Z] LiveUpdateForge: AfterToolExec flush
[2026-08-04T12:02:49.809Z] InitialReadForge.onBeforeSend: SKIP (fr=true syn=false hasRead=true)
[2026-08-04T12:03:07.450Z] LiveUpdateForge: EndTurn fallback flush
[2026-08-04T12:03:07.450Z] onEndTurn: naturalStop=false toolCalls=27 nudgeMsg=no
[2026-08-04T12:03:07.623Z] LiveUpdateForge: AfterToolExec flush
[2026-08-04T12:03:07.754Z] InitialReadForge.onBeforeSend: SKIP (fr=true syn=false hasRead=true)
[2026-08-04T12:03:27.190Z] LiveUpdateForge: EndTurn fallback flush
[2026-08-04T12:03:27.190Z] onEndTurn: naturalStop=false toolCalls=28 nudgeMsg=no
[2026-08-04T12:04:56.860Z] LiveUpdateForge: AfterToolExec flush
[2026-08-04T12:04:56.989Z] InitialReadForge.onBeforeSend: SKIP (fr=true syn=false hasRead=true)
[2026-08-04T12:05:22.848Z] LiveUpdateForge: EndTurn fallback flush
[2026-08-04T12:05:22.848Z] onEndTurn: naturalStop=true toolCalls=29 nudgeMsg=no
[2026-08-04T12:07:11.361Z] ResumeDiffForge: running checkResumeConsistency
[2026-08-04T12:07:11.362Z] checkResumeConsistency: forgedTimestamps=[]
[2026-08-04T12:07:11.373Z] checkResumeConsistency: no changes detected
[2026-08-04T12:07:11.374Z] LiveUpdateForge: session reset, allowLiveUpdate = false
[2026-08-04T12:07:11.374Z] NudgeForge: ResumeComplete — restoring count from history
[2026-08-04T12:07:11.375Z] restoreNudgeCountFromHistory: found nudge message at idx=588 count=29
[2026-08-04T12:07:11.427Z] LiveUpdateForge: allowLiveUpdate = true (first real BeforeSend)
[2026-08-04T12:07:11.428Z] InitialReadForge.onBeforeSend: SKIP (fr=false syn=false hasRead=true)
[2026-08-04T12:07:36.164Z] LiveUpdateForge: EndTurn fallback flush
[2026-08-04T12:07:36.164Z] onEndTurn: naturalStop=false toolCalls=29 nudgeMsg=no
[2026-08-04T12:07:38.466Z] LiveUpdateForge: AfterToolExec flush
[2026-08-04T12:07:38.600Z] InitialReadForge.onBeforeSend: SKIP (fr=true syn=false hasRead=true)
[2026-08-04T12:08:15.155Z] LiveUpdateForge: EndTurn fallback flush
[2026-08-04T12:08:15.156Z] onEndTurn: naturalStop=false toolCalls=30 nudgeMsg=no
[2026-08-04T12:08:15.474Z] LiveUpdateForge: AfterToolExec flush
[2026-08-04T12:08:15.589Z] InitialReadForge.onBeforeSend: SKIP (fr=true syn=false hasRead=true)
[2026-08-04T12:09:23.043Z] LiveUpdateForge: EndTurn fallback flush
[2026-08-04T12:09:23.044Z] onEndTurn: naturalStop=false toolCalls=31 nudgeMsg=no
[2026-08-04T12:09:23.188Z] LiveUpdateForge: AfterToolExec flush
[2026-08-04T12:09:23.309Z] InitialReadForge.onBeforeSend: SKIP (fr=true syn=false hasRead=true)
[2026-08-04T12:09:46.419Z] LiveUpdateForge: EndTurn fallback flush
[2026-08-04T12:09:46.419Z] onEndTurn: naturalStop=false toolCalls=32 nudgeMsg=no
[2026-08-04T12:09:55.906Z] LiveUpdateForge: AfterToolExec flush
[2026-08-04T12:09:56.028Z] InitialReadForge.onBeforeSend: SKIP (fr=true syn=false hasRead=true)
[2026-08-04T12:10:24.482Z] LiveUpdateForge: EndTurn fallback flush
[2026-08-04T12:10:24.483Z] onEndTurn: naturalStop=true toolCalls=33 nudgeMsg=no
[2026-08-04T12:23:33.574Z] MemoryForge: attached 5 listener(s)
[2026-08-04T12:23:33.575Z] InitialReadForge: armed one-shot BeforeSend after NewSessionStart
[2026-08-04T12:23:33.575Z] LiveUpdateForge: session reset, allowLiveUpdate = false
[2026-08-04T12:23:34.808Z] LiveUpdateForge: session reset, allowLiveUpdate = false
[2026-08-04T12:23:34.841Z] ResumeDiffForge: running checkResumeConsistency
[2026-08-04T12:23:34.842Z] checkResumeConsistency: forgedTimestamps=[]
[2026-08-04T12:23:34.849Z] checkResumeConsistency: no changes detected
[2026-08-04T12:23:34.850Z] LiveUpdateForge: session reset, allowLiveUpdate = false
[2026-08-04T12:23:34.850Z] NudgeForge: ResumeComplete — restoring count from history
[2026-08-04T12:23:34.851Z] restoreNudgeCountFromHistory: found nudge message at idx=588 count=33
[2026-08-04T12:23:36.866Z] ResumeDiffForge: running checkResumeConsistency
[2026-08-04T12:23:36.867Z] checkResumeConsistency: forgedTimestamps=[]
[2026-08-04T12:23:36.876Z] checkResumeConsistency: no changes detected
[2026-08-04T12:23:36.877Z] LiveUpdateForge: session reset, allowLiveUpdate = false
[2026-08-04T12:23:36.877Z] NudgeForge: ResumeComplete — restoring count from history
[2026-08-04T12:23:36.878Z] restoreNudgeCountFromHistory: found nudge message at idx=588 count=33
[2026-08-04T12:23:37.099Z] ResumeDiffForge: running checkResumeConsistency
[2026-08-04T12:23:37.100Z] checkResumeConsistency: forgedTimestamps=[]
[2026-08-04T12:23:37.109Z] checkResumeConsistency: no changes detected
[2026-08-04T12:23:37.110Z] LiveUpdateForge: session reset, allowLiveUpdate = false
[2026-08-04T12:23:37.110Z] NudgeForge: ResumeComplete — restoring count from history
[2026-08-04T12:23:37.111Z] restoreNudgeCountFromHistory: found nudge message at idx=588 count=33
[2026-08-04T12:23:39.309Z] MemoryForge: attached 5 listener(s)
[2026-08-04T12:23:39.309Z] InitialReadForge: armed one-shot BeforeSend after NewSessionStart
[2026-08-04T12:23:39.310Z] LiveUpdateForge: session reset, allowLiveUpdate = false
[2026-08-04T12:23:39.318Z] MemoryForge: detached all listeners
[2026-08-04T12:23:39.318Z] ResumeDiffForge: running checkResumeConsistency
[2026-08-04T12:23:39.319Z] checkResumeConsistency: forgedTimestamps=[]
[2026-08-04T12:23:39.475Z] checkResumeConsistency: no changes detected
[2026-08-04T12:23:39.475Z] LiveUpdateForge: session reset, allowLiveUpdate = false
[2026-08-04T12:23:39.476Z] NudgeForge: ResumeComplete — restoring count from history
[2026-08-04T12:23:39.476Z] restoreNudgeCountFromHistory: found nudge message at idx=588 count=33
[2026-08-04T12:23:39.499Z] LiveUpdateForge: allowLiveUpdate = true (first real BeforeSend)
[2026-08-04T12:23:39.500Z] InitialReadForge.onBeforeSend: SKIP (fr=false syn=false hasRead=true)
[2026-08-04T12:24:22.587Z] LiveUpdateForge: EndTurn fallback flush
[2026-08-04T12:24:22.588Z] onEndTurn: naturalStop=false toolCalls=33 nudgeMsg=no
[2026-08-04T12:24:24.625Z] LiveUpdateForge: AfterToolExec flush
[2026-08-04T12:24:24.731Z] InitialReadForge.onBeforeSend: SKIP (fr=true syn=false hasRead=true)
[2026-08-04T12:25:10.208Z] LiveUpdateForge: EndTurn fallback flush
[2026-08-04T12:25:10.209Z] onEndTurn: naturalStop=false toolCalls=34 nudgeMsg=no
[2026-08-04T12:25:10.500Z] LiveUpdateForge: AfterToolExec flush
[2026-08-04T12:25:10.610Z] InitialReadForge.onBeforeSend: SKIP (fr=true syn=false hasRead=true)
[2026-08-04T12:25:53.853Z] LiveUpdateForge: EndTurn fallback flush
[2026-08-04T12:25:53.853Z] onEndTurn: naturalStop=false toolCalls=35 nudgeMsg=no
[2026-08-04T12:25:54.627Z] LiveUpdateForge: AfterToolExec flush
[2026-08-04T12:25:54.727Z] InitialReadForge.onBeforeSend: SKIP (fr=true syn=false hasRead=true)
[2026-08-04T12:26:28.901Z] LiveUpdateForge: EndTurn fallback flush
[2026-08-04T12:26:28.902Z] onEndTurn: naturalStop=true toolCalls=36 nudgeMsg=no
[2026-08-04T12:32:27.051Z] ResumeDiffForge: running checkResumeConsistency
[2026-08-04T12:32:27.051Z] checkResumeConsistency: forgedTimestamps=[]
[2026-08-04T12:32:27.058Z] checkResumeConsistency: no changes detected
[2026-08-04T12:32:27.058Z] LiveUpdateForge: session reset, allowLiveUpdate = false
[2026-08-04T12:32:27.058Z] NudgeForge: ResumeComplete — restoring count from history
[2026-08-04T12:32:27.059Z] restoreNudgeCountFromHistory: found nudge message at idx=588 count=36
[2026-08-04T12:32:27.109Z] LiveUpdateForge: allowLiveUpdate = true (first real BeforeSend)
[2026-08-04T12:32:27.110Z] InitialReadForge.onBeforeSend: SKIP (fr=false syn=false hasRead=true)
[2026-08-04T12:33:20.513Z] LiveUpdateForge: EndTurn fallback flush
[2026-08-04T12:33:20.514Z] onEndTurn: naturalStop=false toolCalls=36 nudgeMsg=no
[2026-08-04T12:33:20.556Z] LiveUpdateForge: AfterToolExec flush
[2026-08-04T12:33:20.654Z] InitialReadForge.onBeforeSend: SKIP (fr=true syn=false hasRead=true)
[2026-08-04T12:34:02.189Z] LiveUpdateForge: EndTurn fallback flush
[2026-08-04T12:34:02.189Z] onEndTurn: naturalStop=false toolCalls=37 nudgeMsg=no
[2026-08-04T12:34:02.198Z] LiveUpdateForge: AfterToolExec flush
[2026-08-04T12:34:02.310Z] InitialReadForge.onBeforeSend: SKIP (fr=true syn=false hasRead=true)
[2026-08-04T12:34:53.080Z] LiveUpdateForge: EndTurn fallback flush
[2026-08-04T12:34:53.080Z] onEndTurn: naturalStop=false toolCalls=38 nudgeMsg=no
[2026-08-04T12:34:53.087Z] LiveUpdateForge: AfterToolExec flush
[2026-08-04T12:34:53.185Z] InitialReadForge.onBeforeSend: SKIP (fr=true syn=false hasRead=true)
[2026-08-04T12:36:07.950Z] LiveUpdateForge: EndTurn fallback flush
[2026-08-04T12:36:07.951Z] onEndTurn: naturalStop=false toolCalls=39 nudgeMsg=no
[2026-08-04T12:36:08.109Z] LiveUpdateForge: AfterToolExec flush
[2026-08-04T12:36:08.225Z] InitialReadForge.onBeforeSend: SKIP (fr=true syn=false hasRead=true)
[2026-08-04T12:36:49.009Z] LiveUpdateForge: EndTurn fallback flush
[2026-08-04T12:36:49.010Z] onEndTurn: naturalStop=false toolCalls=40 nudgeMsg=no
[2026-08-04T12:36:49.035Z] LiveUpdateForge: AfterToolExec flush
[2026-08-04T12:36:49.152Z] InitialReadForge.onBeforeSend: SKIP (fr=true syn=false hasRead=true)
[2026-08-04T12:37:32.432Z] LiveUpdateForge: EndTurn fallback flush
[2026-08-04T12:37:32.433Z] onEndTurn: naturalStop=false toolCalls=41 nudgeMsg=no
[2026-08-04T12:37:41.560Z] LiveUpdateForge: AfterToolExec flush
[2026-08-04T12:37:41.668Z] InitialReadForge.onBeforeSend: SKIP (fr=true syn=false hasRead=true)
[2026-08-04T12:38:15.657Z] LiveUpdateForge: EndTurn fallback flush
[2026-08-04T12:38:15.657Z] onEndTurn: naturalStop=true toolCalls=42 nudgeMsg=no
[2026-08-04T12:45:59.651Z] MemoryForge: attached 5 listener(s)
[2026-08-04T12:45:59.652Z] InitialReadForge: armed one-shot BeforeSend after NewSessionStart
[2026-08-04T12:45:59.652Z] LiveUpdateForge: session reset, allowLiveUpdate = false
[2026-08-04T12:46:00.537Z] LiveUpdateForge: session reset, allowLiveUpdate = false
[2026-08-04T12:46:00.562Z] ResumeDiffForge: running checkResumeConsistency
[2026-08-04T12:46:00.563Z] checkResumeConsistency: forgedTimestamps=[]
[2026-08-04T12:46:00.568Z] checkResumeConsistency: no changes detected
[2026-08-04T12:46:00.569Z] LiveUpdateForge: session reset, allowLiveUpdate = false
[2026-08-04T12:46:00.569Z] NudgeForge: ResumeComplete — restoring count from history
[2026-08-04T12:46:00.569Z] restoreNudgeCountFromHistory: found nudge message at idx=588 count=42
[2026-08-04T12:46:02.433Z] ResumeDiffForge: running checkResumeConsistency
[2026-08-04T12:46:02.433Z] checkResumeConsistency: forgedTimestamps=[]
[2026-08-04T12:46:02.442Z] checkResumeConsistency: no changes detected
[2026-08-04T12:46:02.443Z] LiveUpdateForge: session reset, allowLiveUpdate = false
[2026-08-04T12:46:02.443Z] NudgeForge: ResumeComplete — restoring count from history
[2026-08-04T12:46:02.444Z] restoreNudgeCountFromHistory: found nudge message at idx=588 count=42
[2026-08-04T12:46:02.632Z] ResumeDiffForge: running checkResumeConsistency
[2026-08-04T12:46:02.633Z] checkResumeConsistency: forgedTimestamps=[]
[2026-08-04T12:46:02.639Z] checkResumeConsistency: no changes detected
[2026-08-04T12:46:02.640Z] LiveUpdateForge: session reset, allowLiveUpdate = false
[2026-08-04T12:46:02.640Z] NudgeForge: ResumeComplete — restoring count from history
[2026-08-04T12:46:02.640Z] restoreNudgeCountFromHistory: found nudge message at idx=588 count=42
[2026-08-04T12:46:05.531Z] MemoryForge: attached 5 listener(s)
[2026-08-04T12:46:05.531Z] InitialReadForge: armed one-shot BeforeSend after NewSessionStart
[2026-08-04T12:46:05.531Z] LiveUpdateForge: session reset, allowLiveUpdate = false
[2026-08-04T12:46:05.541Z] MemoryForge: detached all listeners
[2026-08-04T12:46:05.541Z] ResumeDiffForge: running checkResumeConsistency
[2026-08-04T12:46:05.542Z] checkResumeConsistency: forgedTimestamps=[]
[2026-08-04T12:46:05.660Z] checkResumeConsistency: no changes detected
[2026-08-04T12:46:05.661Z] LiveUpdateForge: session reset, allowLiveUpdate = false
[2026-08-04T12:46:05.661Z] NudgeForge: ResumeComplete — restoring count from history
[2026-08-04T12:46:05.661Z] restoreNudgeCountFromHistory: found nudge message at idx=588 count=42
[2026-08-04T12:46:05.677Z] LiveUpdateForge: allowLiveUpdate = true (first real BeforeSend)
[2026-08-04T12:46:05.677Z] InitialReadForge.onBeforeSend: SKIP (fr=false syn=false hasRead=true)
[2026-08-04T12:46:40.945Z] LiveUpdateForge: EndTurn fallback flush
[2026-08-04T12:46:40.945Z] onEndTurn: naturalStop=false toolCalls=42 nudgeMsg=no
[2026-08-04T12:46:40.985Z] LiveUpdateForge: AfterToolExec flush
[2026-08-04T12:46:41.082Z] InitialReadForge.onBeforeSend: SKIP (fr=true syn=false hasRead=true)
[2026-08-04T12:47:22.575Z] LiveUpdateForge: EndTurn fallback flush
[2026-08-04T12:47:22.576Z] onEndTurn: naturalStop=false toolCalls=43 nudgeMsg=no
[2026-08-04T12:47:22.589Z] LiveUpdateForge: AfterToolExec flush
[2026-08-04T12:47:22.702Z] InitialReadForge.onBeforeSend: SKIP (fr=true syn=false hasRead=true)
[2026-08-04T12:48:26.928Z] LiveUpdateForge: EndTurn fallback flush
[2026-08-04T12:48:26.928Z] onEndTurn: naturalStop=false toolCalls=44 nudgeMsg=no
[2026-08-04T12:48:27.056Z] LiveUpdateForge: AfterToolExec flush
[2026-08-04T12:48:27.161Z] InitialReadForge.onBeforeSend: SKIP (fr=true syn=false hasRead=true)
[2026-08-04T12:49:10.273Z] LiveUpdateForge: EndTurn fallback flush
[2026-08-04T12:49:10.273Z] onEndTurn: naturalStop=false toolCalls=45 nudgeMsg=no
[2026-08-04T12:49:10.298Z] LiveUpdateForge: AfterToolExec flush
[2026-08-04T12:49:10.410Z] InitialReadForge.onBeforeSend: SKIP (fr=true syn=false hasRead=true)
[2026-08-04T12:49:38.540Z] LiveUpdateForge: EndTurn fallback flush
[2026-08-04T12:49:38.541Z] onEndTurn: naturalStop=false toolCalls=46 nudgeMsg=no
[2026-08-04T12:49:38.566Z] LiveUpdateForge: AfterToolExec flush
[2026-08-04T12:49:38.671Z] InitialReadForge.onBeforeSend: SKIP (fr=true syn=false hasRead=true)
[2026-08-04T12:50:42.474Z] LiveUpdateForge: EndTurn fallback flush
[2026-08-04T12:50:42.474Z] onEndTurn: naturalStop=false toolCalls=47 nudgeMsg=no
[2026-08-04T12:50:50.780Z] LiveUpdateForge: AfterToolExec flush
[2026-08-04T12:50:50.889Z] InitialReadForge.onBeforeSend: SKIP (fr=true syn=false hasRead=true)
[2026-08-04T12:51:47.873Z] LiveUpdateForge: EndTurn fallback flush
[2026-08-04T12:51:47.874Z] onEndTurn: naturalStop=false toolCalls=48 nudgeMsg=no
[2026-08-04T12:51:49.980Z] LiveUpdateForge: AfterToolExec flush
[2026-08-04T12:51:50.088Z] InitialReadForge.onBeforeSend: SKIP (fr=true syn=false hasRead=true)
[2026-08-04T12:52:35.843Z] LiveUpdateForge: EndTurn fallback flush
[2026-08-04T12:52:35.844Z] onEndTurn: naturalStop=false toolCalls=49 nudgeMsg=no
[2026-08-04T12:52:36.562Z] LiveUpdateForge: AfterToolExec flush
[2026-08-04T12:52:36.668Z] InitialReadForge.onBeforeSend: SKIP (fr=true syn=false hasRead=true)
[2026-08-04T12:53:06.468Z] LiveUpdateForge: EndTurn fallback flush
[2026-08-04T12:53:06.468Z] onEndTurn: naturalStop=true toolCalls=0 nudgeMsg=YES
[2026-08-04T12:53:06.471Z] InitialReadForge.onBeforeSend: SKIP (fr=false syn=false hasRead=true)
[2026-08-04T12:53:47.757Z] LiveUpdateForge: EndTurn fallback flush
[2026-08-04T12:53:47.757Z] onEndTurn: naturalStop=false toolCalls=0 nudgeMsg=no
[2026-08-04T12:53:47.772Z] LiveUpdateForge: self-write on D:\Unity\E1\CODELY.md, baseline aligned
[2026-08-04T12:53:47.772Z] LiveUpdateForge: AfterToolExec flush
[2026-08-04T12:53:47.898Z] InitialReadForge.onBeforeSend: SKIP (fr=true syn=false hasRead=true)
[2026-08-04T12:54:25.215Z] LiveUpdateForge: EndTurn fallback flush
[2026-08-04T12:54:25.216Z] onEndTurn: naturalStop=true toolCalls=0 nudgeMsg=no
[2026-08-04T13:16:44.493Z] MemoryForge: attached 5 listener(s)
[2026-08-04T13:16:44.494Z] InitialReadForge: armed one-shot BeforeSend after NewSessionStart
[2026-08-04T13:16:44.494Z] LiveUpdateForge: session reset, allowLiveUpdate = false
[2026-08-04T13:16:45.370Z] LiveUpdateForge: session reset, allowLiveUpdate = false
[2026-08-04T13:16:45.394Z] ResumeDiffForge: running checkResumeConsistency
[2026-08-04T13:16:45.395Z] checkResumeConsistency: forgedTimestamps=[]
[2026-08-04T13:16:45.400Z] checkResumeConsistency: no changes detected
[2026-08-04T13:16:45.400Z] LiveUpdateForge: session reset, allowLiveUpdate = false
[2026-08-04T13:16:45.400Z] NudgeForge: ResumeComplete — restoring count from history
[2026-08-04T13:16:45.401Z] restoreNudgeCountFromHistory: found last write at idx=711 count=0
[2026-08-04T13:16:46.434Z] ResumeDiffForge: running checkResumeConsistency
[2026-08-04T13:16:46.435Z] checkResumeConsistency: forgedTimestamps=[]
[2026-08-04T13:16:46.444Z] checkResumeConsistency: no changes detected
[2026-08-04T13:16:46.444Z] LiveUpdateForge: session reset, allowLiveUpdate = false
[2026-08-04T13:16:46.445Z] NudgeForge: ResumeComplete — restoring count from history
[2026-08-04T13:16:46.445Z] restoreNudgeCountFromHistory: found last write at idx=711 count=0
[2026-08-04T13:16:46.633Z] ResumeDiffForge: running checkResumeConsistency
[2026-08-04T13:16:46.634Z] checkResumeConsistency: forgedTimestamps=[]
[2026-08-04T13:16:46.640Z] checkResumeConsistency: no changes detected
[2026-08-04T13:16:46.640Z] LiveUpdateForge: session reset, allowLiveUpdate = false
[2026-08-04T13:16:46.640Z] NudgeForge: ResumeComplete — restoring count from history
[2026-08-04T13:16:46.641Z] restoreNudgeCountFromHistory: found last write at idx=711 count=0
[2026-08-04T13:16:49.823Z] MemoryForge: attached 5 listener(s)
[2026-08-04T13:16:49.823Z] InitialReadForge: armed one-shot BeforeSend after NewSessionStart
[2026-08-04T13:16:49.823Z] LiveUpdateForge: session reset, allowLiveUpdate = false
[2026-08-04T13:16:49.830Z] MemoryForge: detached all listeners
[2026-08-04T13:16:49.831Z] ResumeDiffForge: running checkResumeConsistency
[2026-08-04T13:16:49.832Z] checkResumeConsistency: forgedTimestamps=[]
[2026-08-04T13:16:49.973Z] checkResumeConsistency: no changes detected
[2026-08-04T13:16:49.973Z] LiveUpdateForge: session reset, allowLiveUpdate = false
[2026-08-04T13:16:49.974Z] NudgeForge: ResumeComplete — restoring count from history
[2026-08-04T13:16:49.974Z] restoreNudgeCountFromHistory: found last write at idx=711 count=0
[2026-08-04T13:16:49.990Z] LiveUpdateForge: allowLiveUpdate = true (first real BeforeSend)
[2026-08-04T13:16:49.991Z] InitialReadForge.onBeforeSend: SKIP (fr=false syn=false hasRead=true)
[2026-08-04T13:17:47.707Z] LiveUpdateForge: EndTurn fallback flush
[2026-08-04T13:17:47.707Z] onEndTurn: naturalStop=true toolCalls=0 nudgeMsg=no
[2026-08-04T13:20:45.971Z] ResumeDiffForge: running checkResumeConsistency
[2026-08-04T13:20:45.972Z] checkResumeConsistency: forgedTimestamps=[]
[2026-08-04T13:20:45.976Z] checkResumeConsistency: no changes detected
[2026-08-04T13:20:45.977Z] LiveUpdateForge: session reset, allowLiveUpdate = false
[2026-08-04T13:20:45.977Z] NudgeForge: ResumeComplete — restoring count from history
[2026-08-04T13:20:45.977Z] restoreNudgeCountFromHistory: found last write at idx=711 count=0
[2026-08-04T13:20:46.019Z] LiveUpdateForge: allowLiveUpdate = true (first real BeforeSend)
[2026-08-04T13:20:46.019Z] InitialReadForge.onBeforeSend: SKIP (fr=false syn=false hasRead=true)
[2026-08-04T13:22:57.900Z] LiveUpdateForge: EndTurn fallback flush
[2026-08-04T13:22:57.900Z] onEndTurn: naturalStop=false toolCalls=0 nudgeMsg=no
[2026-08-04T13:24:44.026Z] LiveUpdateForge: AfterToolExec flush
[2026-08-04T13:24:44.142Z] InitialReadForge.onBeforeSend: SKIP (fr=true syn=false hasRead=true)
[2026-08-04T13:27:31.154Z] LiveUpdateForge: EndTurn fallback flush
[2026-08-04T13:27:31.155Z] onEndTurn: naturalStop=false toolCalls=1 nudgeMsg=no
[2026-08-04T13:27:31.308Z] LiveUpdateForge: AfterToolExec flush
[2026-08-04T13:27:31.439Z] InitialReadForge.onBeforeSend: SKIP (fr=true syn=false hasRead=true)
[2026-08-04T13:29:56.516Z] LiveUpdateForge: EndTurn fallback flush
[2026-08-04T13:29:56.516Z] onEndTurn: naturalStop=false toolCalls=2 nudgeMsg=no
[2026-08-04T13:29:56.528Z] LiveUpdateForge: AfterToolExec flush
[2026-08-04T13:29:56.634Z] InitialReadForge.onBeforeSend: SKIP (fr=true syn=false hasRead=true)
[2026-08-04T13:33:52.715Z] LiveUpdateForge: EndTurn fallback flush
[2026-08-04T13:33:52.715Z] onEndTurn: naturalStop=false toolCalls=3 nudgeMsg=no
[2026-08-04T13:33:52.718Z] LiveUpdateForge: AfterToolExec flush
[2026-08-04T13:33:52.837Z] InitialReadForge.onBeforeSend: SKIP (fr=true syn=false hasRead=true)
[2026-08-04T13:36:46.348Z] LiveUpdateForge: EndTurn fallback flush
[2026-08-04T13:36:46.348Z] onEndTurn: naturalStop=false toolCalls=4 nudgeMsg=no
[2026-08-04T13:36:48.876Z] LiveUpdateForge: AfterToolExec flush
[2026-08-04T13:36:48.991Z] InitialReadForge.onBeforeSend: SKIP (fr=true syn=false hasRead=true)
[2026-08-04T13:41:09.501Z] LiveUpdateForge: EndTurn fallback flush
[2026-08-04T13:41:09.502Z] onEndTurn: naturalStop=false toolCalls=5 nudgeMsg=no
[2026-08-04T13:41:09.507Z] InitialReadForge.onBeforeSend: SKIP (fr=true syn=false hasRead=true)
[2026-08-04T13:43:16.144Z] LiveUpdateForge: EndTurn fallback flush
[2026-08-04T13:43:16.145Z] onEndTurn: naturalStop=false toolCalls=5 nudgeMsg=no
[2026-08-04T13:43:16.172Z] LiveUpdateForge: AfterToolExec flush
[2026-08-04T13:43:16.297Z] InitialReadForge.onBeforeSend: SKIP (fr=true syn=false hasRead=true)
[2026-08-04T13:44:42.580Z] LiveUpdateForge: EndTurn fallback flush
[2026-08-04T13:44:42.580Z] onEndTurn: naturalStop=false toolCalls=6 nudgeMsg=no
[2026-08-04T13:45:37.366Z] LiveUpdateForge: AfterToolExec flush
[2026-08-04T13:45:37.476Z] InitialReadForge.onBeforeSend: SKIP (fr=true syn=false hasRead=true)
[2026-08-04T13:47:17.201Z] LiveUpdateForge: EndTurn fallback flush
[2026-08-04T13:47:17.201Z] onEndTurn: naturalStop=false toolCalls=7 nudgeMsg=no
[2026-08-04T13:47:17.337Z] LiveUpdateForge: AfterToolExec flush
[2026-08-04T13:47:17.448Z] InitialReadForge.onBeforeSend: SKIP (fr=true syn=false hasRead=true)
[2026-08-04T13:49:56.399Z] LiveUpdateForge: EndTurn fallback flush
[2026-08-04T13:49:56.400Z] onEndTurn: naturalStop=false toolCalls=8 nudgeMsg=no
[2026-08-04T13:49:56.542Z] LiveUpdateForge: AfterToolExec flush
[2026-08-04T13:49:56.659Z] InitialReadForge.onBeforeSend: SKIP (fr=true syn=false hasRead=true)
[2026-08-04T13:52:08.196Z] LiveUpdateForge: EndTurn fallback flush
[2026-08-04T13:52:08.196Z] onEndTurn: naturalStop=false toolCalls=9 nudgeMsg=no
[2026-08-04T13:52:08.218Z] LiveUpdateForge: AfterToolExec flush
[2026-08-04T13:52:08.325Z] InitialReadForge.onBeforeSend: SKIP (fr=true syn=false hasRead=true)
[2026-08-04T13:53:23.304Z] LiveUpdateForge: EndTurn fallback flush
[2026-08-04T13:53:23.305Z] onEndTurn: naturalStop=false toolCalls=10 nudgeMsg=no
[2026-08-04T13:53:23.329Z] LiveUpdateForge: AfterToolExec flush
[2026-08-04T13:53:23.443Z] InitialReadForge.onBeforeSend: SKIP (fr=true syn=false hasRead=true)
[2026-08-04T13:54:30.544Z] LiveUpdateForge: EndTurn fallback flush
[2026-08-04T13:54:30.545Z] onEndTurn: naturalStop=false toolCalls=11 nudgeMsg=no
[2026-08-04T13:54:30.572Z] LiveUpdateForge: AfterToolExec flush
[2026-08-04T13:54:30.690Z] InitialReadForge.onBeforeSend: SKIP (fr=true syn=false hasRead=true)
[2026-08-04T13:55:48.167Z] LiveUpdateForge: EndTurn fallback flush
[2026-08-04T13:55:48.167Z] onEndTurn: naturalStop=false toolCalls=12 nudgeMsg=no
[2026-08-04T13:55:48.300Z] LiveUpdateForge: AfterToolExec flush
[2026-08-04T13:55:48.408Z] InitialReadForge.onBeforeSend: SKIP (fr=true syn=false hasRead=true)
[2026-08-04T13:56:48.901Z] LiveUpdateForge: EndTurn fallback flush
[2026-08-04T13:56:48.902Z] onEndTurn: naturalStop=false toolCalls=13 nudgeMsg=no
[2026-08-04T13:56:55.963Z] LiveUpdateForge: AfterToolExec flush
[2026-08-04T13:56:56.093Z] InitialReadForge.onBeforeSend: SKIP (fr=true syn=false hasRead=true)
[2026-08-04T13:58:21.431Z] LiveUpdateForge: EndTurn fallback flush
[2026-08-04T13:58:21.431Z] onEndTurn: naturalStop=false toolCalls=14 nudgeMsg=no
[2026-08-04T13:58:24.106Z] LiveUpdateForge: AfterToolExec flush
[2026-08-04T13:58:24.211Z] InitialReadForge.onBeforeSend: SKIP (fr=true syn=false hasRead=true)
[2026-08-04T13:59:26.866Z] LiveUpdateForge: EndTurn fallback flush
[2026-08-04T13:59:26.867Z] onEndTurn: naturalStop=true toolCalls=15 nudgeMsg=no
[2026-08-04T14:05:44.090Z] ResumeDiffForge: running checkResumeConsistency
[2026-08-04T14:05:44.090Z] checkResumeConsistency: forgedTimestamps=[]
[2026-08-04T14:05:44.098Z] checkResumeConsistency: no changes detected
[2026-08-04T14:05:44.098Z] LiveUpdateForge: session reset, allowLiveUpdate = false
[2026-08-04T14:05:44.098Z] NudgeForge: ResumeComplete — restoring count from history
[2026-08-04T14:05:44.099Z] restoreNudgeCountFromHistory: found last write at idx=711 count=15
[2026-08-04T14:05:44.142Z] LiveUpdateForge: allowLiveUpdate = true (first real BeforeSend)
[2026-08-04T14:05:44.143Z] InitialReadForge.onBeforeSend: SKIP (fr=false syn=false hasRead=true)
[2026-08-04T14:06:10.811Z] LiveUpdateForge: EndTurn fallback flush
[2026-08-04T14:06:10.812Z] onEndTurn: naturalStop=false toolCalls=15 nudgeMsg=no
[2026-08-04T14:06:10.829Z] LiveUpdateForge: AfterToolExec flush
[2026-08-04T14:06:10.933Z] InitialReadForge.onBeforeSend: SKIP (fr=true syn=false hasRead=true)
[2026-08-04T14:06:21.979Z] LiveUpdateForge: EndTurn fallback flush
[2026-08-04T14:06:21.979Z] onEndTurn: naturalStop=false toolCalls=16 nudgeMsg=no
[2026-08-04T14:06:22.576Z] LiveUpdateForge: AfterToolExec flush
[2026-08-04T14:06:22.678Z] InitialReadForge.onBeforeSend: SKIP (fr=true syn=false hasRead=true)
[2026-08-04T14:06:38.637Z] LiveUpdateForge: EndTurn fallback flush
[2026-08-04T14:06:38.638Z] onEndTurn: naturalStop=false toolCalls=17 nudgeMsg=no
[2026-08-04T14:06:40.775Z] LiveUpdateForge: AfterToolExec flush
[2026-08-04T14:06:40.883Z] InitialReadForge.onBeforeSend: SKIP (fr=true syn=false hasRead=true)
[2026-08-04T14:07:15.619Z] LiveUpdateForge: EndTurn fallback flush
[2026-08-04T14:07:15.619Z] onEndTurn: naturalStop=false toolCalls=18 nudgeMsg=no
[2026-08-04T14:07:16.263Z] LiveUpdateForge: AfterToolExec flush
[2026-08-04T14:07:16.364Z] InitialReadForge.onBeforeSend: SKIP (fr=true syn=false hasRead=true)
[2026-08-04T14:07:31.691Z] LiveUpdateForge: EndTurn fallback flush
[2026-08-04T14:07:31.691Z] onEndTurn: naturalStop=true toolCalls=19 nudgeMsg=no
[2026-08-04T14:08:40.019Z] ResumeDiffForge: running checkResumeConsistency
[2026-08-04T14:08:40.019Z] checkResumeConsistency: forgedTimestamps=[]
[2026-08-04T14:08:40.025Z] checkResumeConsistency: no changes detected
[2026-08-04T14:08:40.025Z] LiveUpdateForge: session reset, allowLiveUpdate = false
[2026-08-04T14:08:40.025Z] NudgeForge: ResumeComplete — restoring count from history
[2026-08-04T14:08:40.026Z] restoreNudgeCountFromHistory: found last write at idx=711 count=19
[2026-08-04T14:08:40.065Z] LiveUpdateForge: allowLiveUpdate = true (first real BeforeSend)
[2026-08-04T14:08:40.065Z] InitialReadForge.onBeforeSend: SKIP (fr=false syn=false hasRead=true)
[2026-08-04T14:09:07.259Z] LiveUpdateForge: EndTurn fallback flush
[2026-08-04T14:09:07.259Z] onEndTurn: naturalStop=false toolCalls=19 nudgeMsg=no
[2026-08-04T14:09:09.443Z] LiveUpdateForge: AfterToolExec flush
[2026-08-04T14:09:09.568Z] InitialReadForge.onBeforeSend: SKIP (fr=true syn=false hasRead=true)
[2026-08-04T14:09:55.865Z] LiveUpdateForge: EndTurn fallback flush
[2026-08-04T14:09:55.866Z] onEndTurn: naturalStop=false toolCalls=20 nudgeMsg=no
[2026-08-04T14:09:56.203Z] LiveUpdateForge: AfterToolExec flush
[2026-08-04T14:09:56.308Z] InitialReadForge.onBeforeSend: SKIP (fr=true syn=false hasRead=true)
[2026-08-04T14:10:23.841Z] LiveUpdateForge: EndTurn fallback flush
[2026-08-04T14:10:23.841Z] onEndTurn: naturalStop=false toolCalls=21 nudgeMsg=no
[2026-08-04T14:10:24.228Z] LiveUpdateForge: AfterToolExec flush
[2026-08-04T14:10:24.336Z] InitialReadForge.onBeforeSend: SKIP (fr=true syn=false hasRead=true)
[2026-08-04T14:10:56.482Z] LiveUpdateForge: EndTurn fallback flush
[2026-08-04T14:10:56.483Z] onEndTurn: naturalStop=false toolCalls=22 nudgeMsg=no
[2026-08-04T14:10:56.492Z] LiveUpdateForge: AfterToolExec flush
[2026-08-04T14:10:56.590Z] InitialReadForge.onBeforeSend: SKIP (fr=true syn=false hasRead=true)
[2026-08-04T14:11:19.904Z] LiveUpdateForge: EndTurn fallback flush
[2026-08-04T14:11:19.905Z] onEndTurn: naturalStop=false toolCalls=23 nudgeMsg=no
[2026-08-04T14:11:19.911Z] LiveUpdateForge: AfterToolExec flush
[2026-08-04T14:11:20.016Z] InitialReadForge.onBeforeSend: SKIP (fr=true syn=false hasRead=true)
[2026-08-04T14:11:45.187Z] LiveUpdateForge: EndTurn fallback flush
[2026-08-04T14:11:45.187Z] onEndTurn: naturalStop=false toolCalls=24 nudgeMsg=no
[2026-08-04T14:11:45.193Z] LiveUpdateForge: AfterToolExec flush
[2026-08-04T14:11:45.297Z] InitialReadForge.onBeforeSend: SKIP (fr=true syn=false hasRead=true)
[2026-08-04T14:12:18.684Z] LiveUpdateForge: EndTurn fallback flush
[2026-08-04T14:12:18.685Z] onEndTurn: naturalStop=false toolCalls=25 nudgeMsg=no
[2026-08-04T14:12:18.813Z] LiveUpdateForge: AfterToolExec flush
[2026-08-04T14:12:18.951Z] InitialReadForge.onBeforeSend: SKIP (fr=true syn=false hasRead=true)
[2026-08-04T14:12:52.832Z] LiveUpdateForge: EndTurn fallback flush
[2026-08-04T14:12:52.833Z] onEndTurn: naturalStop=false toolCalls=26 nudgeMsg=no
[2026-08-04T14:12:52.865Z] LiveUpdateForge: AfterToolExec flush
[2026-08-04T14:12:52.979Z] InitialReadForge.onBeforeSend: SKIP (fr=true syn=false hasRead=true)
[2026-08-04T14:13:20.989Z] LiveUpdateForge: EndTurn fallback flush
[2026-08-04T14:13:20.989Z] onEndTurn: naturalStop=false toolCalls=27 nudgeMsg=no
[2026-08-04T14:13:22.958Z] LiveUpdateForge: AfterToolExec flush
[2026-08-04T14:13:23.061Z] InitialReadForge.onBeforeSend: SKIP (fr=true syn=false hasRead=true)
[2026-08-04T14:14:16.288Z] LiveUpdateForge: EndTurn fallback flush
[2026-08-04T14:14:16.289Z] onEndTurn: naturalStop=false toolCalls=28 nudgeMsg=no
[2026-08-04T14:14:16.940Z] LiveUpdateForge: AfterToolExec flush
[2026-08-04T14:14:17.041Z] InitialReadForge.onBeforeSend: SKIP (fr=true syn=false hasRead=true)
[2026-08-04T14:14:33.431Z] LiveUpdateForge: EndTurn fallback flush
[2026-08-04T14:14:33.432Z] onEndTurn: naturalStop=false toolCalls=29 nudgeMsg=no
[2026-08-04T14:14:33.440Z] LiveUpdateForge: AfterToolExec flush
[2026-08-04T14:14:33.542Z] InitialReadForge.onBeforeSend: SKIP (fr=true syn=false hasRead=true)
[2026-08-04T14:14:49.730Z] LiveUpdateForge: EndTurn fallback flush
[2026-08-04T14:14:49.730Z] onEndTurn: naturalStop=false toolCalls=30 nudgeMsg=no
[2026-08-04T14:14:49.862Z] LiveUpdateForge: AfterToolExec flush
[2026-08-04T14:14:49.977Z] InitialReadForge.onBeforeSend: SKIP (fr=true syn=false hasRead=true)
[2026-08-04T14:15:10.319Z] LiveUpdateForge: EndTurn fallback flush
[2026-08-04T14:15:10.320Z] onEndTurn: naturalStop=false toolCalls=31 nudgeMsg=no
[2026-08-04T14:15:18.326Z] LiveUpdateForge: AfterToolExec flush
[2026-08-04T14:15:18.465Z] InitialReadForge.onBeforeSend: SKIP (fr=true syn=false hasRead=true)
[2026-08-04T14:15:49.536Z] LiveUpdateForge: EndTurn fallback flush
[2026-08-04T14:15:49.537Z] onEndTurn: naturalStop=false toolCalls=32 nudgeMsg=no
[2026-08-04T14:15:56.472Z] LiveUpdateForge: AfterToolExec flush
[2026-08-04T14:15:56.592Z] InitialReadForge.onBeforeSend: SKIP (fr=true syn=false hasRead=true)
[2026-08-04T14:16:17.695Z] LiveUpdateForge: EndTurn fallback flush
[2026-08-04T14:16:17.695Z] onEndTurn: naturalStop=false toolCalls=33 nudgeMsg=no
[2026-08-04T14:16:17.729Z] LiveUpdateForge: AfterToolExec flush
[2026-08-04T14:16:17.862Z] InitialReadForge.onBeforeSend: SKIP (fr=true syn=false hasRead=true)
[2026-08-04T14:16:36.535Z] LiveUpdateForge: EndTurn fallback flush
[2026-08-04T14:16:36.535Z] onEndTurn: naturalStop=false toolCalls=34 nudgeMsg=no
[2026-08-04T14:16:37.083Z] LiveUpdateForge: AfterToolExec flush
[2026-08-04T14:16:37.213Z] InitialReadForge.onBeforeSend: SKIP (fr=true syn=false hasRead=true)
[2026-08-04T14:16:59.199Z] LiveUpdateForge: EndTurn fallback flush
[2026-08-04T14:16:59.200Z] onEndTurn: naturalStop=false toolCalls=35 nudgeMsg=no
[2026-08-04T14:16:59.209Z] LiveUpdateForge: AfterToolExec flush
[2026-08-04T14:16:59.316Z] InitialReadForge.onBeforeSend: SKIP (fr=true syn=false hasRead=true)
[2026-08-04T14:17:19.665Z] LiveUpdateForge: EndTurn fallback flush
[2026-08-04T14:17:19.666Z] onEndTurn: naturalStop=false toolCalls=36 nudgeMsg=no
[2026-08-04T14:17:19.799Z] LiveUpdateForge: AfterToolExec flush
[2026-08-04T14:17:19.906Z] InitialReadForge.onBeforeSend: SKIP (fr=true syn=false hasRead=true)
[2026-08-04T14:17:34.023Z] LiveUpdateForge: EndTurn fallback flush
[2026-08-04T14:17:34.024Z] onEndTurn: naturalStop=false toolCalls=37 nudgeMsg=no
[2026-08-04T14:17:41.270Z] LiveUpdateForge: AfterToolExec flush
[2026-08-04T14:17:41.448Z] InitialReadForge.onBeforeSend: SKIP (fr=true syn=false hasRead=true)
[2026-08-04T14:17:59.044Z] LiveUpdateForge: EndTurn fallback flush
[2026-08-04T14:17:59.044Z] onEndTurn: naturalStop=true toolCalls=38 nudgeMsg=no
[2026-08-04T14:20:12.641Z] ResumeDiffForge: running checkResumeConsistency
[2026-08-04T14:20:12.641Z] checkResumeConsistency: forgedTimestamps=[]
[2026-08-04T14:20:12.646Z] checkResumeConsistency: no changes detected
[2026-08-04T14:20:12.646Z] LiveUpdateForge: session reset, allowLiveUpdate = false
[2026-08-04T14:20:12.647Z] NudgeForge: ResumeComplete — restoring count from history
[2026-08-04T14:20:12.647Z] restoreNudgeCountFromHistory: found last write at idx=711 count=38
[2026-08-04T14:20:12.699Z] LiveUpdateForge: allowLiveUpdate = true (first real BeforeSend)
[2026-08-04T14:20:12.700Z] InitialReadForge.onBeforeSend: SKIP (fr=false syn=false hasRead=true)
[2026-08-04T14:20:27.012Z] LiveUpdateForge: EndTurn fallback flush
[2026-08-04T14:20:27.012Z] onEndTurn: naturalStop=false toolCalls=38 nudgeMsg=no
[2026-08-04T14:20:27.048Z] LiveUpdateForge: AfterToolExec flush
[2026-08-04T14:20:27.152Z] InitialReadForge.onBeforeSend: SKIP (fr=true syn=false hasRead=true)
[2026-08-04T14:20:33.354Z] LiveUpdateForge: EndTurn fallback flush
[2026-08-04T14:20:33.354Z] onEndTurn: naturalStop=false toolCalls=39 nudgeMsg=no
[2026-08-04T14:20:33.372Z] LiveUpdateForge: AfterToolExec flush
[2026-08-04T14:20:33.475Z] InitialReadForge.onBeforeSend: SKIP (fr=true syn=false hasRead=true)
[2026-08-04T14:21:00.094Z] LiveUpdateForge: EndTurn fallback flush
[2026-08-04T14:21:00.094Z] onEndTurn: naturalStop=false toolCalls=40 nudgeMsg=no
[2026-08-04T14:21:02.834Z] LiveUpdateForge: AfterToolExec flush
[2026-08-04T14:21:02.942Z] InitialReadForge.onBeforeSend: SKIP (fr=true syn=false hasRead=true)
[2026-08-04T14:22:59.837Z] LiveUpdateForge: EndTurn fallback flush
[2026-08-04T14:22:59.838Z] onEndTurn: naturalStop=true toolCalls=41 nudgeMsg=no
[2026-08-04T14:24:45.467Z] ResumeDiffForge: running checkResumeConsistency
[2026-08-04T14:24:45.468Z] checkResumeConsistency: forgedTimestamps=[]
[2026-08-04T14:24:45.473Z] checkResumeConsistency: no changes detected
[2026-08-04T14:24:45.473Z] LiveUpdateForge: session reset, allowLiveUpdate = false
[2026-08-04T14:24:45.473Z] NudgeForge: ResumeComplete — restoring count from history
[2026-08-04T14:24:45.474Z] restoreNudgeCountFromHistory: found last write at idx=711 count=41
[2026-08-04T14:24:45.527Z] LiveUpdateForge: allowLiveUpdate = true (first real BeforeSend)
[2026-08-04T14:24:45.528Z] InitialReadForge.onBeforeSend: SKIP (fr=false syn=false hasRead=true)
[2026-08-04T14:25:33.494Z] ResumeDiffForge: running checkResumeConsistency
[2026-08-04T14:25:33.495Z] checkResumeConsistency: forgedTimestamps=[]
[2026-08-04T14:25:33.501Z] checkResumeConsistency: no changes detected
[2026-08-04T14:25:33.501Z] LiveUpdateForge: session reset, allowLiveUpdate = false
[2026-08-04T14:25:33.501Z] NudgeForge: ResumeComplete — restoring count from history
[2026-08-04T14:25:33.502Z] restoreNudgeCountFromHistory: found last write at idx=711 count=41
[2026-08-04T14:25:33.545Z] LiveUpdateForge: allowLiveUpdate = true (first real BeforeSend)
[2026-08-04T14:25:33.546Z] InitialReadForge.onBeforeSend: SKIP (fr=false syn=false hasRead=true)
[2026-08-04T14:28:11.122Z] LiveUpdateForge: EndTurn fallback flush
[2026-08-04T14:28:11.123Z] onEndTurn: naturalStop=false toolCalls=41 nudgeMsg=no
[2026-08-04T14:28:11.137Z] LiveUpdateForge: AfterToolExec flush
[2026-08-04T14:28:11.272Z] InitialReadForge.onBeforeSend: SKIP (fr=true syn=false hasRead=true)
[2026-08-04T14:28:35.123Z] LiveUpdateForge: EndTurn fallback flush
[2026-08-04T14:28:35.123Z] onEndTurn: naturalStop=false toolCalls=42 nudgeMsg=no
[2026-08-04T14:28:35.131Z] LiveUpdateForge: AfterToolExec flush
[2026-08-04T14:28:35.272Z] InitialReadForge.onBeforeSend: SKIP (fr=true syn=false hasRead=true)
[2026-08-04T14:28:51.010Z] LiveUpdateForge: EndTurn fallback flush
[2026-08-04T14:28:51.010Z] onEndTurn: naturalStop=false toolCalls=43 nudgeMsg=no
[2026-08-04T14:28:51.161Z] LiveUpdateForge: AfterToolExec flush
[2026-08-04T14:28:51.299Z] InitialReadForge.onBeforeSend: SKIP (fr=true syn=false hasRead=true)
[2026-08-04T14:29:02.789Z] LiveUpdateForge: EndTurn fallback flush
[2026-08-04T14:29:02.790Z] onEndTurn: naturalStop=false toolCalls=44 nudgeMsg=no
[2026-08-04T14:29:13.229Z] LiveUpdateForge: AfterToolExec flush
[2026-08-04T14:29:13.367Z] InitialReadForge.onBeforeSend: SKIP (fr=true syn=false hasRead=true)
[2026-08-04T14:29:26.605Z] LiveUpdateForge: EndTurn fallback flush
[2026-08-04T14:29:26.606Z] onEndTurn: naturalStop=true toolCalls=45 nudgeMsg=no
[2026-08-04T14:31:01.608Z] ResumeDiffForge: running checkResumeConsistency
[2026-08-04T14:31:01.608Z] checkResumeConsistency: forgedTimestamps=[]
[2026-08-04T14:31:01.614Z] checkResumeConsistency: no changes detected
[2026-08-04T14:31:01.616Z] LiveUpdateForge: session reset, allowLiveUpdate = false
[2026-08-04T14:31:01.616Z] NudgeForge: ResumeComplete — restoring count from history
[2026-08-04T14:31:01.617Z] restoreNudgeCountFromHistory: found last write at idx=711 count=45
[2026-08-04T14:31:01.673Z] LiveUpdateForge: allowLiveUpdate = true (first real BeforeSend)
[2026-08-04T14:31:01.674Z] InitialReadForge.onBeforeSend: SKIP (fr=false syn=false hasRead=true)
[2026-08-04T14:31:14.568Z] LiveUpdateForge: EndTurn fallback flush
[2026-08-04T14:31:14.568Z] onEndTurn: naturalStop=false toolCalls=45 nudgeMsg=no
[2026-08-04T14:31:14.582Z] LiveUpdateForge: AfterToolExec flush
[2026-08-04T14:31:14.726Z] InitialReadForge.onBeforeSend: SKIP (fr=true syn=false hasRead=true)
[2026-08-04T14:31:29.767Z] LiveUpdateForge: EndTurn fallback flush
[2026-08-04T14:31:29.768Z] onEndTurn: naturalStop=false toolCalls=46 nudgeMsg=no
[2026-08-04T14:31:29.898Z] LiveUpdateForge: AfterToolExec flush
[2026-08-04T14:31:30.010Z] InitialReadForge.onBeforeSend: SKIP (fr=true syn=false hasRead=true)
[2026-08-04T14:31:43.559Z] LiveUpdateForge: EndTurn fallback flush
[2026-08-04T14:31:43.559Z] onEndTurn: naturalStop=false toolCalls=47 nudgeMsg=no
[2026-08-04T14:31:43.585Z] LiveUpdateForge: AfterToolExec flush
[2026-08-04T14:31:43.707Z] InitialReadForge.onBeforeSend: SKIP (fr=true syn=false hasRead=true)
[2026-08-04T14:31:57.249Z] LiveUpdateForge: EndTurn fallback flush
[2026-08-04T14:31:57.249Z] onEndTurn: naturalStop=false toolCalls=48 nudgeMsg=no
[2026-08-04T14:31:57.485Z] LiveUpdateForge: AfterToolExec flush
[2026-08-04T14:31:57.596Z] InitialReadForge.onBeforeSend: SKIP (fr=true syn=false hasRead=true)
[2026-08-04T14:32:10.968Z] LiveUpdateForge: EndTurn fallback flush
[2026-08-04T14:32:10.968Z] onEndTurn: naturalStop=false toolCalls=49 nudgeMsg=no
[2026-08-04T14:32:11.533Z] LiveUpdateForge: AfterToolExec flush
[2026-08-04T14:32:11.638Z] InitialReadForge.onBeforeSend: SKIP (fr=true syn=false hasRead=true)
[2026-08-04T14:32:25.372Z] LiveUpdateForge: EndTurn fallback flush
[2026-08-04T14:32:25.372Z] onEndTurn: naturalStop=false toolCalls=50 nudgeMsg=no
[2026-08-04T14:32:26.257Z] LiveUpdateForge: AfterToolExec flush
[2026-08-04T14:32:26.392Z] InitialReadForge.onBeforeSend: SKIP (fr=true syn=false hasRead=true)
[2026-08-04T14:32:51.017Z] LiveUpdateForge: EndTurn fallback flush
[2026-08-04T14:32:51.017Z] onEndTurn: naturalStop=false toolCalls=51 nudgeMsg=no
[2026-08-04T14:32:51.044Z] LiveUpdateForge: AfterToolExec flush
[2026-08-04T14:32:51.169Z] InitialReadForge.onBeforeSend: SKIP (fr=true syn=false hasRead=true)
[2026-08-04T14:33:25.287Z] LiveUpdateForge: EndTurn fallback flush
[2026-08-04T14:33:25.287Z] onEndTurn: naturalStop=false toolCalls=52 nudgeMsg=no
[2026-08-04T14:33:25.299Z] LiveUpdateForge: AfterToolExec flush
[2026-08-04T14:33:25.405Z] InitialReadForge.onBeforeSend: SKIP (fr=true syn=false hasRead=true)
[2026-08-04T14:33:57.015Z] LiveUpdateForge: EndTurn fallback flush
[2026-08-04T14:33:57.015Z] onEndTurn: naturalStop=false toolCalls=53 nudgeMsg=no
[2026-08-04T14:33:57.040Z] LiveUpdateForge: AfterToolExec flush
[2026-08-04T14:33:57.152Z] InitialReadForge.onBeforeSend: SKIP (fr=true syn=false hasRead=true)
[2026-08-04T14:34:39.663Z] LiveUpdateForge: EndTurn fallback flush
[2026-08-04T14:34:39.663Z] onEndTurn: naturalStop=false toolCalls=54 nudgeMsg=no
[2026-08-04T14:34:47.521Z] LiveUpdateForge: AfterToolExec flush
[2026-08-04T14:34:47.712Z] InitialReadForge.onBeforeSend: SKIP (fr=true syn=false hasRead=true)
[2026-08-04T14:35:29.589Z] LiveUpdateForge: EndTurn fallback flush
[2026-08-04T14:35:29.589Z] onEndTurn: naturalStop=true toolCalls=0 nudgeMsg=YES
[2026-08-04T14:35:29.594Z] InitialReadForge.onBeforeSend: SKIP (fr=false syn=false hasRead=true)
[2026-08-04T14:36:39.451Z] LiveUpdateForge: EndTurn fallback flush
[2026-08-04T14:36:39.452Z] onEndTurn: naturalStop=false toolCalls=0 nudgeMsg=no
[2026-08-04T14:36:39.467Z] LiveUpdateForge: self-write on D:\Unity\E1\CODELY.md, baseline aligned
[2026-08-04T14:36:39.468Z] LiveUpdateForge: AfterToolExec flush
[2026-08-04T14:36:39.602Z] InitialReadForge.onBeforeSend: SKIP (fr=true syn=false hasRead=true)
[2026-08-04T14:37:37.359Z] LiveUpdateForge: EndTurn fallback flush
[2026-08-04T14:37:37.360Z] onEndTurn: naturalStop=true toolCalls=0 nudgeMsg=no
[2026-08-04T14:44:47.959Z] MemoryForge: attached 5 listener(s)
[2026-08-04T14:44:47.959Z] InitialReadForge: armed one-shot BeforeSend after NewSessionStart
[2026-08-04T14:44:47.959Z] LiveUpdateForge: session reset, allowLiveUpdate = false
[2026-08-04T14:44:49.306Z] LiveUpdateForge: session reset, allowLiveUpdate = false
[2026-08-04T14:44:49.339Z] ResumeDiffForge: running checkResumeConsistency
[2026-08-04T14:44:49.340Z] checkResumeConsistency: forgedTimestamps=[]
[2026-08-04T14:44:49.346Z] checkResumeConsistency: no changes detected
[2026-08-04T14:44:49.346Z] LiveUpdateForge: session reset, allowLiveUpdate = false
[2026-08-04T14:44:49.346Z] NudgeForge: ResumeComplete — restoring count from history
[2026-08-04T14:44:49.347Z] restoreNudgeCountFromHistory: found last write at idx=841 count=0
[2026-08-04T14:44:51.205Z] ResumeDiffForge: running checkResumeConsistency
[2026-08-04T14:44:51.206Z] checkResumeConsistency: forgedTimestamps=[]
[2026-08-04T14:44:51.217Z] checkResumeConsistency: no changes detected
[2026-08-04T14:44:51.218Z] LiveUpdateForge: session reset, allowLiveUpdate = false
[2026-08-04T14:44:51.218Z] NudgeForge: ResumeComplete — restoring count from history
[2026-08-04T14:44:51.218Z] restoreNudgeCountFromHistory: found last write at idx=841 count=0
[2026-08-04T14:44:51.443Z] ResumeDiffForge: running checkResumeConsistency
[2026-08-04T14:44:51.444Z] checkResumeConsistency: forgedTimestamps=[]
[2026-08-04T14:44:51.460Z] checkResumeConsistency: no changes detected
[2026-08-04T14:44:51.460Z] LiveUpdateForge: session reset, allowLiveUpdate = false
[2026-08-04T14:44:51.461Z] NudgeForge: ResumeComplete — restoring count from history
[2026-08-04T14:44:51.461Z] restoreNudgeCountFromHistory: found last write at idx=841 count=0
[2026-08-04T14:44:53.483Z] MemoryForge: attached 5 listener(s)
[2026-08-04T14:44:53.483Z] InitialReadForge: armed one-shot BeforeSend after NewSessionStart
[2026-08-04T14:44:53.484Z] LiveUpdateForge: session reset, allowLiveUpdate = false
[2026-08-04T14:44:53.492Z] MemoryForge: detached all listeners
[2026-08-04T14:44:53.493Z] ResumeDiffForge: running checkResumeConsistency
[2026-08-04T14:44:53.494Z] checkResumeConsistency: forgedTimestamps=[]
[2026-08-04T14:44:53.634Z] checkResumeConsistency: no changes detected
[2026-08-04T14:44:53.634Z] LiveUpdateForge: session reset, allowLiveUpdate = false
[2026-08-04T14:44:53.635Z] NudgeForge: ResumeComplete — restoring count from history
[2026-08-04T14:44:53.635Z] restoreNudgeCountFromHistory: found last write at idx=841 count=0
[2026-08-04T14:44:53.652Z] LiveUpdateForge: allowLiveUpdate = true (first real BeforeSend)
[2026-08-04T14:44:53.653Z] InitialReadForge.onBeforeSend: SKIP (fr=false syn=false hasRead=true)
[2026-08-04T14:45:40.021Z] LiveUpdateForge: EndTurn fallback flush
[2026-08-04T14:45:40.022Z] onEndTurn: naturalStop=false toolCalls=0 nudgeMsg=no
[2026-08-04T14:45:40.074Z] LiveUpdateForge: AfterToolExec flush
[2026-08-04T14:45:40.203Z] InitialReadForge.onBeforeSend: SKIP (fr=true syn=false hasRead=true)
[2026-08-04T14:46:06.311Z] LiveUpdateForge: EndTurn fallback flush
[2026-08-04T14:46:06.311Z] onEndTurn: naturalStop=false toolCalls=1 nudgeMsg=no
[2026-08-04T14:46:06.519Z] LiveUpdateForge: AfterToolExec flush
[2026-08-04T14:46:06.668Z] InitialReadForge.onBeforeSend: SKIP (fr=true syn=false hasRead=true)
[2026-08-04T14:46:21.868Z] LiveUpdateForge: EndTurn fallback flush
[2026-08-04T14:46:21.869Z] onEndTurn: naturalStop=false toolCalls=2 nudgeMsg=no
[2026-08-04T14:46:36.324Z] LiveUpdateForge: AfterToolExec flush
[2026-08-04T14:46:36.473Z] InitialReadForge.onBeforeSend: SKIP (fr=true syn=false hasRead=true)
[2026-08-04T14:46:52.703Z] LiveUpdateForge: EndTurn fallback flush
[2026-08-04T14:46:52.704Z] onEndTurn: naturalStop=true toolCalls=3 nudgeMsg=no
[2026-08-04T14:49:05.724Z] ResumeDiffForge: running checkResumeConsistency
[2026-08-04T14:49:05.725Z] checkResumeConsistency: forgedTimestamps=[]
[2026-08-04T14:49:05.734Z] checkResumeConsistency: no changes detected
[2026-08-04T14:49:05.734Z] LiveUpdateForge: session reset, allowLiveUpdate = false
[2026-08-04T14:49:05.735Z] NudgeForge: ResumeComplete — restoring count from history
[2026-08-04T14:49:05.735Z] restoreNudgeCountFromHistory: found last write at idx=841 count=3
[2026-08-04T14:49:05.776Z] LiveUpdateForge: allowLiveUpdate = true (first real BeforeSend)
[2026-08-04T14:49:05.777Z] InitialReadForge.onBeforeSend: SKIP (fr=false syn=false hasRead=true)
[2026-08-04T14:49:53.945Z] LiveUpdateForge: EndTurn fallback flush
[2026-08-04T14:49:53.945Z] onEndTurn: naturalStop=false toolCalls=3 nudgeMsg=no
[2026-08-04T14:49:56.651Z] LiveUpdateForge: AfterToolExec flush
[2026-08-04T14:49:56.762Z] InitialReadForge.onBeforeSend: SKIP (fr=true syn=false hasRead=true)
[2026-08-04T14:50:24.678Z] LiveUpdateForge: EndTurn fallback flush
[2026-08-04T14:50:24.679Z] onEndTurn: naturalStop=false toolCalls=4 nudgeMsg=no
[2026-08-04T14:50:25.395Z] LiveUpdateForge: AfterToolExec flush
[2026-08-04T14:50:25.509Z] InitialReadForge.onBeforeSend: SKIP (fr=true syn=false hasRead=true)
[2026-08-04T14:50:58.722Z] LiveUpdateForge: EndTurn fallback flush
[2026-08-04T14:50:58.722Z] onEndTurn: naturalStop=false toolCalls=5 nudgeMsg=no
[2026-08-04T14:50:58.857Z] LiveUpdateForge: AfterToolExec flush
[2026-08-04T14:50:58.976Z] InitialReadForge.onBeforeSend: SKIP (fr=true syn=false hasRead=true)
[2026-08-04T14:51:20.301Z] LiveUpdateForge: EndTurn fallback flush
[2026-08-04T14:51:20.301Z] onEndTurn: naturalStop=false toolCalls=6 nudgeMsg=no
[2026-08-04T14:51:20.329Z] LiveUpdateForge: AfterToolExec flush
[2026-08-04T14:51:20.456Z] InitialReadForge.onBeforeSend: SKIP (fr=true syn=false hasRead=true)
[2026-08-04T14:51:40.340Z] LiveUpdateForge: EndTurn fallback flush
[2026-08-04T14:51:40.341Z] onEndTurn: naturalStop=false toolCalls=7 nudgeMsg=no
[2026-08-04T14:51:49.217Z] LiveUpdateForge: AfterToolExec flush
[2026-08-04T14:51:49.406Z] InitialReadForge.onBeforeSend: SKIP (fr=true syn=false hasRead=true)
[2026-08-04T14:52:16.755Z] LiveUpdateForge: EndTurn fallback flush
[2026-08-04T14:52:16.755Z] onEndTurn: naturalStop=true toolCalls=8 nudgeMsg=no
[2026-08-04T14:54:39.982Z] ResumeDiffForge: running checkResumeConsistency
[2026-08-04T14:54:39.983Z] checkResumeConsistency: forgedTimestamps=[]
[2026-08-04T14:54:39.991Z] checkResumeConsistency: no changes detected
[2026-08-04T14:54:39.992Z] LiveUpdateForge: session reset, allowLiveUpdate = false
[2026-08-04T14:54:39.992Z] NudgeForge: ResumeComplete — restoring count from history
[2026-08-04T14:54:39.993Z] restoreNudgeCountFromHistory: found last write at idx=841 count=8
[2026-08-04T14:54:40.040Z] LiveUpdateForge: allowLiveUpdate = true (first real BeforeSend)
[2026-08-04T14:54:40.041Z] InitialReadForge.onBeforeSend: SKIP (fr=false syn=false hasRead=true)
[2026-08-04T14:55:07.024Z] LiveUpdateForge: EndTurn fallback flush
[2026-08-04T14:55:07.025Z] onEndTurn: naturalStop=false toolCalls=8 nudgeMsg=no
[2026-08-04T14:55:10.050Z] LiveUpdateForge: AfterToolExec flush
[2026-08-04T14:55:10.168Z] InitialReadForge.onBeforeSend: SKIP (fr=true syn=false hasRead=true)
[2026-08-04T14:55:39.149Z] LiveUpdateForge: EndTurn fallback flush
[2026-08-04T14:55:39.150Z] onEndTurn: naturalStop=false toolCalls=9 nudgeMsg=no
[2026-08-04T14:55:39.276Z] LiveUpdateForge: AfterToolExec flush
[2026-08-04T14:55:39.384Z] InitialReadForge.onBeforeSend: SKIP (fr=true syn=false hasRead=true)
[2026-08-04T14:56:05.328Z] LiveUpdateForge: EndTurn fallback flush
[2026-08-04T14:56:05.328Z] onEndTurn: naturalStop=false toolCalls=10 nudgeMsg=no
[2026-08-04T14:56:05.350Z] LiveUpdateForge: AfterToolExec flush
[2026-08-04T14:56:05.456Z] InitialReadForge.onBeforeSend: SKIP (fr=true syn=false hasRead=true)
[2026-08-04T14:56:19.560Z] LiveUpdateForge: EndTurn fallback flush
[2026-08-04T14:56:19.560Z] onEndTurn: naturalStop=false toolCalls=11 nudgeMsg=no
[2026-08-04T14:56:27.581Z] LiveUpdateForge: AfterToolExec flush
[2026-08-04T14:56:27.757Z] InitialReadForge.onBeforeSend: SKIP (fr=true syn=false hasRead=true)
[2026-08-04T14:56:47.933Z] LiveUpdateForge: EndTurn fallback flush
[2026-08-04T14:56:47.934Z] onEndTurn: naturalStop=true toolCalls=12 nudgeMsg=no
