[2026-07-30T02:58:09.916Z] MemoryForge: attached 5 listener(s)
[2026-07-30T02:58:09.917Z] InitialReadForge: armed one-shot BeforeSend after NewSessionStart
[2026-07-30T02:58:09.917Z] LiveUpdateForge: session reset, allowLiveUpdate = false
[2026-07-30T02:58:11.729Z] MemoryForge: attached 5 listener(s)
[2026-07-30T02:58:11.729Z] InitialReadForge: armed one-shot BeforeSend after NewSessionStart
[2026-07-30T02:58:11.729Z] LiveUpdateForge: session reset, allowLiveUpdate = false
[2026-07-30T03:14:04.672Z] MemoryForge: attached 5 listener(s)
[2026-07-30T03:14:04.673Z] InitialReadForge: armed one-shot BeforeSend after NewSessionStart
[2026-07-30T03:14:04.673Z] LiveUpdateForge: session reset, allowLiveUpdate = false
[2026-07-30T03:14:05.445Z] MemoryForge: attached 5 listener(s)
[2026-07-30T03:14:05.446Z] InitialReadForge: armed one-shot BeforeSend after NewSessionStart
[2026-07-30T03:14:05.446Z] LiveUpdateForge: session reset, allowLiveUpdate = false
[2026-07-30T03:14:05.447Z] MemoryForge: detached all listeners
[2026-07-30T03:14:05.447Z] ResumeDiffForge: no read_memory in history, backfilling forge
[2026-07-30T03:14:05.484Z] recordForgedToolExchange: toolName=read_memory callId=resume-forge-read-memory-backfill
[2026-07-30T03:14:05.508Z] recordForgedToolExchange: recordMessage + recordToolCalls persisted
[2026-07-30T03:14:05.509Z] injectForgedHistory: role=user preview=""
[2026-07-30T03:14:05.519Z] injectForgedHistory: recordMessage persisted
[2026-07-30T03:14:05.522Z] ResumeDiffForge: backfilled read_memory and baseline for 2 raw + 2 provider file(s)
[2026-07-30T03:14:05.523Z] LiveUpdateForge: session reset, allowLiveUpdate = false
[2026-07-30T03:14:05.523Z] NudgeForge: ResumeComplete — restoring count from history
[2026-07-30T03:14:05.523Z] restoreNudgeCountFromHistory: no reset point found, count=0
[2026-07-30T03:14:05.537Z] LiveUpdateForge: allowLiveUpdate = true (first real BeforeSend)
[2026-07-30T03:14:05.538Z] InitialReadForge.onBeforeSend: SKIP (fr=false syn=false hasRead=true)
[2026-07-30T03:14:16.414Z] LiveUpdateForge: EndTurn fallback flush
[2026-07-30T03:14:16.414Z] onEndTurn: naturalStop=false toolCalls=0 nudgeMsg=no
[2026-07-30T03:14:16.491Z] LiveUpdateForge: AfterToolExec flush
[2026-07-30T03:14:16.617Z] LiveUpdateForge: AfterToolExec flush
[2026-07-30T03:14:16.632Z] InitialReadForge.onBeforeSend: SKIP (fr=true syn=false hasRead=true)
[2026-07-30T03:14:21.507Z] LiveUpdateForge: EndTurn fallback flush
[2026-07-30T03:14:21.507Z] onEndTurn: naturalStop=false toolCalls=2 nudgeMsg=no
[2026-07-30T03:14:21.516Z] LiveUpdateForge: AfterToolExec flush
[2026-07-30T03:14:21.525Z] LiveUpdateForge: AfterToolExec flush
[2026-07-30T03:14:21.543Z] InitialReadForge.onBeforeSend: SKIP (fr=true syn=false hasRead=true)
[2026-07-30T03:14:33.111Z] LiveUpdateForge: EndTurn fallback flush
[2026-07-30T03:14:33.111Z] onEndTurn: naturalStop=false toolCalls=4 nudgeMsg=no
[2026-07-30T03:14:33.174Z] LiveUpdateForge: AfterToolExec flush
[2026-07-30T03:14:33.189Z] InitialReadForge.onBeforeSend: SKIP (fr=true syn=false hasRead=true)
[2026-07-30T03:14:52.618Z] LiveUpdateForge: EndTurn fallback flush
[2026-07-30T03:14:52.619Z] onEndTurn: naturalStop=false toolCalls=5 nudgeMsg=no
[2026-07-30T03:16:01.353Z] LiveUpdateForge: AfterToolExec flush
[2026-07-30T03:16:01.371Z] InitialReadForge.onBeforeSend: SKIP (fr=true syn=false hasRead=true)
[2026-07-30T03:16:24.700Z] LiveUpdateForge: EndTurn fallback flush
[2026-07-30T03:16:24.701Z] onEndTurn: naturalStop=true toolCalls=6 nudgeMsg=no
[2026-07-30T03:27:31.162Z] MemoryForge: attached 5 listener(s)
[2026-07-30T03:27:31.162Z] InitialReadForge: armed one-shot BeforeSend after NewSessionStart
[2026-07-30T03:27:31.162Z] LiveUpdateForge: session reset, allowLiveUpdate = false
[2026-07-30T03:27:31.193Z] LiveUpdateForge: session reset, allowLiveUpdate = false
[2026-07-30T03:27:31.195Z] ResumeDiffForge: running checkResumeConsistency
[2026-07-30T03:27:31.195Z] checkResumeConsistency: forgedTimestamps=[]
[2026-07-30T03:27:31.200Z] checkResumeConsistency: no changes detected
[2026-07-30T03:27:31.200Z] LiveUpdateForge: session reset, allowLiveUpdate = false
[2026-07-30T03:27:31.201Z] NudgeForge: ResumeComplete — restoring count from history
[2026-07-30T03:27:31.201Z] restoreNudgeCountFromHistory: no reset point found, count=6
[2026-07-30T03:27:31.734Z] ResumeDiffForge: running checkResumeConsistency
[2026-07-30T03:27:31.734Z] checkResumeConsistency: forgedTimestamps=[]
[2026-07-30T03:27:31.742Z] checkResumeConsistency: no changes detected
[2026-07-30T03:27:31.742Z] LiveUpdateForge: session reset, allowLiveUpdate = false
[2026-07-30T03:27:31.742Z] NudgeForge: ResumeComplete — restoring count from history
[2026-07-30T03:27:31.742Z] restoreNudgeCountFromHistory: no reset point found, count=6
[2026-07-30T03:27:31.760Z] ResumeDiffForge: running checkResumeConsistency
[2026-07-30T03:27:31.761Z] checkResumeConsistency: forgedTimestamps=[]
[2026-07-30T03:27:31.766Z] checkResumeConsistency: no changes detected
[2026-07-30T03:27:31.766Z] LiveUpdateForge: session reset, allowLiveUpdate = false
[2026-07-30T03:27:31.766Z] NudgeForge: ResumeComplete — restoring count from history
[2026-07-30T03:27:31.767Z] restoreNudgeCountFromHistory: no reset point found, count=6
[2026-07-30T03:27:32.835Z] MemoryForge: attached 5 listener(s)
[2026-07-30T03:27:32.835Z] InitialReadForge: armed one-shot BeforeSend after NewSessionStart
[2026-07-30T03:27:32.835Z] LiveUpdateForge: session reset, allowLiveUpdate = false
[2026-07-30T03:27:32.836Z] MemoryForge: detached all listeners
[2026-07-30T03:27:32.837Z] ResumeDiffForge: running checkResumeConsistency
[2026-07-30T03:27:32.837Z] checkResumeConsistency: forgedTimestamps=[]
[2026-07-30T03:27:32.856Z] checkResumeConsistency: no changes detected
[2026-07-30T03:27:32.857Z] LiveUpdateForge: session reset, allowLiveUpdate = false
[2026-07-30T03:27:32.857Z] NudgeForge: ResumeComplete — restoring count from history
[2026-07-30T03:27:32.857Z] restoreNudgeCountFromHistory: no reset point found, count=6
[2026-07-30T03:27:32.866Z] LiveUpdateForge: allowLiveUpdate = true (first real BeforeSend)
[2026-07-30T03:27:32.867Z] InitialReadForge.onBeforeSend: SKIP (fr=false syn=false hasRead=true)
[2026-07-30T03:27:49.891Z] LiveUpdateForge: EndTurn fallback flush
[2026-07-30T03:27:49.891Z] onEndTurn: naturalStop=false toolCalls=6 nudgeMsg=no
[2026-07-30T03:27:49.946Z] LiveUpdateForge: AfterToolExec flush
[2026-07-30T03:27:50.018Z] LiveUpdateForge: AfterToolExec flush
[2026-07-30T03:27:50.046Z] LiveUpdateForge: AfterToolExec flush
[2026-07-30T03:27:50.059Z] InitialReadForge.onBeforeSend: SKIP (fr=true syn=false hasRead=true)
[2026-07-30T03:28:20.832Z] LiveUpdateForge: EndTurn fallback flush
[2026-07-30T03:28:20.832Z] onEndTurn: naturalStop=false toolCalls=9 nudgeMsg=no
[2026-07-30T03:28:20.847Z] LiveUpdateForge: AfterToolExec flush
[2026-07-30T03:28:20.935Z] LiveUpdateForge: AfterToolExec flush
[2026-07-30T03:28:20.950Z] InitialReadForge.onBeforeSend: SKIP (fr=true syn=false hasRead=true)
[2026-07-30T03:28:26.652Z] LiveUpdateForge: EndTurn fallback flush
[2026-07-30T03:28:26.652Z] onEndTurn: naturalStop=false toolCalls=11 nudgeMsg=no
[2026-07-30T03:28:26.663Z] LiveUpdateForge: AfterToolExec flush
[2026-07-30T03:28:26.663Z] LiveUpdateForge: AfterToolExec flush
[2026-07-30T03:28:26.681Z] InitialReadForge.onBeforeSend: SKIP (fr=true syn=false hasRead=true)
[2026-07-30T03:29:11.798Z] LiveUpdateForge: EndTurn fallback flush
[2026-07-30T03:29:11.798Z] onEndTurn: naturalStop=false toolCalls=13 nudgeMsg=no
[2026-07-30T03:30:42.156Z] LiveUpdateForge: AfterToolExec flush
[2026-07-30T03:30:42.174Z] InitialReadForge.onBeforeSend: SKIP (fr=true syn=false hasRead=true)
[2026-07-30T03:31:38.229Z] LiveUpdateForge: EndTurn fallback flush
[2026-07-30T03:31:38.229Z] onEndTurn: naturalStop=false toolCalls=14 nudgeMsg=no
[2026-07-30T03:31:38.236Z] LiveUpdateForge: AfterToolExec flush
[2026-07-30T03:31:38.260Z] InitialReadForge.onBeforeSend: SKIP (fr=true syn=false hasRead=true)
[2026-07-30T03:31:45.896Z] LiveUpdateForge: EndTurn fallback flush
[2026-07-30T03:31:45.896Z] onEndTurn: naturalStop=false toolCalls=15 nudgeMsg=no
[2026-07-30T03:31:45.974Z] LiveUpdateForge: AfterToolExec flush
[2026-07-30T03:31:45.995Z] InitialReadForge.onBeforeSend: SKIP (fr=true syn=false hasRead=true)
[2026-07-30T03:31:51.393Z] LiveUpdateForge: EndTurn fallback flush
[2026-07-30T03:31:51.394Z] onEndTurn: naturalStop=false toolCalls=16 nudgeMsg=no
[2026-07-30T03:31:51.461Z] LiveUpdateForge: AfterToolExec flush
[2026-07-30T03:31:51.482Z] InitialReadForge.onBeforeSend: SKIP (fr=true syn=false hasRead=true)
[2026-07-30T03:31:59.619Z] LiveUpdateForge: EndTurn fallback flush
[2026-07-30T03:31:59.620Z] onEndTurn: naturalStop=false toolCalls=17 nudgeMsg=no
[2026-07-30T03:31:59.627Z] LiveUpdateForge: AfterToolExec flush
[2026-07-30T03:31:59.651Z] InitialReadForge.onBeforeSend: SKIP (fr=true syn=false hasRead=true)
[2026-07-30T03:32:04.873Z] LiveUpdateForge: EndTurn fallback flush
[2026-07-30T03:32:04.873Z] onEndTurn: naturalStop=false toolCalls=18 nudgeMsg=no
[2026-07-30T03:32:04.881Z] LiveUpdateForge: AfterToolExec flush
[2026-07-30T03:32:04.907Z] InitialReadForge.onBeforeSend: SKIP (fr=true syn=false hasRead=true)
[2026-07-30T03:32:24.562Z] LiveUpdateForge: EndTurn fallback flush
[2026-07-30T03:32:24.562Z] onEndTurn: naturalStop=false toolCalls=19 nudgeMsg=no
[2026-07-30T03:32:24.577Z] LiveUpdateForge: AfterToolExec flush
[2026-07-30T03:32:24.608Z] InitialReadForge.onBeforeSend: SKIP (fr=true syn=false hasRead=true)
[2026-07-30T03:34:20.137Z] LiveUpdateForge: EndTurn fallback flush
[2026-07-30T03:34:20.138Z] onEndTurn: naturalStop=false toolCalls=20 nudgeMsg=no
[2026-07-30T03:35:22.752Z] LiveUpdateForge: AfterToolExec flush
[2026-07-30T03:35:24.912Z] InitialReadForge.onBeforeSend: SKIP (fr=true syn=false hasRead=true)
[2026-07-30T03:35:33.220Z] LiveUpdateForge: EndTurn fallback flush
[2026-07-30T03:35:33.220Z] onEndTurn: naturalStop=false toolCalls=21 nudgeMsg=no
[2026-07-30T03:35:33.238Z] LiveUpdateForge: AfterToolExec flush
[2026-07-30T03:35:33.332Z] LiveUpdateForge: AfterToolExec flush
[2026-07-30T03:35:33.368Z] InitialReadForge.onBeforeSend: SKIP (fr=true syn=false hasRead=true)
[2026-07-30T03:37:16.142Z] LiveUpdateForge: EndTurn fallback flush
[2026-07-30T03:37:16.143Z] onEndTurn: naturalStop=false toolCalls=23 nudgeMsg=no
[2026-07-30T03:37:16.151Z] LiveUpdateForge: AfterToolExec flush
[2026-07-30T03:37:16.191Z] InitialReadForge.onBeforeSend: SKIP (fr=true syn=false hasRead=true)
[2026-07-30T03:38:45.127Z] LiveUpdateForge: EndTurn fallback flush
[2026-07-30T03:38:45.128Z] onEndTurn: naturalStop=false toolCalls=24 nudgeMsg=no
[2026-07-30T03:38:45.152Z] LiveUpdateForge: AfterToolExec flush
[2026-07-30T03:38:45.191Z] InitialReadForge.onBeforeSend: SKIP (fr=true syn=false hasRead=true)
[2026-07-30T03:39:03.571Z] LiveUpdateForge: EndTurn fallback flush
[2026-07-30T03:39:03.572Z] onEndTurn: naturalStop=false toolCalls=25 nudgeMsg=no
[2026-07-30T03:39:10.646Z] LiveUpdateForge: AfterToolExec flush
[2026-07-30T03:39:10.687Z] InitialReadForge.onBeforeSend: SKIP (fr=true syn=false hasRead=true)
[2026-07-30T03:39:20.507Z] LiveUpdateForge: EndTurn fallback flush
[2026-07-30T03:39:20.507Z] onEndTurn: naturalStop=false toolCalls=26 nudgeMsg=no
[2026-07-30T03:39:20.513Z] LiveUpdateForge: AfterToolExec flush
[2026-07-30T03:39:20.553Z] InitialReadForge.onBeforeSend: SKIP (fr=true syn=false hasRead=true)
[2026-07-30T03:39:25.994Z] LiveUpdateForge: EndTurn fallback flush
[2026-07-30T03:39:25.995Z] onEndTurn: naturalStop=false toolCalls=27 nudgeMsg=no
[2026-07-30T03:39:26.000Z] LiveUpdateForge: AfterToolExec flush
[2026-07-30T03:39:26.044Z] InitialReadForge.onBeforeSend: SKIP (fr=true syn=false hasRead=true)
[2026-07-30T03:39:32.153Z] LiveUpdateForge: EndTurn fallback flush
[2026-07-30T03:39:32.154Z] onEndTurn: naturalStop=false toolCalls=28 nudgeMsg=no
[2026-07-30T03:39:32.159Z] LiveUpdateForge: AfterToolExec flush
[2026-07-30T03:39:32.203Z] InitialReadForge.onBeforeSend: SKIP (fr=true syn=false hasRead=true)
[2026-07-30T03:39:42.135Z] LiveUpdateForge: EndTurn fallback flush
[2026-07-30T03:39:42.136Z] onEndTurn: naturalStop=false toolCalls=29 nudgeMsg=no
[2026-07-30T03:39:42.141Z] LiveUpdateForge: AfterToolExec flush
[2026-07-30T03:39:42.185Z] InitialReadForge.onBeforeSend: SKIP (fr=true syn=false hasRead=true)
[2026-07-30T03:39:55.382Z] LiveUpdateForge: EndTurn fallback flush
[2026-07-30T03:39:55.382Z] onEndTurn: naturalStop=false toolCalls=30 nudgeMsg=no
[2026-07-30T03:39:55.386Z] LiveUpdateForge: AfterToolExec flush
[2026-07-30T03:39:55.430Z] InitialReadForge.onBeforeSend: SKIP (fr=true syn=false hasRead=true)
[2026-07-30T03:40:00.839Z] LiveUpdateForge: EndTurn fallback flush
[2026-07-30T03:40:00.839Z] onEndTurn: naturalStop=false toolCalls=31 nudgeMsg=no
[2026-07-30T03:40:00.843Z] LiveUpdateForge: AfterToolExec flush
[2026-07-30T03:40:00.881Z] InitialReadForge.onBeforeSend: SKIP (fr=true syn=false hasRead=true)
[2026-07-30T03:40:23.819Z] LiveUpdateForge: EndTurn fallback flush
[2026-07-30T03:40:23.820Z] onEndTurn: naturalStop=false toolCalls=32 nudgeMsg=no
[2026-07-30T03:40:23.827Z] LiveUpdateForge: AfterToolExec flush
[2026-07-30T03:40:23.868Z] InitialReadForge.onBeforeSend: SKIP (fr=true syn=false hasRead=true)
[2026-07-30T03:40:46.762Z] LiveUpdateForge: EndTurn fallback flush
[2026-07-30T03:40:46.762Z] onEndTurn: naturalStop=false toolCalls=33 nudgeMsg=no
[2026-07-30T03:40:47.650Z] LiveUpdateForge: AfterToolExec flush
[2026-07-30T03:40:47.695Z] InitialReadForge.onBeforeSend: SKIP (fr=true syn=false hasRead=true)
[2026-07-30T03:40:59.334Z] LiveUpdateForge: EndTurn fallback flush
[2026-07-30T03:40:59.334Z] onEndTurn: naturalStop=false toolCalls=34 nudgeMsg=no
[2026-07-30T03:40:59.340Z] LiveUpdateForge: AfterToolExec flush
[2026-07-30T03:40:59.383Z] InitialReadForge.onBeforeSend: SKIP (fr=true syn=false hasRead=true)
[2026-07-30T03:41:03.228Z] LiveUpdateForge: EndTurn fallback flush
[2026-07-30T03:41:03.229Z] onEndTurn: naturalStop=false toolCalls=35 nudgeMsg=no
[2026-07-30T03:41:03.232Z] LiveUpdateForge: AfterToolExec flush
[2026-07-30T03:41:03.278Z] InitialReadForge.onBeforeSend: SKIP (fr=true syn=false hasRead=true)
[2026-07-30T03:42:04.433Z] LiveUpdateForge: EndTurn fallback flush
[2026-07-30T03:42:04.434Z] onEndTurn: naturalStop=false toolCalls=36 nudgeMsg=no
[2026-07-30T03:42:04.861Z] LiveUpdateForge: AfterToolExec flush
[2026-07-30T03:42:04.929Z] InitialReadForge.onBeforeSend: SKIP (fr=true syn=false hasRead=true)
[2026-07-30T03:42:08.858Z] LiveUpdateForge: EndTurn fallback flush
[2026-07-30T03:42:08.859Z] onEndTurn: naturalStop=false toolCalls=37 nudgeMsg=no
[2026-07-30T03:42:08.865Z] LiveUpdateForge: AfterToolExec flush
[2026-07-30T03:42:08.910Z] InitialReadForge.onBeforeSend: SKIP (fr=true syn=false hasRead=true)
[2026-07-30T03:42:15.698Z] LiveUpdateForge: EndTurn fallback flush
[2026-07-30T03:42:15.699Z] onEndTurn: naturalStop=false toolCalls=38 nudgeMsg=no
[2026-07-30T03:42:15.703Z] LiveUpdateForge: AfterToolExec flush
[2026-07-30T03:42:15.748Z] InitialReadForge.onBeforeSend: SKIP (fr=true syn=false hasRead=true)
[2026-07-30T03:42:53.997Z] LiveUpdateForge: EndTurn fallback flush
[2026-07-30T03:42:53.998Z] onEndTurn: naturalStop=false toolCalls=39 nudgeMsg=no
[2026-07-30T03:42:54.074Z] LiveUpdateForge: AfterToolExec flush
[2026-07-30T03:42:54.114Z] InitialReadForge.onBeforeSend: SKIP (fr=true syn=false hasRead=true)
[2026-07-30T03:43:01.734Z] LiveUpdateForge: EndTurn fallback flush
[2026-07-30T03:43:01.734Z] onEndTurn: naturalStop=false toolCalls=40 nudgeMsg=no
[2026-07-30T03:43:01.739Z] LiveUpdateForge: AfterToolExec flush
[2026-07-30T03:43:01.784Z] InitialReadForge.onBeforeSend: SKIP (fr=true syn=false hasRead=true)
[2026-07-30T03:43:06.549Z] LiveUpdateForge: EndTurn fallback flush
[2026-07-30T03:43:06.549Z] onEndTurn: naturalStop=false toolCalls=41 nudgeMsg=no
[2026-07-30T03:43:06.553Z] LiveUpdateForge: AfterToolExec flush
[2026-07-30T03:43:06.596Z] InitialReadForge.onBeforeSend: SKIP (fr=true syn=false hasRead=true)
[2026-07-30T03:43:10.226Z] LiveUpdateForge: EndTurn fallback flush
[2026-07-30T03:43:10.227Z] onEndTurn: naturalStop=false toolCalls=42 nudgeMsg=no
[2026-07-30T03:43:12.258Z] LiveUpdateForge: AfterToolExec flush
[2026-07-30T03:43:12.312Z] InitialReadForge.onBeforeSend: SKIP (fr=true syn=false hasRead=true)
[2026-07-30T03:43:25.393Z] LiveUpdateForge: EndTurn fallback flush
[2026-07-30T03:43:25.394Z] onEndTurn: naturalStop=false toolCalls=43 nudgeMsg=no
[2026-07-30T03:43:25.419Z] LiveUpdateForge: AfterToolExec flush
[2026-07-30T03:43:25.463Z] InitialReadForge.onBeforeSend: SKIP (fr=true syn=false hasRead=true)
[2026-07-30T03:43:30.708Z] LiveUpdateForge: EndTurn fallback flush
[2026-07-30T03:43:30.709Z] onEndTurn: naturalStop=false toolCalls=44 nudgeMsg=no
[2026-07-30T03:43:38.402Z] LiveUpdateForge: AfterToolExec flush
[2026-07-30T03:43:38.464Z] InitialReadForge.onBeforeSend: SKIP (fr=true syn=false hasRead=true)
[2026-07-30T03:43:41.742Z] LiveUpdateForge: EndTurn fallback flush
[2026-07-30T03:43:41.742Z] onEndTurn: naturalStop=false toolCalls=45 nudgeMsg=no
[2026-07-30T03:43:41.747Z] LiveUpdateForge: AfterToolExec flush
[2026-07-30T03:43:41.793Z] InitialReadForge.onBeforeSend: SKIP (fr=true syn=false hasRead=true)
[2026-07-30T03:44:39.251Z] LiveUpdateForge: EndTurn fallback flush
[2026-07-30T03:44:39.251Z] onEndTurn: naturalStop=false toolCalls=46 nudgeMsg=no
[2026-07-30T03:44:39.258Z] LiveUpdateForge: AfterToolExec flush
[2026-07-30T03:44:39.306Z] InitialReadForge.onBeforeSend: SKIP (fr=true syn=false hasRead=true)
[2026-07-30T03:45:03.769Z] LiveUpdateForge: EndTurn fallback flush
[2026-07-30T03:45:03.769Z] onEndTurn: naturalStop=false toolCalls=47 nudgeMsg=no
[2026-07-30T03:45:08.421Z] LiveUpdateForge: AfterToolExec flush
[2026-07-30T03:45:08.476Z] InitialReadForge.onBeforeSend: SKIP (fr=true syn=false hasRead=true)
[2026-07-30T03:45:14.478Z] LiveUpdateForge: EndTurn fallback flush
[2026-07-30T03:45:14.478Z] onEndTurn: naturalStop=false toolCalls=48 nudgeMsg=no
[2026-07-30T03:45:14.605Z] LiveUpdateForge: AfterToolExec flush
[2026-07-30T03:45:14.654Z] InitialReadForge.onBeforeSend: SKIP (fr=true syn=false hasRead=true)
[2026-07-30T03:45:20.923Z] LiveUpdateForge: EndTurn fallback flush
[2026-07-30T03:45:20.923Z] onEndTurn: naturalStop=false toolCalls=49 nudgeMsg=no
[2026-07-30T03:45:21.014Z] LiveUpdateForge: AfterToolExec flush
[2026-07-30T03:45:21.018Z] LiveUpdateForge: AfterToolExec flush
[2026-07-30T03:45:21.057Z] InitialReadForge.onBeforeSend: SKIP (fr=true syn=false hasRead=true)
[2026-07-30T03:46:02.925Z] LiveUpdateForge: EndTurn fallback flush
[2026-07-30T03:46:02.925Z] onEndTurn: naturalStop=false toolCalls=51 nudgeMsg=no
[2026-07-30T03:46:03.618Z] LiveUpdateForge: AfterToolExec flush
[2026-07-30T03:46:03.670Z] InitialReadForge.onBeforeSend: SKIP (fr=true syn=false hasRead=true)
[2026-07-30T03:46:08.032Z] LiveUpdateForge: EndTurn fallback flush
[2026-07-30T03:46:08.032Z] onEndTurn: naturalStop=false toolCalls=52 nudgeMsg=no
[2026-07-30T03:46:08.037Z] LiveUpdateForge: AfterToolExec flush
[2026-07-30T03:46:08.084Z] InitialReadForge.onBeforeSend: SKIP (fr=true syn=false hasRead=true)
[2026-07-30T03:46:18.975Z] LiveUpdateForge: EndTurn fallback flush
[2026-07-30T03:46:18.975Z] onEndTurn: naturalStop=false toolCalls=53 nudgeMsg=no
[2026-07-30T03:46:18.980Z] LiveUpdateForge: AfterToolExec flush
[2026-07-30T03:46:19.025Z] InitialReadForge.onBeforeSend: SKIP (fr=true syn=false hasRead=true)
[2026-07-30T03:46:23.760Z] LiveUpdateForge: EndTurn fallback flush
[2026-07-30T03:46:23.760Z] onEndTurn: naturalStop=false toolCalls=54 nudgeMsg=no
[2026-07-30T03:46:23.846Z] LiveUpdateForge: AfterToolExec flush
[2026-07-30T03:46:23.902Z] InitialReadForge.onBeforeSend: SKIP (fr=true syn=false hasRead=true)
[2026-07-30T03:46:29.031Z] LiveUpdateForge: EndTurn fallback flush
[2026-07-30T03:46:29.031Z] onEndTurn: naturalStop=false toolCalls=55 nudgeMsg=no
[2026-07-30T03:46:35.288Z] LiveUpdateForge: AfterToolExec flush
[2026-07-30T03:46:35.338Z] InitialReadForge.onBeforeSend: SKIP (fr=true syn=false hasRead=true)
[2026-07-30T03:46:49.138Z] LiveUpdateForge: EndTurn fallback flush
[2026-07-30T03:46:49.138Z] onEndTurn: naturalStop=false toolCalls=56 nudgeMsg=no
[2026-07-30T03:46:50.482Z] LiveUpdateForge: AfterToolExec flush
[2026-07-30T03:46:50.549Z] InitialReadForge.onBeforeSend: SKIP (fr=true syn=false hasRead=true)
[2026-07-30T03:47:03.135Z] LiveUpdateForge: EndTurn fallback flush
[2026-07-30T03:47:03.136Z] onEndTurn: naturalStop=false toolCalls=57 nudgeMsg=no
[2026-07-30T03:47:03.238Z] LiveUpdateForge: AfterToolExec flush
[2026-07-30T03:47:03.289Z] InitialReadForge.onBeforeSend: SKIP (fr=true syn=false hasRead=true)
[2026-07-30T03:47:11.529Z] LiveUpdateForge: EndTurn fallback flush
[2026-07-30T03:47:11.530Z] onEndTurn: naturalStop=false toolCalls=58 nudgeMsg=no
[2026-07-30T03:47:17.973Z] LiveUpdateForge: AfterToolExec flush
[2026-07-30T03:47:18.042Z] InitialReadForge.onBeforeSend: SKIP (fr=true syn=false hasRead=true)
[2026-07-30T03:47:35.235Z] LiveUpdateForge: EndTurn fallback flush
[2026-07-30T03:47:35.236Z] onEndTurn: naturalStop=false toolCalls=59 nudgeMsg=no
[2026-07-30T03:47:35.563Z] LiveUpdateForge: AfterToolExec flush
[2026-07-30T03:47:35.618Z] InitialReadForge.onBeforeSend: SKIP (fr=true syn=false hasRead=true)
[2026-07-30T03:47:41.840Z] LiveUpdateForge: EndTurn fallback flush
[2026-07-30T03:47:41.840Z] onEndTurn: naturalStop=false toolCalls=60 nudgeMsg=no
[2026-07-30T03:47:41.921Z] LiveUpdateForge: AfterToolExec flush
[2026-07-30T03:47:41.975Z] InitialReadForge.onBeforeSend: SKIP (fr=true syn=false hasRead=true)
[2026-07-30T03:47:49.523Z] LiveUpdateForge: EndTurn fallback flush
[2026-07-30T03:47:49.524Z] onEndTurn: naturalStop=false toolCalls=61 nudgeMsg=no
[2026-07-30T03:47:54.803Z] LiveUpdateForge: AfterToolExec flush
[2026-07-30T03:47:54.856Z] InitialReadForge.onBeforeSend: SKIP (fr=true syn=false hasRead=true)
[2026-07-30T03:48:05.581Z] LiveUpdateForge: EndTurn fallback flush
[2026-07-30T03:48:05.582Z] onEndTurn: naturalStop=false toolCalls=62 nudgeMsg=no
[2026-07-30T03:48:05.867Z] LiveUpdateForge: AfterToolExec flush
[2026-07-30T03:48:05.925Z] InitialReadForge.onBeforeSend: SKIP (fr=true syn=false hasRead=true)
[2026-07-30T03:48:14.822Z] LiveUpdateForge: EndTurn fallback flush
[2026-07-30T03:48:14.822Z] onEndTurn: naturalStop=false toolCalls=63 nudgeMsg=no
[2026-07-30T03:48:15.248Z] LiveUpdateForge: AfterToolExec flush
[2026-07-30T03:48:15.296Z] InitialReadForge.onBeforeSend: SKIP (fr=true syn=false hasRead=true)
[2026-07-30T03:48:21.367Z] LiveUpdateForge: EndTurn fallback flush
[2026-07-30T03:48:21.367Z] onEndTurn: naturalStop=false toolCalls=64 nudgeMsg=no
[2026-07-30T03:49:32.119Z] LiveUpdateForge: AfterToolExec flush
[2026-07-30T03:49:32.611Z] InitialReadForge.onBeforeSend: SKIP (fr=true syn=false hasRead=true)
[2026-07-30T03:50:00.953Z] LiveUpdateForge: EndTurn fallback flush
[2026-07-30T03:50:00.953Z] onEndTurn: naturalStop=false toolCalls=65 nudgeMsg=no
[2026-07-30T03:50:01.292Z] LiveUpdateForge: AfterToolExec flush
[2026-07-30T03:50:01.356Z] InitialReadForge.onBeforeSend: SKIP (fr=true syn=false hasRead=true)
[2026-07-30T03:50:06.128Z] LiveUpdateForge: EndTurn fallback flush
[2026-07-30T03:50:06.128Z] onEndTurn: naturalStop=false toolCalls=66 nudgeMsg=no
[2026-07-30T03:50:06.410Z] LiveUpdateForge: AfterToolExec flush
[2026-07-30T03:50:06.470Z] InitialReadForge.onBeforeSend: SKIP (fr=true syn=false hasRead=true)
[2026-07-30T03:50:10.905Z] LiveUpdateForge: EndTurn fallback flush
[2026-07-30T03:50:10.906Z] onEndTurn: naturalStop=false toolCalls=67 nudgeMsg=no
[2026-07-30T03:50:11.453Z] LiveUpdateForge: AfterToolExec flush
[2026-07-30T03:50:11.520Z] InitialReadForge.onBeforeSend: SKIP (fr=true syn=false hasRead=true)
[2026-07-30T03:50:22.191Z] LiveUpdateForge: EndTurn fallback flush
[2026-07-30T03:50:22.192Z] onEndTurn: naturalStop=false toolCalls=68 nudgeMsg=no
[2026-07-30T03:51:26.810Z] LiveUpdateForge: AfterToolExec flush
[2026-07-30T03:51:26.871Z] InitialReadForge.onBeforeSend: SKIP (fr=true syn=false hasRead=true)
[2026-07-30T03:52:28.869Z] LiveUpdateForge: EndTurn fallback flush
[2026-07-30T03:52:28.870Z] onEndTurn: naturalStop=false toolCalls=69 nudgeMsg=no
[2026-07-30T03:52:31.926Z] LiveUpdateForge: AfterToolExec flush
[2026-07-30T03:52:31.981Z] InitialReadForge.onBeforeSend: SKIP (fr=true syn=false hasRead=true)
[2026-07-30T03:52:54.007Z] LiveUpdateForge: EndTurn fallback flush
[2026-07-30T03:52:54.007Z] onEndTurn: naturalStop=false toolCalls=70 nudgeMsg=no
[2026-07-30T03:52:54.283Z] LiveUpdateForge: AfterToolExec flush
[2026-07-30T03:52:54.332Z] InitialReadForge.onBeforeSend: SKIP (fr=true syn=false hasRead=true)
[2026-07-30T03:53:01.419Z] LiveUpdateForge: EndTurn fallback flush
[2026-07-30T03:53:01.419Z] onEndTurn: naturalStop=false toolCalls=71 nudgeMsg=no
[2026-07-30T03:53:08.763Z] LiveUpdateForge: AfterToolExec flush
[2026-07-30T03:53:08.816Z] InitialReadForge.onBeforeSend: SKIP (fr=true syn=false hasRead=true)
[2026-07-30T03:53:19.840Z] LiveUpdateForge: EndTurn fallback flush
[2026-07-30T03:53:19.841Z] onEndTurn: naturalStop=false toolCalls=72 nudgeMsg=no
[2026-07-30T03:53:34.941Z] LiveUpdateForge: AfterToolExec flush
[2026-07-30T03:53:34.998Z] InitialReadForge.onBeforeSend: SKIP (fr=true syn=false hasRead=true)
[2026-07-30T03:53:55.540Z] LiveUpdateForge: EndTurn fallback flush
[2026-07-30T03:53:55.540Z] onEndTurn: naturalStop=false toolCalls=73 nudgeMsg=no
[2026-07-30T03:54:10.547Z] LiveUpdateForge: AfterToolExec flush
[2026-07-30T03:54:10.599Z] InitialReadForge.onBeforeSend: SKIP (fr=true syn=false hasRead=true)
[2026-07-30T03:54:19.819Z] LiveUpdateForge: EndTurn fallback flush
[2026-07-30T03:54:19.820Z] onEndTurn: naturalStop=false toolCalls=74 nudgeMsg=no
[2026-07-30T03:54:26.311Z] LiveUpdateForge: AfterToolExec flush
[2026-07-30T03:54:26.354Z] InitialReadForge.onBeforeSend: SKIP (fr=true syn=false hasRead=true)
[2026-07-30T03:55:09.058Z] LiveUpdateForge: EndTurn fallback flush
[2026-07-30T03:55:09.059Z] onEndTurn: naturalStop=false toolCalls=75 nudgeMsg=no
[2026-07-30T03:55:11.608Z] LiveUpdateForge: AfterToolExec flush
[2026-07-30T03:55:11.654Z] InitialReadForge.onBeforeSend: SKIP (fr=true syn=false hasRead=true)
[2026-07-30T03:55:21.404Z] LiveUpdateForge: EndTurn fallback flush
[2026-07-30T03:55:21.405Z] onEndTurn: naturalStop=false toolCalls=76 nudgeMsg=no
[2026-07-30T03:55:21.420Z] LiveUpdateForge: AfterToolExec flush
[2026-07-30T03:55:21.463Z] InitialReadForge.onBeforeSend: SKIP (fr=true syn=false hasRead=true)
[2026-07-30T03:55:30.895Z] LiveUpdateForge: EndTurn fallback flush
[2026-07-30T03:55:30.895Z] onEndTurn: naturalStop=false toolCalls=77 nudgeMsg=no
[2026-07-30T03:55:40.657Z] LiveUpdateForge: AfterToolExec flush
[2026-07-30T03:55:49.363Z] LiveUpdateForge: AfterToolExec flush
[2026-07-30T03:55:54.359Z] LiveUpdateForge: AfterToolExec flush
[2026-07-30T03:55:54.408Z] InitialReadForge.onBeforeSend: SKIP (fr=true syn=false hasRead=true)
[2026-07-30T04:00:36.590Z] LiveUpdateForge: EndTurn fallback flush
[2026-07-30T04:00:36.590Z] onEndTurn: naturalStop=false toolCalls=80 nudgeMsg=no
[2026-07-30T04:00:49.310Z] LiveUpdateForge: AfterToolExec flush
[2026-07-30T04:00:49.392Z] InitialReadForge.onBeforeSend: SKIP (fr=true syn=false hasRead=true)
[2026-07-30T04:00:59.575Z] LiveUpdateForge: EndTurn fallback flush
[2026-07-30T04:00:59.575Z] onEndTurn: naturalStop=false toolCalls=81 nudgeMsg=no
[2026-07-30T04:01:15.906Z] LiveUpdateForge: AfterToolExec flush
[2026-07-30T04:01:15.997Z] InitialReadForge.onBeforeSend: SKIP (fr=true syn=false hasRead=true)
[2026-07-30T04:02:23.297Z] LiveUpdateForge: EndTurn fallback flush
[2026-07-30T04:02:23.297Z] onEndTurn: naturalStop=false toolCalls=82 nudgeMsg=no
[2026-07-30T04:02:24.810Z] LiveUpdateForge: AfterToolExec flush
[2026-07-30T04:02:24.872Z] InitialReadForge.onBeforeSend: SKIP (fr=true syn=false hasRead=true)
[2026-07-30T04:02:41.926Z] LiveUpdateForge: EndTurn fallback flush
[2026-07-30T04:02:41.926Z] onEndTurn: naturalStop=false toolCalls=83 nudgeMsg=no
[2026-07-30T04:02:42.210Z] LiveUpdateForge: AfterToolExec flush
[2026-07-30T04:02:42.286Z] InitialReadForge.onBeforeSend: SKIP (fr=true syn=false hasRead=true)
[2026-07-30T04:02:48.011Z] LiveUpdateForge: EndTurn fallback flush
[2026-07-30T04:02:48.011Z] onEndTurn: naturalStop=false toolCalls=84 nudgeMsg=no
[2026-07-30T04:02:48.576Z] LiveUpdateForge: AfterToolExec flush
[2026-07-30T04:02:48.644Z] InitialReadForge.onBeforeSend: SKIP (fr=true syn=false hasRead=true)
[2026-07-30T04:02:59.575Z] LiveUpdateForge: EndTurn fallback flush
[2026-07-30T04:02:59.576Z] onEndTurn: naturalStop=false toolCalls=85 nudgeMsg=no
[2026-07-30T04:04:03.869Z] LiveUpdateForge: AfterToolExec flush
[2026-07-30T04:04:03.940Z] InitialReadForge.onBeforeSend: SKIP (fr=true syn=false hasRead=true)
[2026-07-30T04:04:59.520Z] LiveUpdateForge: EndTurn fallback flush
[2026-07-30T04:04:59.520Z] onEndTurn: naturalStop=false toolCalls=86 nudgeMsg=no
[2026-07-30T04:04:59.807Z] LiveUpdateForge: AfterToolExec flush
[2026-07-30T04:04:59.877Z] InitialReadForge.onBeforeSend: SKIP (fr=true syn=false hasRead=true)
[2026-07-30T04:05:04.930Z] LiveUpdateForge: EndTurn fallback flush
[2026-07-30T04:05:04.930Z] onEndTurn: naturalStop=false toolCalls=87 nudgeMsg=no
[2026-07-30T04:05:05.446Z] LiveUpdateForge: AfterToolExec flush
[2026-07-30T04:05:05.518Z] InitialReadForge.onBeforeSend: SKIP (fr=true syn=false hasRead=true)
[2026-07-30T04:05:12.866Z] LiveUpdateForge: EndTurn fallback flush
[2026-07-30T04:05:12.866Z] onEndTurn: naturalStop=false toolCalls=88 nudgeMsg=no
[2026-07-30T04:07:12.921Z] LiveUpdateForge: AfterToolExec flush
[2026-07-30T04:07:12.997Z] InitialReadForge.onBeforeSend: SKIP (fr=true syn=false hasRead=true)
[2026-07-30T04:08:15.503Z] LiveUpdateForge: EndTurn fallback flush
[2026-07-30T04:08:15.503Z] onEndTurn: naturalStop=false toolCalls=89 nudgeMsg=no
[2026-07-30T04:08:15.788Z] LiveUpdateForge: AfterToolExec flush
[2026-07-30T04:08:15.857Z] InitialReadForge.onBeforeSend: SKIP (fr=true syn=false hasRead=true)
[2026-07-30T04:08:19.992Z] LiveUpdateForge: EndTurn fallback flush
[2026-07-30T04:08:19.992Z] onEndTurn: naturalStop=false toolCalls=90 nudgeMsg=no
[2026-07-30T04:08:20.496Z] LiveUpdateForge: AfterToolExec flush
[2026-07-30T04:08:20.574Z] InitialReadForge.onBeforeSend: SKIP (fr=true syn=false hasRead=true)
[2026-07-30T04:08:25.687Z] LiveUpdateForge: EndTurn fallback flush
[2026-07-30T04:08:25.687Z] onEndTurn: naturalStop=false toolCalls=91 nudgeMsg=no
[2026-07-30T04:09:11.983Z] LiveUpdateForge: AfterToolExec flush
[2026-07-30T04:09:12.073Z] InitialReadForge.onBeforeSend: SKIP (fr=true syn=false hasRead=true)
[2026-07-30T04:09:48.828Z] LiveUpdateForge: EndTurn fallback flush
[2026-07-30T04:09:48.828Z] onEndTurn: naturalStop=false toolCalls=92 nudgeMsg=no
[2026-07-30T04:09:49.130Z] LiveUpdateForge: AfterToolExec flush
[2026-07-30T04:09:49.203Z] InitialReadForge.onBeforeSend: SKIP (fr=true syn=false hasRead=true)
[2026-07-30T04:10:55.449Z] LiveUpdateForge: EndTurn fallback flush
[2026-07-30T04:10:55.449Z] onEndTurn: naturalStop=false toolCalls=93 nudgeMsg=no
[2026-07-30T04:10:55.731Z] LiveUpdateForge: AfterToolExec flush
[2026-07-30T04:10:55.816Z] InitialReadForge.onBeforeSend: SKIP (fr=true syn=false hasRead=true)
[2026-07-30T04:11:02.124Z] LiveUpdateForge: EndTurn fallback flush
[2026-07-30T04:11:02.125Z] onEndTurn: naturalStop=false toolCalls=94 nudgeMsg=no
[2026-07-30T04:11:02.700Z] LiveUpdateForge: AfterToolExec flush
[2026-07-30T04:11:02.785Z] InitialReadForge.onBeforeSend: SKIP (fr=true syn=false hasRead=true)
[2026-07-30T04:11:09.560Z] LiveUpdateForge: EndTurn fallback flush
[2026-07-30T04:11:09.561Z] onEndTurn: naturalStop=false toolCalls=95 nudgeMsg=no
[2026-07-30T04:12:21.275Z] LiveUpdateForge: AfterToolExec flush
[2026-07-30T04:12:21.376Z] InitialReadForge.onBeforeSend: SKIP (fr=true syn=false hasRead=true)
[2026-07-30T04:12:32.042Z] LiveUpdateForge: EndTurn fallback flush
[2026-07-30T04:12:32.042Z] onEndTurn: naturalStop=false toolCalls=96 nudgeMsg=no
[2026-07-30T04:12:32.457Z] LiveUpdateForge: AfterToolExec flush
[2026-07-30T04:12:32.550Z] InitialReadForge.onBeforeSend: SKIP (fr=true syn=false hasRead=true)
[2026-07-30T04:12:40.854Z] LiveUpdateForge: EndTurn fallback flush
[2026-07-30T04:12:40.855Z] onEndTurn: naturalStop=false toolCalls=97 nudgeMsg=no
[2026-07-30T04:12:41.407Z] LiveUpdateForge: AfterToolExec flush
[2026-07-30T04:12:41.499Z] InitialReadForge.onBeforeSend: SKIP (fr=true syn=false hasRead=true)
[2026-07-30T04:12:47.389Z] LiveUpdateForge: EndTurn fallback flush
[2026-07-30T04:12:47.390Z] onEndTurn: naturalStop=false toolCalls=98 nudgeMsg=no
[2026-07-30T04:14:36.101Z] LiveUpdateForge: AfterToolExec flush
[2026-07-30T04:14:36.190Z] InitialReadForge.onBeforeSend: SKIP (fr=true syn=false hasRead=true)
[2026-07-30T04:17:05.064Z] LiveUpdateForge: EndTurn fallback flush
[2026-07-30T04:17:05.064Z] onEndTurn: naturalStop=false toolCalls=99 nudgeMsg=no
[2026-07-30T04:17:18.168Z] LiveUpdateForge: AfterToolExec flush
[2026-07-30T04:17:18.264Z] InitialReadForge.onBeforeSend: SKIP (fr=true syn=false hasRead=true)
[2026-07-30T04:17:47.917Z] LiveUpdateForge: EndTurn fallback flush
[2026-07-30T04:17:47.917Z] onEndTurn: naturalStop=false toolCalls=100 nudgeMsg=no
[2026-07-30T04:17:47.936Z] LiveUpdateForge: AfterToolExec flush
[2026-07-30T04:17:48.037Z] InitialReadForge.onBeforeSend: SKIP (fr=true syn=false hasRead=true)
[2026-07-30T04:18:12.094Z] LiveUpdateForge: EndTurn fallback flush
[2026-07-30T04:18:12.094Z] onEndTurn: naturalStop=false toolCalls=101 nudgeMsg=no
[2026-07-30T04:18:12.109Z] LiveUpdateForge: AfterToolExec flush
[2026-07-30T04:18:12.230Z] InitialReadForge.onBeforeSend: SKIP (fr=true syn=false hasRead=true)
[2026-07-30T04:18:18.203Z] LiveUpdateForge: EndTurn fallback flush
[2026-07-30T04:18:18.203Z] onEndTurn: naturalStop=false toolCalls=102 nudgeMsg=no
[2026-07-30T04:18:18.216Z] LiveUpdateForge: AfterToolExec flush
[2026-07-30T04:18:18.330Z] InitialReadForge.onBeforeSend: SKIP (fr=true syn=false hasRead=true)
[2026-07-30T04:18:22.366Z] LiveUpdateForge: EndTurn fallback flush
[2026-07-30T04:18:22.367Z] onEndTurn: naturalStop=false toolCalls=103 nudgeMsg=no
[2026-07-30T04:18:22.397Z] LiveUpdateForge: AfterToolExec flush
[2026-07-30T04:18:22.507Z] InitialReadForge.onBeforeSend: SKIP (fr=true syn=false hasRead=true)
[2026-07-30T04:18:36.399Z] LiveUpdateForge: EndTurn fallback flush
[2026-07-30T04:18:36.399Z] onEndTurn: naturalStop=false toolCalls=104 nudgeMsg=no
[2026-07-30T04:18:36.418Z] LiveUpdateForge: AfterToolExec flush
[2026-07-30T04:18:36.533Z] InitialReadForge.onBeforeSend: SKIP (fr=true syn=false hasRead=true)
[2026-07-30T04:18:40.589Z] LiveUpdateForge: EndTurn fallback flush
[2026-07-30T04:18:40.589Z] onEndTurn: naturalStop=false toolCalls=105 nudgeMsg=no
[2026-07-30T04:18:41.236Z] LiveUpdateForge: AfterToolExec flush
[2026-07-30T04:18:41.340Z] InitialReadForge.onBeforeSend: SKIP (fr=true syn=false hasRead=true)
[2026-07-30T04:18:50.576Z] LiveUpdateForge: EndTurn fallback flush
[2026-07-30T04:18:50.577Z] onEndTurn: naturalStop=false toolCalls=106 nudgeMsg=no
[2026-07-30T04:18:51.491Z] LiveUpdateForge: AfterToolExec flush
[2026-07-30T04:18:51.594Z] InitialReadForge.onBeforeSend: SKIP (fr=true syn=false hasRead=true)
[2026-07-30T04:18:58.718Z] LiveUpdateForge: EndTurn fallback flush
[2026-07-30T04:18:58.718Z] onEndTurn: naturalStop=false toolCalls=107 nudgeMsg=no
[2026-07-30T04:19:14.213Z] LiveUpdateForge: AfterToolExec flush
[2026-07-30T04:19:14.337Z] InitialReadForge.onBeforeSend: SKIP (fr=true syn=false hasRead=true)
[2026-07-30T04:19:19.096Z] LiveUpdateForge: EndTurn fallback flush
[2026-07-30T04:19:19.097Z] onEndTurn: naturalStop=false toolCalls=108 nudgeMsg=no
[2026-07-30T04:19:23.870Z] LiveUpdateForge: AfterToolExec flush
[2026-07-30T04:19:23.971Z] InitialReadForge.onBeforeSend: SKIP (fr=true syn=false hasRead=true)
[2026-07-30T04:19:31.178Z] LiveUpdateForge: EndTurn fallback flush
[2026-07-30T04:19:31.178Z] onEndTurn: naturalStop=false toolCalls=109 nudgeMsg=no
[2026-07-30T04:19:35.622Z] LiveUpdateForge: AfterToolExec flush
[2026-07-30T04:19:35.761Z] InitialReadForge.onBeforeSend: SKIP (fr=true syn=false hasRead=true)
[2026-07-30T04:19:39.794Z] LiveUpdateForge: EndTurn fallback flush
[2026-07-30T04:19:39.794Z] onEndTurn: naturalStop=false toolCalls=110 nudgeMsg=no
[2026-07-30T04:19:40.297Z] LiveUpdateForge: AfterToolExec flush
[2026-07-30T04:19:40.410Z] InitialReadForge.onBeforeSend: SKIP (fr=true syn=false hasRead=true)
[2026-07-30T04:19:47.779Z] LiveUpdateForge: EndTurn fallback flush
[2026-07-30T04:19:47.779Z] onEndTurn: naturalStop=false toolCalls=111 nudgeMsg=no
[2026-07-30T04:21:28.020Z] LiveUpdateForge: AfterToolExec flush
[2026-07-30T04:21:28.142Z] InitialReadForge.onBeforeSend: SKIP (fr=true syn=false hasRead=true)
[2026-07-30T04:21:58.953Z] LiveUpdateForge: EndTurn fallback flush
[2026-07-30T04:21:58.953Z] onEndTurn: naturalStop=false toolCalls=112 nudgeMsg=no
[2026-07-30T04:22:00.276Z] LiveUpdateForge: AfterToolExec flush
[2026-07-30T04:22:00.395Z] InitialReadForge.onBeforeSend: SKIP (fr=true syn=false hasRead=true)
[2026-07-30T04:22:07.130Z] LiveUpdateForge: EndTurn fallback flush
[2026-07-30T04:22:07.130Z] onEndTurn: naturalStop=false toolCalls=113 nudgeMsg=no
[2026-07-30T04:22:52.542Z] LiveUpdateForge: AfterToolExec flush
[2026-07-30T04:23:36.838Z] LiveUpdateForge: AfterToolExec flush
[2026-07-30T04:23:36.952Z] InitialReadForge.onBeforeSend: SKIP (fr=true syn=false hasRead=true)
[2026-07-30T04:23:52.999Z] LiveUpdateForge: EndTurn fallback flush
[2026-07-30T04:23:53.000Z] onEndTurn: naturalStop=false toolCalls=115 nudgeMsg=no
[2026-07-30T04:23:53.280Z] LiveUpdateForge: AfterToolExec flush
[2026-07-30T04:23:53.406Z] InitialReadForge.onBeforeSend: SKIP (fr=true syn=false hasRead=true)
[2026-07-30T04:23:59.080Z] LiveUpdateForge: EndTurn fallback flush
[2026-07-30T04:23:59.081Z] onEndTurn: naturalStop=false toolCalls=116 nudgeMsg=no
[2026-07-30T04:24:06.238Z] LiveUpdateForge: AfterToolExec flush
[2026-07-30T04:24:06.361Z] InitialReadForge.onBeforeSend: SKIP (fr=true syn=false hasRead=true)
[2026-07-30T04:24:13.010Z] LiveUpdateForge: EndTurn fallback flush
[2026-07-30T04:24:13.011Z] onEndTurn: naturalStop=false toolCalls=117 nudgeMsg=no
[2026-07-30T04:24:21.015Z] LiveUpdateForge: AfterToolExec flush
[2026-07-30T04:24:21.129Z] InitialReadForge.onBeforeSend: SKIP (fr=true syn=false hasRead=true)
[2026-07-30T04:24:45.060Z] LiveUpdateForge: EndTurn fallback flush
[2026-07-30T04:24:45.061Z] onEndTurn: naturalStop=false toolCalls=118 nudgeMsg=no
[2026-07-30T04:24:45.619Z] LiveUpdateForge: AfterToolExec flush
[2026-07-30T04:24:45.729Z] InitialReadForge.onBeforeSend: SKIP (fr=true syn=false hasRead=true)
[2026-07-30T04:24:54.355Z] LiveUpdateForge: EndTurn fallback flush
[2026-07-30T04:24:54.356Z] onEndTurn: naturalStop=false toolCalls=119 nudgeMsg=no
[2026-07-30T04:24:54.407Z] LiveUpdateForge: AfterToolExec flush
[2026-07-30T04:24:54.494Z] InitialReadForge.onBeforeSend: SKIP (fr=true syn=false hasRead=true)
[2026-07-30T04:25:01.650Z] LiveUpdateForge: EndTurn fallback flush
[2026-07-30T04:25:01.650Z] onEndTurn: naturalStop=false toolCalls=120 nudgeMsg=no
[2026-07-30T04:25:01.708Z] LiveUpdateForge: AfterToolExec flush
[2026-07-30T04:25:01.809Z] InitialReadForge.onBeforeSend: SKIP (fr=true syn=false hasRead=true)
[2026-07-30T04:25:07.811Z] LiveUpdateForge: EndTurn fallback flush
[2026-07-30T04:25:07.812Z] onEndTurn: naturalStop=false toolCalls=121 nudgeMsg=no
[2026-07-30T04:25:10.469Z] LiveUpdateForge: AfterToolExec flush
[2026-07-30T04:25:10.562Z] InitialReadForge.onBeforeSend: SKIP (fr=true syn=false hasRead=true)
[2026-07-30T04:25:17.307Z] LiveUpdateForge: EndTurn fallback flush
[2026-07-30T04:25:17.307Z] onEndTurn: naturalStop=false toolCalls=122 nudgeMsg=no
[2026-07-30T04:25:17.391Z] LiveUpdateForge: AfterToolExec flush
[2026-07-30T04:25:17.479Z] InitialReadForge.onBeforeSend: SKIP (fr=true syn=false hasRead=true)
[2026-07-30T04:25:34.083Z] LiveUpdateForge: EndTurn fallback flush
[2026-07-30T04:25:34.083Z] onEndTurn: naturalStop=false toolCalls=123 nudgeMsg=no
[2026-07-30T04:25:34.094Z] LiveUpdateForge: AfterToolExec flush
[2026-07-30T04:25:34.189Z] InitialReadForge.onBeforeSend: SKIP (fr=true syn=false hasRead=true)
[2026-07-30T04:25:51.737Z] LiveUpdateForge: EndTurn fallback flush
[2026-07-30T04:25:51.738Z] onEndTurn: naturalStop=false toolCalls=124 nudgeMsg=no
[2026-07-30T04:25:51.767Z] LiveUpdateForge: self-write on D:\Unity\E1\CODELY.md, baseline aligned
[2026-07-30T04:25:51.768Z] LiveUpdateForge: AfterToolExec flush
[2026-07-30T04:25:51.867Z] InitialReadForge.onBeforeSend: SKIP (fr=true syn=false hasRead=true)
[2026-07-30T04:26:02.711Z] LiveUpdateForge: EndTurn fallback flush
[2026-07-30T04:26:02.711Z] onEndTurn: naturalStop=true toolCalls=0 nudgeMsg=no
[2026-07-30T04:31:05.856Z] ResumeDiffForge: running checkResumeConsistency
[2026-07-30T04:31:05.857Z] checkResumeConsistency: forgedTimestamps=[]
[2026-07-30T04:31:05.872Z] checkResumeConsistency: no changes detected
[2026-07-30T04:31:05.872Z] LiveUpdateForge: session reset, allowLiveUpdate = false
[2026-07-30T04:31:05.872Z] NudgeForge: ResumeComplete — restoring count from history
[2026-07-30T04:31:05.873Z] restoreNudgeCountFromHistory: found last write at idx=236 count=0
[2026-07-30T04:31:05.895Z] LiveUpdateForge: allowLiveUpdate = true (first real BeforeSend)
[2026-07-30T04:31:05.896Z] InitialReadForge.onBeforeSend: SKIP (fr=false syn=false hasRead=true)
[2026-07-30T04:31:48.632Z] LiveUpdateForge: EndTurn fallback flush
[2026-07-30T04:31:48.632Z] onEndTurn: naturalStop=false toolCalls=0 nudgeMsg=no
[2026-07-30T04:31:48.644Z] LiveUpdateForge: AfterToolExec flush
[2026-07-30T04:31:48.665Z] InitialReadForge.onBeforeSend: SKIP (fr=true syn=false hasRead=true)
[2026-07-30T04:31:59.797Z] LiveUpdateForge: EndTurn fallback flush
[2026-07-30T04:31:59.797Z] onEndTurn: naturalStop=false toolCalls=1 nudgeMsg=no
[2026-07-30T04:31:59.842Z] LiveUpdateForge: AfterToolExec flush
[2026-07-30T04:31:59.863Z] InitialReadForge.onBeforeSend: SKIP (fr=true syn=false hasRead=true)
[2026-07-30T04:32:11.672Z] LiveUpdateForge: EndTurn fallback flush
[2026-07-30T04:32:11.672Z] onEndTurn: naturalStop=false toolCalls=2 nudgeMsg=no
[2026-07-30T04:32:11.697Z] LiveUpdateForge: AfterToolExec flush
[2026-07-30T04:32:11.722Z] InitialReadForge.onBeforeSend: SKIP (fr=true syn=false hasRead=true)
[2026-07-30T04:32:15.415Z] LiveUpdateForge: EndTurn fallback flush
[2026-07-30T04:32:15.416Z] onEndTurn: naturalStop=false toolCalls=3 nudgeMsg=no
[2026-07-30T04:32:22.541Z] LiveUpdateForge: AfterToolExec flush
[2026-07-30T04:32:22.574Z] InitialReadForge.onBeforeSend: SKIP (fr=true syn=false hasRead=true)
[2026-07-30T04:32:26.316Z] LiveUpdateForge: EndTurn fallback flush
[2026-07-30T04:32:26.316Z] onEndTurn: naturalStop=false toolCalls=4 nudgeMsg=no
[2026-07-30T04:32:31.010Z] LiveUpdateForge: AfterToolExec flush
[2026-07-30T04:32:31.040Z] InitialReadForge.onBeforeSend: SKIP (fr=true syn=false hasRead=true)
[2026-07-30T04:32:46.201Z] LiveUpdateForge: EndTurn fallback flush
[2026-07-30T04:32:46.202Z] onEndTurn: naturalStop=false toolCalls=5 nudgeMsg=no
[2026-07-30T04:32:48.543Z] LiveUpdateForge: AfterToolExec flush
[2026-07-30T04:32:48.567Z] InitialReadForge.onBeforeSend: SKIP (fr=true syn=false hasRead=true)
[2026-07-30T04:32:56.679Z] LiveUpdateForge: EndTurn fallback flush
[2026-07-30T04:32:56.680Z] onEndTurn: naturalStop=false toolCalls=6 nudgeMsg=no
[2026-07-30T04:32:57.688Z] LiveUpdateForge: AfterToolExec flush
[2026-07-30T04:32:57.712Z] InitialReadForge.onBeforeSend: SKIP (fr=true syn=false hasRead=true)
[2026-07-30T04:33:02.947Z] LiveUpdateForge: EndTurn fallback flush
[2026-07-30T04:33:02.948Z] onEndTurn: naturalStop=false toolCalls=7 nudgeMsg=no
[2026-07-30T04:33:22.004Z] LiveUpdateForge: AfterToolExec flush
[2026-07-30T04:34:01.665Z] LiveUpdateForge: AfterToolExec flush
[2026-07-30T04:34:01.690Z] InitialReadForge.onBeforeSend: SKIP (fr=true syn=false hasRead=true)
[2026-07-30T04:34:05.218Z] LiveUpdateForge: EndTurn fallback flush
[2026-07-30T04:34:05.219Z] onEndTurn: naturalStop=false toolCalls=9 nudgeMsg=no
[2026-07-30T04:34:05.739Z] LiveUpdateForge: AfterToolExec flush
[2026-07-30T04:34:05.762Z] InitialReadForge.onBeforeSend: SKIP (fr=true syn=false hasRead=true)
[2026-07-30T04:34:09.863Z] LiveUpdateForge: EndTurn fallback flush
[2026-07-30T04:34:09.864Z] onEndTurn: naturalStop=true toolCalls=10 nudgeMsg=no
[2026-07-30T04:55:19.053Z] MemoryForge: attached 5 listener(s)
[2026-07-30T04:55:19.053Z] InitialReadForge: armed one-shot BeforeSend after NewSessionStart
[2026-07-30T04:55:19.053Z] LiveUpdateForge: session reset, allowLiveUpdate = false
[2026-07-30T04:55:19.165Z] LiveUpdateForge: session reset, allowLiveUpdate = false
[2026-07-30T04:55:19.173Z] ResumeDiffForge: running checkResumeConsistency
[2026-07-30T04:55:19.174Z] checkResumeConsistency: forgedTimestamps=[]
[2026-07-30T04:55:19.180Z] checkResumeConsistency: no changes detected
[2026-07-30T04:55:19.180Z] LiveUpdateForge: session reset, allowLiveUpdate = false
[2026-07-30T04:55:19.180Z] NudgeForge: ResumeComplete — restoring count from history
[2026-07-30T04:55:19.181Z] restoreNudgeCountFromHistory: found last write at idx=236 count=10
[2026-07-30T04:55:19.399Z] ResumeDiffForge: running checkResumeConsistency
[2026-07-30T04:55:19.399Z] checkResumeConsistency: forgedTimestamps=[]
[2026-07-30T04:55:19.406Z] checkResumeConsistency: no changes detected
[2026-07-30T04:55:19.407Z] LiveUpdateForge: session reset, allowLiveUpdate = false
[2026-07-30T04:55:19.407Z] NudgeForge: ResumeComplete — restoring count from history
[2026-07-30T04:55:19.407Z] restoreNudgeCountFromHistory: found last write at idx=236 count=10
[2026-07-30T04:55:19.453Z] ResumeDiffForge: running checkResumeConsistency
[2026-07-30T04:55:19.454Z] checkResumeConsistency: forgedTimestamps=[]
[2026-07-30T04:55:19.460Z] checkResumeConsistency: no changes detected
[2026-07-30T04:55:19.460Z] LiveUpdateForge: session reset, allowLiveUpdate = false
[2026-07-30T04:55:19.460Z] NudgeForge: ResumeComplete — restoring count from history
[2026-07-30T04:55:19.460Z] restoreNudgeCountFromHistory: found last write at idx=236 count=10
[2026-07-30T04:55:19.628Z] MemoryForge: attached 5 listener(s)
[2026-07-30T04:55:19.628Z] InitialReadForge: armed one-shot BeforeSend after NewSessionStart
[2026-07-30T04:55:19.629Z] LiveUpdateForge: session reset, allowLiveUpdate = false
[2026-07-30T04:55:19.632Z] MemoryForge: detached all listeners
[2026-07-30T04:55:19.632Z] ResumeDiffForge: running checkResumeConsistency
[2026-07-30T04:55:19.633Z] checkResumeConsistency: forgedTimestamps=[]
[2026-07-30T04:55:19.653Z] checkResumeConsistency: no changes detected
[2026-07-30T04:55:19.654Z] LiveUpdateForge: session reset, allowLiveUpdate = false
[2026-07-30T04:55:19.654Z] NudgeForge: ResumeComplete — restoring count from history
[2026-07-30T04:55:19.654Z] restoreNudgeCountFromHistory: found last write at idx=236 count=10
[2026-07-30T04:55:19.666Z] LiveUpdateForge: allowLiveUpdate = true (first real BeforeSend)
[2026-07-30T04:55:19.666Z] InitialReadForge.onBeforeSend: SKIP (fr=false syn=false hasRead=true)
[2026-07-30T04:55:34.693Z] LiveUpdateForge: EndTurn fallback flush
[2026-07-30T04:55:34.694Z] onEndTurn: naturalStop=false toolCalls=10 nudgeMsg=no
[2026-07-30T04:55:34.731Z] LiveUpdateForge: AfterToolExec flush
[2026-07-30T04:55:34.754Z] InitialReadForge.onBeforeSend: SKIP (fr=true syn=false hasRead=true)
[2026-07-30T04:56:07.702Z] LiveUpdateForge: EndTurn fallback flush
[2026-07-30T04:56:07.702Z] onEndTurn: naturalStop=false toolCalls=11 nudgeMsg=no
[2026-07-30T04:56:07.793Z] LiveUpdateForge: AfterToolExec flush
[2026-07-30T04:56:07.813Z] InitialReadForge.onBeforeSend: SKIP (fr=true syn=false hasRead=true)
[2026-07-30T04:56:18.843Z] LiveUpdateForge: EndTurn fallback flush
[2026-07-30T04:56:18.843Z] onEndTurn: naturalStop=false toolCalls=12 nudgeMsg=no
[2026-07-30T04:56:18.905Z] LiveUpdateForge: AfterToolExec flush
[2026-07-30T04:56:18.926Z] InitialReadForge.onBeforeSend: SKIP (fr=true syn=false hasRead=true)
[2026-07-30T04:56:23.107Z] LiveUpdateForge: EndTurn fallback flush
[2026-07-30T04:56:23.107Z] onEndTurn: naturalStop=false toolCalls=13 nudgeMsg=no
[2026-07-30T04:56:23.114Z] LiveUpdateForge: AfterToolExec flush
[2026-07-30T04:56:23.138Z] InitialReadForge.onBeforeSend: SKIP (fr=true syn=false hasRead=true)
[2026-07-30T04:57:48.036Z] LiveUpdateForge: EndTurn fallback flush
[2026-07-30T04:57:48.037Z] onEndTurn: naturalStop=false toolCalls=14 nudgeMsg=no
[2026-07-30T04:57:48.098Z] LiveUpdateForge: AfterToolExec flush
[2026-07-30T04:57:48.127Z] InitialReadForge.onBeforeSend: SKIP (fr=true syn=false hasRead=true)
[2026-07-30T04:57:56.343Z] LiveUpdateForge: EndTurn fallback flush
[2026-07-30T04:57:56.344Z] onEndTurn: naturalStop=false toolCalls=15 nudgeMsg=no
[2026-07-30T04:57:56.409Z] LiveUpdateForge: AfterToolExec flush
[2026-07-30T04:57:56.449Z] InitialReadForge.onBeforeSend: SKIP (fr=true syn=false hasRead=true)
[2026-07-30T04:58:08.828Z] LiveUpdateForge: EndTurn fallback flush
[2026-07-30T04:58:08.828Z] onEndTurn: naturalStop=false toolCalls=16 nudgeMsg=no
[2026-07-30T04:58:08.894Z] LiveUpdateForge: AfterToolExec flush
[2026-07-30T04:58:08.924Z] InitialReadForge.onBeforeSend: SKIP (fr=true syn=false hasRead=true)
[2026-07-30T04:58:20.579Z] LiveUpdateForge: EndTurn fallback flush
[2026-07-30T04:58:20.579Z] onEndTurn: naturalStop=false toolCalls=17 nudgeMsg=no
[2026-07-30T04:58:20.639Z] LiveUpdateForge: AfterToolExec flush
[2026-07-30T04:58:20.666Z] InitialReadForge.onBeforeSend: SKIP (fr=true syn=false hasRead=true)
[2026-07-30T04:58:24.387Z] LiveUpdateForge: EndTurn fallback flush
[2026-07-30T04:58:24.387Z] onEndTurn: naturalStop=false toolCalls=18 nudgeMsg=no
[2026-07-30T04:58:24.396Z] LiveUpdateForge: AfterToolExec flush
[2026-07-30T04:58:24.426Z] InitialReadForge.onBeforeSend: SKIP (fr=true syn=false hasRead=true)
[2026-07-30T04:58:56.675Z] LiveUpdateForge: EndTurn fallback flush
[2026-07-30T04:58:56.675Z] onEndTurn: naturalStop=false toolCalls=19 nudgeMsg=no
[2026-07-30T04:58:56.739Z] LiveUpdateForge: AfterToolExec flush
[2026-07-30T04:58:56.773Z] InitialReadForge.onBeforeSend: SKIP (fr=true syn=false hasRead=true)
[2026-07-30T04:59:11.065Z] LiveUpdateForge: EndTurn fallback flush
[2026-07-30T04:59:11.065Z] onEndTurn: naturalStop=false toolCalls=20 nudgeMsg=no
[2026-07-30T04:59:11.129Z] LiveUpdateForge: AfterToolExec flush
[2026-07-30T04:59:11.162Z] InitialReadForge.onBeforeSend: SKIP (fr=true syn=false hasRead=true)
[2026-07-30T04:59:15.187Z] LiveUpdateForge: EndTurn fallback flush
[2026-07-30T04:59:15.187Z] onEndTurn: naturalStop=false toolCalls=21 nudgeMsg=no
[2026-07-30T04:59:15.194Z] LiveUpdateForge: AfterToolExec flush
[2026-07-30T04:59:15.225Z] InitialReadForge.onBeforeSend: SKIP (fr=true syn=false hasRead=true)
[2026-07-30T04:59:27.369Z] LiveUpdateForge: EndTurn fallback flush
[2026-07-30T04:59:27.369Z] onEndTurn: naturalStop=false toolCalls=22 nudgeMsg=no
[2026-07-30T04:59:27.459Z] LiveUpdateForge: AfterToolExec flush
[2026-07-30T04:59:27.490Z] InitialReadForge.onBeforeSend: SKIP (fr=true syn=false hasRead=true)
[2026-07-30T05:00:05.100Z] LiveUpdateForge: EndTurn fallback flush
[2026-07-30T05:00:05.100Z] onEndTurn: naturalStop=true toolCalls=23 nudgeMsg=no
[2026-07-30T05:00:54.728Z] ResumeDiffForge: running checkResumeConsistency
[2026-07-30T05:00:54.729Z] checkResumeConsistency: forgedTimestamps=[]
[2026-07-30T05:00:54.733Z] checkResumeConsistency: no changes detected
[2026-07-30T05:00:54.733Z] LiveUpdateForge: session reset, allowLiveUpdate = false
[2026-07-30T05:00:54.734Z] NudgeForge: ResumeComplete — restoring count from history
[2026-07-30T05:00:54.734Z] restoreNudgeCountFromHistory: found last write at idx=236 count=23
[2026-07-30T05:00:54.762Z] LiveUpdateForge: allowLiveUpdate = true (first real BeforeSend)
[2026-07-30T05:00:54.763Z] InitialReadForge.onBeforeSend: SKIP (fr=false syn=false hasRead=true)
[2026-07-30T05:03:15.058Z] LiveUpdateForge: EndTurn fallback flush
[2026-07-30T05:03:15.059Z] onEndTurn: naturalStop=false toolCalls=23 nudgeMsg=no
[2026-07-30T05:03:15.075Z] LiveUpdateForge: AfterToolExec flush
[2026-07-30T05:03:15.111Z] InitialReadForge.onBeforeSend: SKIP (fr=true syn=false hasRead=true)
[2026-07-30T05:03:20.300Z] LiveUpdateForge: EndTurn fallback flush
[2026-07-30T05:03:20.300Z] onEndTurn: naturalStop=false toolCalls=24 nudgeMsg=no
[2026-07-30T05:03:20.308Z] LiveUpdateForge: AfterToolExec flush
[2026-07-30T05:03:20.343Z] InitialReadForge.onBeforeSend: SKIP (fr=true syn=false hasRead=true)
[2026-07-30T05:03:47.472Z] LiveUpdateForge: EndTurn fallback flush
[2026-07-30T05:03:47.472Z] onEndTurn: naturalStop=true toolCalls=25 nudgeMsg=no
[2026-07-30T05:45:02.432Z] MemoryForge: attached 5 listener(s)
[2026-07-30T05:45:02.433Z] InitialReadForge: armed one-shot BeforeSend after NewSessionStart
[2026-07-30T05:45:02.433Z] LiveUpdateForge: session reset, allowLiveUpdate = false
[2026-07-30T05:45:02.582Z] LiveUpdateForge: session reset, allowLiveUpdate = false
[2026-07-30T05:45:02.600Z] ResumeDiffForge: running checkResumeConsistency
[2026-07-30T05:45:02.601Z] checkResumeConsistency: forgedTimestamps=[]
[2026-07-30T05:45:02.605Z] checkResumeConsistency: no changes detected
[2026-07-30T05:45:02.606Z] LiveUpdateForge: session reset, allowLiveUpdate = false
[2026-07-30T05:45:02.606Z] NudgeForge: ResumeComplete — restoring count from history
[2026-07-30T05:45:02.607Z] restoreNudgeCountFromHistory: found last write at idx=236 count=25
[2026-07-30T05:45:02.785Z] ResumeDiffForge: running checkResumeConsistency
[2026-07-30T05:45:02.786Z] checkResumeConsistency: forgedTimestamps=[]
[2026-07-30T05:45:02.792Z] checkResumeConsistency: no changes detected
[2026-07-30T05:45:02.792Z] LiveUpdateForge: session reset, allowLiveUpdate = false
[2026-07-30T05:45:02.792Z] NudgeForge: ResumeComplete — restoring count from history
[2026-07-30T05:45:02.792Z] restoreNudgeCountFromHistory: found last write at idx=236 count=25
[2026-07-30T05:45:02.833Z] ResumeDiffForge: running checkResumeConsistency
[2026-07-30T05:45:02.833Z] checkResumeConsistency: forgedTimestamps=[]
[2026-07-30T05:45:02.835Z] checkResumeConsistency: no changes detected
[2026-07-30T05:45:02.835Z] LiveUpdateForge: session reset, allowLiveUpdate = false
[2026-07-30T05:45:02.835Z] NudgeForge: ResumeComplete — restoring count from history
[2026-07-30T05:45:02.836Z] restoreNudgeCountFromHistory: found last write at idx=236 count=25
[2026-07-30T05:45:02.934Z] MemoryForge: attached 5 listener(s)
[2026-07-30T05:45:02.935Z] InitialReadForge: armed one-shot BeforeSend after NewSessionStart
[2026-07-30T05:45:02.935Z] LiveUpdateForge: session reset, allowLiveUpdate = false
[2026-07-30T05:45:02.938Z] MemoryForge: detached all listeners
[2026-07-30T05:45:02.938Z] ResumeDiffForge: running checkResumeConsistency
[2026-07-30T05:45:02.939Z] checkResumeConsistency: forgedTimestamps=[]
[2026-07-30T05:45:02.951Z] checkResumeConsistency: no changes detected
[2026-07-30T05:45:02.951Z] LiveUpdateForge: session reset, allowLiveUpdate = false
[2026-07-30T05:45:02.952Z] NudgeForge: ResumeComplete — restoring count from history
[2026-07-30T05:45:02.952Z] restoreNudgeCountFromHistory: found last write at idx=236 count=25
[2026-07-30T05:45:02.967Z] LiveUpdateForge: allowLiveUpdate = true (first real BeforeSend)
[2026-07-30T05:45:02.968Z] InitialReadForge.onBeforeSend: SKIP (fr=false syn=false hasRead=true)
[2026-07-30T05:45:17.567Z] LiveUpdateForge: EndTurn fallback flush
[2026-07-30T05:45:17.568Z] onEndTurn: naturalStop=true toolCalls=25 nudgeMsg=no
[2026-07-30T05:49:51.065Z] ResumeDiffForge: running checkResumeConsistency
[2026-07-30T05:49:51.066Z] checkResumeConsistency: forgedTimestamps=[]
[2026-07-30T05:49:51.071Z] checkResumeConsistency: no changes detected
[2026-07-30T05:49:51.071Z] LiveUpdateForge: session reset, allowLiveUpdate = false
[2026-07-30T05:49:51.071Z] NudgeForge: ResumeComplete — restoring count from history
[2026-07-30T05:49:51.071Z] restoreNudgeCountFromHistory: found last write at idx=236 count=25
[2026-07-30T05:49:51.098Z] LiveUpdateForge: allowLiveUpdate = true (first real BeforeSend)
[2026-07-30T05:49:51.098Z] InitialReadForge.onBeforeSend: SKIP (fr=false syn=false hasRead=true)
[2026-07-30T05:49:54.448Z] LiveUpdateForge: EndTurn fallback flush
[2026-07-30T05:49:54.448Z] onEndTurn: naturalStop=false toolCalls=25 nudgeMsg=no
[2026-07-30T05:49:54.537Z] LiveUpdateForge: AfterToolExec flush
[2026-07-30T05:49:54.560Z] InitialReadForge.onBeforeSend: SKIP (fr=true syn=false hasRead=true)
[2026-07-30T05:50:01.688Z] LiveUpdateForge: EndTurn fallback flush
[2026-07-30T05:50:01.688Z] onEndTurn: naturalStop=false toolCalls=26 nudgeMsg=no
[2026-07-30T05:50:01.740Z] LiveUpdateForge: AfterToolExec flush
[2026-07-30T05:50:01.767Z] InitialReadForge.onBeforeSend: SKIP (fr=true syn=false hasRead=true)
[2026-07-30T05:50:27.694Z] LiveUpdateForge: EndTurn fallback flush
[2026-07-30T05:50:27.694Z] onEndTurn: naturalStop=true toolCalls=27 nudgeMsg=no
[2026-07-30T06:10:25.499Z] MemoryForge: attached 5 listener(s)
[2026-07-30T06:10:25.499Z] InitialReadForge: armed one-shot BeforeSend after NewSessionStart
[2026-07-30T06:10:25.500Z] LiveUpdateForge: session reset, allowLiveUpdate = false
[2026-07-30T06:10:25.663Z] LiveUpdateForge: session reset, allowLiveUpdate = false
[2026-07-30T06:10:25.671Z] ResumeDiffForge: running checkResumeConsistency
[2026-07-30T06:10:25.672Z] checkResumeConsistency: forgedTimestamps=[]
[2026-07-30T06:10:25.676Z] checkResumeConsistency: no changes detected
[2026-07-30T06:10:25.676Z] LiveUpdateForge: session reset, allowLiveUpdate = false
[2026-07-30T06:10:25.677Z] NudgeForge: ResumeComplete — restoring count from history
[2026-07-30T06:10:25.678Z] restoreNudgeCountFromHistory: found last write at idx=236 count=27
[2026-07-30T06:10:25.830Z] ResumeDiffForge: running checkResumeConsistency
[2026-07-30T06:10:25.830Z] checkResumeConsistency: forgedTimestamps=[]
[2026-07-30T06:10:25.837Z] checkResumeConsistency: no changes detected
[2026-07-30T06:10:25.837Z] LiveUpdateForge: session reset, allowLiveUpdate = false
[2026-07-30T06:10:25.837Z] NudgeForge: ResumeComplete — restoring count from history
[2026-07-30T06:10:25.837Z] restoreNudgeCountFromHistory: found last write at idx=236 count=27
[2026-07-30T06:10:25.880Z] ResumeDiffForge: running checkResumeConsistency
[2026-07-30T06:10:25.881Z] checkResumeConsistency: forgedTimestamps=[]
[2026-07-30T06:10:25.883Z] checkResumeConsistency: no changes detected
[2026-07-30T06:10:25.883Z] LiveUpdateForge: session reset, allowLiveUpdate = false
[2026-07-30T06:10:25.883Z] NudgeForge: ResumeComplete — restoring count from history
[2026-07-30T06:10:25.884Z] restoreNudgeCountFromHistory: found last write at idx=236 count=27
[2026-07-30T06:10:25.977Z] MemoryForge: attached 5 listener(s)
[2026-07-30T06:10:25.977Z] InitialReadForge: armed one-shot BeforeSend after NewSessionStart
[2026-07-30T06:10:25.978Z] LiveUpdateForge: session reset, allowLiveUpdate = false
[2026-07-30T06:10:25.980Z] MemoryForge: detached all listeners
[2026-07-30T06:10:25.981Z] ResumeDiffForge: running checkResumeConsistency
[2026-07-30T06:10:25.981Z] checkResumeConsistency: forgedTimestamps=[]
[2026-07-30T06:10:25.994Z] checkResumeConsistency: no changes detected
[2026-07-30T06:10:25.995Z] LiveUpdateForge: session reset, allowLiveUpdate = false
[2026-07-30T06:10:25.995Z] NudgeForge: ResumeComplete — restoring count from history
[2026-07-30T06:10:25.995Z] restoreNudgeCountFromHistory: found last write at idx=236 count=27
[2026-07-30T06:10:26.006Z] LiveUpdateForge: allowLiveUpdate = true (first real BeforeSend)
[2026-07-30T06:10:26.007Z] InitialReadForge.onBeforeSend: SKIP (fr=false syn=false hasRead=true)
[2026-07-30T06:10:40.359Z] LiveUpdateForge: EndTurn fallback flush
[2026-07-30T06:10:40.359Z] onEndTurn: naturalStop=false toolCalls=27 nudgeMsg=no
[2026-07-30T06:10:40.463Z] LiveUpdateForge: AfterToolExec flush
[2026-07-30T06:10:40.474Z] InitialReadForge.onBeforeSend: SKIP (fr=true syn=false hasRead=true)
[2026-07-30T06:10:42.578Z] LiveUpdateForge: EndTurn fallback flush
[2026-07-30T06:10:42.578Z] onEndTurn: naturalStop=false toolCalls=28 nudgeMsg=no
[2026-07-30T06:10:42.582Z] LiveUpdateForge: AfterToolExec flush
[2026-07-30T06:10:42.593Z] InitialReadForge.onBeforeSend: SKIP (fr=true syn=false hasRead=true)
[2026-07-30T06:10:45.346Z] LiveUpdateForge: EndTurn fallback flush
[2026-07-30T06:10:45.346Z] onEndTurn: naturalStop=false toolCalls=29 nudgeMsg=no
[2026-07-30T06:10:45.348Z] LiveUpdateForge: AfterToolExec flush
[2026-07-30T06:10:45.360Z] InitialReadForge.onBeforeSend: SKIP (fr=true syn=false hasRead=true)
[2026-07-30T06:10:51.078Z] LiveUpdateForge: EndTurn fallback flush
[2026-07-30T06:10:51.078Z] onEndTurn: naturalStop=true toolCalls=30 nudgeMsg=no
[2026-07-30T06:12:59.095Z] ResumeDiffForge: running checkResumeConsistency
[2026-07-30T06:12:59.096Z] checkResumeConsistency: forgedTimestamps=[]
[2026-07-30T06:12:59.100Z] checkResumeConsistency: no changes detected
[2026-07-30T06:12:59.101Z] LiveUpdateForge: session reset, allowLiveUpdate = false
[2026-07-30T06:12:59.101Z] NudgeForge: ResumeComplete — restoring count from history
[2026-07-30T06:12:59.102Z] restoreNudgeCountFromHistory: found last write at idx=236 count=30
[2026-07-30T06:12:59.122Z] LiveUpdateForge: allowLiveUpdate = true (first real BeforeSend)
[2026-07-30T06:12:59.123Z] InitialReadForge.onBeforeSend: SKIP (fr=false syn=false hasRead=true)
[2026-07-30T06:13:13.632Z] LiveUpdateForge: EndTurn fallback flush
[2026-07-30T06:13:13.632Z] onEndTurn: naturalStop=false toolCalls=30 nudgeMsg=no
[2026-07-30T06:13:13.640Z] LiveUpdateForge: AfterToolExec flush
[2026-07-30T06:13:13.652Z] InitialReadForge.onBeforeSend: SKIP (fr=true syn=false hasRead=true)
[2026-07-30T06:13:17.789Z] LiveUpdateForge: EndTurn fallback flush
[2026-07-30T06:13:17.789Z] onEndTurn: naturalStop=true toolCalls=31 nudgeMsg=no
[2026-07-30T06:14:31.816Z] ResumeDiffForge: running checkResumeConsistency
[2026-07-30T06:14:31.817Z] checkResumeConsistency: forgedTimestamps=[]
[2026-07-30T06:14:31.822Z] checkResumeConsistency: no changes detected
[2026-07-30T06:14:31.822Z] LiveUpdateForge: session reset, allowLiveUpdate = false
[2026-07-30T06:14:31.823Z] NudgeForge: ResumeComplete — restoring count from history
[2026-07-30T06:14:31.823Z] restoreNudgeCountFromHistory: found last write at idx=236 count=31
[2026-07-30T06:14:31.855Z] LiveUpdateForge: allowLiveUpdate = true (first real BeforeSend)
[2026-07-30T06:14:31.856Z] InitialReadForge.onBeforeSend: SKIP (fr=false syn=false hasRead=true)
[2026-07-30T06:14:37.291Z] LiveUpdateForge: EndTurn fallback flush
[2026-07-30T06:14:37.292Z] onEndTurn: naturalStop=false toolCalls=31 nudgeMsg=no
[2026-07-30T06:14:37.298Z] LiveUpdateForge: AfterToolExec flush
[2026-07-30T06:14:37.309Z] InitialReadForge.onBeforeSend: SKIP (fr=true syn=false hasRead=true)
[2026-07-30T06:14:46.383Z] LiveUpdateForge: EndTurn fallback flush
[2026-07-30T06:14:46.384Z] onEndTurn: naturalStop=false toolCalls=32 nudgeMsg=no
[2026-07-30T06:14:46.421Z] LiveUpdateForge: AfterToolExec flush
[2026-07-30T06:14:46.433Z] InitialReadForge.onBeforeSend: SKIP (fr=true syn=false hasRead=true)
[2026-07-30T06:14:50.904Z] LiveUpdateForge: EndTurn fallback flush
[2026-07-30T06:14:50.904Z] onEndTurn: naturalStop=false toolCalls=33 nudgeMsg=no
[2026-07-30T06:14:50.909Z] LiveUpdateForge: AfterToolExec flush
[2026-07-30T06:14:50.921Z] InitialReadForge.onBeforeSend: SKIP (fr=true syn=false hasRead=true)
[2026-07-30T06:14:59.515Z] LiveUpdateForge: EndTurn fallback flush
[2026-07-30T06:14:59.515Z] onEndTurn: naturalStop=false toolCalls=34 nudgeMsg=no
[2026-07-30T06:14:59.534Z] LiveUpdateForge: AfterToolExec flush
[2026-07-30T06:14:59.545Z] InitialReadForge.onBeforeSend: SKIP (fr=true syn=false hasRead=true)
[2026-07-30T06:15:02.686Z] LiveUpdateForge: EndTurn fallback flush
[2026-07-30T06:15:02.687Z] onEndTurn: naturalStop=false toolCalls=35 nudgeMsg=no
[2026-07-30T06:15:11.539Z] LiveUpdateForge: AfterToolExec flush
[2026-07-30T06:15:11.554Z] InitialReadForge.onBeforeSend: SKIP (fr=true syn=false hasRead=true)
[2026-07-30T06:15:18.353Z] LiveUpdateForge: EndTurn fallback flush
[2026-07-30T06:15:18.354Z] onEndTurn: naturalStop=true toolCalls=36 nudgeMsg=no
[2026-07-30T06:21:35.477Z] ResumeDiffForge: running checkResumeConsistency
[2026-07-30T06:21:35.478Z] checkResumeConsistency: forgedTimestamps=[]
[2026-07-30T06:21:35.481Z] checkResumeConsistency: no changes detected
[2026-07-30T06:21:35.481Z] LiveUpdateForge: session reset, allowLiveUpdate = false
[2026-07-30T06:21:35.481Z] NudgeForge: ResumeComplete — restoring count from history
[2026-07-30T06:21:35.482Z] restoreNudgeCountFromHistory: found last write at idx=236 count=36
[2026-07-30T06:21:35.505Z] LiveUpdateForge: allowLiveUpdate = true (first real BeforeSend)
[2026-07-30T06:21:35.505Z] InitialReadForge.onBeforeSend: SKIP (fr=false syn=false hasRead=true)
[2026-07-30T06:21:42.550Z] LiveUpdateForge: EndTurn fallback flush
[2026-07-30T06:21:42.550Z] onEndTurn: naturalStop=false toolCalls=36 nudgeMsg=no
[2026-07-30T06:21:42.559Z] LiveUpdateForge: AfterToolExec flush
[2026-07-30T06:21:42.572Z] InitialReadForge.onBeforeSend: SKIP (fr=true syn=false hasRead=true)
[2026-07-30T06:21:47.028Z] LiveUpdateForge: EndTurn fallback flush
[2026-07-30T06:21:47.028Z] onEndTurn: naturalStop=false toolCalls=37 nudgeMsg=no
[2026-07-30T06:21:47.034Z] LiveUpdateForge: AfterToolExec flush
[2026-07-30T06:21:47.035Z] LiveUpdateForge: AfterToolExec flush
[2026-07-30T06:21:47.035Z] LiveUpdateForge: AfterToolExec flush
[2026-07-30T06:21:47.035Z] LiveUpdateForge: AfterToolExec flush
[2026-07-30T06:21:47.036Z] LiveUpdateForge: AfterToolExec flush
[2026-07-30T06:21:47.047Z] InitialReadForge.onBeforeSend: SKIP (fr=true syn=false hasRead=true)
[2026-07-30T06:22:10.698Z] LiveUpdateForge: EndTurn fallback flush
[2026-07-30T06:22:10.698Z] onEndTurn: naturalStop=false toolCalls=42 nudgeMsg=no
[2026-07-30T06:22:10.703Z] LiveUpdateForge: AfterToolExec flush
[2026-07-30T06:22:10.719Z] InitialReadForge.onBeforeSend: SKIP (fr=true syn=false hasRead=true)
[2026-07-30T06:22:21.593Z] LiveUpdateForge: EndTurn fallback flush
[2026-07-30T06:22:21.594Z] onEndTurn: naturalStop=false toolCalls=43 nudgeMsg=no
[2026-07-30T06:22:21.597Z] LiveUpdateForge: AfterToolExec flush
[2026-07-30T06:22:21.613Z] InitialReadForge.onBeforeSend: SKIP (fr=true syn=false hasRead=true)
[2026-07-30T06:22:25.937Z] LiveUpdateForge: EndTurn fallback flush
[2026-07-30T06:22:25.937Z] onEndTurn: naturalStop=false toolCalls=44 nudgeMsg=no
[2026-07-30T06:22:25.969Z] LiveUpdateForge: AfterToolExec flush
[2026-07-30T06:22:25.988Z] InitialReadForge.onBeforeSend: SKIP (fr=true syn=false hasRead=true)
[2026-07-30T06:22:34.392Z] LiveUpdateForge: EndTurn fallback flush
[2026-07-30T06:22:34.392Z] onEndTurn: naturalStop=false toolCalls=45 nudgeMsg=no
[2026-07-30T06:22:34.411Z] LiveUpdateForge: AfterToolExec flush
[2026-07-30T06:22:34.422Z] InitialReadForge.onBeforeSend: SKIP (fr=true syn=false hasRead=true)
[2026-07-30T06:23:01.406Z] LiveUpdateForge: EndTurn fallback flush
[2026-07-30T06:23:01.406Z] onEndTurn: naturalStop=false toolCalls=46 nudgeMsg=no
[2026-07-30T06:23:01.437Z] LiveUpdateForge: AfterToolExec flush
[2026-07-30T06:23:01.450Z] InitialReadForge.onBeforeSend: SKIP (fr=true syn=false hasRead=true)
[2026-07-30T06:23:05.832Z] LiveUpdateForge: EndTurn fallback flush
[2026-07-30T06:23:05.832Z] onEndTurn: naturalStop=false toolCalls=47 nudgeMsg=no
[2026-07-30T06:23:05.851Z] LiveUpdateForge: AfterToolExec flush
[2026-07-30T06:23:05.862Z] InitialReadForge.onBeforeSend: SKIP (fr=true syn=false hasRead=true)
[2026-07-30T06:23:13.382Z] LiveUpdateForge: EndTurn fallback flush
[2026-07-30T06:23:13.382Z] onEndTurn: naturalStop=false toolCalls=48 nudgeMsg=no
[2026-07-30T06:23:13.399Z] LiveUpdateForge: AfterToolExec flush
[2026-07-30T06:23:13.413Z] InitialReadForge.onBeforeSend: SKIP (fr=true syn=false hasRead=true)
[2026-07-30T06:23:26.313Z] LiveUpdateForge: EndTurn fallback flush
[2026-07-30T06:23:26.313Z] onEndTurn: naturalStop=false toolCalls=49 nudgeMsg=no
[2026-07-30T06:23:26.329Z] LiveUpdateForge: AfterToolExec flush
[2026-07-30T06:23:26.342Z] InitialReadForge.onBeforeSend: SKIP (fr=true syn=false hasRead=true)
[2026-07-30T06:23:32.728Z] LiveUpdateForge: EndTurn fallback flush
[2026-07-30T06:23:32.728Z] onEndTurn: naturalStop=false toolCalls=50 nudgeMsg=no
[2026-07-30T06:23:32.745Z] LiveUpdateForge: AfterToolExec flush
[2026-07-30T06:23:32.758Z] InitialReadForge.onBeforeSend: SKIP (fr=true syn=false hasRead=true)
[2026-07-30T06:23:48.128Z] LiveUpdateForge: EndTurn fallback flush
[2026-07-30T06:23:48.129Z] onEndTurn: naturalStop=false toolCalls=51 nudgeMsg=no
[2026-07-30T06:23:48.163Z] LiveUpdateForge: AfterToolExec flush
[2026-07-30T06:23:48.176Z] InitialReadForge.onBeforeSend: SKIP (fr=true syn=false hasRead=true)
[2026-07-30T06:23:54.985Z] LiveUpdateForge: EndTurn fallback flush
[2026-07-30T06:23:54.985Z] onEndTurn: naturalStop=false toolCalls=52 nudgeMsg=no
[2026-07-30T06:23:55.004Z] LiveUpdateForge: AfterToolExec flush
[2026-07-30T06:23:55.014Z] InitialReadForge.onBeforeSend: SKIP (fr=true syn=false hasRead=true)
[2026-07-30T06:24:02.741Z] LiveUpdateForge: EndTurn fallback flush
[2026-07-30T06:24:02.742Z] onEndTurn: naturalStop=false toolCalls=53 nudgeMsg=no
[2026-07-30T06:24:02.759Z] LiveUpdateForge: AfterToolExec flush
[2026-07-30T06:24:02.770Z] InitialReadForge.onBeforeSend: SKIP (fr=true syn=false hasRead=true)
[2026-07-30T06:24:07.187Z] LiveUpdateForge: EndTurn fallback flush
[2026-07-30T06:24:07.188Z] onEndTurn: naturalStop=false toolCalls=54 nudgeMsg=no
[2026-07-30T06:24:07.208Z] LiveUpdateForge: AfterToolExec flush
[2026-07-30T06:24:07.220Z] InitialReadForge.onBeforeSend: SKIP (fr=true syn=false hasRead=true)
[2026-07-30T06:24:14.640Z] LiveUpdateForge: EndTurn fallback flush
[2026-07-30T06:24:14.640Z] onEndTurn: naturalStop=false toolCalls=55 nudgeMsg=no
[2026-07-30T06:24:14.659Z] LiveUpdateForge: AfterToolExec flush
[2026-07-30T06:24:14.673Z] InitialReadForge.onBeforeSend: SKIP (fr=true syn=false hasRead=true)
[2026-07-30T06:24:25.756Z] LiveUpdateForge: EndTurn fallback flush
[2026-07-30T06:24:25.756Z] onEndTurn: naturalStop=false toolCalls=56 nudgeMsg=no
[2026-07-30T06:24:25.790Z] LiveUpdateForge: AfterToolExec flush
[2026-07-30T06:24:25.801Z] InitialReadForge.onBeforeSend: SKIP (fr=true syn=false hasRead=true)
[2026-07-30T06:24:32.461Z] LiveUpdateForge: EndTurn fallback flush
[2026-07-30T06:24:32.462Z] onEndTurn: naturalStop=false toolCalls=57 nudgeMsg=no
[2026-07-30T06:24:32.480Z] LiveUpdateForge: AfterToolExec flush
[2026-07-30T06:24:32.494Z] InitialReadForge.onBeforeSend: SKIP (fr=true syn=false hasRead=true)
[2026-07-30T06:24:36.454Z] LiveUpdateForge: EndTurn fallback flush
[2026-07-30T06:24:36.454Z] onEndTurn: naturalStop=false toolCalls=58 nudgeMsg=no
[2026-07-30T06:24:36.473Z] LiveUpdateForge: AfterToolExec flush
[2026-07-30T06:24:36.487Z] InitialReadForge.onBeforeSend: SKIP (fr=true syn=false hasRead=true)
[2026-07-30T06:24:40.574Z] LiveUpdateForge: EndTurn fallback flush
[2026-07-30T06:24:40.574Z] onEndTurn: naturalStop=false toolCalls=59 nudgeMsg=no
[2026-07-30T06:24:40.591Z] LiveUpdateForge: AfterToolExec flush
[2026-07-30T06:24:40.603Z] InitialReadForge.onBeforeSend: SKIP (fr=true syn=false hasRead=true)
[2026-07-30T06:24:49.563Z] LiveUpdateForge: EndTurn fallback flush
[2026-07-30T06:24:49.563Z] onEndTurn: naturalStop=false toolCalls=60 nudgeMsg=no
[2026-07-30T06:24:49.581Z] LiveUpdateForge: AfterToolExec flush
[2026-07-30T06:24:49.592Z] InitialReadForge.onBeforeSend: SKIP (fr=true syn=false hasRead=true)
[2026-07-30T06:24:56.249Z] LiveUpdateForge: EndTurn fallback flush
[2026-07-30T06:24:56.249Z] onEndTurn: naturalStop=false toolCalls=61 nudgeMsg=no
[2026-07-30T06:24:56.265Z] InitialReadForge.onBeforeSend: SKIP (fr=true syn=false hasRead=true)
[2026-07-30T06:25:03.492Z] LiveUpdateForge: EndTurn fallback flush
[2026-07-30T06:25:03.493Z] onEndTurn: naturalStop=false toolCalls=61 nudgeMsg=no
[2026-07-30T06:25:03.523Z] LiveUpdateForge: AfterToolExec flush
[2026-07-30T06:25:03.535Z] InitialReadForge.onBeforeSend: SKIP (fr=true syn=false hasRead=true)
[2026-07-30T06:25:11.575Z] LiveUpdateForge: EndTurn fallback flush
[2026-07-30T06:25:11.575Z] onEndTurn: naturalStop=false toolCalls=62 nudgeMsg=no
[2026-07-30T06:25:11.593Z] LiveUpdateForge: AfterToolExec flush
[2026-07-30T06:25:11.604Z] InitialReadForge.onBeforeSend: SKIP (fr=true syn=false hasRead=true)
[2026-07-30T06:25:15.776Z] LiveUpdateForge: EndTurn fallback flush
[2026-07-30T06:25:15.776Z] onEndTurn: naturalStop=false toolCalls=63 nudgeMsg=no
[2026-07-30T06:25:15.794Z] LiveUpdateForge: AfterToolExec flush
[2026-07-30T06:25:15.806Z] InitialReadForge.onBeforeSend: SKIP (fr=true syn=false hasRead=true)
[2026-07-30T06:25:21.358Z] LiveUpdateForge: EndTurn fallback flush
[2026-07-30T06:25:21.358Z] onEndTurn: naturalStop=false toolCalls=64 nudgeMsg=no
[2026-07-30T06:25:21.377Z] LiveUpdateForge: AfterToolExec flush
[2026-07-30T06:25:21.390Z] InitialReadForge.onBeforeSend: SKIP (fr=true syn=false hasRead=true)
[2026-07-30T06:25:28.275Z] LiveUpdateForge: EndTurn fallback flush
[2026-07-30T06:25:28.275Z] onEndTurn: naturalStop=false toolCalls=65 nudgeMsg=no
[2026-07-30T06:25:28.296Z] LiveUpdateForge: AfterToolExec flush
[2026-07-30T06:25:28.310Z] InitialReadForge.onBeforeSend: SKIP (fr=true syn=false hasRead=true)
[2026-07-30T06:25:57.103Z] LiveUpdateForge: EndTurn fallback flush
[2026-07-30T06:25:57.103Z] onEndTurn: naturalStop=false toolCalls=66 nudgeMsg=no
[2026-07-30T06:25:57.139Z] LiveUpdateForge: AfterToolExec flush
[2026-07-30T06:25:57.153Z] InitialReadForge.onBeforeSend: SKIP (fr=true syn=false hasRead=true)
[2026-07-30T06:26:04.715Z] LiveUpdateForge: EndTurn fallback flush
[2026-07-30T06:26:04.715Z] onEndTurn: naturalStop=false toolCalls=67 nudgeMsg=no
[2026-07-30T06:26:04.736Z] LiveUpdateForge: AfterToolExec flush
[2026-07-30T06:26:04.750Z] InitialReadForge.onBeforeSend: SKIP (fr=true syn=false hasRead=true)
[2026-07-30T06:26:27.039Z] LiveUpdateForge: EndTurn fallback flush
[2026-07-30T06:26:27.040Z] onEndTurn: naturalStop=false toolCalls=68 nudgeMsg=no
[2026-07-30T06:26:27.061Z] LiveUpdateForge: AfterToolExec flush
[2026-07-30T06:26:27.074Z] InitialReadForge.onBeforeSend: SKIP (fr=true syn=false hasRead=true)
[2026-07-30T06:26:29.341Z] LiveUpdateForge: EndTurn fallback flush
[2026-07-30T06:26:29.342Z] onEndTurn: naturalStop=false toolCalls=69 nudgeMsg=no
[2026-07-30T06:26:36.184Z] LiveUpdateForge: AfterToolExec flush
[2026-07-30T06:26:36.202Z] InitialReadForge.onBeforeSend: SKIP (fr=true syn=false hasRead=true)
[2026-07-30T06:26:55.969Z] LiveUpdateForge: EndTurn fallback flush
[2026-07-30T06:26:55.969Z] onEndTurn: naturalStop=false toolCalls=70 nudgeMsg=no
[2026-07-30T06:26:55.973Z] LiveUpdateForge: AfterToolExec flush
[2026-07-30T06:26:55.986Z] InitialReadForge.onBeforeSend: SKIP (fr=true syn=false hasRead=true)
[2026-07-30T06:27:25.666Z] LiveUpdateForge: EndTurn fallback flush
[2026-07-30T06:27:25.666Z] onEndTurn: naturalStop=true toolCalls=0 nudgeMsg=YES
[2026-07-30T06:27:25.669Z] InitialReadForge.onBeforeSend: SKIP (fr=false syn=false hasRead=true)
[2026-07-30T06:27:28.235Z] LiveUpdateForge: EndTurn fallback flush
[2026-07-30T06:27:28.235Z] onEndTurn: naturalStop=false toolCalls=0 nudgeMsg=no
[2026-07-30T06:27:28.244Z] LiveUpdateForge: AfterToolExec flush
[2026-07-30T06:27:28.245Z] nudge: read_memory called (does NOT reset counter)
[2026-07-30T06:27:37.442Z] LiveUpdateForge: EndTurn fallback flush
[2026-07-30T06:27:37.443Z] onEndTurn: naturalStop=false toolCalls=1 nudgeMsg=no
[2026-07-30T06:27:37.451Z] LiveUpdateForge: self-write on D:\Unity\E1\CODELY.md, baseline aligned
[2026-07-30T06:27:37.451Z] LiveUpdateForge: AfterToolExec flush
[2026-07-30T06:27:40.292Z] LiveUpdateForge: EndTurn fallback flush
[2026-07-30T06:27:40.293Z] onEndTurn: naturalStop=false toolCalls=0 nudgeMsg=no
[2026-07-30T06:27:40.299Z] LiveUpdateForge: self-write on D:\Unity\E1\CODELY.md, baseline aligned
[2026-07-30T06:27:40.299Z] LiveUpdateForge: AfterToolExec flush
[2026-07-30T06:27:43.852Z] LiveUpdateForge: EndTurn fallback flush
[2026-07-30T06:27:43.852Z] onEndTurn: naturalStop=false toolCalls=0 nudgeMsg=no
[2026-07-30T06:27:43.857Z] LiveUpdateForge: self-write on D:\Unity\E1\CODELY.md, baseline aligned
[2026-07-30T06:27:43.858Z] LiveUpdateForge: AfterToolExec flush
[2026-07-30T06:27:46.752Z] LiveUpdateForge: EndTurn fallback flush
[2026-07-30T06:27:46.752Z] onEndTurn: naturalStop=true toolCalls=0 nudgeMsg=no
[2026-07-30T06:36:44.494Z] MemoryForge: attached 5 listener(s)
[2026-07-30T06:36:44.494Z] InitialReadForge: armed one-shot BeforeSend after NewSessionStart
[2026-07-30T06:36:44.495Z] LiveUpdateForge: session reset, allowLiveUpdate = false
[2026-07-30T06:36:44.712Z] LiveUpdateForge: session reset, allowLiveUpdate = false
[2026-07-30T06:36:44.724Z] ResumeDiffForge: running checkResumeConsistency
[2026-07-30T06:36:44.724Z] checkResumeConsistency: forgedTimestamps=[["project","1970-01-01T00:00:00.000Z"]]
[2026-07-30T06:36:44.729Z] checkResumeConsistency: injecting 1 diff notification(s)
[2026-07-30T06:36:44.729Z] injectForgedHistory: role=user preview="[agent-auto] [memory-update 2026-07-30 14:27:43] project memory file has been mo"
[2026-07-30T06:36:44.730Z] injectForgedHistory: recordMessage persisted
[2026-07-30T06:36:44.730Z] LiveUpdateForge: session reset, allowLiveUpdate = false
[2026-07-30T06:36:44.730Z] NudgeForge: ResumeComplete — restoring count from history
[2026-07-30T06:36:44.730Z] restoreNudgeCountFromHistory: found last write at idx=401 count=0
[2026-07-30T06:36:44.889Z] ResumeDiffForge: running checkResumeConsistency
[2026-07-30T06:36:44.889Z] checkResumeConsistency: forgedTimestamps=[["project","1970-01-01T00:00:00.000Z"]]
[2026-07-30T06:36:44.895Z] checkResumeConsistency: injecting 1 diff notification(s)
[2026-07-30T06:36:44.896Z] injectForgedHistory: role=user preview="[agent-auto] [memory-update 2026-07-30 14:27:43] project memory file has been mo"
[2026-07-30T06:36:44.906Z] injectForgedHistory: recordMessage persisted
[2026-07-30T06:36:44.907Z] LiveUpdateForge: session reset, allowLiveUpdate = false
[2026-07-30T06:36:44.907Z] NudgeForge: ResumeComplete — restoring count from history
[2026-07-30T06:36:44.907Z] restoreNudgeCountFromHistory: found last write at idx=401 count=0
[2026-07-30T06:36:44.965Z] ResumeDiffForge: running checkResumeConsistency
[2026-07-30T06:36:44.965Z] checkResumeConsistency: forgedTimestamps=[["project","1970-01-01T00:00:00.000Z"]]
[2026-07-30T06:36:44.970Z] checkResumeConsistency: injecting 1 diff notification(s)
[2026-07-30T06:36:44.970Z] injectForgedHistory: role=user preview="[agent-auto] [memory-update 2026-07-30 14:27:43] project memory file has been mo"
[2026-07-30T06:36:44.980Z] injectForgedHistory: recordMessage persisted
[2026-07-30T06:36:44.980Z] LiveUpdateForge: session reset, allowLiveUpdate = false
[2026-07-30T06:36:44.980Z] NudgeForge: ResumeComplete — restoring count from history
[2026-07-30T06:36:44.981Z] restoreNudgeCountFromHistory: found last write at idx=401 count=0
[2026-07-30T06:36:45.081Z] MemoryForge: attached 5 listener(s)
[2026-07-30T06:36:45.081Z] InitialReadForge: armed one-shot BeforeSend after NewSessionStart
[2026-07-30T06:36:45.082Z] LiveUpdateForge: session reset, allowLiveUpdate = false
[2026-07-30T06:36:45.085Z] MemoryForge: detached all listeners
[2026-07-30T06:36:45.086Z] ResumeDiffForge: running checkResumeConsistency
[2026-07-30T06:36:45.086Z] checkResumeConsistency: forgedTimestamps=[["project","1970-01-01T00:00:00.000Z"]]
[2026-07-30T06:36:45.100Z] checkResumeConsistency: injecting 1 diff notification(s)
[2026-07-30T06:36:45.100Z] injectForgedHistory: role=user preview="[agent-auto] [memory-update 2026-07-30 14:27:43] project memory file has been mo"
[2026-07-30T06:36:45.110Z] injectForgedHistory: recordMessage persisted
[2026-07-30T06:36:45.110Z] LiveUpdateForge: session reset, allowLiveUpdate = false
[2026-07-30T06:36:45.111Z] NudgeForge: ResumeComplete — restoring count from history
[2026-07-30T06:36:45.111Z] restoreNudgeCountFromHistory: found last write at idx=401 count=0
[2026-07-30T06:36:45.126Z] LiveUpdateForge: allowLiveUpdate = true (first real BeforeSend)
[2026-07-30T06:36:45.126Z] InitialReadForge.onBeforeSend: SKIP (fr=false syn=false hasRead=true)
[2026-07-30T06:37:16.951Z] LiveUpdateForge: EndTurn fallback flush
[2026-07-30T06:37:16.952Z] onEndTurn: naturalStop=false toolCalls=0 nudgeMsg=no
[2026-07-30T06:37:18.491Z] LiveUpdateForge: AfterToolExec flush
[2026-07-30T06:37:18.506Z] InitialReadForge.onBeforeSend: SKIP (fr=true syn=false hasRead=true)
[2026-07-30T06:37:21.995Z] LiveUpdateForge: EndTurn fallback flush
[2026-07-30T06:37:21.996Z] onEndTurn: naturalStop=false toolCalls=1 nudgeMsg=no
[2026-07-30T06:37:22.023Z] LiveUpdateForge: AfterToolExec flush
[2026-07-30T06:37:22.035Z] InitialReadForge.onBeforeSend: SKIP (fr=true syn=false hasRead=true)
[2026-07-30T06:37:24.590Z] LiveUpdateForge: EndTurn fallback flush
[2026-07-30T06:37:24.590Z] onEndTurn: naturalStop=false toolCalls=2 nudgeMsg=no
[2026-07-30T06:37:24.612Z] LiveUpdateForge: AfterToolExec flush
[2026-07-30T06:37:24.627Z] InitialReadForge.onBeforeSend: SKIP (fr=true syn=false hasRead=true)
[2026-07-30T06:37:32.974Z] LiveUpdateForge: EndTurn fallback flush
[2026-07-30T06:37:32.974Z] onEndTurn: naturalStop=false toolCalls=3 nudgeMsg=no
[2026-07-30T06:37:33.402Z] LiveUpdateForge: AfterToolExec flush
[2026-07-30T06:37:33.419Z] InitialReadForge.onBeforeSend: SKIP (fr=true syn=false hasRead=true)
[2026-07-30T06:37:37.589Z] LiveUpdateForge: EndTurn fallback flush
[2026-07-30T06:37:37.590Z] onEndTurn: naturalStop=false toolCalls=4 nudgeMsg=no
[2026-07-30T06:37:37.728Z] LiveUpdateForge: AfterToolExec flush
[2026-07-30T06:37:37.740Z] InitialReadForge.onBeforeSend: SKIP (fr=true syn=false hasRead=true)
[2026-07-30T06:37:40.637Z] LiveUpdateForge: EndTurn fallback flush
[2026-07-30T06:37:40.638Z] onEndTurn: naturalStop=false toolCalls=5 nudgeMsg=no
[2026-07-30T06:37:52.335Z] LiveUpdateForge: AfterToolExec flush
[2026-07-30T06:37:52.356Z] InitialReadForge.onBeforeSend: SKIP (fr=true syn=false hasRead=true)
[2026-07-30T06:38:11.790Z] LiveUpdateForge: EndTurn fallback flush
[2026-07-30T06:38:11.790Z] onEndTurn: naturalStop=false toolCalls=6 nudgeMsg=no
[2026-07-30T06:38:12.062Z] LiveUpdateForge: AfterToolExec flush
[2026-07-30T06:38:12.076Z] InitialReadForge.onBeforeSend: SKIP (fr=true syn=false hasRead=true)
[2026-07-30T06:38:14.806Z] LiveUpdateForge: EndTurn fallback flush
[2026-07-30T06:38:14.806Z] onEndTurn: naturalStop=false toolCalls=7 nudgeMsg=no
[2026-07-30T06:38:14.946Z] LiveUpdateForge: AfterToolExec flush
[2026-07-30T06:38:14.960Z] InitialReadForge.onBeforeSend: SKIP (fr=true syn=false hasRead=true)
[2026-07-30T06:38:21.424Z] LiveUpdateForge: EndTurn fallback flush
[2026-07-30T06:38:21.424Z] onEndTurn: naturalStop=false toolCalls=8 nudgeMsg=no
[2026-07-30T06:41:54.804Z] LiveUpdateForge: AfterToolExec flush
[2026-07-30T06:41:54.833Z] InitialReadForge.onBeforeSend: SKIP (fr=true syn=false hasRead=true)
[2026-07-30T06:42:13.501Z] LiveUpdateForge: EndTurn fallback flush
[2026-07-30T06:42:13.501Z] onEndTurn: naturalStop=false toolCalls=9 nudgeMsg=no
[2026-07-30T06:42:13.873Z] LiveUpdateForge: AfterToolExec flush
[2026-07-30T06:42:13.888Z] InitialReadForge.onBeforeSend: SKIP (fr=true syn=false hasRead=true)
[2026-07-30T06:42:36.390Z] LiveUpdateForge: EndTurn fallback flush
[2026-07-30T06:42:36.390Z] onEndTurn: naturalStop=false toolCalls=10 nudgeMsg=no
[2026-07-30T06:42:37.128Z] LiveUpdateForge: AfterToolExec flush
[2026-07-30T06:42:37.148Z] InitialReadForge.onBeforeSend: SKIP (fr=true syn=false hasRead=true)
[2026-07-30T06:42:42.861Z] LiveUpdateForge: EndTurn fallback flush
[2026-07-30T06:42:42.862Z] onEndTurn: naturalStop=true toolCalls=11 nudgeMsg=no
[2026-07-30T06:52:28.498Z] MemoryForge: attached 5 listener(s)
[2026-07-30T06:52:28.498Z] InitialReadForge: armed one-shot BeforeSend after NewSessionStart
[2026-07-30T06:52:28.498Z] LiveUpdateForge: session reset, allowLiveUpdate = false
[2026-07-30T06:52:28.754Z] LiveUpdateForge: session reset, allowLiveUpdate = false
[2026-07-30T06:52:28.768Z] ResumeDiffForge: running checkResumeConsistency
[2026-07-30T06:52:28.768Z] checkResumeConsistency: forgedTimestamps=[["project","1970-01-01T00:00:00.000Z"]]
[2026-07-30T06:52:28.774Z] checkResumeConsistency: injecting 1 diff notification(s)
[2026-07-30T06:52:28.774Z] injectForgedHistory: role=user preview="[agent-auto] [memory-update 2026-07-30 14:27:43] project memory file has been mo"
[2026-07-30T06:52:28.774Z] injectForgedHistory: recordMessage persisted
[2026-07-30T06:52:28.774Z] LiveUpdateForge: session reset, allowLiveUpdate = false
[2026-07-30T06:52:28.774Z] NudgeForge: ResumeComplete — restoring count from history
[2026-07-30T06:52:28.775Z] restoreNudgeCountFromHistory: found last write at idx=401 count=11
[2026-07-30T06:52:28.925Z] ResumeDiffForge: running checkResumeConsistency
[2026-07-30T06:52:28.926Z] checkResumeConsistency: forgedTimestamps=[["project","1970-01-01T00:00:00.000Z"]]
[2026-07-30T06:52:28.932Z] checkResumeConsistency: injecting 1 diff notification(s)
[2026-07-30T06:52:28.933Z] injectForgedHistory: role=user preview="[agent-auto] [memory-update 2026-07-30 14:27:43] project memory file has been mo"
[2026-07-30T06:52:28.943Z] injectForgedHistory: recordMessage persisted
[2026-07-30T06:52:28.943Z] LiveUpdateForge: session reset, allowLiveUpdate = false
[2026-07-30T06:52:28.943Z] NudgeForge: ResumeComplete — restoring count from history
[2026-07-30T06:52:28.944Z] restoreNudgeCountFromHistory: found last write at idx=401 count=11
[2026-07-30T06:52:29.009Z] ResumeDiffForge: running checkResumeConsistency
[2026-07-30T06:52:29.009Z] checkResumeConsistency: forgedTimestamps=[["project","1970-01-01T00:00:00.000Z"]]
[2026-07-30T06:52:29.013Z] checkResumeConsistency: injecting 1 diff notification(s)
[2026-07-30T06:52:29.014Z] injectForgedHistory: role=user preview="[agent-auto] [memory-update 2026-07-30 14:27:43] project memory file has been mo"
[2026-07-30T06:52:29.025Z] injectForgedHistory: recordMessage persisted
[2026-07-30T06:52:29.025Z] LiveUpdateForge: session reset, allowLiveUpdate = false
[2026-07-30T06:52:29.025Z] NudgeForge: ResumeComplete — restoring count from history
[2026-07-30T06:52:29.025Z] restoreNudgeCountFromHistory: found last write at idx=401 count=11
[2026-07-30T06:52:29.128Z] MemoryForge: attached 5 listener(s)
[2026-07-30T06:52:29.129Z] InitialReadForge: armed one-shot BeforeSend after NewSessionStart
[2026-07-30T06:52:29.129Z] LiveUpdateForge: session reset, allowLiveUpdate = false
[2026-07-30T06:52:29.133Z] MemoryForge: detached all listeners
[2026-07-30T06:52:29.134Z] ResumeDiffForge: running checkResumeConsistency
[2026-07-30T06:52:29.134Z] checkResumeConsistency: forgedTimestamps=[["project","1970-01-01T00:00:00.000Z"]]
[2026-07-30T06:52:29.149Z] checkResumeConsistency: injecting 1 diff notification(s)
[2026-07-30T06:52:29.149Z] injectForgedHistory: role=user preview="[agent-auto] [memory-update 2026-07-30 14:27:43] project memory file has been mo"
[2026-07-30T06:52:29.160Z] injectForgedHistory: recordMessage persisted
[2026-07-30T06:52:29.160Z] LiveUpdateForge: session reset, allowLiveUpdate = false
[2026-07-30T06:52:29.161Z] NudgeForge: ResumeComplete — restoring count from history
[2026-07-30T06:52:29.161Z] restoreNudgeCountFromHistory: found last write at idx=401 count=11
[2026-07-30T06:52:29.175Z] LiveUpdateForge: allowLiveUpdate = true (first real BeforeSend)
[2026-07-30T06:52:29.176Z] InitialReadForge.onBeforeSend: SKIP (fr=false syn=false hasRead=true)
[2026-07-30T06:53:42.575Z] LiveUpdateForge: EndTurn fallback flush
[2026-07-30T06:53:42.575Z] onEndTurn: naturalStop=false toolCalls=11 nudgeMsg=no
[2026-07-30T06:54:09.870Z] LiveUpdateForge: AfterToolExec flush
[2026-07-30T06:54:09.890Z] InitialReadForge.onBeforeSend: SKIP (fr=true syn=false hasRead=true)
[2026-07-30T06:54:50.019Z] LiveUpdateForge: EndTurn fallback flush
[2026-07-30T06:54:50.019Z] onEndTurn: naturalStop=false toolCalls=12 nudgeMsg=no
[2026-07-30T06:54:50.053Z] LiveUpdateForge: AfterToolExec flush
[2026-07-30T06:54:50.066Z] InitialReadForge.onBeforeSend: SKIP (fr=true syn=false hasRead=true)
[2026-07-30T06:58:54.363Z] LiveUpdateForge: EndTurn fallback flush
[2026-07-30T06:58:54.363Z] onEndTurn: naturalStop=false toolCalls=13 nudgeMsg=no
[2026-07-30T06:58:54.389Z] LiveUpdateForge: AfterToolExec flush
[2026-07-30T06:58:54.401Z] InitialReadForge.onBeforeSend: SKIP (fr=true syn=false hasRead=true)
[2026-07-30T06:59:16.980Z] LiveUpdateForge: EndTurn fallback flush
[2026-07-30T06:59:16.981Z] onEndTurn: naturalStop=false toolCalls=14 nudgeMsg=no
[2026-07-30T06:59:57.252Z] LiveUpdateForge: AfterToolExec flush
[2026-07-30T06:59:57.270Z] InitialReadForge.onBeforeSend: SKIP (fr=true syn=false hasRead=true)
[2026-07-30T07:00:36.707Z] LiveUpdateForge: EndTurn fallback flush
[2026-07-30T07:00:36.707Z] onEndTurn: naturalStop=false toolCalls=15 nudgeMsg=no
[2026-07-30T07:00:36.744Z] LiveUpdateForge: AfterToolExec flush
[2026-07-30T07:00:36.758Z] InitialReadForge.onBeforeSend: SKIP (fr=true syn=false hasRead=true)
[2026-07-30T07:00:43.890Z] LiveUpdateForge: EndTurn fallback flush
[2026-07-30T07:00:43.890Z] onEndTurn: naturalStop=false toolCalls=16 nudgeMsg=no
[2026-07-30T07:00:43.906Z] LiveUpdateForge: AfterToolExec flush
[2026-07-30T07:00:43.920Z] InitialReadForge.onBeforeSend: SKIP (fr=true syn=false hasRead=true)
[2026-07-30T07:01:45.834Z] LiveUpdateForge: EndTurn fallback flush
[2026-07-30T07:01:45.834Z] onEndTurn: naturalStop=false toolCalls=17 nudgeMsg=no
[2026-07-30T07:01:45.857Z] LiveUpdateForge: AfterToolExec flush
[2026-07-30T07:01:45.871Z] InitialReadForge.onBeforeSend: SKIP (fr=true syn=false hasRead=true)
[2026-07-30T07:01:52.015Z] LiveUpdateForge: EndTurn fallback flush
[2026-07-30T07:01:52.015Z] onEndTurn: naturalStop=false toolCalls=18 nudgeMsg=no
[2026-07-30T07:01:52.022Z] LiveUpdateForge: AfterToolExec flush
[2026-07-30T07:01:52.035Z] InitialReadForge.onBeforeSend: SKIP (fr=true syn=false hasRead=true)
[2026-07-30T07:02:00.416Z] LiveUpdateForge: EndTurn fallback flush
[2026-07-30T07:02:00.416Z] onEndTurn: naturalStop=false toolCalls=19 nudgeMsg=no
[2026-07-30T07:02:00.422Z] LiveUpdateForge: AfterToolExec flush
[2026-07-30T07:02:00.423Z] LiveUpdateForge: AfterToolExec flush
[2026-07-30T07:02:00.423Z] LiveUpdateForge: AfterToolExec flush
[2026-07-30T07:02:00.424Z] LiveUpdateForge: AfterToolExec flush
[2026-07-30T07:02:00.424Z] LiveUpdateForge: AfterToolExec flush
[2026-07-30T07:02:00.438Z] InitialReadForge.onBeforeSend: SKIP (fr=true syn=false hasRead=true)
[2026-07-30T07:02:06.860Z] LiveUpdateForge: EndTurn fallback flush
[2026-07-30T07:02:06.861Z] onEndTurn: naturalStop=false toolCalls=24 nudgeMsg=no
[2026-07-30T07:02:06.901Z] LiveUpdateForge: AfterToolExec flush
[2026-07-30T07:02:06.915Z] InitialReadForge.onBeforeSend: SKIP (fr=true syn=false hasRead=true)
[2026-07-30T07:02:22.725Z] LiveUpdateForge: EndTurn fallback flush
[2026-07-30T07:02:22.726Z] onEndTurn: naturalStop=false toolCalls=25 nudgeMsg=no
[2026-07-30T07:02:22.760Z] LiveUpdateForge: AfterToolExec flush
[2026-07-30T07:02:22.773Z] InitialReadForge.onBeforeSend: SKIP (fr=true syn=false hasRead=true)
[2026-07-30T07:02:39.417Z] LiveUpdateForge: EndTurn fallback flush
[2026-07-30T07:02:39.418Z] onEndTurn: naturalStop=false toolCalls=26 nudgeMsg=no
[2026-07-30T07:02:39.456Z] LiveUpdateForge: AfterToolExec flush
[2026-07-30T07:02:39.468Z] InitialReadForge.onBeforeSend: SKIP (fr=true syn=false hasRead=true)
[2026-07-30T07:02:47.733Z] LiveUpdateForge: EndTurn fallback flush
[2026-07-30T07:02:47.734Z] onEndTurn: naturalStop=false toolCalls=27 nudgeMsg=no
[2026-07-30T07:02:47.765Z] LiveUpdateForge: AfterToolExec flush
[2026-07-30T07:02:47.779Z] InitialReadForge.onBeforeSend: SKIP (fr=true syn=false hasRead=true)
[2026-07-30T07:03:12.203Z] LiveUpdateForge: EndTurn fallback flush
[2026-07-30T07:03:12.203Z] onEndTurn: naturalStop=false toolCalls=28 nudgeMsg=no
[2026-07-30T07:03:12.234Z] LiveUpdateForge: AfterToolExec flush
[2026-07-30T07:03:12.246Z] InitialReadForge.onBeforeSend: SKIP (fr=true syn=false hasRead=true)
[2026-07-30T07:03:36.196Z] LiveUpdateForge: EndTurn fallback flush
[2026-07-30T07:03:36.197Z] onEndTurn: naturalStop=false toolCalls=29 nudgeMsg=no
[2026-07-30T07:03:42.843Z] LiveUpdateForge: AfterToolExec flush
[2026-07-30T07:03:42.860Z] InitialReadForge.onBeforeSend: SKIP (fr=true syn=false hasRead=true)
[2026-07-30T07:04:10.678Z] LiveUpdateForge: EndTurn fallback flush
[2026-07-30T07:04:10.678Z] onEndTurn: naturalStop=false toolCalls=30 nudgeMsg=no
[2026-07-30T07:04:12.137Z] LiveUpdateForge: AfterToolExec flush
[2026-07-30T07:04:12.156Z] InitialReadForge.onBeforeSend: SKIP (fr=true syn=false hasRead=true)
[2026-07-30T07:04:28.184Z] LiveUpdateForge: EndTurn fallback flush
[2026-07-30T07:04:28.185Z] onEndTurn: naturalStop=false toolCalls=31 nudgeMsg=no
[2026-07-30T07:04:29.053Z] LiveUpdateForge: AfterToolExec flush
[2026-07-30T07:04:29.070Z] InitialReadForge.onBeforeSend: SKIP (fr=true syn=false hasRead=true)
[2026-07-30T07:04:49.763Z] LiveUpdateForge: EndTurn fallback flush
[2026-07-30T07:04:49.763Z] onEndTurn: naturalStop=false toolCalls=32 nudgeMsg=no
[2026-07-30T07:04:49.793Z] LiveUpdateForge: AfterToolExec flush
[2026-07-30T07:04:49.807Z] InitialReadForge.onBeforeSend: SKIP (fr=true syn=false hasRead=true)
[2026-07-30T07:05:00.982Z] LiveUpdateForge: EndTurn fallback flush
[2026-07-30T07:05:00.982Z] onEndTurn: naturalStop=false toolCalls=33 nudgeMsg=no
[2026-07-30T07:05:01.004Z] LiveUpdateForge: AfterToolExec flush
[2026-07-30T07:05:01.019Z] InitialReadForge.onBeforeSend: SKIP (fr=true syn=false hasRead=true)
[2026-07-30T07:05:32.229Z] LiveUpdateForge: EndTurn fallback flush
[2026-07-30T07:05:32.229Z] onEndTurn: naturalStop=false toolCalls=34 nudgeMsg=no
[2026-07-30T07:05:32.277Z] LiveUpdateForge: AfterToolExec flush
[2026-07-30T07:05:32.291Z] InitialReadForge.onBeforeSend: SKIP (fr=true syn=false hasRead=true)
[2026-07-30T07:06:00.623Z] LiveUpdateForge: EndTurn fallback flush
[2026-07-30T07:06:00.623Z] onEndTurn: naturalStop=false toolCalls=35 nudgeMsg=no
[2026-07-30T07:06:00.916Z] LiveUpdateForge: AfterToolExec flush
[2026-07-30T07:06:00.938Z] InitialReadForge.onBeforeSend: SKIP (fr=true syn=false hasRead=true)
[2026-07-30T07:06:06.670Z] LiveUpdateForge: EndTurn fallback flush
[2026-07-30T07:06:06.671Z] onEndTurn: naturalStop=false toolCalls=36 nudgeMsg=no
[2026-07-30T07:06:06.957Z] LiveUpdateForge: AfterToolExec flush
[2026-07-30T07:06:06.978Z] InitialReadForge.onBeforeSend: SKIP (fr=true syn=false hasRead=true)
[2026-07-30T07:06:25.645Z] LiveUpdateForge: EndTurn fallback flush
[2026-07-30T07:06:25.646Z] onEndTurn: naturalStop=true toolCalls=37 nudgeMsg=no
[2026-07-30T07:11:13.685Z] ResumeDiffForge: running checkResumeConsistency
[2026-07-30T07:11:13.686Z] checkResumeConsistency: forgedTimestamps=[["project","1970-01-01T00:00:00.000Z"]]
[2026-07-30T07:11:13.691Z] checkResumeConsistency: injecting 1 diff notification(s)
[2026-07-30T07:11:13.691Z] injectForgedHistory: role=user preview="[agent-auto] [memory-update 2026-07-30 14:27:43] project memory file has been mo"
[2026-07-30T07:11:13.704Z] injectForgedHistory: recordMessage persisted
[2026-07-30T07:11:13.704Z] LiveUpdateForge: session reset, allowLiveUpdate = false
[2026-07-30T07:11:13.704Z] NudgeForge: ResumeComplete — restoring count from history
[2026-07-30T07:11:13.704Z] restoreNudgeCountFromHistory: found last write at idx=401 count=37
[2026-07-30T07:11:13.746Z] LiveUpdateForge: allowLiveUpdate = true (first real BeforeSend)
[2026-07-30T07:11:13.747Z] InitialReadForge.onBeforeSend: SKIP (fr=false syn=false hasRead=true)
[2026-07-30T07:11:42.450Z] LiveUpdateForge: EndTurn fallback flush
[2026-07-30T07:11:42.451Z] onEndTurn: naturalStop=false toolCalls=37 nudgeMsg=no
[2026-07-30T07:11:42.461Z] LiveUpdateForge: AfterToolExec flush
[2026-07-30T07:11:42.491Z] InitialReadForge.onBeforeSend: SKIP (fr=true syn=false hasRead=true)
[2026-07-30T07:11:46.660Z] LiveUpdateForge: EndTurn fallback flush
[2026-07-30T07:11:46.660Z] onEndTurn: naturalStop=false toolCalls=38 nudgeMsg=no
[2026-07-30T07:11:46.667Z] LiveUpdateForge: AfterToolExec flush
[2026-07-30T07:11:46.684Z] InitialReadForge.onBeforeSend: SKIP (fr=true syn=false hasRead=true)
[2026-07-30T07:12:16.449Z] LiveUpdateForge: EndTurn fallback flush
[2026-07-30T07:12:16.449Z] onEndTurn: naturalStop=false toolCalls=39 nudgeMsg=no
[2026-07-30T07:12:16.459Z] LiveUpdateForge: AfterToolExec flush
[2026-07-30T07:12:16.478Z] InitialReadForge.onBeforeSend: SKIP (fr=true syn=false hasRead=true)
[2026-07-30T07:13:29.762Z] LiveUpdateForge: EndTurn fallback flush
[2026-07-30T07:13:29.762Z] onEndTurn: naturalStop=false toolCalls=40 nudgeMsg=no
[2026-07-30T07:13:29.802Z] LiveUpdateForge: AfterToolExec flush
[2026-07-30T07:13:29.817Z] InitialReadForge.onBeforeSend: SKIP (fr=true syn=false hasRead=true)
[2026-07-30T07:13:36.940Z] LiveUpdateForge: EndTurn fallback flush
[2026-07-30T07:13:36.941Z] onEndTurn: naturalStop=false toolCalls=41 nudgeMsg=no
[2026-07-30T07:13:43.267Z] LiveUpdateForge: AfterToolExec flush
[2026-07-30T07:13:43.286Z] InitialReadForge.onBeforeSend: SKIP (fr=true syn=false hasRead=true)
[2026-07-30T07:13:47.833Z] LiveUpdateForge: EndTurn fallback flush
[2026-07-30T07:13:47.834Z] onEndTurn: naturalStop=true toolCalls=42 nudgeMsg=no
[2026-07-30T07:16:47.483Z] ResumeDiffForge: running checkResumeConsistency
[2026-07-30T07:16:47.484Z] checkResumeConsistency: forgedTimestamps=[["project","1970-01-01T00:00:00.000Z"]]
[2026-07-30T07:16:47.489Z] checkResumeConsistency: injecting 1 diff notification(s)
[2026-07-30T07:16:47.489Z] injectForgedHistory: role=user preview="[agent-auto] [memory-update 2026-07-30 14:27:43] project memory file has been mo"
[2026-07-30T07:16:47.498Z] injectForgedHistory: recordMessage persisted
[2026-07-30T07:16:47.499Z] LiveUpdateForge: session reset, allowLiveUpdate = false
[2026-07-30T07:16:47.499Z] NudgeForge: ResumeComplete — restoring count from history
[2026-07-30T07:16:47.500Z] restoreNudgeCountFromHistory: found last write at idx=401 count=42
[2026-07-30T07:16:47.539Z] LiveUpdateForge: allowLiveUpdate = true (first real BeforeSend)
[2026-07-30T07:16:47.540Z] InitialReadForge.onBeforeSend: SKIP (fr=false syn=false hasRead=true)
[2026-07-30T07:23:10.937Z] LiveUpdateForge: EndTurn fallback flush
[2026-07-30T07:23:10.938Z] onEndTurn: naturalStop=false toolCalls=42 nudgeMsg=no
[2026-07-30T07:23:12.917Z] LiveUpdateForge: AfterToolExec flush
[2026-07-30T07:23:12.931Z] InitialReadForge.onBeforeSend: SKIP (fr=true syn=false hasRead=true)
[2026-07-30T07:23:35.209Z] LiveUpdateForge: EndTurn fallback flush
[2026-07-30T07:23:35.210Z] onEndTurn: naturalStop=false toolCalls=43 nudgeMsg=no
[2026-07-30T07:23:35.243Z] LiveUpdateForge: AfterToolExec flush
[2026-07-30T07:23:35.256Z] InitialReadForge.onBeforeSend: SKIP (fr=true syn=false hasRead=true)
[2026-07-30T07:23:43.912Z] LiveUpdateForge: EndTurn fallback flush
[2026-07-30T07:23:43.913Z] onEndTurn: naturalStop=false toolCalls=44 nudgeMsg=no
[2026-07-30T07:23:50.499Z] LiveUpdateForge: AfterToolExec flush
[2026-07-30T07:23:50.519Z] InitialReadForge.onBeforeSend: SKIP (fr=true syn=false hasRead=true)
[2026-07-30T07:24:04.293Z] LiveUpdateForge: EndTurn fallback flush
[2026-07-30T07:24:04.293Z] onEndTurn: naturalStop=true toolCalls=45 nudgeMsg=no
[2026-07-30T07:26:20.108Z] ResumeDiffForge: running checkResumeConsistency
[2026-07-30T07:26:20.108Z] checkResumeConsistency: forgedTimestamps=[["project","1970-01-01T00:00:00.000Z"]]
[2026-07-30T07:26:20.114Z] checkResumeConsistency: injecting 1 diff notification(s)
[2026-07-30T07:26:20.114Z] injectForgedHistory: role=user preview="[agent-auto] [memory-update 2026-07-30 14:27:43] project memory file has been mo"
[2026-07-30T07:26:20.126Z] injectForgedHistory: recordMessage persisted
[2026-07-30T07:26:20.127Z] LiveUpdateForge: session reset, allowLiveUpdate = false
[2026-07-30T07:26:20.127Z] NudgeForge: ResumeComplete — restoring count from history
[2026-07-30T07:26:20.128Z] restoreNudgeCountFromHistory: found last write at idx=401 count=45
[2026-07-30T07:26:20.168Z] LiveUpdateForge: allowLiveUpdate = true (first real BeforeSend)
[2026-07-30T07:26:20.169Z] InitialReadForge.onBeforeSend: SKIP (fr=false syn=false hasRead=true)
[2026-07-30T07:26:31.110Z] LiveUpdateForge: EndTurn fallback flush
[2026-07-30T07:26:31.110Z] onEndTurn: naturalStop=false toolCalls=45 nudgeMsg=no
[2026-07-30T07:26:31.154Z] LiveUpdateForge: AfterToolExec flush
[2026-07-30T07:26:31.170Z] InitialReadForge.onBeforeSend: SKIP (fr=true syn=false hasRead=true)
[2026-07-30T07:26:46.568Z] LiveUpdateForge: EndTurn fallback flush
[2026-07-30T07:26:46.568Z] onEndTurn: naturalStop=false toolCalls=46 nudgeMsg=no
[2026-07-30T07:26:48.056Z] LiveUpdateForge: AfterToolExec flush
[2026-07-30T07:26:48.070Z] InitialReadForge.onBeforeSend: SKIP (fr=true syn=false hasRead=true)
[2026-07-30T07:28:29.800Z] LiveUpdateForge: EndTurn fallback flush
[2026-07-30T07:28:29.801Z] onEndTurn: naturalStop=false toolCalls=47 nudgeMsg=no
[2026-07-30T07:28:30.788Z] LiveUpdateForge: AfterToolExec flush
[2026-07-30T07:28:30.809Z] InitialReadForge.onBeforeSend: SKIP (fr=true syn=false hasRead=true)
[2026-07-30T07:29:46.124Z] LiveUpdateForge: EndTurn fallback flush
[2026-07-30T07:29:46.124Z] onEndTurn: naturalStop=false toolCalls=48 nudgeMsg=no
[2026-07-30T07:29:52.091Z] LiveUpdateForge: AfterToolExec flush
[2026-07-30T07:29:52.113Z] InitialReadForge.onBeforeSend: SKIP (fr=true syn=false hasRead=true)
[2026-07-30T07:30:07.004Z] LiveUpdateForge: EndTurn fallback flush
[2026-07-30T07:30:07.004Z] onEndTurn: naturalStop=true toolCalls=49 nudgeMsg=no
[2026-07-30T07:37:00.601Z] ResumeDiffForge: running checkResumeConsistency
[2026-07-30T07:37:00.602Z] checkResumeConsistency: forgedTimestamps=[["project","1970-01-01T00:00:00.000Z"]]
[2026-07-30T07:37:00.608Z] checkResumeConsistency: injecting 1 diff notification(s)
[2026-07-30T07:37:00.608Z] injectForgedHistory: role=user preview="[agent-auto] [memory-update 2026-07-30 14:27:43] project memory file has been mo"
[2026-07-30T07:37:00.620Z] injectForgedHistory: recordMessage persisted
[2026-07-30T07:37:00.620Z] LiveUpdateForge: session reset, allowLiveUpdate = false
[2026-07-30T07:37:00.620Z] NudgeForge: ResumeComplete — restoring count from history
[2026-07-30T07:37:00.621Z] restoreNudgeCountFromHistory: found last write at idx=401 count=49
[2026-07-30T07:37:00.659Z] LiveUpdateForge: allowLiveUpdate = true (first real BeforeSend)
[2026-07-30T07:37:00.659Z] InitialReadForge.onBeforeSend: SKIP (fr=false syn=false hasRead=true)
[2026-07-30T07:37:24.960Z] LiveUpdateForge: EndTurn fallback flush
[2026-07-30T07:37:24.960Z] onEndTurn: naturalStop=false toolCalls=49 nudgeMsg=no
[2026-07-30T07:37:25.119Z] LiveUpdateForge: AfterToolExec flush
[2026-07-30T07:37:25.134Z] InitialReadForge.onBeforeSend: SKIP (fr=true syn=false hasRead=true)
[2026-07-30T07:38:26.555Z] LiveUpdateForge: EndTurn fallback flush
[2026-07-30T07:38:26.555Z] onEndTurn: naturalStop=false toolCalls=50 nudgeMsg=no
[2026-07-30T07:38:26.561Z] LiveUpdateForge: AfterToolExec flush
[2026-07-30T07:38:26.578Z] InitialReadForge.onBeforeSend: SKIP (fr=true syn=false hasRead=true)
[2026-07-30T07:39:11.466Z] LiveUpdateForge: EndTurn fallback flush
[2026-07-30T07:39:11.466Z] onEndTurn: naturalStop=false toolCalls=51 nudgeMsg=no
[2026-07-30T07:40:13.019Z] LiveUpdateForge: AfterToolExec flush
[2026-07-30T07:40:13.038Z] InitialReadForge.onBeforeSend: SKIP (fr=true syn=false hasRead=true)
[2026-07-30T07:41:29.900Z] LiveUpdateForge: EndTurn fallback flush
[2026-07-30T07:41:29.900Z] onEndTurn: naturalStop=false toolCalls=52 nudgeMsg=no
[2026-07-30T07:41:32.101Z] LiveUpdateForge: AfterToolExec flush
[2026-07-30T07:41:32.116Z] InitialReadForge.onBeforeSend: SKIP (fr=true syn=false hasRead=true)
[2026-07-30T07:41:44.243Z] LiveUpdateForge: EndTurn fallback flush
[2026-07-30T07:41:44.243Z] onEndTurn: naturalStop=false toolCalls=53 nudgeMsg=no
[2026-07-30T07:41:44.249Z] LiveUpdateForge: AfterToolExec flush
[2026-07-30T07:41:44.265Z] InitialReadForge.onBeforeSend: SKIP (fr=true syn=false hasRead=true)
[2026-07-30T07:43:03.273Z] LiveUpdateForge: EndTurn fallback flush
[2026-07-30T07:43:03.274Z] onEndTurn: naturalStop=false toolCalls=54 nudgeMsg=no
[2026-07-30T07:43:03.314Z] LiveUpdateForge: AfterToolExec flush
[2026-07-30T07:43:03.329Z] InitialReadForge.onBeforeSend: SKIP (fr=true syn=false hasRead=true)
[2026-07-30T07:45:08.172Z] LiveUpdateForge: EndTurn fallback flush
[2026-07-30T07:45:08.172Z] onEndTurn: naturalStop=false toolCalls=55 nudgeMsg=no
[2026-07-30T07:45:08.193Z] LiveUpdateForge: AfterToolExec flush
[2026-07-30T07:45:08.208Z] InitialReadForge.onBeforeSend: SKIP (fr=true syn=false hasRead=true)
[2026-07-30T07:45:38.559Z] LiveUpdateForge: EndTurn fallback flush
[2026-07-30T07:45:38.559Z] onEndTurn: naturalStop=false toolCalls=56 nudgeMsg=no
[2026-07-30T07:45:38.567Z] LiveUpdateForge: AfterToolExec flush
[2026-07-30T07:45:38.583Z] InitialReadForge.onBeforeSend: SKIP (fr=true syn=false hasRead=true)
[2026-07-30T07:45:51.205Z] LiveUpdateForge: EndTurn fallback flush
[2026-07-30T07:45:51.205Z] onEndTurn: naturalStop=false toolCalls=57 nudgeMsg=no
[2026-07-30T07:45:51.211Z] LiveUpdateForge: AfterToolExec flush
[2026-07-30T07:45:51.230Z] InitialReadForge.onBeforeSend: SKIP (fr=true syn=false hasRead=true)
[2026-07-30T07:46:37.039Z] LiveUpdateForge: EndTurn fallback flush
[2026-07-30T07:46:37.040Z] onEndTurn: naturalStop=false toolCalls=58 nudgeMsg=no
[2026-07-30T07:46:37.053Z] LiveUpdateForge: AfterToolExec flush
[2026-07-30T07:46:37.067Z] InitialReadForge.onBeforeSend: SKIP (fr=true syn=false hasRead=true)
[2026-07-30T07:46:50.855Z] LiveUpdateForge: EndTurn fallback flush
[2026-07-30T07:46:50.855Z] onEndTurn: naturalStop=false toolCalls=59 nudgeMsg=no
[2026-07-30T07:46:52.392Z] LiveUpdateForge: AfterToolExec flush
[2026-07-30T07:46:52.411Z] InitialReadForge.onBeforeSend: SKIP (fr=true syn=false hasRead=true)
[2026-07-30T07:47:18.087Z] LiveUpdateForge: EndTurn fallback flush
[2026-07-30T07:47:18.088Z] onEndTurn: naturalStop=false toolCalls=60 nudgeMsg=no
[2026-07-30T07:47:18.095Z] LiveUpdateForge: AfterToolExec flush
[2026-07-30T07:47:18.112Z] InitialReadForge.onBeforeSend: SKIP (fr=true syn=false hasRead=true)
[2026-07-30T07:48:55.380Z] LiveUpdateForge: EndTurn fallback flush
[2026-07-30T07:48:55.381Z] onEndTurn: naturalStop=false toolCalls=61 nudgeMsg=no
[2026-07-30T07:48:55.402Z] LiveUpdateForge: AfterToolExec flush
[2026-07-30T07:48:55.417Z] InitialReadForge.onBeforeSend: SKIP (fr=true syn=false hasRead=true)
[2026-07-30T07:49:23.957Z] LiveUpdateForge: EndTurn fallback flush
[2026-07-30T07:49:23.957Z] onEndTurn: naturalStop=false toolCalls=62 nudgeMsg=no
[2026-07-30T07:49:30.237Z] LiveUpdateForge: AfterToolExec flush
[2026-07-30T07:49:30.263Z] InitialReadForge.onBeforeSend: SKIP (fr=true syn=false hasRead=true)
[2026-07-30T07:50:36.746Z] LiveUpdateForge: EndTurn fallback flush
[2026-07-30T07:50:36.746Z] onEndTurn: naturalStop=false toolCalls=63 nudgeMsg=no
[2026-07-30T07:50:38.676Z] LiveUpdateForge: AfterToolExec flush
[2026-07-30T07:50:38.694Z] InitialReadForge.onBeforeSend: SKIP (fr=true syn=false hasRead=true)
[2026-07-30T07:50:47.725Z] LiveUpdateForge: EndTurn fallback flush
[2026-07-30T07:50:47.725Z] onEndTurn: naturalStop=true toolCalls=0 nudgeMsg=YES
[2026-07-30T07:50:47.728Z] InitialReadForge.onBeforeSend: SKIP (fr=false syn=false hasRead=true)
[2026-07-30T07:52:32.235Z] LiveUpdateForge: EndTurn fallback flush
[2026-07-30T07:52:32.236Z] onEndTurn: naturalStop=false toolCalls=0 nudgeMsg=no
[2026-07-30T07:52:32.249Z] LiveUpdateForge: self-write on D:\Unity\E1\CODELY.md, baseline aligned
[2026-07-30T07:52:32.249Z] LiveUpdateForge: AfterToolExec flush
[2026-07-30T07:52:32.267Z] InitialReadForge.onBeforeSend: SKIP (fr=true syn=false hasRead=true)
[2026-07-30T07:53:28.570Z] LiveUpdateForge: EndTurn fallback flush
[2026-07-30T07:53:28.570Z] onEndTurn: naturalStop=false toolCalls=0 nudgeMsg=no
[2026-07-30T07:53:28.578Z] LiveUpdateForge: self-write on D:\Unity\E1\CODELY.md, baseline aligned
[2026-07-30T07:53:28.579Z] LiveUpdateForge: AfterToolExec flush
[2026-07-30T07:53:28.596Z] InitialReadForge.onBeforeSend: SKIP (fr=true syn=false hasRead=true)
[2026-07-30T07:53:51.639Z] LiveUpdateForge: EndTurn fallback flush
[2026-07-30T07:53:51.639Z] onEndTurn: naturalStop=true toolCalls=0 nudgeMsg=no
[2026-07-30T07:57:29.795Z] ResumeDiffForge: running checkResumeConsistency
[2026-07-30T07:57:29.900Z] checkResumeConsistency: forgedTimestamps=[["project","1970-01-01T00:00:00.000Z"]]
[2026-07-30T07:57:29.906Z] checkResumeConsistency: injecting 1 diff notification(s)
[2026-07-30T07:57:29.906Z] injectForgedHistory: role=user preview="[agent-auto] [memory-update 2026-07-30 15:53:28] project memory file has been mo"
[2026-07-30T07:57:29.918Z] injectForgedHistory: recordMessage persisted
[2026-07-30T07:57:29.918Z] LiveUpdateForge: session reset, allowLiveUpdate = false
[2026-07-30T07:57:29.919Z] NudgeForge: ResumeComplete — restoring count from history
[2026-07-30T07:57:29.919Z] restoreNudgeCountFromHistory: found last write at idx=549 count=0
[2026-07-30T07:57:29.955Z] LiveUpdateForge: allowLiveUpdate = true (first real BeforeSend)
[2026-07-30T07:57:29.956Z] InitialReadForge.onBeforeSend: SKIP (fr=false syn=false hasRead=true)
[2026-07-30T07:58:31.570Z] LiveUpdateForge: EndTurn fallback flush
[2026-07-30T07:58:31.570Z] onEndTurn: naturalStop=false toolCalls=0 nudgeMsg=no
[2026-07-30T07:58:31.622Z] LiveUpdateForge: AfterToolExec flush
[2026-07-30T07:58:31.636Z] InitialReadForge.onBeforeSend: SKIP (fr=true syn=false hasRead=true)
[2026-07-30T07:58:38.738Z] LiveUpdateForge: EndTurn fallback flush
[2026-07-30T07:58:38.738Z] onEndTurn: naturalStop=false toolCalls=1 nudgeMsg=no
[2026-07-30T07:58:38.746Z] LiveUpdateForge: AfterToolExec flush
[2026-07-30T07:58:38.764Z] InitialReadForge.onBeforeSend: SKIP (fr=true syn=false hasRead=true)
[2026-07-30T08:00:00.117Z] LiveUpdateForge: EndTurn fallback flush
[2026-07-30T08:00:00.117Z] onEndTurn: naturalStop=false toolCalls=2 nudgeMsg=no
[2026-07-30T08:00:02.419Z] LiveUpdateForge: AfterToolExec flush
[2026-07-30T08:00:02.438Z] InitialReadForge.onBeforeSend: SKIP (fr=true syn=false hasRead=true)
[2026-07-30T08:00:31.649Z] LiveUpdateForge: EndTurn fallback flush
[2026-07-30T08:00:31.649Z] onEndTurn: naturalStop=true toolCalls=3 nudgeMsg=no
[2026-07-30T08:01:56.885Z] ResumeDiffForge: running checkResumeConsistency
[2026-07-30T08:01:56.886Z] checkResumeConsistency: forgedTimestamps=[["project","1970-01-01T00:00:00.000Z"]]
[2026-07-30T08:01:56.891Z] checkResumeConsistency: injecting 1 diff notification(s)
[2026-07-30T08:01:56.892Z] injectForgedHistory: role=user preview="[agent-auto] [memory-update 2026-07-30 15:53:28] project memory file has been mo"
[2026-07-30T08:01:56.905Z] injectForgedHistory: recordMessage persisted
[2026-07-30T08:01:56.905Z] LiveUpdateForge: session reset, allowLiveUpdate = false
[2026-07-30T08:01:56.905Z] NudgeForge: ResumeComplete — restoring count from history
[2026-07-30T08:01:56.906Z] restoreNudgeCountFromHistory: found last write at idx=549 count=3
[2026-07-30T08:01:56.944Z] LiveUpdateForge: allowLiveUpdate = true (first real BeforeSend)
[2026-07-30T08:01:56.944Z] InitialReadForge.onBeforeSend: SKIP (fr=false syn=false hasRead=true)
[2026-07-30T08:02:19.220Z] LiveUpdateForge: EndTurn fallback flush
[2026-07-30T08:02:19.220Z] onEndTurn: naturalStop=false toolCalls=3 nudgeMsg=no
[2026-07-30T08:02:19.243Z] LiveUpdateForge: AfterToolExec flush
[2026-07-30T08:02:19.257Z] InitialReadForge.onBeforeSend: SKIP (fr=true syn=false hasRead=true)
[2026-07-30T08:02:40.791Z] LiveUpdateForge: EndTurn fallback flush
[2026-07-30T08:02:40.792Z] onEndTurn: naturalStop=true toolCalls=4 nudgeMsg=no
[2026-07-30T08:10:20.008Z] ResumeDiffForge: running checkResumeConsistency
[2026-07-30T08:10:20.008Z] checkResumeConsistency: forgedTimestamps=[["project","1970-01-01T00:00:00.000Z"]]
[2026-07-30T08:10:20.013Z] checkResumeConsistency: injecting 1 diff notification(s)
[2026-07-30T08:10:20.013Z] injectForgedHistory: role=user preview="[agent-auto] [memory-update 2026-07-30 15:53:28] project memory file has been mo"
[2026-07-30T08:10:20.027Z] injectForgedHistory: recordMessage persisted
[2026-07-30T08:10:20.027Z] LiveUpdateForge: session reset, allowLiveUpdate = false
[2026-07-30T08:10:20.027Z] NudgeForge: ResumeComplete — restoring count from history
[2026-07-30T08:10:20.028Z] restoreNudgeCountFromHistory: found last write at idx=549 count=4
[2026-07-30T08:10:20.064Z] LiveUpdateForge: allowLiveUpdate = true (first real BeforeSend)
[2026-07-30T08:10:20.065Z] InitialReadForge.onBeforeSend: SKIP (fr=false syn=false hasRead=true)
[2026-07-30T08:10:56.051Z] LiveUpdateForge: EndTurn fallback flush
[2026-07-30T08:10:56.051Z] onEndTurn: naturalStop=false toolCalls=4 nudgeMsg=no
[2026-07-30T08:10:57.928Z] LiveUpdateForge: AfterToolExec flush
[2026-07-30T08:10:57.944Z] InitialReadForge.onBeforeSend: SKIP (fr=true syn=false hasRead=true)
[2026-07-30T08:12:13.065Z] LiveUpdateForge: EndTurn fallback flush
[2026-07-30T08:12:13.066Z] onEndTurn: naturalStop=false toolCalls=5 nudgeMsg=no
[2026-07-30T08:12:13.073Z] LiveUpdateForge: AfterToolExec flush
[2026-07-30T08:12:13.113Z] InitialReadForge.onBeforeSend: SKIP (fr=true syn=false hasRead=true)
[2026-07-30T08:12:44.281Z] LiveUpdateForge: EndTurn fallback flush
[2026-07-30T08:12:44.282Z] onEndTurn: naturalStop=false toolCalls=6 nudgeMsg=no
[2026-07-30T08:12:44.322Z] LiveUpdateForge: AfterToolExec flush
[2026-07-30T08:12:44.340Z] InitialReadForge.onBeforeSend: SKIP (fr=true syn=false hasRead=true)
[2026-07-30T08:13:03.575Z] LiveUpdateForge: EndTurn fallback flush
[2026-07-30T08:13:03.575Z] onEndTurn: naturalStop=false toolCalls=7 nudgeMsg=no
[2026-07-30T08:13:10.575Z] LiveUpdateForge: AfterToolExec flush
[2026-07-30T08:13:10.603Z] InitialReadForge.onBeforeSend: SKIP (fr=true syn=false hasRead=true)
[2026-07-30T08:13:36.960Z] LiveUpdateForge: EndTurn fallback flush
[2026-07-30T08:13:36.960Z] onEndTurn: naturalStop=true toolCalls=8 nudgeMsg=no
[2026-07-30T08:15:11.425Z] ResumeDiffForge: running checkResumeConsistency
[2026-07-30T08:15:11.425Z] checkResumeConsistency: forgedTimestamps=[["project","1970-01-01T00:00:00.000Z"]]
[2026-07-30T08:15:11.431Z] checkResumeConsistency: injecting 1 diff notification(s)
[2026-07-30T08:15:11.432Z] injectForgedHistory: role=user preview="[agent-auto] [memory-update 2026-07-30 15:53:28] project memory file has been mo"
[2026-07-30T08:15:11.444Z] injectForgedHistory: recordMessage persisted
[2026-07-30T08:15:11.444Z] LiveUpdateForge: session reset, allowLiveUpdate = false
[2026-07-30T08:15:11.445Z] NudgeForge: ResumeComplete — restoring count from history
[2026-07-30T08:15:11.445Z] restoreNudgeCountFromHistory: found last write at idx=549 count=8
[2026-07-30T08:15:11.487Z] LiveUpdateForge: allowLiveUpdate = true (first real BeforeSend)
[2026-07-30T08:15:11.488Z] InitialReadForge.onBeforeSend: SKIP (fr=false syn=false hasRead=true)
[2026-07-30T08:15:26.217Z] LiveUpdateForge: EndTurn fallback flush
[2026-07-30T08:15:26.217Z] onEndTurn: naturalStop=false toolCalls=8 nudgeMsg=no
[2026-07-30T08:15:26.227Z] LiveUpdateForge: AfterToolExec flush
[2026-07-30T08:15:26.243Z] InitialReadForge.onBeforeSend: SKIP (fr=true syn=false hasRead=true)
[2026-07-30T08:15:35.333Z] LiveUpdateForge: EndTurn fallback flush
[2026-07-30T08:15:35.333Z] onEndTurn: naturalStop=false toolCalls=9 nudgeMsg=no
[2026-07-30T08:15:35.339Z] LiveUpdateForge: AfterToolExec flush
[2026-07-30T08:15:35.355Z] InitialReadForge.onBeforeSend: SKIP (fr=true syn=false hasRead=true)
[2026-07-30T08:16:22.817Z] LiveUpdateForge: EndTurn fallback flush
[2026-07-30T08:16:22.817Z] onEndTurn: naturalStop=false toolCalls=10 nudgeMsg=no
[2026-07-30T08:16:22.856Z] LiveUpdateForge: AfterToolExec flush
[2026-07-30T08:16:22.871Z] InitialReadForge.onBeforeSend: SKIP (fr=true syn=false hasRead=true)
[2026-07-30T08:17:53.988Z] LiveUpdateForge: EndTurn fallback flush
[2026-07-30T08:17:53.989Z] onEndTurn: naturalStop=false toolCalls=11 nudgeMsg=no
[2026-07-30T08:17:53.993Z] LiveUpdateForge: AfterToolExec flush
[2026-07-30T08:17:54.009Z] InitialReadForge.onBeforeSend: SKIP (fr=true syn=false hasRead=true)
[2026-07-30T08:18:06.687Z] LiveUpdateForge: EndTurn fallback flush
[2026-07-30T08:18:06.688Z] onEndTurn: naturalStop=false toolCalls=12 nudgeMsg=no
[2026-07-30T08:18:06.694Z] LiveUpdateForge: AfterToolExec flush
[2026-07-30T08:18:06.709Z] InitialReadForge.onBeforeSend: SKIP (fr=true syn=false hasRead=true)
[2026-07-30T08:19:09.664Z] LiveUpdateForge: EndTurn fallback flush
[2026-07-30T08:19:09.664Z] onEndTurn: naturalStop=false toolCalls=13 nudgeMsg=no
[2026-07-30T08:19:09.698Z] LiveUpdateForge: AfterToolExec flush
[2026-07-30T08:19:09.713Z] InitialReadForge.onBeforeSend: SKIP (fr=true syn=false hasRead=true)
[2026-07-30T08:19:22.133Z] LiveUpdateForge: EndTurn fallback flush
[2026-07-30T08:19:22.133Z] onEndTurn: naturalStop=false toolCalls=14 nudgeMsg=no
[2026-07-30T08:19:28.731Z] LiveUpdateForge: AfterToolExec flush
[2026-07-30T08:19:28.756Z] InitialReadForge.onBeforeSend: SKIP (fr=true syn=false hasRead=true)
[2026-07-30T08:19:47.483Z] LiveUpdateForge: EndTurn fallback flush
[2026-07-30T08:19:47.483Z] onEndTurn: naturalStop=true toolCalls=15 nudgeMsg=no
[2026-07-30T08:26:17.747Z] MemoryForge: attached 5 listener(s)
[2026-07-30T08:26:17.748Z] InitialReadForge: armed one-shot BeforeSend after NewSessionStart
[2026-07-30T08:26:17.748Z] LiveUpdateForge: session reset, allowLiveUpdate = false
[2026-07-30T08:26:18.268Z] LiveUpdateForge: session reset, allowLiveUpdate = false
[2026-07-30T08:26:18.290Z] ResumeDiffForge: running checkResumeConsistency
[2026-07-30T08:26:18.291Z] checkResumeConsistency: forgedTimestamps=[["project","1970-01-01T00:00:00.000Z"]]
[2026-07-30T08:26:18.296Z] checkResumeConsistency: injecting 1 diff notification(s)
[2026-07-30T08:26:18.296Z] injectForgedHistory: role=user preview="[agent-auto] [memory-update 2026-07-30 15:53:28] project memory file has been mo"
[2026-07-30T08:26:18.297Z] injectForgedHistory: recordMessage persisted
[2026-07-30T08:26:18.297Z] LiveUpdateForge: session reset, allowLiveUpdate = false
[2026-07-30T08:26:18.298Z] NudgeForge: ResumeComplete — restoring count from history
[2026-07-30T08:26:18.298Z] restoreNudgeCountFromHistory: found last write at idx=549 count=15
[2026-07-30T08:26:18.559Z] ResumeDiffForge: running checkResumeConsistency
[2026-07-30T08:26:18.560Z] checkResumeConsistency: forgedTimestamps=[["project","1970-01-01T00:00:00.000Z"]]
[2026-07-30T08:26:18.567Z] checkResumeConsistency: injecting 1 diff notification(s)
[2026-07-30T08:26:18.567Z] injectForgedHistory: role=user preview="[agent-auto] [memory-update 2026-07-30 15:53:28] project memory file has been mo"
[2026-07-30T08:26:18.580Z] injectForgedHistory: recordMessage persisted
[2026-07-30T08:26:18.580Z] LiveUpdateForge: session reset, allowLiveUpdate = false
[2026-07-30T08:26:18.580Z] NudgeForge: ResumeComplete — restoring count from history
[2026-07-30T08:26:18.581Z] restoreNudgeCountFromHistory: found last write at idx=549 count=15
[2026-07-30T08:26:18.667Z] ResumeDiffForge: running checkResumeConsistency
[2026-07-30T08:26:18.667Z] checkResumeConsistency: forgedTimestamps=[["project","1970-01-01T00:00:00.000Z"]]
[2026-07-30T08:26:18.672Z] checkResumeConsistency: injecting 1 diff notification(s)
[2026-07-30T08:26:18.672Z] injectForgedHistory: role=user preview="[agent-auto] [memory-update 2026-07-30 15:53:28] project memory file has been mo"
[2026-07-30T08:26:18.685Z] injectForgedHistory: recordMessage persisted
[2026-07-30T08:26:18.685Z] LiveUpdateForge: session reset, allowLiveUpdate = false
[2026-07-30T08:26:18.685Z] NudgeForge: ResumeComplete — restoring count from history
[2026-07-30T08:26:18.686Z] restoreNudgeCountFromHistory: found last write at idx=549 count=15
[2026-07-30T08:26:18.841Z] MemoryForge: attached 5 listener(s)
[2026-07-30T08:26:18.841Z] InitialReadForge: armed one-shot BeforeSend after NewSessionStart
[2026-07-30T08:26:18.842Z] LiveUpdateForge: session reset, allowLiveUpdate = false
[2026-07-30T08:26:18.847Z] MemoryForge: detached all listeners
[2026-07-30T08:26:18.847Z] ResumeDiffForge: running checkResumeConsistency
[2026-07-30T08:26:18.848Z] checkResumeConsistency: forgedTimestamps=[["project","1970-01-01T00:00:00.000Z"]]
[2026-07-30T08:26:18.865Z] checkResumeConsistency: injecting 1 diff notification(s)
[2026-07-30T08:26:18.865Z] injectForgedHistory: role=user preview="[agent-auto] [memory-update 2026-07-30 15:53:28] project memory file has been mo"
[2026-07-30T08:26:18.881Z] injectForgedHistory: recordMessage persisted
[2026-07-30T08:26:18.881Z] LiveUpdateForge: session reset, allowLiveUpdate = false
[2026-07-30T08:26:18.882Z] NudgeForge: ResumeComplete — restoring count from history
[2026-07-30T08:26:18.882Z] restoreNudgeCountFromHistory: found last write at idx=549 count=15
[2026-07-30T08:26:18.900Z] LiveUpdateForge: allowLiveUpdate = true (first real BeforeSend)
[2026-07-30T08:26:18.900Z] InitialReadForge.onBeforeSend: SKIP (fr=false syn=false hasRead=true)
[2026-07-30T08:26:48.532Z] LiveUpdateForge: EndTurn fallback flush
[2026-07-30T08:26:48.533Z] onEndTurn: naturalStop=false toolCalls=15 nudgeMsg=no
[2026-07-30T08:26:48.655Z] LiveUpdateForge: AfterToolExec flush
[2026-07-30T08:26:48.670Z] InitialReadForge.onBeforeSend: SKIP (fr=true syn=false hasRead=true)
[2026-07-30T08:27:34.508Z] LiveUpdateForge: EndTurn fallback flush
[2026-07-30T08:27:34.508Z] onEndTurn: naturalStop=false toolCalls=16 nudgeMsg=no
[2026-07-30T08:27:34.518Z] LiveUpdateForge: AfterToolExec flush
[2026-07-30T08:27:34.535Z] InitialReadForge.onBeforeSend: SKIP (fr=true syn=false hasRead=true)
[2026-07-30T08:27:43.374Z] LiveUpdateForge: EndTurn fallback flush
[2026-07-30T08:27:43.375Z] onEndTurn: naturalStop=false toolCalls=17 nudgeMsg=no
[2026-07-30T08:27:43.407Z] LiveUpdateForge: AfterToolExec flush
[2026-07-30T08:27:43.422Z] InitialReadForge.onBeforeSend: SKIP (fr=true syn=false hasRead=true)
[2026-07-30T08:30:35.755Z] LiveUpdateForge: EndTurn fallback flush
[2026-07-30T08:30:35.755Z] onEndTurn: naturalStop=false toolCalls=18 nudgeMsg=no
[2026-07-30T08:30:35.795Z] LiveUpdateForge: AfterToolExec flush
[2026-07-30T08:30:35.810Z] InitialReadForge.onBeforeSend: SKIP (fr=true syn=false hasRead=true)
[2026-07-30T08:30:54.951Z] LiveUpdateForge: EndTurn fallback flush
[2026-07-30T08:30:54.951Z] onEndTurn: naturalStop=false toolCalls=19 nudgeMsg=no
[2026-07-30T08:30:57.008Z] LiveUpdateForge: AfterToolExec flush
[2026-07-30T08:30:57.035Z] InitialReadForge.onBeforeSend: SKIP (fr=true syn=false hasRead=true)
[2026-07-30T08:31:21.535Z] LiveUpdateForge: EndTurn fallback flush
[2026-07-30T08:31:21.535Z] onEndTurn: naturalStop=false toolCalls=20 nudgeMsg=no
[2026-07-30T08:31:22.222Z] LiveUpdateForge: AfterToolExec flush
[2026-07-30T08:31:22.242Z] InitialReadForge.onBeforeSend: SKIP (fr=true syn=false hasRead=true)
[2026-07-30T08:33:07.005Z] LiveUpdateForge: EndTurn fallback flush
[2026-07-30T08:33:07.006Z] onEndTurn: naturalStop=false toolCalls=21 nudgeMsg=no
[2026-07-30T08:33:07.385Z] LiveUpdateForge: AfterToolExec flush
[2026-07-30T08:33:07.416Z] InitialReadForge.onBeforeSend: SKIP (fr=true syn=false hasRead=true)
[2026-07-30T08:33:16.633Z] LiveUpdateForge: EndTurn fallback flush
[2026-07-30T08:33:16.634Z] onEndTurn: naturalStop=false toolCalls=22 nudgeMsg=no
[2026-07-30T08:33:17.181Z] LiveUpdateForge: AfterToolExec flush
[2026-07-30T08:33:17.201Z] InitialReadForge.onBeforeSend: SKIP (fr=true syn=false hasRead=true)
[2026-07-30T08:33:27.400Z] LiveUpdateForge: EndTurn fallback flush
[2026-07-30T08:33:27.400Z] onEndTurn: naturalStop=false toolCalls=23 nudgeMsg=no
[2026-07-30T08:33:27.407Z] LiveUpdateForge: AfterToolExec flush
[2026-07-30T08:33:27.424Z] InitialReadForge.onBeforeSend: SKIP (fr=true syn=false hasRead=true)
[2026-07-30T08:33:42.633Z] LiveUpdateForge: EndTurn fallback flush
[2026-07-30T08:33:42.633Z] onEndTurn: naturalStop=false toolCalls=24 nudgeMsg=no
[2026-07-30T08:33:42.653Z] LiveUpdateForge: AfterToolExec flush
[2026-07-30T08:33:42.674Z] InitialReadForge.onBeforeSend: SKIP (fr=true syn=false hasRead=true)
[2026-07-30T08:33:52.376Z] LiveUpdateForge: EndTurn fallback flush
[2026-07-30T08:33:52.377Z] onEndTurn: naturalStop=false toolCalls=25 nudgeMsg=no
[2026-07-30T08:33:52.395Z] LiveUpdateForge: AfterToolExec flush
[2026-07-30T08:33:52.413Z] InitialReadForge.onBeforeSend: SKIP (fr=true syn=false hasRead=true)
[2026-07-30T08:34:23.200Z] LiveUpdateForge: EndTurn fallback flush
[2026-07-30T08:34:23.200Z] onEndTurn: naturalStop=false toolCalls=26 nudgeMsg=no
[2026-07-30T08:34:30.473Z] LiveUpdateForge: AfterToolExec flush
[2026-07-30T08:34:30.493Z] InitialReadForge.onBeforeSend: SKIP (fr=true syn=false hasRead=true)
[2026-07-30T08:34:44.495Z] LiveUpdateForge: EndTurn fallback flush
[2026-07-30T08:34:44.496Z] onEndTurn: naturalStop=false toolCalls=27 nudgeMsg=no
[2026-07-30T08:34:46.722Z] LiveUpdateForge: AfterToolExec flush
[2026-07-30T08:34:46.744Z] InitialReadForge.onBeforeSend: SKIP (fr=true syn=false hasRead=true)
[2026-07-30T08:34:57.093Z] LiveUpdateForge: EndTurn fallback flush
[2026-07-30T08:34:57.093Z] onEndTurn: naturalStop=false toolCalls=28 nudgeMsg=no
[2026-07-30T08:34:57.115Z] LiveUpdateForge: AfterToolExec flush
[2026-07-30T08:34:57.134Z] InitialReadForge.onBeforeSend: SKIP (fr=true syn=false hasRead=true)
[2026-07-30T08:35:07.854Z] LiveUpdateForge: EndTurn fallback flush
[2026-07-30T08:35:07.854Z] onEndTurn: naturalStop=false toolCalls=29 nudgeMsg=no
[2026-07-30T08:35:07.861Z] LiveUpdateForge: AfterToolExec flush
[2026-07-30T08:35:07.880Z] InitialReadForge.onBeforeSend: SKIP (fr=true syn=false hasRead=true)
[2026-07-30T08:36:17.893Z] LiveUpdateForge: EndTurn fallback flush
[2026-07-30T08:36:17.893Z] onEndTurn: naturalStop=false toolCalls=30 nudgeMsg=no
[2026-07-30T08:36:17.913Z] LiveUpdateForge: AfterToolExec flush
[2026-07-30T08:36:17.931Z] InitialReadForge.onBeforeSend: SKIP (fr=true syn=false hasRead=true)
[2026-07-30T08:36:30.506Z] LiveUpdateForge: EndTurn fallback flush
[2026-07-30T08:36:30.506Z] onEndTurn: naturalStop=false toolCalls=31 nudgeMsg=no
[2026-07-30T08:36:37.049Z] LiveUpdateForge: AfterToolExec flush
[2026-07-30T08:36:37.070Z] InitialReadForge.onBeforeSend: SKIP (fr=true syn=false hasRead=true)
[2026-07-30T08:36:45.230Z] LiveUpdateForge: EndTurn fallback flush
[2026-07-30T08:36:45.230Z] onEndTurn: naturalStop=true toolCalls=32 nudgeMsg=no
[2026-07-30T08:38:05.178Z] ResumeDiffForge: running checkResumeConsistency
[2026-07-30T08:38:05.178Z] checkResumeConsistency: forgedTimestamps=[["project","1970-01-01T00:00:00.000Z"]]
[2026-07-30T08:38:05.185Z] checkResumeConsistency: injecting 1 diff notification(s)
[2026-07-30T08:38:05.185Z] injectForgedHistory: role=user preview="[agent-auto] [memory-update 2026-07-30 15:53:28] project memory file has been mo"
[2026-07-30T08:38:05.199Z] injectForgedHistory: recordMessage persisted
[2026-07-30T08:38:05.199Z] LiveUpdateForge: session reset, allowLiveUpdate = false
[2026-07-30T08:38:05.199Z] NudgeForge: ResumeComplete — restoring count from history
[2026-07-30T08:38:05.200Z] restoreNudgeCountFromHistory: found last write at idx=549 count=32
[2026-07-30T08:38:05.247Z] LiveUpdateForge: allowLiveUpdate = true (first real BeforeSend)
[2026-07-30T08:38:05.248Z] InitialReadForge.onBeforeSend: SKIP (fr=false syn=false hasRead=true)
[2026-07-30T08:38:19.260Z] LiveUpdateForge: EndTurn fallback flush
[2026-07-30T08:38:19.261Z] onEndTurn: naturalStop=false toolCalls=32 nudgeMsg=no
[2026-07-30T08:38:19.329Z] LiveUpdateForge: AfterToolExec flush
[2026-07-30T08:38:19.344Z] InitialReadForge.onBeforeSend: SKIP (fr=true syn=false hasRead=true)
[2026-07-30T08:38:54.819Z] LiveUpdateForge: EndTurn fallback flush
[2026-07-30T08:38:54.820Z] onEndTurn: naturalStop=true toolCalls=33 nudgeMsg=no
[2026-07-30T08:41:08.258Z] ResumeDiffForge: running checkResumeConsistency
[2026-07-30T08:41:08.259Z] checkResumeConsistency: forgedTimestamps=[["project","1970-01-01T00:00:00.000Z"]]
[2026-07-30T08:41:08.265Z] checkResumeConsistency: injecting 1 diff notification(s)
[2026-07-30T08:41:08.266Z] injectForgedHistory: role=user preview="[agent-auto] [memory-update 2026-07-30 15:53:28] project memory file has been mo"
[2026-07-30T08:41:08.287Z] injectForgedHistory: recordMessage persisted
[2026-07-30T08:41:08.287Z] LiveUpdateForge: session reset, allowLiveUpdate = false
[2026-07-30T08:41:08.287Z] NudgeForge: ResumeComplete — restoring count from history
[2026-07-30T08:41:08.288Z] restoreNudgeCountFromHistory: found last write at idx=549 count=33
[2026-07-30T08:41:08.336Z] LiveUpdateForge: allowLiveUpdate = true (first real BeforeSend)
[2026-07-30T08:41:08.337Z] InitialReadForge.onBeforeSend: SKIP (fr=false syn=false hasRead=true)
[2026-07-30T08:41:19.263Z] LiveUpdateForge: EndTurn fallback flush
[2026-07-30T08:41:19.263Z] onEndTurn: naturalStop=false toolCalls=33 nudgeMsg=no
[2026-07-30T08:41:22.023Z] LiveUpdateForge: AfterToolExec flush
[2026-07-30T08:41:22.042Z] InitialReadForge.onBeforeSend: SKIP (fr=true syn=false hasRead=true)
[2026-07-30T08:41:28.353Z] LiveUpdateForge: EndTurn fallback flush
[2026-07-30T08:41:28.354Z] onEndTurn: naturalStop=true toolCalls=34 nudgeMsg=no
[2026-07-30T08:46:28.255Z] ResumeDiffForge: running checkResumeConsistency
[2026-07-30T08:46:28.255Z] checkResumeConsistency: forgedTimestamps=[["project","1970-01-01T00:00:00.000Z"]]
[2026-07-30T08:46:28.261Z] checkResumeConsistency: injecting 1 diff notification(s)
[2026-07-30T08:46:28.261Z] injectForgedHistory: role=user preview="[agent-auto] [memory-update 2026-07-30 15:53:28] project memory file has been mo"
[2026-07-30T08:46:28.274Z] injectForgedHistory: recordMessage persisted
[2026-07-30T08:46:28.274Z] LiveUpdateForge: session reset, allowLiveUpdate = false
[2026-07-30T08:46:28.275Z] NudgeForge: ResumeComplete — restoring count from history
[2026-07-30T08:46:28.275Z] restoreNudgeCountFromHistory: found last write at idx=549 count=34
[2026-07-30T08:46:28.316Z] LiveUpdateForge: allowLiveUpdate = true (first real BeforeSend)
[2026-07-30T08:46:28.317Z] InitialReadForge.onBeforeSend: SKIP (fr=false syn=false hasRead=true)
[2026-07-30T08:48:35.509Z] LiveUpdateForge: EndTurn fallback flush
[2026-07-30T08:48:35.509Z] onEndTurn: naturalStop=false toolCalls=34 nudgeMsg=no
[2026-07-30T08:48:38.007Z] LiveUpdateForge: AfterToolExec flush
[2026-07-30T08:48:38.028Z] InitialReadForge.onBeforeSend: SKIP (fr=true syn=false hasRead=true)
[2026-07-30T08:49:11.324Z] LiveUpdateForge: EndTurn fallback flush
[2026-07-30T08:49:11.325Z] onEndTurn: naturalStop=true toolCalls=35 nudgeMsg=no
[2026-07-30T08:51:26.603Z] ResumeDiffForge: running checkResumeConsistency
[2026-07-30T08:51:26.604Z] checkResumeConsistency: forgedTimestamps=[["project","1970-01-01T00:00:00.000Z"]]
[2026-07-30T08:51:26.609Z] checkResumeConsistency: injecting 1 diff notification(s)
[2026-07-30T08:51:26.610Z] injectForgedHistory: role=user preview="[agent-auto] [memory-update 2026-07-30 15:53:28] project memory file has been mo"
[2026-07-30T08:51:26.623Z] injectForgedHistory: recordMessage persisted
[2026-07-30T08:51:26.624Z] LiveUpdateForge: session reset, allowLiveUpdate = false
[2026-07-30T08:51:26.624Z] NudgeForge: ResumeComplete — restoring count from history
[2026-07-30T08:51:26.624Z] restoreNudgeCountFromHistory: found last write at idx=549 count=35
[2026-07-30T08:51:26.677Z] LiveUpdateForge: allowLiveUpdate = true (first real BeforeSend)
[2026-07-30T08:51:26.677Z] InitialReadForge.onBeforeSend: SKIP (fr=false syn=false hasRead=true)
[2026-07-30T08:51:57.539Z] LiveUpdateForge: EndTurn fallback flush
[2026-07-30T08:51:57.539Z] onEndTurn: naturalStop=false toolCalls=35 nudgeMsg=no
[2026-07-30T08:52:14.155Z] LiveUpdateForge: AfterToolExec flush
[2026-07-30T08:52:14.179Z] InitialReadForge.onBeforeSend: SKIP (fr=true syn=false hasRead=true)
[2026-07-30T08:52:46.628Z] LiveUpdateForge: EndTurn fallback flush
[2026-07-30T08:52:46.629Z] onEndTurn: naturalStop=false toolCalls=36 nudgeMsg=no
[2026-07-30T08:52:52.182Z] LiveUpdateForge: AfterToolExec flush
[2026-07-30T08:52:52.205Z] InitialReadForge.onBeforeSend: SKIP (fr=true syn=false hasRead=true)
[2026-07-30T08:53:26.738Z] LiveUpdateForge: EndTurn fallback flush
[2026-07-30T08:53:26.738Z] onEndTurn: naturalStop=false toolCalls=37 nudgeMsg=no
[2026-07-30T08:53:31.329Z] LiveUpdateForge: AfterToolExec flush
[2026-07-30T08:53:31.348Z] InitialReadForge.onBeforeSend: SKIP (fr=true syn=false hasRead=true)
[2026-07-30T08:53:40.627Z] LiveUpdateForge: EndTurn fallback flush
[2026-07-30T08:53:40.628Z] onEndTurn: naturalStop=false toolCalls=38 nudgeMsg=no
[2026-07-30T08:53:44.454Z] LiveUpdateForge: AfterToolExec flush
[2026-07-30T08:53:44.476Z] InitialReadForge.onBeforeSend: SKIP (fr=true syn=false hasRead=true)
[2026-07-30T08:54:07.439Z] LiveUpdateForge: EndTurn fallback flush
[2026-07-30T08:54:07.439Z] onEndTurn: naturalStop=false toolCalls=39 nudgeMsg=no
[2026-07-30T08:55:08.465Z] LiveUpdateForge: AfterToolExec flush
[2026-07-30T08:55:08.485Z] InitialReadForge.onBeforeSend: SKIP (fr=true syn=false hasRead=true)
[2026-07-30T08:55:25.357Z] LiveUpdateForge: EndTurn fallback flush
[2026-07-30T08:55:25.358Z] onEndTurn: naturalStop=true toolCalls=40 nudgeMsg=no
[2026-07-30T08:56:23.685Z] ResumeDiffForge: running checkResumeConsistency
[2026-07-30T08:56:23.687Z] checkResumeConsistency: forgedTimestamps=[["project","1970-01-01T00:00:00.000Z"]]
[2026-07-30T08:56:23.692Z] checkResumeConsistency: injecting 1 diff notification(s)
[2026-07-30T08:56:23.693Z] injectForgedHistory: role=user preview="[agent-auto] [memory-update 2026-07-30 15:53:28] project memory file has been mo"
[2026-07-30T08:56:23.711Z] injectForgedHistory: recordMessage persisted
[2026-07-30T08:56:23.712Z] LiveUpdateForge: session reset, allowLiveUpdate = false
[2026-07-30T08:56:23.712Z] NudgeForge: ResumeComplete — restoring count from history
[2026-07-30T08:56:23.713Z] restoreNudgeCountFromHistory: found last write at idx=549 count=40
[2026-07-30T08:56:23.764Z] LiveUpdateForge: allowLiveUpdate = true (first real BeforeSend)
[2026-07-30T08:56:23.764Z] InitialReadForge.onBeforeSend: SKIP (fr=false syn=false hasRead=true)
[2026-07-30T08:56:46.961Z] LiveUpdateForge: EndTurn fallback flush
[2026-07-30T08:56:46.961Z] onEndTurn: naturalStop=false toolCalls=40 nudgeMsg=no
[2026-07-30T08:56:49.342Z] LiveUpdateForge: AfterToolExec flush
[2026-07-30T08:56:49.362Z] InitialReadForge.onBeforeSend: SKIP (fr=true syn=false hasRead=true)
[2026-07-30T08:57:55.960Z] LiveUpdateForge: EndTurn fallback flush
[2026-07-30T08:57:55.960Z] onEndTurn: naturalStop=true toolCalls=41 nudgeMsg=no
[2026-07-30T10:38:17.814Z] MemoryForge: attached 5 listener(s)
[2026-07-30T10:38:17.815Z] InitialReadForge: armed one-shot BeforeSend after NewSessionStart
[2026-07-30T10:38:17.816Z] LiveUpdateForge: session reset, allowLiveUpdate = false
[2026-07-30T10:38:18.672Z] LiveUpdateForge: session reset, allowLiveUpdate = false
[2026-07-30T10:38:18.703Z] ResumeDiffForge: running checkResumeConsistency
[2026-07-30T10:38:18.703Z] checkResumeConsistency: forgedTimestamps=[["project","1970-01-01T00:00:00.000Z"]]
[2026-07-30T10:38:18.711Z] checkResumeConsistency: injecting 1 diff notification(s)
[2026-07-30T10:38:18.711Z] injectForgedHistory: role=user preview="[agent-auto] [memory-update 2026-07-30 15:53:28] project memory file has been mo"
[2026-07-30T10:38:18.712Z] injectForgedHistory: recordMessage persisted
[2026-07-30T10:38:18.712Z] LiveUpdateForge: session reset, allowLiveUpdate = false
[2026-07-30T10:38:18.712Z] NudgeForge: ResumeComplete — restoring count from history
[2026-07-30T10:38:18.713Z] restoreNudgeCountFromHistory: found last write at idx=549 count=41
[2026-07-30T10:38:19.342Z] ResumeDiffForge: running checkResumeConsistency
[2026-07-30T10:38:19.343Z] checkResumeConsistency: forgedTimestamps=[["project","1970-01-01T00:00:00.000Z"]]
[2026-07-30T10:38:19.348Z] checkResumeConsistency: injecting 1 diff notification(s)
[2026-07-30T10:38:19.348Z] injectForgedHistory: role=user preview="[agent-auto] [memory-update 2026-07-30 15:53:28] project memory file has been mo"
[2026-07-30T10:38:19.364Z] injectForgedHistory: recordMessage persisted
[2026-07-30T10:38:19.364Z] LiveUpdateForge: session reset, allowLiveUpdate = false
[2026-07-30T10:38:19.364Z] NudgeForge: ResumeComplete — restoring count from history
[2026-07-30T10:38:19.365Z] restoreNudgeCountFromHistory: found last write at idx=549 count=41
[2026-07-30T10:38:19.474Z] ResumeDiffForge: running checkResumeConsistency
[2026-07-30T10:38:19.475Z] checkResumeConsistency: forgedTimestamps=[["project","1970-01-01T00:00:00.000Z"]]
[2026-07-30T10:38:19.481Z] checkResumeConsistency: injecting 1 diff notification(s)
[2026-07-30T10:38:19.481Z] injectForgedHistory: role=user preview="[agent-auto] [memory-update 2026-07-30 15:53:28] project memory file has been mo"
[2026-07-30T10:38:19.496Z] injectForgedHistory: recordMessage persisted
[2026-07-30T10:38:19.496Z] LiveUpdateForge: session reset, allowLiveUpdate = false
[2026-07-30T10:38:19.496Z] NudgeForge: ResumeComplete — restoring count from history
[2026-07-30T10:38:19.497Z] restoreNudgeCountFromHistory: found last write at idx=549 count=41
[2026-07-30T10:38:19.625Z] MemoryForge: attached 5 listener(s)
[2026-07-30T10:38:19.625Z] InitialReadForge: armed one-shot BeforeSend after NewSessionStart
[2026-07-30T10:38:19.625Z] LiveUpdateForge: session reset, allowLiveUpdate = false
[2026-07-30T10:38:19.633Z] MemoryForge: detached all listeners
[2026-07-30T10:38:19.634Z] ResumeDiffForge: running checkResumeConsistency
[2026-07-30T10:38:19.634Z] checkResumeConsistency: forgedTimestamps=[["project","1970-01-01T00:00:00.000Z"]]
[2026-07-30T10:38:19.658Z] checkResumeConsistency: injecting 1 diff notification(s)
[2026-07-30T10:38:19.658Z] injectForgedHistory: role=user preview="[agent-auto] [memory-update 2026-07-30 15:53:28] project memory file has been mo"
[2026-07-30T10:38:19.671Z] injectForgedHistory: recordMessage persisted
[2026-07-30T10:38:19.672Z] LiveUpdateForge: session reset, allowLiveUpdate = false
[2026-07-30T10:38:19.672Z] NudgeForge: ResumeComplete — restoring count from history
[2026-07-30T10:38:19.672Z] restoreNudgeCountFromHistory: found last write at idx=549 count=41
[2026-07-30T10:38:19.694Z] LiveUpdateForge: allowLiveUpdate = true (first real BeforeSend)
[2026-07-30T10:38:19.695Z] InitialReadForge.onBeforeSend: SKIP (fr=false syn=false hasRead=true)
[2026-07-30T10:39:01.329Z] LiveUpdateForge: EndTurn fallback flush
[2026-07-30T10:39:01.330Z] onEndTurn: naturalStop=false toolCalls=41 nudgeMsg=no
[2026-07-30T10:39:41.356Z] LiveUpdateForge: AfterToolExec flush
[2026-07-30T10:39:41.378Z] InitialReadForge.onBeforeSend: SKIP (fr=true syn=false hasRead=true)
[2026-07-30T10:40:23.492Z] LiveUpdateForge: EndTurn fallback flush
[2026-07-30T10:40:23.492Z] onEndTurn: naturalStop=false toolCalls=42 nudgeMsg=no
[2026-07-30T10:40:26.376Z] LiveUpdateForge: AfterToolExec flush
[2026-07-30T10:40:26.398Z] InitialReadForge.onBeforeSend: SKIP (fr=true syn=false hasRead=true)
[2026-07-30T10:41:27.431Z] LiveUpdateForge: EndTurn fallback flush
[2026-07-30T10:41:27.432Z] onEndTurn: naturalStop=false toolCalls=43 nudgeMsg=no
[2026-07-30T10:41:34.441Z] LiveUpdateForge: AfterToolExec flush
[2026-07-30T10:41:34.466Z] InitialReadForge.onBeforeSend: SKIP (fr=true syn=false hasRead=true)
[2026-07-30T10:41:54.674Z] LiveUpdateForge: EndTurn fallback flush
[2026-07-30T10:41:54.674Z] onEndTurn: naturalStop=true toolCalls=44 nudgeMsg=no
[2026-07-30T10:44:41.904Z] ResumeDiffForge: running checkResumeConsistency
[2026-07-30T10:44:41.905Z] checkResumeConsistency: forgedTimestamps=[["project","1970-01-01T00:00:00.000Z"]]
[2026-07-30T10:44:41.912Z] checkResumeConsistency: injecting 1 diff notification(s)
[2026-07-30T10:44:41.913Z] injectForgedHistory: role=user preview="[agent-auto] [memory-update 2026-07-30 15:53:28] project memory file has been mo"
[2026-07-30T10:44:41.927Z] injectForgedHistory: recordMessage persisted
[2026-07-30T10:44:41.928Z] LiveUpdateForge: session reset, allowLiveUpdate = false
[2026-07-30T10:44:41.928Z] NudgeForge: ResumeComplete — restoring count from history
[2026-07-30T10:44:41.929Z] restoreNudgeCountFromHistory: found last write at idx=549 count=44
[2026-07-30T10:45:02.478Z] ResumeDiffForge: running checkResumeConsistency
[2026-07-30T10:45:02.478Z] checkResumeConsistency: forgedTimestamps=[["project","1970-01-01T00:00:00.000Z"]]
[2026-07-30T10:45:02.483Z] checkResumeConsistency: injecting 1 diff notification(s)
[2026-07-30T10:45:02.483Z] injectForgedHistory: role=user preview="[agent-auto] [memory-update 2026-07-30 15:53:28] project memory file has been mo"
[2026-07-30T10:45:02.497Z] injectForgedHistory: recordMessage persisted
[2026-07-30T10:45:02.497Z] LiveUpdateForge: session reset, allowLiveUpdate = false
[2026-07-30T10:45:02.497Z] NudgeForge: ResumeComplete — restoring count from history
[2026-07-30T10:45:02.497Z] restoreNudgeCountFromHistory: found last write at idx=549 count=44
[2026-07-30T10:45:02.532Z] LiveUpdateForge: allowLiveUpdate = true (first real BeforeSend)
[2026-07-30T10:45:02.533Z] InitialReadForge.onBeforeSend: SKIP (fr=false syn=false hasRead=true)
[2026-07-30T10:46:06.335Z] LiveUpdateForge: EndTurn fallback flush
[2026-07-30T10:46:06.336Z] onEndTurn: naturalStop=false toolCalls=44 nudgeMsg=no
[2026-07-30T10:46:06.386Z] LiveUpdateForge: AfterToolExec flush
[2026-07-30T10:46:06.387Z] LiveUpdateForge: AfterToolExec flush
[2026-07-30T10:46:06.405Z] InitialReadForge.onBeforeSend: SKIP (fr=true syn=false hasRead=true)
[2026-07-30T10:46:38.020Z] LiveUpdateForge: EndTurn fallback flush
[2026-07-30T10:46:38.020Z] onEndTurn: naturalStop=true toolCalls=46 nudgeMsg=no
[2026-07-30T10:53:50.059Z] MemoryForge: attached 5 listener(s)
[2026-07-30T10:53:50.060Z] InitialReadForge: armed one-shot BeforeSend after NewSessionStart
[2026-07-30T10:53:50.060Z] LiveUpdateForge: session reset, allowLiveUpdate = false
[2026-07-30T10:53:50.940Z] LiveUpdateForge: session reset, allowLiveUpdate = false
[2026-07-30T10:53:50.974Z] ResumeDiffForge: running checkResumeConsistency
[2026-07-30T10:53:50.974Z] checkResumeConsistency: forgedTimestamps=[["project","1970-01-01T00:00:00.000Z"]]
[2026-07-30T10:53:50.979Z] checkResumeConsistency: injecting 1 diff notification(s)
[2026-07-30T10:53:50.980Z] injectForgedHistory: role=user preview="[agent-auto] [memory-update 2026-07-30 15:53:28] project memory file has been mo"
[2026-07-30T10:53:50.980Z] injectForgedHistory: recordMessage persisted
[2026-07-30T10:53:50.980Z] LiveUpdateForge: session reset, allowLiveUpdate = false
[2026-07-30T10:53:50.980Z] NudgeForge: ResumeComplete — restoring count from history
[2026-07-30T10:53:50.981Z] restoreNudgeCountFromHistory: found last write at idx=549 count=46
[2026-07-30T10:53:51.335Z] ResumeDiffForge: running checkResumeConsistency
[2026-07-30T10:53:51.336Z] checkResumeConsistency: forgedTimestamps=[["project","1970-01-01T00:00:00.000Z"]]
[2026-07-30T10:53:51.344Z] checkResumeConsistency: injecting 1 diff notification(s)
[2026-07-30T10:53:51.345Z] injectForgedHistory: role=user preview="[agent-auto] [memory-update 2026-07-30 15:53:28] project memory file has been mo"
[2026-07-30T10:53:51.360Z] injectForgedHistory: recordMessage persisted
[2026-07-30T10:53:51.361Z] LiveUpdateForge: session reset, allowLiveUpdate = false
[2026-07-30T10:53:51.361Z] NudgeForge: ResumeComplete — restoring count from history
[2026-07-30T10:53:51.361Z] restoreNudgeCountFromHistory: found last write at idx=549 count=46
[2026-07-30T10:53:51.464Z] ResumeDiffForge: running checkResumeConsistency
[2026-07-30T10:53:51.464Z] checkResumeConsistency: forgedTimestamps=[["project","1970-01-01T00:00:00.000Z"]]
[2026-07-30T10:53:51.471Z] checkResumeConsistency: injecting 1 diff notification(s)
[2026-07-30T10:53:51.471Z] injectForgedHistory: role=user preview="[agent-auto] [memory-update 2026-07-30 15:53:28] project memory file has been mo"
[2026-07-30T10:53:51.484Z] injectForgedHistory: recordMessage persisted
[2026-07-30T10:53:51.484Z] LiveUpdateForge: session reset, allowLiveUpdate = false
[2026-07-30T10:53:51.485Z] NudgeForge: ResumeComplete — restoring count from history
[2026-07-30T10:53:51.485Z] restoreNudgeCountFromHistory: found last write at idx=549 count=46
[2026-07-30T10:53:51.633Z] MemoryForge: attached 5 listener(s)
[2026-07-30T10:53:51.633Z] InitialReadForge: armed one-shot BeforeSend after NewSessionStart
[2026-07-30T10:53:51.633Z] LiveUpdateForge: session reset, allowLiveUpdate = false
[2026-07-30T10:53:51.641Z] MemoryForge: detached all listeners
[2026-07-30T10:53:51.641Z] ResumeDiffForge: running checkResumeConsistency
[2026-07-30T10:53:51.641Z] checkResumeConsistency: forgedTimestamps=[["project","1970-01-01T00:00:00.000Z"]]
[2026-07-30T10:53:51.663Z] checkResumeConsistency: injecting 1 diff notification(s)
[2026-07-30T10:53:51.663Z] injectForgedHistory: role=user preview="[agent-auto] [memory-update 2026-07-30 15:53:28] project memory file has been mo"
[2026-07-30T10:53:51.676Z] injectForgedHistory: recordMessage persisted
[2026-07-30T10:53:51.677Z] LiveUpdateForge: session reset, allowLiveUpdate = false
[2026-07-30T10:53:51.677Z] NudgeForge: ResumeComplete — restoring count from history
[2026-07-30T10:53:51.678Z] restoreNudgeCountFromHistory: found last write at idx=549 count=46
[2026-07-30T10:53:51.694Z] LiveUpdateForge: allowLiveUpdate = true (first real BeforeSend)
[2026-07-30T10:53:51.694Z] InitialReadForge.onBeforeSend: SKIP (fr=false syn=false hasRead=true)
[2026-07-30T10:55:19.766Z] LiveUpdateForge: EndTurn fallback flush
[2026-07-30T10:55:19.766Z] onEndTurn: naturalStop=false toolCalls=46 nudgeMsg=no
[2026-07-30T10:55:19.793Z] InitialReadForge.onBeforeSend: SKIP (fr=true syn=false hasRead=true)
[2026-07-30T10:56:00.445Z] LiveUpdateForge: EndTurn fallback flush
[2026-07-30T10:56:00.445Z] onEndTurn: naturalStop=false toolCalls=46 nudgeMsg=no
[2026-07-30T10:56:00.533Z] LiveUpdateForge: AfterToolExec flush
[2026-07-30T10:56:00.550Z] InitialReadForge.onBeforeSend: SKIP (fr=true syn=false hasRead=true)
[2026-07-30T10:56:11.238Z] LiveUpdateForge: EndTurn fallback flush
[2026-07-30T10:56:11.239Z] onEndTurn: naturalStop=false toolCalls=47 nudgeMsg=no
[2026-07-30T10:56:11.301Z] LiveUpdateForge: AfterToolExec flush
[2026-07-30T10:56:11.317Z] InitialReadForge.onBeforeSend: SKIP (fr=true syn=false hasRead=true)
[2026-07-30T10:56:20.930Z] LiveUpdateForge: EndTurn fallback flush
[2026-07-30T10:56:20.931Z] onEndTurn: naturalStop=true toolCalls=48 nudgeMsg=no
[2026-07-30T10:58:25.650Z] ResumeDiffForge: running checkResumeConsistency
[2026-07-30T10:58:25.651Z] checkResumeConsistency: forgedTimestamps=[["project","1970-01-01T00:00:00.000Z"]]
[2026-07-30T10:58:25.657Z] checkResumeConsistency: injecting 1 diff notification(s)
[2026-07-30T10:58:25.657Z] injectForgedHistory: role=user preview="[agent-auto] [memory-update 2026-07-30 15:53:28] project memory file has been mo"
[2026-07-30T10:58:25.673Z] injectForgedHistory: recordMessage persisted
[2026-07-30T10:58:25.673Z] LiveUpdateForge: session reset, allowLiveUpdate = false
[2026-07-30T10:58:25.673Z] NudgeForge: ResumeComplete — restoring count from history
[2026-07-30T10:58:25.674Z] restoreNudgeCountFromHistory: found last write at idx=549 count=49
[2026-07-30T10:58:25.720Z] LiveUpdateForge: allowLiveUpdate = true (first real BeforeSend)
[2026-07-30T10:58:25.721Z] InitialReadForge.onBeforeSend: SKIP (fr=false syn=false hasRead=true)
[2026-07-30T10:58:34.328Z] LiveUpdateForge: EndTurn fallback flush
[2026-07-30T10:58:34.329Z] onEndTurn: naturalStop=false toolCalls=49 nudgeMsg=no
[2026-07-30T10:58:34.396Z] LiveUpdateForge: AfterToolExec flush
[2026-07-30T10:58:34.411Z] InitialReadForge.onBeforeSend: SKIP (fr=true syn=false hasRead=true)
[2026-07-30T10:58:44.594Z] LiveUpdateForge: EndTurn fallback flush
[2026-07-30T10:58:44.594Z] onEndTurn: naturalStop=false toolCalls=50 nudgeMsg=no
[2026-07-30T10:58:44.604Z] LiveUpdateForge: AfterToolExec flush
[2026-07-30T10:58:44.620Z] InitialReadForge.onBeforeSend: SKIP (fr=true syn=false hasRead=true)
[2026-07-30T10:58:52.486Z] LiveUpdateForge: EndTurn fallback flush
[2026-07-30T10:58:52.487Z] onEndTurn: naturalStop=false toolCalls=51 nudgeMsg=no
[2026-07-30T10:58:52.549Z] LiveUpdateForge: AfterToolExec flush
[2026-07-30T10:58:52.566Z] InitialReadForge.onBeforeSend: SKIP (fr=true syn=false hasRead=true)
[2026-07-30T10:59:14.250Z] LiveUpdateForge: EndTurn fallback flush
[2026-07-30T10:59:14.251Z] onEndTurn: naturalStop=false toolCalls=52 nudgeMsg=no
[2026-07-30T10:59:14.268Z] InitialReadForge.onBeforeSend: SKIP (fr=true syn=false hasRead=true)
[2026-07-30T10:59:26.795Z] LiveUpdateForge: EndTurn fallback flush
[2026-07-30T10:59:26.796Z] onEndTurn: naturalStop=false toolCalls=52 nudgeMsg=no
[2026-07-30T10:59:26.895Z] LiveUpdateForge: AfterToolExec flush
[2026-07-30T10:59:26.911Z] InitialReadForge.onBeforeSend: SKIP (fr=true syn=false hasRead=true)
[2026-07-30T10:59:31.227Z] LiveUpdateForge: EndTurn fallback flush
[2026-07-30T10:59:31.228Z] onEndTurn: naturalStop=false toolCalls=53 nudgeMsg=no
[2026-07-30T10:59:31.234Z] LiveUpdateForge: AfterToolExec flush
[2026-07-30T10:59:31.253Z] InitialReadForge.onBeforeSend: SKIP (fr=true syn=false hasRead=true)
[2026-07-30T10:59:40.973Z] LiveUpdateForge: EndTurn fallback flush
[2026-07-30T10:59:40.974Z] onEndTurn: naturalStop=false toolCalls=54 nudgeMsg=no
[2026-07-30T10:59:40.979Z] LiveUpdateForge: AfterToolExec flush
[2026-07-30T10:59:40.997Z] InitialReadForge.onBeforeSend: SKIP (fr=true syn=false hasRead=true)
[2026-07-30T10:59:52.092Z] LiveUpdateForge: EndTurn fallback flush
[2026-07-30T10:59:52.092Z] onEndTurn: naturalStop=false toolCalls=55 nudgeMsg=no
[2026-07-30T10:59:52.138Z] LiveUpdateForge: AfterToolExec flush
[2026-07-30T10:59:52.156Z] InitialReadForge.onBeforeSend: SKIP (fr=true syn=false hasRead=true)
[2026-07-30T11:00:01.822Z] LiveUpdateForge: EndTurn fallback flush
[2026-07-30T11:00:01.822Z] onEndTurn: naturalStop=false toolCalls=56 nudgeMsg=no
[2026-07-30T11:00:16.196Z] LiveUpdateForge: AfterToolExec flush
[2026-07-30T11:00:16.223Z] InitialReadForge.onBeforeSend: SKIP (fr=true syn=false hasRead=true)
[2026-07-30T11:00:36.644Z] LiveUpdateForge: EndTurn fallback flush
[2026-07-30T11:00:36.645Z] onEndTurn: naturalStop=false toolCalls=57 nudgeMsg=no
[2026-07-30T11:00:36.669Z] InitialReadForge.onBeforeSend: SKIP (fr=true syn=false hasRead=true)
[2026-07-30T11:00:41.976Z] LiveUpdateForge: EndTurn fallback flush
[2026-07-30T11:00:41.977Z] onEndTurn: naturalStop=false toolCalls=57 nudgeMsg=no
[2026-07-30T11:00:41.999Z] InitialReadForge.onBeforeSend: SKIP (fr=true syn=false hasRead=true)
[2026-07-30T11:01:13.884Z] LiveUpdateForge: EndTurn fallback flush
[2026-07-30T11:01:13.885Z] onEndTurn: naturalStop=true toolCalls=0 nudgeMsg=YES
[2026-07-30T11:01:13.887Z] InitialReadForge.onBeforeSend: SKIP (fr=false syn=false hasRead=true)
[2026-07-30T11:01:28.661Z] LiveUpdateForge: EndTurn fallback flush
[2026-07-30T11:01:28.661Z] onEndTurn: naturalStop=false toolCalls=0 nudgeMsg=no
[2026-07-30T11:01:28.677Z] LiveUpdateForge: self-write on D:\Unity\E1\CODELY.md, baseline aligned
[2026-07-30T11:01:28.678Z] LiveUpdateForge: AfterToolExec flush
[2026-07-30T11:01:28.698Z] InitialReadForge.onBeforeSend: SKIP (fr=true syn=false hasRead=true)
[2026-07-30T11:01:33.945Z] LiveUpdateForge: EndTurn fallback flush
[2026-07-30T11:01:33.945Z] onEndTurn: naturalStop=true toolCalls=0 nudgeMsg=no
[2026-07-30T11:02:55.777Z] ResumeDiffForge: running checkResumeConsistency
[2026-07-30T11:02:55.777Z] checkResumeConsistency: forgedTimestamps=[["project","1970-01-01T00:00:00.000Z"]]
[2026-07-30T11:02:55.784Z] checkResumeConsistency: injecting 1 diff notification(s)
[2026-07-30T11:02:55.784Z] injectForgedHistory: role=user preview="[agent-auto] [memory-update 2026-07-30 19:01:28] project memory file has been mo"
[2026-07-30T11:02:55.866Z] injectForgedHistory: recordMessage persisted
[2026-07-30T11:02:55.866Z] LiveUpdateForge: session reset, allowLiveUpdate = false
[2026-07-30T11:02:55.866Z] NudgeForge: ResumeComplete — restoring count from history
[2026-07-30T11:02:55.867Z] restoreNudgeCountFromHistory: found last write at idx=719 count=0
[2026-07-30T11:02:55.913Z] LiveUpdateForge: allowLiveUpdate = true (first real BeforeSend)
[2026-07-30T11:02:55.914Z] InitialReadForge.onBeforeSend: SKIP (fr=false syn=false hasRead=true)
[2026-07-30T11:03:12.156Z] LiveUpdateForge: EndTurn fallback flush
[2026-07-30T11:03:12.157Z] onEndTurn: naturalStop=true toolCalls=0 nudgeMsg=no
[2026-07-30T11:03:56.037Z] ResumeDiffForge: running checkResumeConsistency
[2026-07-30T11:03:56.037Z] checkResumeConsistency: forgedTimestamps=[["project","1970-01-01T00:00:00.000Z"]]
[2026-07-30T11:03:56.044Z] checkResumeConsistency: injecting 1 diff notification(s)
[2026-07-30T11:03:56.044Z] injectForgedHistory: role=user preview="[agent-auto] [memory-update 2026-07-30 19:01:28] project memory file has been mo"
[2026-07-30T11:03:56.057Z] injectForgedHistory: recordMessage persisted
[2026-07-30T11:03:56.058Z] LiveUpdateForge: session reset, allowLiveUpdate = false
[2026-07-30T11:03:56.058Z] NudgeForge: ResumeComplete — restoring count from history
[2026-07-30T11:03:56.058Z] restoreNudgeCountFromHistory: found last write at idx=719 count=0
[2026-07-30T11:03:56.105Z] LiveUpdateForge: allowLiveUpdate = true (first real BeforeSend)
[2026-07-30T11:03:56.106Z] InitialReadForge.onBeforeSend: SKIP (fr=false syn=false hasRead=true)
[2026-07-30T11:04:46.519Z] LiveUpdateForge: EndTurn fallback flush
[2026-07-30T11:04:46.520Z] onEndTurn: naturalStop=false toolCalls=0 nudgeMsg=no
[2026-07-30T11:04:46.532Z] LiveUpdateForge: AfterToolExec flush
[2026-07-30T11:04:46.551Z] InitialReadForge.onBeforeSend: SKIP (fr=true syn=false hasRead=true)
[2026-07-30T11:05:04.608Z] LiveUpdateForge: EndTurn fallback flush
[2026-07-30T11:05:04.609Z] onEndTurn: naturalStop=false toolCalls=1 nudgeMsg=no
[2026-07-30T11:05:04.651Z] LiveUpdateForge: AfterToolExec flush
[2026-07-30T11:05:04.668Z] InitialReadForge.onBeforeSend: SKIP (fr=true syn=false hasRead=true)
[2026-07-30T11:05:21.654Z] LiveUpdateForge: EndTurn fallback flush
[2026-07-30T11:05:21.654Z] onEndTurn: naturalStop=true toolCalls=2 nudgeMsg=no
[2026-07-30T11:06:40.890Z] ResumeDiffForge: running checkResumeConsistency
[2026-07-30T11:06:40.891Z] checkResumeConsistency: forgedTimestamps=[["project","1970-01-01T00:00:00.000Z"]]
[2026-07-30T11:06:40.897Z] checkResumeConsistency: injecting 1 diff notification(s)
[2026-07-30T11:06:40.897Z] injectForgedHistory: role=user preview="[agent-auto] [memory-update 2026-07-30 19:01:28] project memory file has been mo"
[2026-07-30T11:06:40.914Z] injectForgedHistory: recordMessage persisted
[2026-07-30T11:06:40.914Z] LiveUpdateForge: session reset, allowLiveUpdate = false
[2026-07-30T11:06:40.915Z] NudgeForge: ResumeComplete — restoring count from history
[2026-07-30T11:06:40.915Z] restoreNudgeCountFromHistory: found last write at idx=719 count=2
[2026-07-30T11:06:40.964Z] LiveUpdateForge: allowLiveUpdate = true (first real BeforeSend)
[2026-07-30T11:06:40.964Z] InitialReadForge.onBeforeSend: SKIP (fr=false syn=false hasRead=true)
[2026-07-30T11:06:51.225Z] LiveUpdateForge: EndTurn fallback flush
[2026-07-30T11:06:51.226Z] onEndTurn: naturalStop=false toolCalls=2 nudgeMsg=no
[2026-07-30T11:06:51.239Z] LiveUpdateForge: AfterToolExec flush
[2026-07-30T11:06:51.261Z] InitialReadForge.onBeforeSend: SKIP (fr=true syn=false hasRead=true)
[2026-07-30T11:07:05.323Z] LiveUpdateForge: EndTurn fallback flush
[2026-07-30T11:07:05.323Z] onEndTurn: naturalStop=false toolCalls=3 nudgeMsg=no
[2026-07-30T11:07:05.370Z] LiveUpdateForge: AfterToolExec flush
[2026-07-30T11:07:05.390Z] InitialReadForge.onBeforeSend: SKIP (fr=true syn=false hasRead=true)
[2026-07-30T11:07:16.898Z] LiveUpdateForge: EndTurn fallback flush
[2026-07-30T11:07:16.899Z] onEndTurn: naturalStop=false toolCalls=4 nudgeMsg=no
[2026-07-30T11:07:16.919Z] LiveUpdateForge: AfterToolExec flush
[2026-07-30T11:07:16.940Z] InitialReadForge.onBeforeSend: SKIP (fr=true syn=false hasRead=true)
[2026-07-30T11:07:34.312Z] LiveUpdateForge: EndTurn fallback flush
[2026-07-30T11:07:34.312Z] onEndTurn: naturalStop=false toolCalls=5 nudgeMsg=no
[2026-07-30T11:07:34.333Z] LiveUpdateForge: AfterToolExec flush
[2026-07-30T11:07:34.352Z] InitialReadForge.onBeforeSend: SKIP (fr=true syn=false hasRead=true)
[2026-07-30T11:07:43.001Z] LiveUpdateForge: EndTurn fallback flush
[2026-07-30T11:07:43.001Z] onEndTurn: naturalStop=false toolCalls=6 nudgeMsg=no
[2026-07-30T11:07:43.009Z] LiveUpdateForge: AfterToolExec flush
[2026-07-30T11:07:43.033Z] InitialReadForge.onBeforeSend: SKIP (fr=true syn=false hasRead=true)
[2026-07-30T11:08:07.805Z] LiveUpdateForge: EndTurn fallback flush
[2026-07-30T11:08:07.806Z] onEndTurn: naturalStop=false toolCalls=7 nudgeMsg=no
[2026-07-30T11:08:07.855Z] LiveUpdateForge: AfterToolExec flush
[2026-07-30T11:08:07.875Z] InitialReadForge.onBeforeSend: SKIP (fr=true syn=false hasRead=true)
[2026-07-30T11:08:11.980Z] LiveUpdateForge: EndTurn fallback flush
[2026-07-30T11:08:11.981Z] onEndTurn: naturalStop=false toolCalls=8 nudgeMsg=no
[2026-07-30T11:08:12.002Z] LiveUpdateForge: AfterToolExec flush
[2026-07-30T11:08:12.024Z] InitialReadForge.onBeforeSend: SKIP (fr=true syn=false hasRead=true)
[2026-07-30T11:08:16.910Z] LiveUpdateForge: EndTurn fallback flush
[2026-07-30T11:08:16.911Z] onEndTurn: naturalStop=false toolCalls=9 nudgeMsg=no
[2026-07-30T11:08:16.935Z] LiveUpdateForge: AfterToolExec flush
[2026-07-30T11:08:16.960Z] InitialReadForge.onBeforeSend: SKIP (fr=true syn=false hasRead=true)
[2026-07-30T11:08:20.794Z] LiveUpdateForge: EndTurn fallback flush
[2026-07-30T11:08:20.794Z] onEndTurn: naturalStop=false toolCalls=10 nudgeMsg=no
[2026-07-30T11:09:25.466Z] LiveUpdateForge: AfterToolExec flush
[2026-07-30T11:09:25.489Z] InitialReadForge.onBeforeSend: SKIP (fr=true syn=false hasRead=true)
[2026-07-30T11:09:39.885Z] LiveUpdateForge: EndTurn fallback flush
[2026-07-30T11:09:39.885Z] onEndTurn: naturalStop=false toolCalls=11 nudgeMsg=no
[2026-07-30T11:09:43.720Z] LiveUpdateForge: AfterToolExec flush
[2026-07-30T11:09:43.744Z] InitialReadForge.onBeforeSend: SKIP (fr=true syn=false hasRead=true)
[2026-07-30T11:10:08.310Z] LiveUpdateForge: EndTurn fallback flush
[2026-07-30T11:10:08.310Z] onEndTurn: naturalStop=true toolCalls=12 nudgeMsg=no
[2026-07-30T11:11:06.822Z] ResumeDiffForge: running checkResumeConsistency
[2026-07-30T11:11:06.822Z] checkResumeConsistency: forgedTimestamps=[["project","1970-01-01T00:00:00.000Z"]]
[2026-07-30T11:11:06.828Z] checkResumeConsistency: injecting 1 diff notification(s)
[2026-07-30T11:11:06.828Z] injectForgedHistory: role=user preview="[agent-auto] [memory-update 2026-07-30 19:01:28] project memory file has been mo"
[2026-07-30T11:11:06.846Z] injectForgedHistory: recordMessage persisted
[2026-07-30T11:11:06.846Z] LiveUpdateForge: session reset, allowLiveUpdate = false
[2026-07-30T11:11:06.846Z] NudgeForge: ResumeComplete — restoring count from history
[2026-07-30T11:11:06.847Z] restoreNudgeCountFromHistory: found last write at idx=719 count=12
[2026-07-30T11:11:06.908Z] LiveUpdateForge: allowLiveUpdate = true (first real BeforeSend)
[2026-07-30T11:11:06.908Z] InitialReadForge.onBeforeSend: SKIP (fr=false syn=false hasRead=true)
[2026-07-30T11:11:59.549Z] LiveUpdateForge: EndTurn fallback flush
[2026-07-30T11:11:59.549Z] onEndTurn: naturalStop=true toolCalls=12 nudgeMsg=no
[2026-07-30T11:12:19.968Z] ResumeDiffForge: running checkResumeConsistency
[2026-07-30T11:12:19.968Z] checkResumeConsistency: forgedTimestamps=[["project","1970-01-01T00:00:00.000Z"]]
[2026-07-30T11:12:19.975Z] checkResumeConsistency: injecting 1 diff notification(s)
[2026-07-30T11:12:19.975Z] injectForgedHistory: role=user preview="[agent-auto] [memory-update 2026-07-30 19:01:28] project memory file has been mo"
[2026-07-30T11:12:19.994Z] injectForgedHistory: recordMessage persisted
[2026-07-30T11:12:19.994Z] LiveUpdateForge: session reset, allowLiveUpdate = false
[2026-07-30T11:12:19.995Z] NudgeForge: ResumeComplete — restoring count from history
[2026-07-30T11:12:19.995Z] restoreNudgeCountFromHistory: found last write at idx=719 count=12
[2026-07-30T11:12:20.053Z] LiveUpdateForge: allowLiveUpdate = true (first real BeforeSend)
[2026-07-30T11:12:20.054Z] InitialReadForge.onBeforeSend: SKIP (fr=false syn=false hasRead=true)
[2026-07-30T11:13:50.987Z] LiveUpdateForge: EndTurn fallback flush
[2026-07-30T11:13:50.988Z] onEndTurn: naturalStop=true toolCalls=12 nudgeMsg=no
[2026-07-30T11:14:29.028Z] ResumeDiffForge: running checkResumeConsistency
[2026-07-30T11:14:29.029Z] checkResumeConsistency: forgedTimestamps=[["project","1970-01-01T00:00:00.000Z"]]
[2026-07-30T11:14:29.035Z] checkResumeConsistency: injecting 1 diff notification(s)
[2026-07-30T11:14:29.036Z] injectForgedHistory: role=user preview="[agent-auto] [memory-update 2026-07-30 19:01:28] project memory file has been mo"
[2026-07-30T11:14:29.055Z] injectForgedHistory: recordMessage persisted
[2026-07-30T11:14:29.055Z] LiveUpdateForge: session reset, allowLiveUpdate = false
[2026-07-30T11:14:29.056Z] NudgeForge: ResumeComplete — restoring count from history
[2026-07-30T11:14:29.056Z] restoreNudgeCountFromHistory: found last write at idx=719 count=12
[2026-07-30T11:14:40.751Z] ResumeDiffForge: running checkResumeConsistency
[2026-07-30T11:14:40.751Z] checkResumeConsistency: forgedTimestamps=[["project","1970-01-01T00:00:00.000Z"]]
[2026-07-30T11:14:40.758Z] checkResumeConsistency: injecting 1 diff notification(s)
[2026-07-30T11:14:40.758Z] injectForgedHistory: role=user preview="[agent-auto] [memory-update 2026-07-30 19:01:28] project memory file has been mo"
[2026-07-30T11:14:40.780Z] injectForgedHistory: recordMessage persisted
[2026-07-30T11:14:40.781Z] LiveUpdateForge: session reset, allowLiveUpdate = false
[2026-07-30T11:14:40.781Z] NudgeForge: ResumeComplete — restoring count from history
[2026-07-30T11:14:40.781Z] restoreNudgeCountFromHistory: found last write at idx=719 count=12
[2026-07-30T11:14:40.827Z] LiveUpdateForge: allowLiveUpdate = true (first real BeforeSend)
[2026-07-30T11:14:40.828Z] InitialReadForge.onBeforeSend: SKIP (fr=false syn=false hasRead=true)
[2026-07-30T11:15:27.315Z] LiveUpdateForge: EndTurn fallback flush
[2026-07-30T11:15:27.316Z] onEndTurn: naturalStop=false toolCalls=12 nudgeMsg=no
[2026-07-30T11:15:27.365Z] LiveUpdateForge: AfterToolExec flush
[2026-07-30T11:15:27.382Z] InitialReadForge.onBeforeSend: SKIP (fr=true syn=false hasRead=true)
[2026-07-30T11:15:32.848Z] LiveUpdateForge: EndTurn fallback flush
[2026-07-30T11:15:32.849Z] onEndTurn: naturalStop=false toolCalls=13 nudgeMsg=no
[2026-07-30T11:15:34.257Z] LiveUpdateForge: AfterToolExec flush
[2026-07-30T11:15:34.283Z] InitialReadForge.onBeforeSend: SKIP (fr=true syn=false hasRead=true)
[2026-07-30T11:15:40.266Z] LiveUpdateForge: EndTurn fallback flush
[2026-07-30T11:15:40.267Z] onEndTurn: naturalStop=false toolCalls=14 nudgeMsg=no
[2026-07-30T11:15:41.398Z] LiveUpdateForge: AfterToolExec flush
[2026-07-30T11:15:41.423Z] InitialReadForge.onBeforeSend: SKIP (fr=true syn=false hasRead=true)
[2026-07-30T11:16:10.754Z] LiveUpdateForge: EndTurn fallback flush
[2026-07-30T11:16:10.755Z] onEndTurn: naturalStop=true toolCalls=15 nudgeMsg=no
[2026-07-30T11:16:38.853Z] ResumeDiffForge: running checkResumeConsistency
[2026-07-30T11:16:38.854Z] checkResumeConsistency: forgedTimestamps=[["project","1970-01-01T00:00:00.000Z"]]
[2026-07-30T11:16:38.860Z] checkResumeConsistency: injecting 1 diff notification(s)
[2026-07-30T11:16:38.860Z] injectForgedHistory: role=user preview="[agent-auto] [memory-update 2026-07-30 19:01:28] project memory file has been mo"
[2026-07-30T11:16:38.876Z] injectForgedHistory: recordMessage persisted
[2026-07-30T11:16:38.877Z] LiveUpdateForge: session reset, allowLiveUpdate = false
[2026-07-30T11:16:38.877Z] NudgeForge: ResumeComplete — restoring count from history
[2026-07-30T11:16:38.877Z] restoreNudgeCountFromHistory: found last write at idx=719 count=15
[2026-07-30T11:16:38.928Z] LiveUpdateForge: allowLiveUpdate = true (first real BeforeSend)
[2026-07-30T11:16:38.929Z] InitialReadForge.onBeforeSend: SKIP (fr=false syn=false hasRead=true)
[2026-07-30T11:17:01.366Z] LiveUpdateForge: EndTurn fallback flush
[2026-07-30T11:17:01.366Z] onEndTurn: naturalStop=false toolCalls=15 nudgeMsg=no
[2026-07-30T11:17:01.749Z] LiveUpdateForge: AfterToolExec flush
[2026-07-30T11:17:01.773Z] InitialReadForge.onBeforeSend: SKIP (fr=true syn=false hasRead=true)
[2026-07-30T11:17:07.595Z] LiveUpdateForge: EndTurn fallback flush
[2026-07-30T11:17:07.596Z] onEndTurn: naturalStop=false toolCalls=16 nudgeMsg=no
[2026-07-30T11:17:07.690Z] LiveUpdateForge: AfterToolExec flush
[2026-07-30T11:17:07.708Z] InitialReadForge.onBeforeSend: SKIP (fr=true syn=false hasRead=true)
[2026-07-30T11:17:16.086Z] LiveUpdateForge: EndTurn fallback flush
[2026-07-30T11:17:16.086Z] onEndTurn: naturalStop=false toolCalls=17 nudgeMsg=no
[2026-07-30T11:17:16.845Z] LiveUpdateForge: AfterToolExec flush
[2026-07-30T11:17:16.868Z] InitialReadForge.onBeforeSend: SKIP (fr=true syn=false hasRead=true)
[2026-07-30T11:17:56.802Z] LiveUpdateForge: EndTurn fallback flush
[2026-07-30T11:17:56.802Z] onEndTurn: naturalStop=true toolCalls=18 nudgeMsg=no
[2026-07-30T11:22:13.116Z] ResumeDiffForge: running checkResumeConsistency
[2026-07-30T11:22:13.117Z] checkResumeConsistency: forgedTimestamps=[["project","1970-01-01T00:00:00.000Z"]]
[2026-07-30T11:22:13.123Z] checkResumeConsistency: injecting 1 diff notification(s)
[2026-07-30T11:22:13.123Z] injectForgedHistory: role=user preview="[agent-auto] [memory-update 2026-07-30 19:01:28] project memory file has been mo"
[2026-07-30T11:22:13.144Z] injectForgedHistory: recordMessage persisted
[2026-07-30T11:22:13.144Z] LiveUpdateForge: session reset, allowLiveUpdate = false
[2026-07-30T11:22:13.145Z] NudgeForge: ResumeComplete — restoring count from history
[2026-07-30T11:22:13.145Z] restoreNudgeCountFromHistory: found last write at idx=719 count=18
[2026-07-30T11:22:13.199Z] LiveUpdateForge: allowLiveUpdate = true (first real BeforeSend)
[2026-07-30T11:22:13.199Z] InitialReadForge.onBeforeSend: SKIP (fr=false syn=false hasRead=true)
[2026-07-30T11:22:21.116Z] LiveUpdateForge: EndTurn fallback flush
[2026-07-30T11:22:21.116Z] onEndTurn: naturalStop=false toolCalls=18 nudgeMsg=no
[2026-07-30T11:22:21.158Z] LiveUpdateForge: AfterToolExec flush
[2026-07-30T11:22:21.179Z] InitialReadForge.onBeforeSend: SKIP (fr=true syn=false hasRead=true)
[2026-07-30T11:22:45.398Z] LiveUpdateForge: EndTurn fallback flush
[2026-07-30T11:22:45.399Z] onEndTurn: naturalStop=false toolCalls=19 nudgeMsg=no
[2026-07-30T11:22:47.168Z] LiveUpdateForge: AfterToolExec flush
[2026-07-30T11:22:47.190Z] InitialReadForge.onBeforeSend: SKIP (fr=true syn=false hasRead=true)
[2026-07-30T11:23:00.917Z] LiveUpdateForge: EndTurn fallback flush
[2026-07-30T11:23:00.917Z] onEndTurn: naturalStop=true toolCalls=20 nudgeMsg=no
[2026-07-30T11:27:05.078Z] ResumeDiffForge: running checkResumeConsistency
[2026-07-30T11:27:05.079Z] checkResumeConsistency: forgedTimestamps=[["project","1970-01-01T00:00:00.000Z"]]
[2026-07-30T11:27:05.086Z] checkResumeConsistency: injecting 1 diff notification(s)
[2026-07-30T11:27:05.086Z] injectForgedHistory: role=user preview="[agent-auto] [memory-update 2026-07-30 19:01:28] project memory file has been mo"
[2026-07-30T11:27:05.104Z] injectForgedHistory: recordMessage persisted
[2026-07-30T11:27:05.104Z] LiveUpdateForge: session reset, allowLiveUpdate = false
[2026-07-30T11:27:05.104Z] NudgeForge: ResumeComplete — restoring count from history
[2026-07-30T11:27:05.105Z] restoreNudgeCountFromHistory: found last write at idx=719 count=20
[2026-07-30T11:27:05.161Z] LiveUpdateForge: allowLiveUpdate = true (first real BeforeSend)
[2026-07-30T11:27:05.162Z] InitialReadForge.onBeforeSend: SKIP (fr=false syn=false hasRead=true)
[2026-07-30T11:28:36.245Z] LiveUpdateForge: EndTurn fallback flush
[2026-07-30T11:28:36.245Z] onEndTurn: naturalStop=false toolCalls=20 nudgeMsg=no
[2026-07-30T11:28:36.259Z] LiveUpdateForge: AfterToolExec flush
[2026-07-30T11:28:36.280Z] InitialReadForge.onBeforeSend: SKIP (fr=true syn=false hasRead=true)
[2026-07-30T11:28:44.331Z] LiveUpdateForge: EndTurn fallback flush
[2026-07-30T11:28:44.331Z] onEndTurn: naturalStop=false toolCalls=21 nudgeMsg=no
[2026-07-30T11:28:44.338Z] LiveUpdateForge: AfterToolExec flush
[2026-07-30T11:28:44.359Z] InitialReadForge.onBeforeSend: SKIP (fr=true syn=false hasRead=true)
[2026-07-30T11:28:53.320Z] LiveUpdateForge: EndTurn fallback flush
[2026-07-30T11:28:53.320Z] onEndTurn: naturalStop=false toolCalls=22 nudgeMsg=no
[2026-07-30T11:28:53.327Z] LiveUpdateForge: AfterToolExec flush
[2026-07-30T11:28:53.348Z] InitialReadForge.onBeforeSend: SKIP (fr=true syn=false hasRead=true)
[2026-07-30T11:29:09.150Z] LiveUpdateForge: EndTurn fallback flush
[2026-07-30T11:29:09.150Z] onEndTurn: naturalStop=false toolCalls=23 nudgeMsg=no
[2026-07-30T11:29:09.192Z] LiveUpdateForge: AfterToolExec flush
[2026-07-30T11:29:09.211Z] InitialReadForge.onBeforeSend: SKIP (fr=true syn=false hasRead=true)
[2026-07-30T11:29:17.508Z] LiveUpdateForge: EndTurn fallback flush
[2026-07-30T11:29:17.508Z] onEndTurn: naturalStop=false toolCalls=24 nudgeMsg=no
[2026-07-30T11:29:17.529Z] LiveUpdateForge: AfterToolExec flush
[2026-07-30T11:29:17.550Z] InitialReadForge.onBeforeSend: SKIP (fr=true syn=false hasRead=true)
[2026-07-30T11:29:23.418Z] LiveUpdateForge: EndTurn fallback flush
[2026-07-30T11:29:23.418Z] onEndTurn: naturalStop=false toolCalls=25 nudgeMsg=no
[2026-07-30T11:29:25.157Z] LiveUpdateForge: AfterToolExec flush
[2026-07-30T11:29:25.190Z] InitialReadForge.onBeforeSend: SKIP (fr=true syn=false hasRead=true)
[2026-07-30T11:29:29.971Z] LiveUpdateForge: EndTurn fallback flush
[2026-07-30T11:29:29.971Z] onEndTurn: naturalStop=false toolCalls=26 nudgeMsg=no
[2026-07-30T11:29:29.991Z] LiveUpdateForge: AfterToolExec flush
[2026-07-30T11:29:30.010Z] InitialReadForge.onBeforeSend: SKIP (fr=true syn=false hasRead=true)
[2026-07-30T11:29:34.764Z] LiveUpdateForge: EndTurn fallback flush
[2026-07-30T11:29:34.765Z] onEndTurn: naturalStop=false toolCalls=27 nudgeMsg=no
[2026-07-30T11:29:40.911Z] LiveUpdateForge: AfterToolExec flush
[2026-07-30T11:29:40.937Z] InitialReadForge.onBeforeSend: SKIP (fr=true syn=false hasRead=true)
[2026-07-30T11:30:22.336Z] LiveUpdateForge: EndTurn fallback flush
[2026-07-30T11:30:22.336Z] onEndTurn: naturalStop=false toolCalls=28 nudgeMsg=no
[2026-07-30T11:30:22.345Z] LiveUpdateForge: AfterToolExec flush
[2026-07-30T11:30:22.369Z] InitialReadForge.onBeforeSend: SKIP (fr=true syn=false hasRead=true)
[2026-07-30T11:31:36.356Z] LiveUpdateForge: EndTurn fallback flush
[2026-07-30T11:31:36.357Z] onEndTurn: naturalStop=false toolCalls=29 nudgeMsg=no
[2026-07-30T11:31:36.401Z] LiveUpdateForge: AfterToolExec flush
[2026-07-30T11:31:36.425Z] InitialReadForge.onBeforeSend: SKIP (fr=true syn=false hasRead=true)
[2026-07-30T11:31:59.816Z] LiveUpdateForge: EndTurn fallback flush
[2026-07-30T11:31:59.816Z] onEndTurn: naturalStop=false toolCalls=30 nudgeMsg=no
[2026-07-30T11:32:00.753Z] LiveUpdateForge: AfterToolExec flush
[2026-07-30T11:32:00.785Z] InitialReadForge.onBeforeSend: SKIP (fr=true syn=false hasRead=true)
[2026-07-30T11:32:09.633Z] LiveUpdateForge: EndTurn fallback flush
[2026-07-30T11:32:09.633Z] onEndTurn: naturalStop=false toolCalls=31 nudgeMsg=no
[2026-07-30T11:32:09.641Z] LiveUpdateForge: AfterToolExec flush
[2026-07-30T11:32:09.665Z] InitialReadForge.onBeforeSend: SKIP (fr=true syn=false hasRead=true)
[2026-07-30T11:32:42.866Z] LiveUpdateForge: EndTurn fallback flush
[2026-07-30T11:32:42.866Z] onEndTurn: naturalStop=false toolCalls=32 nudgeMsg=no
[2026-07-30T11:32:42.965Z] LiveUpdateForge: AfterToolExec flush
[2026-07-30T11:32:43.031Z] InitialReadForge.onBeforeSend: SKIP (fr=true syn=false hasRead=true)
[2026-07-30T11:33:52.600Z] LiveUpdateForge: EndTurn fallback flush
[2026-07-30T11:33:52.600Z] onEndTurn: naturalStop=false toolCalls=33 nudgeMsg=no
[2026-07-30T11:33:57.773Z] LiveUpdateForge: AfterToolExec flush
[2026-07-30T11:33:57.802Z] InitialReadForge.onBeforeSend: SKIP (fr=true syn=false hasRead=true)
[2026-07-30T11:34:07.919Z] LiveUpdateForge: EndTurn fallback flush
[2026-07-30T11:34:07.919Z] onEndTurn: naturalStop=true toolCalls=34 nudgeMsg=no
[2026-07-30T11:35:53.123Z] ResumeDiffForge: running checkResumeConsistency
[2026-07-30T11:35:53.124Z] checkResumeConsistency: forgedTimestamps=[["project","1970-01-01T00:00:00.000Z"]]
[2026-07-30T11:35:53.130Z] checkResumeConsistency: injecting 1 diff notification(s)
[2026-07-30T11:35:53.130Z] injectForgedHistory: role=user preview="[agent-auto] [memory-update 2026-07-30 19:01:28] project memory file has been mo"
[2026-07-30T11:35:53.147Z] injectForgedHistory: recordMessage persisted
[2026-07-30T11:35:53.147Z] LiveUpdateForge: session reset, allowLiveUpdate = false
[2026-07-30T11:35:53.148Z] NudgeForge: ResumeComplete — restoring count from history
[2026-07-30T11:35:53.148Z] restoreNudgeCountFromHistory: found last write at idx=719 count=34
[2026-07-30T11:35:53.202Z] LiveUpdateForge: allowLiveUpdate = true (first real BeforeSend)
[2026-07-30T11:35:53.203Z] InitialReadForge.onBeforeSend: SKIP (fr=false syn=false hasRead=true)
[2026-07-30T11:36:02.697Z] LiveUpdateForge: EndTurn fallback flush
[2026-07-30T11:36:02.697Z] onEndTurn: naturalStop=false toolCalls=34 nudgeMsg=no
[2026-07-30T11:36:02.708Z] LiveUpdateForge: AfterToolExec flush
[2026-07-30T11:36:02.726Z] InitialReadForge.onBeforeSend: SKIP (fr=true syn=false hasRead=true)
[2026-07-30T11:36:17.947Z] LiveUpdateForge: EndTurn fallback flush
[2026-07-30T11:36:17.947Z] onEndTurn: naturalStop=false toolCalls=35 nudgeMsg=no
[2026-07-30T11:36:17.954Z] LiveUpdateForge: AfterToolExec flush
[2026-07-30T11:36:17.974Z] InitialReadForge.onBeforeSend: SKIP (fr=true syn=false hasRead=true)
[2026-07-30T11:36:29.916Z] LiveUpdateForge: EndTurn fallback flush
[2026-07-30T11:36:29.916Z] onEndTurn: naturalStop=false toolCalls=36 nudgeMsg=no
[2026-07-30T11:36:29.956Z] LiveUpdateForge: AfterToolExec flush
[2026-07-30T11:36:29.974Z] InitialReadForge.onBeforeSend: SKIP (fr=true syn=false hasRead=true)
[2026-07-30T11:36:48.878Z] LiveUpdateForge: EndTurn fallback flush
[2026-07-30T11:36:48.879Z] onEndTurn: naturalStop=false toolCalls=37 nudgeMsg=no
[2026-07-30T11:36:48.917Z] LiveUpdateForge: AfterToolExec flush
[2026-07-30T11:36:48.936Z] InitialReadForge.onBeforeSend: SKIP (fr=true syn=false hasRead=true)
[2026-07-30T11:37:02.702Z] LiveUpdateForge: EndTurn fallback flush
[2026-07-30T11:37:02.702Z] onEndTurn: naturalStop=false toolCalls=38 nudgeMsg=no
[2026-07-30T11:37:02.797Z] LiveUpdateForge: AfterToolExec flush
[2026-07-30T11:37:02.816Z] InitialReadForge.onBeforeSend: SKIP (fr=true syn=false hasRead=true)
[2026-07-30T11:37:12.119Z] LiveUpdateForge: EndTurn fallback flush
[2026-07-30T11:37:12.120Z] onEndTurn: naturalStop=false toolCalls=39 nudgeMsg=no
[2026-07-30T11:37:12.210Z] LiveUpdateForge: AfterToolExec flush
[2026-07-30T11:37:12.228Z] InitialReadForge.onBeforeSend: SKIP (fr=true syn=false hasRead=true)
[2026-07-30T11:37:25.959Z] LiveUpdateForge: EndTurn fallback flush
[2026-07-30T11:37:25.959Z] onEndTurn: naturalStop=false toolCalls=40 nudgeMsg=no
[2026-07-30T11:37:26.023Z] LiveUpdateForge: AfterToolExec flush
[2026-07-30T11:37:26.040Z] InitialReadForge.onBeforeSend: SKIP (fr=true syn=false hasRead=true)
[2026-07-30T11:37:50.901Z] LiveUpdateForge: EndTurn fallback flush
[2026-07-30T11:37:50.901Z] onEndTurn: naturalStop=false toolCalls=41 nudgeMsg=no
[2026-07-30T11:37:50.908Z] LiveUpdateForge: AfterToolExec flush
[2026-07-30T11:37:50.925Z] InitialReadForge.onBeforeSend: SKIP (fr=true syn=false hasRead=true)
[2026-07-30T11:38:00.048Z] LiveUpdateForge: EndTurn fallback flush
[2026-07-30T11:38:00.048Z] onEndTurn: naturalStop=false toolCalls=42 nudgeMsg=no
[2026-07-30T11:38:00.051Z] LiveUpdateForge: AfterToolExec flush
[2026-07-30T11:38:00.070Z] InitialReadForge.onBeforeSend: SKIP (fr=true syn=false hasRead=true)
[2026-07-30T11:38:16.801Z] LiveUpdateForge: EndTurn fallback flush
[2026-07-30T11:38:16.802Z] onEndTurn: naturalStop=false toolCalls=43 nudgeMsg=no
[2026-07-30T11:38:16.849Z] LiveUpdateForge: AfterToolExec flush
[2026-07-30T11:38:16.870Z] InitialReadForge.onBeforeSend: SKIP (fr=true syn=false hasRead=true)
[2026-07-30T11:38:35.661Z] LiveUpdateForge: EndTurn fallback flush
[2026-07-30T11:38:35.661Z] onEndTurn: naturalStop=false toolCalls=44 nudgeMsg=no
[2026-07-30T11:38:35.669Z] LiveUpdateForge: AfterToolExec flush
[2026-07-30T11:38:35.691Z] InitialReadForge.onBeforeSend: SKIP (fr=true syn=false hasRead=true)
[2026-07-30T11:38:47.385Z] LiveUpdateForge: EndTurn fallback flush
[2026-07-30T11:38:47.385Z] onEndTurn: naturalStop=false toolCalls=45 nudgeMsg=no
[2026-07-30T11:38:47.407Z] LiveUpdateForge: AfterToolExec flush
[2026-07-30T11:38:47.429Z] InitialReadForge.onBeforeSend: SKIP (fr=true syn=false hasRead=true)
[2026-07-30T11:39:00.840Z] LiveUpdateForge: EndTurn fallback flush
[2026-07-30T11:39:00.840Z] onEndTurn: naturalStop=false toolCalls=46 nudgeMsg=no
[2026-07-30T11:39:00.902Z] LiveUpdateForge: AfterToolExec flush
[2026-07-30T11:39:00.917Z] InitialReadForge.onBeforeSend: SKIP (fr=true syn=false hasRead=true)
[2026-07-30T11:39:18.656Z] LiveUpdateForge: EndTurn fallback flush
[2026-07-30T11:39:18.656Z] onEndTurn: naturalStop=false toolCalls=47 nudgeMsg=no
[2026-07-30T11:39:24.478Z] LiveUpdateForge: AfterToolExec flush
[2026-07-30T11:39:24.509Z] InitialReadForge.onBeforeSend: SKIP (fr=true syn=false hasRead=true)
[2026-07-30T11:39:36.537Z] LiveUpdateForge: EndTurn fallback flush
[2026-07-30T11:39:36.538Z] onEndTurn: naturalStop=true toolCalls=48 nudgeMsg=no
[2026-07-30T11:41:46.655Z] ResumeDiffForge: running checkResumeConsistency
[2026-07-30T11:41:46.656Z] checkResumeConsistency: forgedTimestamps=[["project","1970-01-01T00:00:00.000Z"]]
[2026-07-30T11:41:46.662Z] checkResumeConsistency: injecting 1 diff notification(s)
[2026-07-30T11:41:46.662Z] injectForgedHistory: role=user preview="[agent-auto] [memory-update 2026-07-30 19:01:28] project memory file has been mo"
[2026-07-30T11:41:46.678Z] injectForgedHistory: recordMessage persisted
[2026-07-30T11:41:46.678Z] LiveUpdateForge: session reset, allowLiveUpdate = false
[2026-07-30T11:41:46.679Z] NudgeForge: ResumeComplete — restoring count from history
[2026-07-30T11:41:46.679Z] restoreNudgeCountFromHistory: found last write at idx=719 count=48
[2026-07-30T11:41:46.731Z] LiveUpdateForge: allowLiveUpdate = true (first real BeforeSend)
[2026-07-30T11:41:46.732Z] InitialReadForge.onBeforeSend: SKIP (fr=false syn=false hasRead=true)
[2026-07-30T11:43:50.571Z] LiveUpdateForge: EndTurn fallback flush
[2026-07-30T11:43:50.571Z] onEndTurn: naturalStop=false toolCalls=48 nudgeMsg=no
[2026-07-30T11:43:50.582Z] LiveUpdateForge: AfterToolExec flush
[2026-07-30T11:43:50.614Z] InitialReadForge.onBeforeSend: SKIP (fr=true syn=false hasRead=true)
[2026-07-30T11:45:06.340Z] LiveUpdateForge: EndTurn fallback flush
[2026-07-30T11:45:06.341Z] onEndTurn: naturalStop=false toolCalls=49 nudgeMsg=no
[2026-07-30T11:45:06.386Z] LiveUpdateForge: AfterToolExec flush
[2026-07-30T11:45:06.415Z] InitialReadForge.onBeforeSend: SKIP (fr=true syn=false hasRead=true)
[2026-07-30T11:45:39.634Z] LiveUpdateForge: EndTurn fallback flush
[2026-07-30T11:45:39.635Z] onEndTurn: naturalStop=false toolCalls=50 nudgeMsg=no
[2026-07-30T11:45:39.683Z] LiveUpdateForge: AfterToolExec flush
[2026-07-30T11:45:39.709Z] InitialReadForge.onBeforeSend: SKIP (fr=true syn=false hasRead=true)
[2026-07-30T11:45:56.325Z] LiveUpdateForge: EndTurn fallback flush
[2026-07-30T11:45:56.326Z] onEndTurn: naturalStop=false toolCalls=51 nudgeMsg=no
[2026-07-30T11:46:01.947Z] LiveUpdateForge: AfterToolExec flush
[2026-07-30T11:46:01.974Z] InitialReadForge.onBeforeSend: SKIP (fr=true syn=false hasRead=true)
[2026-07-30T11:46:31.969Z] LiveUpdateForge: EndTurn fallback flush
[2026-07-30T11:46:31.969Z] onEndTurn: naturalStop=true toolCalls=0 nudgeMsg=YES
[2026-07-30T11:46:31.974Z] InitialReadForge.onBeforeSend: SKIP (fr=false syn=false hasRead=true)
[2026-07-30T11:46:50.009Z] LiveUpdateForge: EndTurn fallback flush
[2026-07-30T11:46:50.010Z] onEndTurn: naturalStop=false toolCalls=0 nudgeMsg=no
[2026-07-30T11:46:50.028Z] LiveUpdateForge: self-write on D:\Unity\E1\CODELY.md, baseline aligned
[2026-07-30T11:46:50.029Z] LiveUpdateForge: AfterToolExec flush
[2026-07-30T11:46:50.049Z] InitialReadForge.onBeforeSend: SKIP (fr=true syn=false hasRead=true)
[2026-07-30T11:47:01.160Z] LiveUpdateForge: EndTurn fallback flush
[2026-07-30T11:47:01.160Z] onEndTurn: naturalStop=true toolCalls=0 nudgeMsg=no
[2026-07-30T11:50:30.505Z] ResumeDiffForge: running checkResumeConsistency
[2026-07-30T11:50:30.505Z] checkResumeConsistency: forgedTimestamps=[["project","1970-01-01T00:00:00.000Z"]]
[2026-07-30T11:50:30.511Z] checkResumeConsistency: injecting 1 diff notification(s)
[2026-07-30T11:50:30.511Z] injectForgedHistory: role=user preview="[agent-auto] [memory-update 2026-07-30 19:46:50] project memory file has been mo"
[2026-07-30T11:50:30.526Z] injectForgedHistory: recordMessage persisted
[2026-07-30T11:50:30.526Z] LiveUpdateForge: session reset, allowLiveUpdate = false
[2026-07-30T11:50:30.527Z] NudgeForge: ResumeComplete — restoring count from history
[2026-07-30T11:50:30.527Z] restoreNudgeCountFromHistory: found last write at idx=860 count=0
[2026-07-30T11:50:30.581Z] LiveUpdateForge: allowLiveUpdate = true (first real BeforeSend)
[2026-07-30T11:50:30.582Z] InitialReadForge.onBeforeSend: SKIP (fr=false syn=false hasRead=true)
[2026-07-30T11:50:41.628Z] LiveUpdateForge: EndTurn fallback flush
[2026-07-30T11:50:41.628Z] onEndTurn: naturalStop=false toolCalls=0 nudgeMsg=no
[2026-07-30T11:50:41.729Z] LiveUpdateForge: AfterToolExec flush
[2026-07-30T11:50:41.745Z] InitialReadForge.onBeforeSend: SKIP (fr=true syn=false hasRead=true)
[2026-07-30T11:51:07.326Z] LiveUpdateForge: EndTurn fallback flush
[2026-07-30T11:51:07.326Z] onEndTurn: naturalStop=false toolCalls=1 nudgeMsg=no
[2026-07-30T11:51:07.334Z] LiveUpdateForge: AfterToolExec flush
[2026-07-30T11:51:07.354Z] InitialReadForge.onBeforeSend: SKIP (fr=true syn=false hasRead=true)
[2026-07-30T11:51:20.328Z] LiveUpdateForge: EndTurn fallback flush
[2026-07-30T11:51:20.328Z] onEndTurn: naturalStop=false toolCalls=2 nudgeMsg=no
[2026-07-30T11:51:20.335Z] LiveUpdateForge: AfterToolExec flush
[2026-07-30T11:51:20.355Z] InitialReadForge.onBeforeSend: SKIP (fr=true syn=false hasRead=true)
[2026-07-30T11:51:28.081Z] LiveUpdateForge: EndTurn fallback flush
[2026-07-30T11:51:28.081Z] onEndTurn: naturalStop=false toolCalls=3 nudgeMsg=no
[2026-07-30T11:51:28.120Z] LiveUpdateForge: AfterToolExec flush
[2026-07-30T11:51:28.137Z] InitialReadForge.onBeforeSend: SKIP (fr=true syn=false hasRead=true)
[2026-07-30T11:51:34.048Z] LiveUpdateForge: EndTurn fallback flush
[2026-07-30T11:51:34.048Z] onEndTurn: naturalStop=false toolCalls=4 nudgeMsg=no
[2026-07-30T11:51:34.070Z] LiveUpdateForge: AfterToolExec flush
[2026-07-30T11:51:34.090Z] InitialReadForge.onBeforeSend: SKIP (fr=true syn=false hasRead=true)
[2026-07-30T11:51:42.552Z] LiveUpdateForge: EndTurn fallback flush
[2026-07-30T11:51:42.553Z] onEndTurn: naturalStop=false toolCalls=5 nudgeMsg=no
[2026-07-30T11:51:48.691Z] LiveUpdateForge: AfterToolExec flush
[2026-07-30T11:51:48.723Z] InitialReadForge.onBeforeSend: SKIP (fr=true syn=false hasRead=true)
[2026-07-30T11:52:03.036Z] LiveUpdateForge: EndTurn fallback flush
[2026-07-30T11:52:03.036Z] onEndTurn: naturalStop=true toolCalls=6 nudgeMsg=no
[2026-07-30T13:15:32.113Z] MemoryForge: attached 5 listener(s)
[2026-07-30T13:15:32.113Z] InitialReadForge: armed one-shot BeforeSend after NewSessionStart
[2026-07-30T13:15:32.113Z] LiveUpdateForge: session reset, allowLiveUpdate = false
[2026-07-30T13:15:33.495Z] LiveUpdateForge: session reset, allowLiveUpdate = false
[2026-07-30T13:15:33.528Z] ResumeDiffForge: running checkResumeConsistency
[2026-07-30T13:15:33.529Z] checkResumeConsistency: forgedTimestamps=[["project","1970-01-01T00:00:00.000Z"]]
[2026-07-30T13:15:33.534Z] checkResumeConsistency: injecting 1 diff notification(s)
[2026-07-30T13:15:33.534Z] injectForgedHistory: role=user preview="[agent-auto] [memory-update 2026-07-30 19:46:50] project memory file has been mo"
[2026-07-30T13:15:33.534Z] injectForgedHistory: recordMessage persisted
[2026-07-30T13:15:33.534Z] LiveUpdateForge: session reset, allowLiveUpdate = false
[2026-07-30T13:15:33.535Z] NudgeForge: ResumeComplete — restoring count from history
[2026-07-30T13:15:33.535Z] restoreNudgeCountFromHistory: found last write at idx=860 count=6
[2026-07-30T13:15:34.749Z] ResumeDiffForge: running checkResumeConsistency
[2026-07-30T13:15:34.749Z] checkResumeConsistency: forgedTimestamps=[["project","1970-01-01T00:00:00.000Z"]]
[2026-07-30T13:15:34.757Z] checkResumeConsistency: injecting 1 diff notification(s)
[2026-07-30T13:15:34.757Z] injectForgedHistory: role=user preview="[agent-auto] [memory-update 2026-07-30 19:46:50] project memory file has been mo"
[2026-07-30T13:15:34.773Z] injectForgedHistory: recordMessage persisted
[2026-07-30T13:15:34.773Z] LiveUpdateForge: session reset, allowLiveUpdate = false
[2026-07-30T13:15:34.773Z] NudgeForge: ResumeComplete — restoring count from history
[2026-07-30T13:15:34.774Z] restoreNudgeCountFromHistory: found last write at idx=860 count=6
[2026-07-30T13:15:34.897Z] ResumeDiffForge: running checkResumeConsistency
[2026-07-30T13:15:34.898Z] checkResumeConsistency: forgedTimestamps=[["project","1970-01-01T00:00:00.000Z"]]
[2026-07-30T13:15:34.904Z] checkResumeConsistency: injecting 1 diff notification(s)
[2026-07-30T13:15:34.904Z] injectForgedHistory: role=user preview="[agent-auto] [memory-update 2026-07-30 19:46:50] project memory file has been mo"
[2026-07-30T13:15:34.918Z] injectForgedHistory: recordMessage persisted
[2026-07-30T13:15:34.918Z] LiveUpdateForge: session reset, allowLiveUpdate = false
[2026-07-30T13:15:34.919Z] NudgeForge: ResumeComplete — restoring count from history
[2026-07-30T13:15:34.919Z] restoreNudgeCountFromHistory: found last write at idx=860 count=6
[2026-07-30T13:15:35.084Z] MemoryForge: attached 5 listener(s)
[2026-07-30T13:15:35.084Z] InitialReadForge: armed one-shot BeforeSend after NewSessionStart
[2026-07-30T13:15:35.084Z] LiveUpdateForge: session reset, allowLiveUpdate = false
[2026-07-30T13:15:35.092Z] MemoryForge: detached all listeners
[2026-07-30T13:15:35.093Z] ResumeDiffForge: running checkResumeConsistency
[2026-07-30T13:15:35.093Z] checkResumeConsistency: forgedTimestamps=[["project","1970-01-01T00:00:00.000Z"]]
[2026-07-30T13:15:35.118Z] checkResumeConsistency: injecting 1 diff notification(s)
[2026-07-30T13:15:35.118Z] injectForgedHistory: role=user preview="[agent-auto] [memory-update 2026-07-30 19:46:50] project memory file has been mo"
[2026-07-30T13:15:35.133Z] injectForgedHistory: recordMessage persisted
[2026-07-30T13:15:35.133Z] LiveUpdateForge: session reset, allowLiveUpdate = false
[2026-07-30T13:15:35.134Z] NudgeForge: ResumeComplete — restoring count from history
[2026-07-30T13:15:35.134Z] restoreNudgeCountFromHistory: found last write at idx=860 count=6
[2026-07-30T13:15:35.151Z] LiveUpdateForge: allowLiveUpdate = true (first real BeforeSend)
[2026-07-30T13:15:35.152Z] InitialReadForge.onBeforeSend: SKIP (fr=false syn=false hasRead=true)
[2026-07-30T13:16:58.230Z] LiveUpdateForge: EndTurn fallback flush
[2026-07-30T13:16:58.231Z] onEndTurn: naturalStop=false toolCalls=6 nudgeMsg=no
[2026-07-30T13:16:58.276Z] LiveUpdateForge: AfterToolExec flush
[2026-07-30T13:16:58.360Z] LiveUpdateForge: AfterToolExec flush
[2026-07-30T13:16:58.385Z] InitialReadForge.onBeforeSend: SKIP (fr=true syn=false hasRead=true)
[2026-07-30T13:17:02.971Z] LiveUpdateForge: EndTurn fallback flush
[2026-07-30T13:17:02.971Z] onEndTurn: naturalStop=false toolCalls=8 nudgeMsg=no
[2026-07-30T13:17:02.985Z] LiveUpdateForge: AfterToolExec flush
[2026-07-30T13:17:02.990Z] LiveUpdateForge: AfterToolExec flush
[2026-07-30T13:17:03.011Z] InitialReadForge.onBeforeSend: SKIP (fr=true syn=false hasRead=true)
[2026-07-30T13:17:11.597Z] LiveUpdateForge: EndTurn fallback flush
[2026-07-30T13:17:11.597Z] onEndTurn: naturalStop=false toolCalls=10 nudgeMsg=no
[2026-07-30T13:17:11.605Z] LiveUpdateForge: AfterToolExec flush
[2026-07-30T13:17:11.613Z] LiveUpdateForge: AfterToolExec flush
[2026-07-30T13:17:11.633Z] InitialReadForge.onBeforeSend: SKIP (fr=true syn=false hasRead=true)
[2026-07-30T13:17:15.016Z] LiveUpdateForge: EndTurn fallback flush
[2026-07-30T13:17:15.016Z] onEndTurn: naturalStop=false toolCalls=12 nudgeMsg=no
[2026-07-30T13:17:15.040Z] InitialReadForge.onBeforeSend: SKIP (fr=true syn=false hasRead=true)
[2026-07-30T13:17:20.243Z] LiveUpdateForge: EndTurn fallback flush
[2026-07-30T13:17:20.243Z] onEndTurn: naturalStop=false toolCalls=12 nudgeMsg=no
[2026-07-30T13:17:20.280Z] LiveUpdateForge: AfterToolExec flush
[2026-07-30T13:17:20.297Z] InitialReadForge.onBeforeSend: SKIP (fr=true syn=false hasRead=true)
[2026-07-30T13:17:24.548Z] LiveUpdateForge: EndTurn fallback flush
[2026-07-30T13:17:24.548Z] onEndTurn: naturalStop=false toolCalls=13 nudgeMsg=no
[2026-07-30T13:17:24.557Z] LiveUpdateForge: AfterToolExec flush
[2026-07-30T13:17:24.578Z] InitialReadForge.onBeforeSend: SKIP (fr=true syn=false hasRead=true)
[2026-07-30T13:17:28.246Z] LiveUpdateForge: EndTurn fallback flush
[2026-07-30T13:17:28.246Z] onEndTurn: naturalStop=false toolCalls=14 nudgeMsg=no
[2026-07-30T13:17:28.253Z] LiveUpdateForge: AfterToolExec flush
[2026-07-30T13:17:28.274Z] InitialReadForge.onBeforeSend: SKIP (fr=true syn=false hasRead=true)
[2026-07-30T13:17:34.092Z] LiveUpdateForge: EndTurn fallback flush
[2026-07-30T13:17:34.092Z] onEndTurn: naturalStop=false toolCalls=15 nudgeMsg=no
[2026-07-30T13:17:35.388Z] LiveUpdateForge: AfterToolExec flush
[2026-07-30T13:17:35.415Z] InitialReadForge.onBeforeSend: SKIP (fr=true syn=false hasRead=true)
[2026-07-30T13:19:17.910Z] LiveUpdateForge: EndTurn fallback flush
[2026-07-30T13:19:17.911Z] onEndTurn: naturalStop=false toolCalls=16 nudgeMsg=no
[2026-07-30T13:21:15.579Z] LiveUpdateForge: AfterToolExec flush
[2026-07-30T13:21:15.608Z] InitialReadForge.onBeforeSend: SKIP (fr=true syn=false hasRead=true)
[2026-07-30T13:21:26.714Z] LiveUpdateForge: EndTurn fallback flush
[2026-07-30T13:21:26.714Z] onEndTurn: naturalStop=false toolCalls=17 nudgeMsg=no
[2026-07-30T13:21:26.749Z] LiveUpdateForge: AfterToolExec flush
[2026-07-30T13:21:26.774Z] InitialReadForge.onBeforeSend: SKIP (fr=true syn=false hasRead=true)
[2026-07-30T13:21:31.444Z] LiveUpdateForge: EndTurn fallback flush
[2026-07-30T13:21:31.445Z] onEndTurn: naturalStop=false toolCalls=18 nudgeMsg=no
[2026-07-30T13:21:31.477Z] LiveUpdateForge: AfterToolExec flush
[2026-07-30T13:21:31.498Z] InitialReadForge.onBeforeSend: SKIP (fr=true syn=false hasRead=true)
[2026-07-30T13:21:42.683Z] LiveUpdateForge: EndTurn fallback flush
[2026-07-30T13:21:42.684Z] onEndTurn: naturalStop=false toolCalls=19 nudgeMsg=no
[2026-07-30T13:21:43.118Z] LiveUpdateForge: AfterToolExec flush
[2026-07-30T13:21:43.143Z] InitialReadForge.onBeforeSend: SKIP (fr=true syn=false hasRead=true)
[2026-07-30T13:21:49.834Z] LiveUpdateForge: EndTurn fallback flush
[2026-07-30T13:21:49.834Z] onEndTurn: naturalStop=false toolCalls=20 nudgeMsg=no
[2026-07-30T13:21:50.429Z] LiveUpdateForge: AfterToolExec flush
[2026-07-30T13:21:50.459Z] InitialReadForge.onBeforeSend: SKIP (fr=true syn=false hasRead=true)
[2026-07-30T13:21:57.884Z] LiveUpdateForge: EndTurn fallback flush
[2026-07-30T13:21:57.884Z] onEndTurn: naturalStop=true toolCalls=21 nudgeMsg=no
[2026-07-30T13:25:23.987Z] ResumeDiffForge: running checkResumeConsistency
[2026-07-30T13:25:23.988Z] checkResumeConsistency: forgedTimestamps=[["project","1970-01-01T00:00:00.000Z"]]
[2026-07-30T13:25:23.993Z] checkResumeConsistency: injecting 1 diff notification(s)
[2026-07-30T13:25:23.993Z] injectForgedHistory: role=user preview="[agent-auto] [memory-update 2026-07-30 19:46:50] project memory file has been mo"
[2026-07-30T13:25:24.011Z] injectForgedHistory: recordMessage persisted
[2026-07-30T13:25:24.011Z] LiveUpdateForge: session reset, allowLiveUpdate = false
[2026-07-30T13:25:24.011Z] NudgeForge: ResumeComplete — restoring count from history
[2026-07-30T13:25:24.012Z] restoreNudgeCountFromHistory: found last write at idx=860 count=22
[2026-07-30T13:25:24.071Z] LiveUpdateForge: allowLiveUpdate = true (first real BeforeSend)
[2026-07-30T13:25:24.072Z] InitialReadForge.onBeforeSend: SKIP (fr=false syn=false hasRead=true)
[2026-07-30T13:27:19.981Z] LiveUpdateForge: EndTurn fallback flush
[2026-07-30T13:27:19.981Z] onEndTurn: naturalStop=false toolCalls=22 nudgeMsg=no
[2026-07-30T13:27:21.400Z] LiveUpdateForge: AfterToolExec flush
[2026-07-30T13:27:21.428Z] InitialReadForge.onBeforeSend: SKIP (fr=true syn=false hasRead=true)
[2026-07-30T13:28:01.631Z] LiveUpdateForge: EndTurn fallback flush
[2026-07-30T13:28:01.631Z] onEndTurn: naturalStop=false toolCalls=23 nudgeMsg=no
[2026-07-30T13:28:02.356Z] LiveUpdateForge: AfterToolExec flush
[2026-07-30T13:28:02.381Z] InitialReadForge.onBeforeSend: SKIP (fr=true syn=false hasRead=true)
[2026-07-30T13:28:15.746Z] LiveUpdateForge: EndTurn fallback flush
[2026-07-30T13:28:15.747Z] onEndTurn: naturalStop=true toolCalls=24 nudgeMsg=no
[2026-07-30T13:36:04.212Z] ResumeDiffForge: running checkResumeConsistency
[2026-07-30T13:36:04.212Z] checkResumeConsistency: forgedTimestamps=[["project","1970-01-01T00:00:00.000Z"]]
[2026-07-30T13:36:04.219Z] checkResumeConsistency: injecting 1 diff notification(s)
[2026-07-30T13:36:04.219Z] injectForgedHistory: role=user preview="[agent-auto] [memory-update 2026-07-30 19:46:50] project memory file has been mo"
[2026-07-30T13:36:04.237Z] injectForgedHistory: recordMessage persisted
[2026-07-30T13:36:04.238Z] LiveUpdateForge: session reset, allowLiveUpdate = false
[2026-07-30T13:36:04.238Z] NudgeForge: ResumeComplete — restoring count from history
[2026-07-30T13:36:04.238Z] restoreNudgeCountFromHistory: found last write at idx=860 count=24
[2026-07-30T13:36:04.295Z] LiveUpdateForge: allowLiveUpdate = true (first real BeforeSend)
[2026-07-30T13:36:04.295Z] InitialReadForge.onBeforeSend: SKIP (fr=false syn=false hasRead=true)
[2026-07-30T13:36:12.249Z] LiveUpdateForge: EndTurn fallback flush
[2026-07-30T13:36:12.249Z] onEndTurn: naturalStop=false toolCalls=24 nudgeMsg=no
[2026-07-30T13:36:12.316Z] LiveUpdateForge: AfterToolExec flush
[2026-07-30T13:36:12.334Z] InitialReadForge.onBeforeSend: SKIP (fr=true syn=false hasRead=true)
[2026-07-30T13:36:17.384Z] LiveUpdateForge: EndTurn fallback flush
[2026-07-30T13:36:17.384Z] onEndTurn: naturalStop=false toolCalls=25 nudgeMsg=no
[2026-07-30T13:36:18.751Z] LiveUpdateForge: AfterToolExec flush
[2026-07-30T13:36:18.781Z] InitialReadForge.onBeforeSend: SKIP (fr=true syn=false hasRead=true)
[2026-07-30T13:36:23.200Z] LiveUpdateForge: EndTurn fallback flush
[2026-07-30T13:36:23.200Z] onEndTurn: naturalStop=false toolCalls=26 nudgeMsg=no
[2026-07-30T13:36:23.794Z] LiveUpdateForge: AfterToolExec flush
[2026-07-30T13:36:23.826Z] InitialReadForge.onBeforeSend: SKIP (fr=true syn=false hasRead=true)
[2026-07-30T13:36:28.325Z] LiveUpdateForge: EndTurn fallback flush
[2026-07-30T13:36:28.325Z] onEndTurn: naturalStop=true toolCalls=27 nudgeMsg=no
[2026-07-30T14:06:29.632Z] MemoryForge: attached 5 listener(s)
[2026-07-30T14:06:29.633Z] InitialReadForge: armed one-shot BeforeSend after NewSessionStart
[2026-07-30T14:06:29.633Z] LiveUpdateForge: session reset, allowLiveUpdate = false
[2026-07-30T14:06:31.212Z] LiveUpdateForge: session reset, allowLiveUpdate = false
[2026-07-30T14:06:31.242Z] ResumeDiffForge: running checkResumeConsistency
[2026-07-30T14:06:31.243Z] checkResumeConsistency: forgedTimestamps=[["project","1970-01-01T00:00:00.000Z"]]
[2026-07-30T14:06:31.249Z] checkResumeConsistency: injecting 1 diff notification(s)
[2026-07-30T14:06:31.249Z] injectForgedHistory: role=user preview="[agent-auto] [memory-update 2026-07-30 19:46:50] project memory file has been mo"
[2026-07-30T14:06:31.250Z] injectForgedHistory: recordMessage persisted
[2026-07-30T14:06:31.250Z] LiveUpdateForge: session reset, allowLiveUpdate = false
[2026-07-30T14:06:31.250Z] NudgeForge: ResumeComplete — restoring count from history
[2026-07-30T14:06:31.251Z] restoreNudgeCountFromHistory: found last write at idx=860 count=27
[2026-07-30T14:06:32.509Z] ResumeDiffForge: running checkResumeConsistency
[2026-07-30T14:06:32.510Z] checkResumeConsistency: forgedTimestamps=[["project","1970-01-01T00:00:00.000Z"]]
[2026-07-30T14:06:32.516Z] checkResumeConsistency: injecting 1 diff notification(s)
[2026-07-30T14:06:32.516Z] injectForgedHistory: role=user preview="[agent-auto] [memory-update 2026-07-30 19:46:50] project memory file has been mo"
[2026-07-30T14:06:32.534Z] injectForgedHistory: recordMessage persisted
[2026-07-30T14:06:32.534Z] LiveUpdateForge: session reset, allowLiveUpdate = false
[2026-07-30T14:06:32.535Z] NudgeForge: ResumeComplete — restoring count from history
[2026-07-30T14:06:32.535Z] restoreNudgeCountFromHistory: found last write at idx=860 count=27
[2026-07-30T14:06:32.655Z] ResumeDiffForge: running checkResumeConsistency
[2026-07-30T14:06:32.655Z] checkResumeConsistency: forgedTimestamps=[["project","1970-01-01T00:00:00.000Z"]]
[2026-07-30T14:06:32.661Z] checkResumeConsistency: injecting 1 diff notification(s)
[2026-07-30T14:06:32.661Z] injectForgedHistory: role=user preview="[agent-auto] [memory-update 2026-07-30 19:46:50] project memory file has been mo"
[2026-07-30T14:06:32.676Z] injectForgedHistory: recordMessage persisted
[2026-07-30T14:06:32.676Z] LiveUpdateForge: session reset, allowLiveUpdate = false
[2026-07-30T14:06:32.677Z] NudgeForge: ResumeComplete — restoring count from history
[2026-07-30T14:06:32.677Z] restoreNudgeCountFromHistory: found last write at idx=860 count=27
[2026-07-30T14:06:32.898Z] MemoryForge: attached 5 listener(s)
[2026-07-30T14:06:32.899Z] InitialReadForge: armed one-shot BeforeSend after NewSessionStart
[2026-07-30T14:06:32.899Z] LiveUpdateForge: session reset, allowLiveUpdate = false
[2026-07-30T14:06:32.909Z] MemoryForge: detached all listeners
[2026-07-30T14:06:32.909Z] ResumeDiffForge: running checkResumeConsistency
[2026-07-30T14:06:32.910Z] checkResumeConsistency: forgedTimestamps=[["project","1970-01-01T00:00:00.000Z"]]
[2026-07-30T14:06:32.933Z] checkResumeConsistency: injecting 1 diff notification(s)
[2026-07-30T14:06:32.933Z] injectForgedHistory: role=user preview="[agent-auto] [memory-update 2026-07-30 19:46:50] project memory file has been mo"
[2026-07-30T14:06:32.949Z] injectForgedHistory: recordMessage persisted
[2026-07-30T14:06:32.949Z] LiveUpdateForge: session reset, allowLiveUpdate = false
[2026-07-30T14:06:32.950Z] NudgeForge: ResumeComplete — restoring count from history
[2026-07-30T14:06:32.950Z] restoreNudgeCountFromHistory: found last write at idx=860 count=27
[2026-07-30T14:06:32.968Z] LiveUpdateForge: allowLiveUpdate = true (first real BeforeSend)
[2026-07-30T14:06:32.969Z] InitialReadForge.onBeforeSend: SKIP (fr=false syn=false hasRead=true)
[2026-07-30T14:07:22.292Z] LiveUpdateForge: EndTurn fallback flush
[2026-07-30T14:07:22.292Z] onEndTurn: naturalStop=false toolCalls=27 nudgeMsg=no
[2026-07-30T14:07:23.703Z] LiveUpdateForge: AfterToolExec flush
[2026-07-30T14:07:23.732Z] InitialReadForge.onBeforeSend: SKIP (fr=true syn=false hasRead=true)
[2026-07-30T14:07:28.928Z] LiveUpdateForge: EndTurn fallback flush
[2026-07-30T14:07:28.929Z] onEndTurn: naturalStop=false toolCalls=28 nudgeMsg=no
[2026-07-30T14:07:35.251Z] LiveUpdateForge: AfterToolExec flush
[2026-07-30T14:07:35.276Z] InitialReadForge.onBeforeSend: SKIP (fr=true syn=false hasRead=true)
[2026-07-30T14:07:39.360Z] LiveUpdateForge: EndTurn fallback flush
[2026-07-30T14:07:39.360Z] onEndTurn: naturalStop=false toolCalls=29 nudgeMsg=no
[2026-07-30T14:07:39.394Z] LiveUpdateForge: AfterToolExec flush
[2026-07-30T14:07:39.415Z] InitialReadForge.onBeforeSend: SKIP (fr=true syn=false hasRead=true)
[2026-07-30T14:07:44.312Z] LiveUpdateForge: EndTurn fallback flush
[2026-07-30T14:07:44.312Z] onEndTurn: naturalStop=false toolCalls=30 nudgeMsg=no
[2026-07-30T14:07:44.351Z] LiveUpdateForge: AfterToolExec flush
[2026-07-30T14:07:44.371Z] InitialReadForge.onBeforeSend: SKIP (fr=true syn=false hasRead=true)
[2026-07-30T14:07:48.501Z] LiveUpdateForge: EndTurn fallback flush
[2026-07-30T14:07:48.501Z] onEndTurn: naturalStop=false toolCalls=31 nudgeMsg=no
[2026-07-30T14:07:48.507Z] LiveUpdateForge: AfterToolExec flush
[2026-07-30T14:07:48.533Z] InitialReadForge.onBeforeSend: SKIP (fr=true syn=false hasRead=true)
[2026-07-30T14:07:53.497Z] LiveUpdateForge: EndTurn fallback flush
[2026-07-30T14:07:53.497Z] onEndTurn: naturalStop=false toolCalls=32 nudgeMsg=no
[2026-07-30T14:07:53.533Z] LiveUpdateForge: AfterToolExec flush
[2026-07-30T14:07:53.552Z] InitialReadForge.onBeforeSend: SKIP (fr=true syn=false hasRead=true)
[2026-07-30T14:07:58.629Z] LiveUpdateForge: EndTurn fallback flush
[2026-07-30T14:07:58.629Z] onEndTurn: naturalStop=false toolCalls=33 nudgeMsg=no
[2026-07-30T14:07:58.635Z] LiveUpdateForge: AfterToolExec flush
[2026-07-30T14:07:58.657Z] InitialReadForge.onBeforeSend: SKIP (fr=true syn=false hasRead=true)
[2026-07-30T14:08:04.401Z] LiveUpdateForge: EndTurn fallback flush
[2026-07-30T14:08:04.401Z] onEndTurn: naturalStop=false toolCalls=34 nudgeMsg=no
[2026-07-30T14:08:04.436Z] LiveUpdateForge: AfterToolExec flush
[2026-07-30T14:08:04.456Z] InitialReadForge.onBeforeSend: SKIP (fr=true syn=false hasRead=true)
[2026-07-30T14:08:08.874Z] LiveUpdateForge: EndTurn fallback flush
[2026-07-30T14:08:08.875Z] onEndTurn: naturalStop=false toolCalls=35 nudgeMsg=no
[2026-07-30T14:08:08.882Z] LiveUpdateForge: AfterToolExec flush
[2026-07-30T14:08:08.907Z] InitialReadForge.onBeforeSend: SKIP (fr=true syn=false hasRead=true)
[2026-07-30T14:08:13.460Z] LiveUpdateForge: EndTurn fallback flush
[2026-07-30T14:08:13.460Z] onEndTurn: naturalStop=false toolCalls=36 nudgeMsg=no
[2026-07-30T14:08:13.497Z] LiveUpdateForge: AfterToolExec flush
[2026-07-30T14:08:13.516Z] InitialReadForge.onBeforeSend: SKIP (fr=true syn=false hasRead=true)
[2026-07-30T14:08:28.882Z] LiveUpdateForge: EndTurn fallback flush
[2026-07-30T14:08:28.882Z] onEndTurn: naturalStop=false toolCalls=37 nudgeMsg=no
[2026-07-30T14:08:28.889Z] LiveUpdateForge: AfterToolExec flush
[2026-07-30T14:08:28.910Z] InitialReadForge.onBeforeSend: SKIP (fr=true syn=false hasRead=true)
[2026-07-30T14:08:42.100Z] LiveUpdateForge: EndTurn fallback flush
[2026-07-30T14:08:42.100Z] onEndTurn: naturalStop=false toolCalls=38 nudgeMsg=no
[2026-07-30T14:08:42.133Z] LiveUpdateForge: AfterToolExec flush
[2026-07-30T14:08:42.153Z] InitialReadForge.onBeforeSend: SKIP (fr=true syn=false hasRead=true)
[2026-07-30T14:08:46.791Z] LiveUpdateForge: EndTurn fallback flush
[2026-07-30T14:08:46.792Z] onEndTurn: naturalStop=false toolCalls=39 nudgeMsg=no
[2026-07-30T14:08:46.799Z] LiveUpdateForge: AfterToolExec flush
[2026-07-30T14:08:46.823Z] InitialReadForge.onBeforeSend: SKIP (fr=true syn=false hasRead=true)
[2026-07-30T14:08:51.754Z] LiveUpdateForge: EndTurn fallback flush
[2026-07-30T14:08:51.755Z] onEndTurn: naturalStop=false toolCalls=40 nudgeMsg=no
[2026-07-30T14:08:51.791Z] LiveUpdateForge: AfterToolExec flush
[2026-07-30T14:08:51.810Z] InitialReadForge.onBeforeSend: SKIP (fr=true syn=false hasRead=true)
[2026-07-30T14:08:58.488Z] LiveUpdateForge: EndTurn fallback flush
[2026-07-30T14:08:58.489Z] onEndTurn: naturalStop=true toolCalls=41 nudgeMsg=no
[2026-07-30T14:10:07.494Z] ResumeDiffForge: running checkResumeConsistency
[2026-07-30T14:10:07.495Z] checkResumeConsistency: forgedTimestamps=[["project","1970-01-01T00:00:00.000Z"]]
[2026-07-30T14:10:07.500Z] checkResumeConsistency: injecting 1 diff notification(s)
[2026-07-30T14:10:07.500Z] injectForgedHistory: role=user preview="[agent-auto] [memory-update 2026-07-30 19:46:50] project memory file has been mo"
[2026-07-30T14:10:07.519Z] injectForgedHistory: recordMessage persisted
[2026-07-30T14:10:07.520Z] LiveUpdateForge: session reset, allowLiveUpdate = false
[2026-07-30T14:10:07.520Z] NudgeForge: ResumeComplete — restoring count from history
[2026-07-30T14:10:07.521Z] restoreNudgeCountFromHistory: found last write at idx=860 count=41
[2026-07-30T14:10:07.578Z] LiveUpdateForge: allowLiveUpdate = true (first real BeforeSend)
[2026-07-30T14:10:07.579Z] InitialReadForge.onBeforeSend: SKIP (fr=false syn=false hasRead=true)
[2026-07-30T14:10:18.896Z] LiveUpdateForge: EndTurn fallback flush
[2026-07-30T14:10:18.896Z] onEndTurn: naturalStop=true toolCalls=41 nudgeMsg=no
[2026-07-30T14:11:14.980Z] ResumeDiffForge: running checkResumeConsistency
[2026-07-30T14:11:14.981Z] checkResumeConsistency: forgedTimestamps=[["project","1970-01-01T00:00:00.000Z"]]
[2026-07-30T14:11:14.987Z] checkResumeConsistency: injecting 1 diff notification(s)
[2026-07-30T14:11:14.987Z] injectForgedHistory: role=user preview="[agent-auto] [memory-update 2026-07-30 19:46:50] project memory file has been mo"
[2026-07-30T14:11:15.009Z] injectForgedHistory: recordMessage persisted
[2026-07-30T14:11:15.009Z] LiveUpdateForge: session reset, allowLiveUpdate = false
[2026-07-30T14:11:15.010Z] NudgeForge: ResumeComplete — restoring count from history
[2026-07-30T14:11:15.010Z] restoreNudgeCountFromHistory: found last write at idx=860 count=41
[2026-07-30T14:11:15.079Z] LiveUpdateForge: allowLiveUpdate = true (first real BeforeSend)
[2026-07-30T14:11:15.080Z] InitialReadForge.onBeforeSend: SKIP (fr=false syn=false hasRead=true)
[2026-07-30T14:11:25.322Z] LiveUpdateForge: EndTurn fallback flush
[2026-07-30T14:11:25.323Z] onEndTurn: naturalStop=false toolCalls=41 nudgeMsg=no
[2026-07-30T14:11:25.366Z] LiveUpdateForge: AfterToolExec flush
[2026-07-30T14:11:25.384Z] InitialReadForge.onBeforeSend: SKIP (fr=true syn=false hasRead=true)
[2026-07-30T14:11:32.816Z] LiveUpdateForge: EndTurn fallback flush
[2026-07-30T14:11:32.817Z] onEndTurn: naturalStop=false toolCalls=42 nudgeMsg=no
[2026-07-30T14:11:32.848Z] LiveUpdateForge: AfterToolExec flush
[2026-07-30T14:11:32.868Z] InitialReadForge.onBeforeSend: SKIP (fr=true syn=false hasRead=true)
[2026-07-30T14:11:48.995Z] LiveUpdateForge: EndTurn fallback flush
[2026-07-30T14:11:48.995Z] onEndTurn: naturalStop=true toolCalls=43 nudgeMsg=no
[2026-07-30T14:12:44.079Z] ResumeDiffForge: running checkResumeConsistency
[2026-07-30T14:12:44.079Z] checkResumeConsistency: forgedTimestamps=[["project","1970-01-01T00:00:00.000Z"]]
[2026-07-30T14:12:44.086Z] checkResumeConsistency: injecting 1 diff notification(s)
[2026-07-30T14:12:44.086Z] injectForgedHistory: role=user preview="[agent-auto] [memory-update 2026-07-30 19:46:50] project memory file has been mo"
[2026-07-30T14:12:44.105Z] injectForgedHistory: recordMessage persisted
[2026-07-30T14:12:44.105Z] LiveUpdateForge: session reset, allowLiveUpdate = false
[2026-07-30T14:12:44.105Z] NudgeForge: ResumeComplete — restoring count from history
[2026-07-30T14:12:44.106Z] restoreNudgeCountFromHistory: found last write at idx=860 count=43
[2026-07-30T14:12:44.167Z] LiveUpdateForge: allowLiveUpdate = true (first real BeforeSend)
[2026-07-30T14:12:44.168Z] InitialReadForge.onBeforeSend: SKIP (fr=false syn=false hasRead=true)
[2026-07-30T14:12:58.054Z] LiveUpdateForge: EndTurn fallback flush
[2026-07-30T14:12:58.054Z] onEndTurn: naturalStop=false toolCalls=43 nudgeMsg=no
[2026-07-30T14:12:58.791Z] LiveUpdateForge: AfterToolExec flush
[2026-07-30T14:12:58.818Z] InitialReadForge.onBeforeSend: SKIP (fr=true syn=false hasRead=true)
[2026-07-30T14:13:05.619Z] LiveUpdateForge: EndTurn fallback flush
[2026-07-30T14:13:05.620Z] onEndTurn: naturalStop=true toolCalls=44 nudgeMsg=no
[2026-07-30T14:15:59.029Z] ResumeDiffForge: running checkResumeConsistency
[2026-07-30T14:15:59.030Z] checkResumeConsistency: forgedTimestamps=[["project","1970-01-01T00:00:00.000Z"]]
[2026-07-30T14:15:59.038Z] checkResumeConsistency: injecting 1 diff notification(s)
[2026-07-30T14:15:59.038Z] injectForgedHistory: role=user preview="[agent-auto] [memory-update 2026-07-30 19:46:50] project memory file has been mo"
[2026-07-30T14:15:59.053Z] injectForgedHistory: recordMessage persisted
[2026-07-30T14:15:59.053Z] LiveUpdateForge: session reset, allowLiveUpdate = false
[2026-07-30T14:15:59.053Z] NudgeForge: ResumeComplete — restoring count from history
[2026-07-30T14:15:59.054Z] restoreNudgeCountFromHistory: found last write at idx=860 count=44
[2026-07-30T14:15:59.114Z] LiveUpdateForge: allowLiveUpdate = true (first real BeforeSend)
[2026-07-30T14:15:59.115Z] InitialReadForge.onBeforeSend: SKIP (fr=false syn=false hasRead=true)
[2026-07-30T14:16:10.055Z] LiveUpdateForge: EndTurn fallback flush
[2026-07-30T14:16:10.055Z] onEndTurn: naturalStop=false toolCalls=44 nudgeMsg=no
[2026-07-30T14:16:10.067Z] LiveUpdateForge: AfterToolExec flush
[2026-07-30T14:16:10.086Z] InitialReadForge.onBeforeSend: SKIP (fr=true syn=false hasRead=true)
[2026-07-30T14:16:18.404Z] LiveUpdateForge: EndTurn fallback flush
[2026-07-30T14:16:18.404Z] onEndTurn: naturalStop=false toolCalls=45 nudgeMsg=no
[2026-07-30T14:16:18.447Z] LiveUpdateForge: AfterToolExec flush
[2026-07-30T14:16:18.467Z] InitialReadForge.onBeforeSend: SKIP (fr=true syn=false hasRead=true)
[2026-07-30T14:16:24.648Z] LiveUpdateForge: EndTurn fallback flush
[2026-07-30T14:16:24.648Z] onEndTurn: naturalStop=false toolCalls=46 nudgeMsg=no
[2026-07-30T14:16:24.655Z] LiveUpdateForge: AfterToolExec flush
[2026-07-30T14:16:24.675Z] InitialReadForge.onBeforeSend: SKIP (fr=true syn=false hasRead=true)
[2026-07-30T14:16:54.243Z] LiveUpdateForge: EndTurn fallback flush
[2026-07-30T14:16:54.244Z] onEndTurn: naturalStop=false toolCalls=47 nudgeMsg=no
[2026-07-30T14:16:54.250Z] LiveUpdateForge: AfterToolExec flush
[2026-07-30T14:16:54.270Z] InitialReadForge.onBeforeSend: SKIP (fr=true syn=false hasRead=true)
[2026-07-30T14:17:00.454Z] LiveUpdateForge: EndTurn fallback flush
[2026-07-30T14:17:00.454Z] onEndTurn: naturalStop=false toolCalls=48 nudgeMsg=no
[2026-07-30T14:17:00.483Z] LiveUpdateForge: AfterToolExec flush
[2026-07-30T14:17:00.504Z] InitialReadForge.onBeforeSend: SKIP (fr=true syn=false hasRead=true)
[2026-07-30T14:17:07.470Z] LiveUpdateForge: EndTurn fallback flush
[2026-07-30T14:17:07.471Z] onEndTurn: naturalStop=false toolCalls=49 nudgeMsg=no
[2026-07-30T14:17:13.790Z] LiveUpdateForge: AfterToolExec flush
[2026-07-30T14:17:13.821Z] InitialReadForge.onBeforeSend: SKIP (fr=true syn=false hasRead=true)
[2026-07-30T14:17:24.370Z] LiveUpdateForge: EndTurn fallback flush
[2026-07-30T14:17:24.370Z] onEndTurn: naturalStop=true toolCalls=0 nudgeMsg=YES
[2026-07-30T14:17:24.374Z] InitialReadForge.onBeforeSend: SKIP (fr=false syn=false hasRead=true)
[2026-07-30T14:17:35.801Z] LiveUpdateForge: EndTurn fallback flush
[2026-07-30T14:17:35.801Z] onEndTurn: naturalStop=false toolCalls=0 nudgeMsg=no
[2026-07-30T14:17:35.817Z] LiveUpdateForge: self-write on D:\Unity\E1\CODELY.md, baseline aligned
[2026-07-30T14:17:35.817Z] LiveUpdateForge: AfterToolExec flush
[2026-07-30T14:17:35.837Z] InitialReadForge.onBeforeSend: SKIP (fr=true syn=false hasRead=true)
[2026-07-30T14:17:48.156Z] LiveUpdateForge: EndTurn fallback flush
[2026-07-30T14:17:48.157Z] onEndTurn: naturalStop=true toolCalls=0 nudgeMsg=no
[2026-07-30T14:20:31.002Z] ResumeDiffForge: running checkResumeConsistency
[2026-07-30T14:20:31.003Z] checkResumeConsistency: forgedTimestamps=[["project","1970-01-01T00:00:00.000Z"]]
[2026-07-30T14:20:31.007Z] checkResumeConsistency: injecting 1 diff notification(s)
[2026-07-30T14:20:31.007Z] injectForgedHistory: role=user preview="[agent-auto] [memory-update 2026-07-30 22:17:35] project memory file has been mo"
[2026-07-30T14:20:31.024Z] injectForgedHistory: recordMessage persisted
[2026-07-30T14:20:31.024Z] LiveUpdateForge: session reset, allowLiveUpdate = false
[2026-07-30T14:20:31.024Z] NudgeForge: ResumeComplete — restoring count from history
[2026-07-30T14:20:31.025Z] restoreNudgeCountFromHistory: found last write at idx=989 count=0
[2026-07-30T14:20:31.081Z] LiveUpdateForge: allowLiveUpdate = true (first real BeforeSend)
[2026-07-30T14:20:31.082Z] InitialReadForge.onBeforeSend: SKIP (fr=false syn=false hasRead=true)
[2026-07-30T14:21:20.432Z] LiveUpdateForge: EndTurn fallback flush
[2026-07-30T14:21:20.432Z] onEndTurn: naturalStop=false toolCalls=0 nudgeMsg=no
[2026-07-30T14:21:20.467Z] LiveUpdateForge: AfterToolExec flush
[2026-07-30T14:21:20.468Z] LiveUpdateForge: AfterToolExec flush
[2026-07-30T14:21:20.488Z] InitialReadForge.onBeforeSend: SKIP (fr=true syn=false hasRead=true)
[2026-07-30T14:21:31.620Z] LiveUpdateForge: EndTurn fallback flush
[2026-07-30T14:21:31.620Z] onEndTurn: naturalStop=true toolCalls=2 nudgeMsg=no
[2026-07-30T14:23:04.509Z] ResumeDiffForge: running checkResumeConsistency
[2026-07-30T14:23:04.510Z] checkResumeConsistency: forgedTimestamps=[["project","1970-01-01T00:00:00.000Z"]]
[2026-07-30T14:23:04.514Z] checkResumeConsistency: injecting 1 diff notification(s)
[2026-07-30T14:23:04.515Z] injectForgedHistory: role=user preview="[agent-auto] [memory-update 2026-07-30 22:17:35] project memory file has been mo"
[2026-07-30T14:23:04.530Z] injectForgedHistory: recordMessage persisted
[2026-07-30T14:23:04.531Z] LiveUpdateForge: session reset, allowLiveUpdate = false
[2026-07-30T14:23:04.531Z] NudgeForge: ResumeComplete — restoring count from history
[2026-07-30T14:23:04.532Z] restoreNudgeCountFromHistory: found last write at idx=989 count=2
[2026-07-30T14:23:04.593Z] LiveUpdateForge: allowLiveUpdate = true (first real BeforeSend)
[2026-07-30T14:23:04.594Z] InitialReadForge.onBeforeSend: SKIP (fr=false syn=false hasRead=true)
[2026-07-30T14:23:20.160Z] LiveUpdateForge: EndTurn fallback flush
[2026-07-30T14:23:20.160Z] onEndTurn: naturalStop=false toolCalls=2 nudgeMsg=no
[2026-07-30T14:23:20.170Z] LiveUpdateForge: AfterToolExec flush
[2026-07-30T14:23:20.198Z] InitialReadForge.onBeforeSend: SKIP (fr=true syn=false hasRead=true)
[2026-07-30T14:23:49.507Z] LiveUpdateForge: EndTurn fallback flush
[2026-07-30T14:23:49.507Z] onEndTurn: naturalStop=false toolCalls=3 nudgeMsg=no
[2026-07-30T14:23:51.486Z] LiveUpdateForge: AfterToolExec flush
[2026-07-30T14:23:51.519Z] InitialReadForge.onBeforeSend: SKIP (fr=true syn=false hasRead=true)
[2026-07-30T14:24:30.597Z] LiveUpdateForge: EndTurn fallback flush
[2026-07-30T14:24:30.597Z] onEndTurn: naturalStop=true toolCalls=4 nudgeMsg=no
[2026-07-30T14:36:59.637Z] MemoryForge: attached 5 listener(s)
[2026-07-30T14:36:59.637Z] InitialReadForge: armed one-shot BeforeSend after NewSessionStart
[2026-07-30T14:36:59.637Z] LiveUpdateForge: session reset, allowLiveUpdate = false
[2026-07-30T14:37:01.515Z] LiveUpdateForge: session reset, allowLiveUpdate = false
[2026-07-30T14:37:01.548Z] ResumeDiffForge: running checkResumeConsistency
[2026-07-30T14:37:01.549Z] checkResumeConsistency: forgedTimestamps=[["project","1970-01-01T00:00:00.000Z"]]
[2026-07-30T14:37:01.555Z] checkResumeConsistency: injecting 1 diff notification(s)
[2026-07-30T14:37:01.555Z] injectForgedHistory: role=user preview="[agent-auto] [memory-update 2026-07-30 22:17:35] project memory file has been mo"
[2026-07-30T14:37:01.555Z] injectForgedHistory: recordMessage persisted
[2026-07-30T14:37:01.556Z] LiveUpdateForge: session reset, allowLiveUpdate = false
[2026-07-30T14:37:01.556Z] NudgeForge: ResumeComplete — restoring count from history
[2026-07-30T14:37:01.556Z] restoreNudgeCountFromHistory: found last write at idx=989 count=4
[2026-07-30T14:37:02.872Z] ResumeDiffForge: running checkResumeConsistency
[2026-07-30T14:37:02.873Z] checkResumeConsistency: forgedTimestamps=[["project","1970-01-01T00:00:00.000Z"]]
[2026-07-30T14:37:02.880Z] checkResumeConsistency: injecting 1 diff notification(s)
[2026-07-30T14:37:02.880Z] injectForgedHistory: role=user preview="[agent-auto] [memory-update 2026-07-30 22:17:35] project memory file has been mo"
[2026-07-30T14:37:02.898Z] injectForgedHistory: recordMessage persisted
[2026-07-30T14:37:02.898Z] LiveUpdateForge: session reset, allowLiveUpdate = false
[2026-07-30T14:37:02.899Z] NudgeForge: ResumeComplete — restoring count from history
[2026-07-30T14:37:02.899Z] restoreNudgeCountFromHistory: found last write at idx=989 count=4
[2026-07-30T14:37:03.042Z] ResumeDiffForge: running checkResumeConsistency
[2026-07-30T14:37:03.042Z] checkResumeConsistency: forgedTimestamps=[["project","1970-01-01T00:00:00.000Z"]]
[2026-07-30T14:37:03.047Z] checkResumeConsistency: injecting 1 diff notification(s)
[2026-07-30T14:37:03.047Z] injectForgedHistory: role=user preview="[agent-auto] [memory-update 2026-07-30 22:17:35] project memory file has been mo"
[2026-07-30T14:37:03.064Z] injectForgedHistory: recordMessage persisted
[2026-07-30T14:37:03.064Z] LiveUpdateForge: session reset, allowLiveUpdate = false
[2026-07-30T14:37:03.064Z] NudgeForge: ResumeComplete — restoring count from history
[2026-07-30T14:37:03.065Z] restoreNudgeCountFromHistory: found last write at idx=989 count=4
[2026-07-30T14:37:03.217Z] MemoryForge: attached 5 listener(s)
[2026-07-30T14:37:03.217Z] InitialReadForge: armed one-shot BeforeSend after NewSessionStart
[2026-07-30T14:37:03.217Z] LiveUpdateForge: session reset, allowLiveUpdate = false
[2026-07-30T14:37:03.229Z] MemoryForge: detached all listeners
[2026-07-30T14:37:03.230Z] ResumeDiffForge: running checkResumeConsistency
[2026-07-30T14:37:03.230Z] checkResumeConsistency: forgedTimestamps=[["project","1970-01-01T00:00:00.000Z"]]
[2026-07-30T14:37:03.256Z] checkResumeConsistency: injecting 1 diff notification(s)
[2026-07-30T14:37:03.257Z] injectForgedHistory: role=user preview="[agent-auto] [memory-update 2026-07-30 22:17:35] project memory file has been mo"
[2026-07-30T14:37:03.276Z] injectForgedHistory: recordMessage persisted
[2026-07-30T14:37:03.277Z] LiveUpdateForge: session reset, allowLiveUpdate = false
[2026-07-30T14:37:03.277Z] NudgeForge: ResumeComplete — restoring count from history
[2026-07-30T14:37:03.278Z] restoreNudgeCountFromHistory: found last write at idx=989 count=4
[2026-07-30T14:37:03.296Z] LiveUpdateForge: allowLiveUpdate = true (first real BeforeSend)
[2026-07-30T14:37:03.297Z] InitialReadForge.onBeforeSend: SKIP (fr=false syn=false hasRead=true)
[2026-07-30T14:38:40.391Z] LiveUpdateForge: EndTurn fallback flush
[2026-07-30T14:38:40.391Z] onEndTurn: naturalStop=false toolCalls=4 nudgeMsg=no
[2026-07-30T14:38:40.430Z] LiveUpdateForge: AfterToolExec flush
[2026-07-30T14:38:40.455Z] InitialReadForge.onBeforeSend: SKIP (fr=true syn=false hasRead=true)
[2026-07-30T14:39:53.321Z] LiveUpdateForge: EndTurn fallback flush
[2026-07-30T14:39:53.322Z] onEndTurn: naturalStop=false toolCalls=5 nudgeMsg=no
[2026-07-30T14:39:53.371Z] LiveUpdateForge: AfterToolExec flush
[2026-07-30T14:39:53.394Z] InitialReadForge.onBeforeSend: SKIP (fr=true syn=false hasRead=true)
[2026-07-30T14:40:44.707Z] LiveUpdateForge: EndTurn fallback flush
[2026-07-30T14:40:44.707Z] onEndTurn: naturalStop=false toolCalls=6 nudgeMsg=no
[2026-07-30T14:40:50.041Z] LiveUpdateForge: AfterToolExec flush
[2026-07-30T14:40:50.068Z] InitialReadForge.onBeforeSend: SKIP (fr=true syn=false hasRead=true)
[2026-07-30T14:40:56.959Z] LiveUpdateForge: EndTurn fallback flush
[2026-07-30T14:40:56.960Z] onEndTurn: naturalStop=true toolCalls=7 nudgeMsg=no
[2026-07-30T14:42:33.913Z] ResumeDiffForge: running checkResumeConsistency
[2026-07-30T14:42:33.914Z] checkResumeConsistency: forgedTimestamps=[["project","1970-01-01T00:00:00.000Z"]]
[2026-07-30T14:42:33.922Z] checkResumeConsistency: injecting 1 diff notification(s)
[2026-07-30T14:42:33.923Z] injectForgedHistory: role=user preview="[agent-auto] [memory-update 2026-07-30 22:17:35] project memory file has been mo"
[2026-07-30T14:42:33.946Z] injectForgedHistory: recordMessage persisted
[2026-07-30T14:42:33.947Z] LiveUpdateForge: session reset, allowLiveUpdate = false
[2026-07-30T14:42:33.947Z] NudgeForge: ResumeComplete — restoring count from history
[2026-07-30T14:42:33.948Z] restoreNudgeCountFromHistory: found last write at idx=989 count=7
[2026-07-30T14:42:34.024Z] LiveUpdateForge: allowLiveUpdate = true (first real BeforeSend)
[2026-07-30T14:42:34.025Z] InitialReadForge.onBeforeSend: SKIP (fr=false syn=false hasRead=true)
[2026-07-30T14:42:44.289Z] LiveUpdateForge: EndTurn fallback flush
[2026-07-30T14:42:44.289Z] onEndTurn: naturalStop=false toolCalls=7 nudgeMsg=no
[2026-07-30T14:42:55.126Z] LiveUpdateForge: AfterToolExec flush
[2026-07-30T14:42:55.157Z] InitialReadForge.onBeforeSend: SKIP (fr=true syn=false hasRead=true)
[2026-07-30T14:44:09.993Z] LiveUpdateForge: EndTurn fallback flush
[2026-07-30T14:44:09.993Z] onEndTurn: naturalStop=false toolCalls=8 nudgeMsg=no
