[2026-08-07T01:53:59.247Z] MemoryForge: attached 5 listener(s)
[2026-08-07T01:53:59.248Z] InitialReadForge: armed one-shot BeforeSend after NewSessionStart
[2026-08-07T01:53:59.248Z] LiveUpdateForge: session reset, allowLiveUpdate = false
[2026-08-07T01:54:01.482Z] MemoryForge: attached 5 listener(s)
[2026-08-07T01:54:01.483Z] InitialReadForge: armed one-shot BeforeSend after NewSessionStart
[2026-08-07T01:54:01.483Z] LiveUpdateForge: session reset, allowLiveUpdate = false
[2026-08-07T02:02:16.984Z] LiveUpdateForge: allowLiveUpdate = true (first real BeforeSend)
[2026-08-07T02:02:16.985Z] InitialReadForge.onBeforeSend: START forge
[2026-08-07T02:02:17.043Z] recordForgedToolExchange: toolName=read_memory callId=forge-read-memory-initial
[2026-08-07T02:02:17.083Z] recordForgedToolExchange: recordMessage + recordToolCalls persisted
[2026-08-07T02:02:17.084Z] injectForgedHistory: role=user preview=""
[2026-08-07T02:02:17.099Z] injectForgedHistory: recordMessage persisted
[2026-08-07T02:02:17.099Z] InitialReadForge.onBeforeSend: injected functionResponse
[2026-08-07T02:02:17.099Z] commitUserHistoryPersist: preview="@CurrentContext{{{<startContext>DialogueClickArea
[
  {
    "activeInHierarchy":"
[2026-08-07T02:02:17.120Z] commitUserHistoryPersist: recordMessage persisted
[2026-08-07T02:02:17.120Z] InitialReadForge.onBeforeSend: committed user message
[2026-08-07T02:02:17.123Z] InitialReadForge.onBeforeSend: baseline set for 2 raw + 2 provider file(s)
[2026-08-07T02:02:17.133Z] LiveUpdateForge: EndTurn fallback flush
[2026-08-07T02:02:17.134Z] onEndTurn: naturalStop=false toolCalls=0 nudgeMsg=no
[2026-08-07T02:02:17.141Z] LiveUpdateForge: EndTurn fallback flush
[2026-08-07T02:02:17.142Z] onEndTurn: naturalStop=false toolCalls=0 nudgeMsg=no
[2026-08-07T02:02:30.269Z] LiveUpdateForge: EndTurn fallback flush
[2026-08-07T02:02:30.270Z] onEndTurn: naturalStop=false toolCalls=0 nudgeMsg=no
[2026-08-07T02:02:30.314Z] LiveUpdateForge: EndTurn fallback flush
[2026-08-07T02:02:30.314Z] onEndTurn: naturalStop=false toolCalls=0 nudgeMsg=no
[2026-08-07T02:02:40.060Z] MemoryForge: attached 5 listener(s)
[2026-08-07T02:02:40.061Z] InitialReadForge: armed one-shot BeforeSend after NewSessionStart
[2026-08-07T02:02:40.061Z] LiveUpdateForge: session reset, allowLiveUpdate = false
[2026-08-07T02:02:40.341Z] LiveUpdateForge: session reset, allowLiveUpdate = false
[2026-08-07T02:02:40.344Z] ResumeDiffForge: running checkResumeConsistency
[2026-08-07T02:02:40.345Z] checkResumeConsistency: forgedTimestamps=[]
[2026-08-07T02:02:40.354Z] checkResumeConsistency: no changes detected
[2026-08-07T02:02:40.355Z] LiveUpdateForge: session reset, allowLiveUpdate = false
[2026-08-07T02:02:40.355Z] NudgeForge: ResumeComplete — restoring count from history
[2026-08-07T02:02:40.356Z] restoreNudgeCountFromHistory: no reset point found, count=14
[2026-08-07T02:02:40.816Z] MemoryForge: attached 5 listener(s)
[2026-08-07T02:02:40.816Z] InitialReadForge: armed one-shot BeforeSend after NewSessionStart
[2026-08-07T02:02:40.816Z] LiveUpdateForge: session reset, allowLiveUpdate = false
[2026-08-07T02:02:44.454Z] MemoryForge: attached 5 listener(s)
[2026-08-07T02:02:44.454Z] InitialReadForge: armed one-shot BeforeSend after NewSessionStart
[2026-08-07T02:02:44.454Z] LiveUpdateForge: session reset, allowLiveUpdate = false
[2026-08-07T02:02:44.605Z] LiveUpdateForge: session reset, allowLiveUpdate = false
[2026-08-07T02:02:44.609Z] ResumeDiffForge: running checkResumeConsistency
[2026-08-07T02:02:44.609Z] checkResumeConsistency: forgedTimestamps=[]
[2026-08-07T02:02:44.615Z] checkResumeConsistency: no changes detected
[2026-08-07T02:02:44.615Z] LiveUpdateForge: session reset, allowLiveUpdate = false
[2026-08-07T02:02:44.615Z] NudgeForge: ResumeComplete — restoring count from history
[2026-08-07T02:02:44.616Z] restoreNudgeCountFromHistory: no reset point found, count=10
[2026-08-07T02:02:48.811Z] LiveUpdateForge: EndTurn fallback flush
[2026-08-07T02:02:48.812Z] onEndTurn: naturalStop=false toolCalls=0 nudgeMsg=no
[2026-08-07T02:02:48.870Z] LiveUpdateForge: EndTurn fallback flush
[2026-08-07T02:02:48.870Z] onEndTurn: naturalStop=false toolCalls=0 nudgeMsg=no
[2026-08-07T02:03:54.241Z] LiveUpdateForge: EndTurn fallback flush
[2026-08-07T02:03:54.242Z] onEndTurn: naturalStop=false toolCalls=0 nudgeMsg=no
[2026-08-07T02:03:54.297Z] LiveUpdateForge: AfterToolExec flush
[2026-08-07T02:03:57.901Z] LiveUpdateForge: AfterToolExec flush
[2026-08-07T02:04:00.651Z] LiveUpdateForge: EndTurn fallback flush
[2026-08-07T02:04:00.651Z] onEndTurn: naturalStop=false toolCalls=2 nudgeMsg=no
[2026-08-07T02:04:00.664Z] LiveUpdateForge: AfterToolExec flush
[2026-08-07T02:04:00.668Z] LiveUpdateForge: AfterToolExec flush
[2026-08-07T02:04:05.734Z] LiveUpdateForge: EndTurn fallback flush
[2026-08-07T02:04:05.734Z] onEndTurn: naturalStop=false toolCalls=4 nudgeMsg=no
[2026-08-07T02:04:05.743Z] LiveUpdateForge: AfterToolExec flush
[2026-08-07T02:04:06.062Z] LiveUpdateForge: AfterToolExec flush
[2026-08-07T02:04:19.618Z] LiveUpdateForge: EndTurn fallback flush
[2026-08-07T02:04:19.618Z] onEndTurn: naturalStop=false toolCalls=6 nudgeMsg=no
[2026-08-07T02:04:19.631Z] LiveUpdateForge: AfterToolExec flush
[2026-08-07T02:04:19.672Z] LiveUpdateForge: AfterToolExec flush
[2026-08-07T02:04:30.906Z] LiveUpdateForge: EndTurn fallback flush
[2026-08-07T02:04:30.906Z] onEndTurn: naturalStop=true toolCalls=8 nudgeMsg=no
[2026-08-07T02:06:08.086Z] ResumeDiffForge: running checkResumeConsistency
[2026-08-07T02:06:08.086Z] checkResumeConsistency: forgedTimestamps=[]
[2026-08-07T02:06:08.092Z] checkResumeConsistency: no changes detected
[2026-08-07T02:06:08.093Z] LiveUpdateForge: session reset, allowLiveUpdate = false
[2026-08-07T02:06:08.093Z] NudgeForge: ResumeComplete — restoring count from history
[2026-08-07T02:06:08.094Z] restoreNudgeCountFromHistory: no reset point found, count=8
[2026-08-07T02:06:08.100Z] LiveUpdateForge: allowLiveUpdate = true (first real BeforeSend)
[2026-08-07T02:06:16.243Z] LiveUpdateForge: EndTurn fallback flush
[2026-08-07T02:06:16.243Z] onEndTurn: naturalStop=false toolCalls=8 nudgeMsg=no
[2026-08-07T02:06:16.250Z] LiveUpdateForge: AfterToolExec flush
[2026-08-07T02:06:16.321Z] LiveUpdateForge: AfterToolExec flush
[2026-08-07T02:06:21.572Z] LiveUpdateForge: EndTurn fallback flush
[2026-08-07T02:06:21.573Z] onEndTurn: naturalStop=false toolCalls=10 nudgeMsg=no
[2026-08-07T02:06:24.212Z] LiveUpdateForge: AfterToolExec flush
[2026-08-07T02:06:37.473Z] LiveUpdateForge: EndTurn fallback flush
[2026-08-07T02:06:37.473Z] onEndTurn: naturalStop=false toolCalls=11 nudgeMsg=no
[2026-08-07T02:06:38.333Z] LiveUpdateForge: AfterToolExec flush
[2026-08-07T02:06:40.674Z] LiveUpdateForge: EndTurn fallback flush
[2026-08-07T02:06:40.674Z] onEndTurn: naturalStop=false toolCalls=12 nudgeMsg=no
[2026-08-07T02:06:40.831Z] LiveUpdateForge: AfterToolExec flush
[2026-08-07T02:06:43.607Z] LiveUpdateForge: EndTurn fallback flush
[2026-08-07T02:06:43.607Z] onEndTurn: naturalStop=false toolCalls=13 nudgeMsg=no
[2026-08-07T02:07:05.799Z] LiveUpdateForge: AfterToolExec flush
[2026-08-07T02:07:18.080Z] LiveUpdateForge: EndTurn fallback flush
[2026-08-07T02:07:18.080Z] onEndTurn: naturalStop=false toolCalls=14 nudgeMsg=no
[2026-08-07T02:07:18.422Z] LiveUpdateForge: AfterToolExec flush
[2026-08-07T02:07:27.060Z] LiveUpdateForge: EndTurn fallback flush
[2026-08-07T02:07:27.060Z] onEndTurn: naturalStop=true toolCalls=15 nudgeMsg=no
[2026-08-07T02:11:11.820Z] ResumeDiffForge: running checkResumeConsistency
[2026-08-07T02:11:11.821Z] checkResumeConsistency: forgedTimestamps=[]
[2026-08-07T02:11:11.827Z] checkResumeConsistency: no changes detected
[2026-08-07T02:11:11.828Z] LiveUpdateForge: session reset, allowLiveUpdate = false
[2026-08-07T02:11:11.828Z] NudgeForge: ResumeComplete — restoring count from history
[2026-08-07T02:11:11.828Z] restoreNudgeCountFromHistory: no reset point found, count=15
[2026-08-07T02:11:11.834Z] LiveUpdateForge: allowLiveUpdate = true (first real BeforeSend)
[2026-08-07T02:11:20.481Z] LiveUpdateForge: EndTurn fallback flush
[2026-08-07T02:11:20.481Z] onEndTurn: naturalStop=false toolCalls=15 nudgeMsg=no
[2026-08-07T02:11:25.689Z] LiveUpdateForge: AfterToolExec flush
[2026-08-07T02:11:27.662Z] LiveUpdateForge: AfterToolExec flush
[2026-08-07T02:11:28.554Z] LiveUpdateForge: AfterToolExec flush
[2026-08-07T02:11:30.757Z] LiveUpdateForge: AfterToolExec flush
[2026-08-07T02:11:32.264Z] LiveUpdateForge: AfterToolExec flush
[2026-08-07T02:11:45.693Z] LiveUpdateForge: EndTurn fallback flush
[2026-08-07T02:11:45.693Z] onEndTurn: naturalStop=false toolCalls=20 nudgeMsg=no
[2026-08-07T02:11:46.933Z] LiveUpdateForge: AfterToolExec flush
[2026-08-07T02:12:14.449Z] LiveUpdateForge: EndTurn fallback flush
[2026-08-07T02:12:14.449Z] onEndTurn: naturalStop=false toolCalls=21 nudgeMsg=no
[2026-08-07T02:12:15.047Z] LiveUpdateForge: AfterToolExec flush
[2026-08-07T02:12:19.060Z] LiveUpdateForge: EndTurn fallback flush
[2026-08-07T02:12:19.060Z] onEndTurn: naturalStop=true toolCalls=22 nudgeMsg=no
[2026-08-07T02:19:53.830Z] ResumeDiffForge: running checkResumeConsistency
[2026-08-07T02:19:53.830Z] checkResumeConsistency: forgedTimestamps=[]
[2026-08-07T02:19:53.836Z] checkResumeConsistency: no changes detected
[2026-08-07T02:19:53.836Z] LiveUpdateForge: session reset, allowLiveUpdate = false
[2026-08-07T02:19:53.837Z] NudgeForge: ResumeComplete — restoring count from history
[2026-08-07T02:19:53.837Z] restoreNudgeCountFromHistory: no reset point found, count=22
[2026-08-07T02:19:53.844Z] LiveUpdateForge: allowLiveUpdate = true (first real BeforeSend)
[2026-08-07T02:19:59.825Z] LiveUpdateForge: EndTurn fallback flush
[2026-08-07T02:19:59.826Z] onEndTurn: naturalStop=false toolCalls=22 nudgeMsg=no
[2026-08-07T02:20:00.138Z] LiveUpdateForge: AfterToolExec flush
[2026-08-07T02:20:02.644Z] LiveUpdateForge: EndTurn fallback flush
[2026-08-07T02:20:02.644Z] onEndTurn: naturalStop=false toolCalls=23 nudgeMsg=no
[2026-08-07T02:20:02.651Z] LiveUpdateForge: AfterToolExec flush
[2026-08-07T02:20:02.652Z] LiveUpdateForge: AfterToolExec flush
[2026-08-07T02:20:19.219Z] LiveUpdateForge: EndTurn fallback flush
[2026-08-07T02:20:19.220Z] onEndTurn: naturalStop=true toolCalls=25 nudgeMsg=no
[2026-08-07T02:23:32.731Z] ResumeDiffForge: running checkResumeConsistency
[2026-08-07T02:23:32.731Z] checkResumeConsistency: forgedTimestamps=[]
[2026-08-07T02:23:32.739Z] checkResumeConsistency: no changes detected
[2026-08-07T02:23:32.739Z] LiveUpdateForge: session reset, allowLiveUpdate = false
[2026-08-07T02:23:32.740Z] NudgeForge: ResumeComplete — restoring count from history
[2026-08-07T02:23:32.740Z] restoreNudgeCountFromHistory: no reset point found, count=25
[2026-08-07T02:23:32.798Z] LiveUpdateForge: allowLiveUpdate = true (first real BeforeSend)
[2026-08-07T02:23:39.833Z] LiveUpdateForge: EndTurn fallback flush
[2026-08-07T02:23:39.833Z] onEndTurn: naturalStop=false toolCalls=25 nudgeMsg=no
[2026-08-07T02:23:39.849Z] LiveUpdateForge: AfterToolExec flush
[2026-08-07T02:23:44.988Z] LiveUpdateForge: EndTurn fallback flush
[2026-08-07T02:23:44.988Z] onEndTurn: naturalStop=false toolCalls=26 nudgeMsg=no
[2026-08-07T02:23:44.995Z] LiveUpdateForge: AfterToolExec flush
[2026-08-07T02:23:44.995Z] LiveUpdateForge: AfterToolExec flush
[2026-08-07T02:23:44.996Z] LiveUpdateForge: AfterToolExec flush
[2026-08-07T02:23:51.609Z] LiveUpdateForge: EndTurn fallback flush
[2026-08-07T02:23:51.610Z] onEndTurn: naturalStop=false toolCalls=29 nudgeMsg=no
[2026-08-07T02:23:51.615Z] LiveUpdateForge: AfterToolExec flush
[2026-08-07T02:23:51.616Z] LiveUpdateForge: AfterToolExec flush
[2026-08-07T02:23:51.616Z] LiveUpdateForge: AfterToolExec flush
[2026-08-07T02:23:58.701Z] LiveUpdateForge: EndTurn fallback flush
[2026-08-07T02:23:58.701Z] onEndTurn: naturalStop=false toolCalls=32 nudgeMsg=no
[2026-08-07T02:23:58.707Z] LiveUpdateForge: AfterToolExec flush
[2026-08-07T02:23:58.708Z] LiveUpdateForge: AfterToolExec flush
[2026-08-07T02:24:02.105Z] LiveUpdateForge: EndTurn fallback flush
[2026-08-07T02:24:02.105Z] onEndTurn: naturalStop=false toolCalls=34 nudgeMsg=no
[2026-08-07T02:24:02.114Z] LiveUpdateForge: AfterToolExec flush
[2026-08-07T02:24:05.111Z] LiveUpdateForge: EndTurn fallback flush
[2026-08-07T02:24:05.112Z] onEndTurn: naturalStop=false toolCalls=35 nudgeMsg=no
[2026-08-07T02:24:18.071Z] LiveUpdateForge: AfterToolExec flush
[2026-08-07T02:24:23.607Z] LiveUpdateForge: EndTurn fallback flush
[2026-08-07T02:24:23.607Z] onEndTurn: naturalStop=false toolCalls=36 nudgeMsg=no
[2026-08-07T02:24:31.638Z] LiveUpdateForge: AfterToolExec flush
[2026-08-07T02:24:42.253Z] LiveUpdateForge: EndTurn fallback flush
[2026-08-07T02:24:42.253Z] onEndTurn: naturalStop=true toolCalls=37 nudgeMsg=no
[2026-08-07T02:26:41.303Z] ResumeDiffForge: running checkResumeConsistency
[2026-08-07T02:26:41.303Z] checkResumeConsistency: forgedTimestamps=[]
[2026-08-07T02:26:41.309Z] checkResumeConsistency: no changes detected
[2026-08-07T02:26:41.309Z] LiveUpdateForge: session reset, allowLiveUpdate = false
[2026-08-07T02:26:41.309Z] NudgeForge: ResumeComplete — restoring count from history
[2026-08-07T02:26:41.310Z] restoreNudgeCountFromHistory: no reset point found, count=37
[2026-08-07T02:26:41.316Z] LiveUpdateForge: allowLiveUpdate = true (first real BeforeSend)
[2026-08-07T02:26:52.613Z] LiveUpdateForge: EndTurn fallback flush
[2026-08-07T02:26:52.613Z] onEndTurn: naturalStop=false toolCalls=37 nudgeMsg=no
[2026-08-07T02:26:52.945Z] LiveUpdateForge: AfterToolExec flush
[2026-08-07T02:26:56.441Z] LiveUpdateForge: EndTurn fallback flush
[2026-08-07T02:26:56.442Z] onEndTurn: naturalStop=false toolCalls=38 nudgeMsg=no
[2026-08-07T02:26:56.447Z] LiveUpdateForge: AfterToolExec flush
[2026-08-07T02:27:06.885Z] LiveUpdateForge: EndTurn fallback flush
[2026-08-07T02:27:06.885Z] onEndTurn: naturalStop=true toolCalls=39 nudgeMsg=no
[2026-08-07T02:32:54.452Z] ResumeDiffForge: running checkResumeConsistency
[2026-08-07T02:32:54.453Z] checkResumeConsistency: forgedTimestamps=[]
[2026-08-07T02:32:54.460Z] checkResumeConsistency: no changes detected
[2026-08-07T02:32:54.460Z] LiveUpdateForge: session reset, allowLiveUpdate = false
[2026-08-07T02:32:54.461Z] NudgeForge: ResumeComplete — restoring count from history
[2026-08-07T02:32:54.461Z] restoreNudgeCountFromHistory: no reset point found, count=39
[2026-08-07T02:32:54.477Z] LiveUpdateForge: allowLiveUpdate = true (first real BeforeSend)
[2026-08-07T02:33:03.010Z] LiveUpdateForge: EndTurn fallback flush
[2026-08-07T02:33:03.010Z] onEndTurn: naturalStop=false toolCalls=39 nudgeMsg=no
[2026-08-07T02:33:03.023Z] LiveUpdateForge: AfterToolExec flush
[2026-08-07T02:33:03.329Z] LiveUpdateForge: AfterToolExec flush
[2026-08-07T02:33:10.083Z] LiveUpdateForge: EndTurn fallback flush
[2026-08-07T02:33:10.084Z] onEndTurn: naturalStop=false toolCalls=41 nudgeMsg=no
[2026-08-07T02:33:10.098Z] LiveUpdateForge: AfterToolExec flush
[2026-08-07T02:33:10.099Z] LiveUpdateForge: AfterToolExec flush
[2026-08-07T02:33:14.702Z] LiveUpdateForge: EndTurn fallback flush
[2026-08-07T02:33:14.702Z] onEndTurn: naturalStop=false toolCalls=43 nudgeMsg=no
[2026-08-07T02:33:14.710Z] LiveUpdateForge: AfterToolExec flush
[2026-08-07T02:33:15.052Z] LiveUpdateForge: AfterToolExec flush
[2026-08-07T02:33:20.826Z] LiveUpdateForge: EndTurn fallback flush
[2026-08-07T02:33:20.827Z] onEndTurn: naturalStop=false toolCalls=45 nudgeMsg=no
[2026-08-07T02:33:20.835Z] LiveUpdateForge: AfterToolExec flush
[2026-08-07T02:33:21.382Z] LiveUpdateForge: AfterToolExec flush
[2026-08-07T02:33:27.888Z] LiveUpdateForge: EndTurn fallback flush
[2026-08-07T02:33:27.889Z] onEndTurn: naturalStop=false toolCalls=47 nudgeMsg=no
[2026-08-07T02:33:27.893Z] LiveUpdateForge: AfterToolExec flush
[2026-08-07T02:33:43.709Z] LiveUpdateForge: EndTurn fallback flush
[2026-08-07T02:33:43.710Z] onEndTurn: naturalStop=false toolCalls=48 nudgeMsg=no
[2026-08-07T02:33:43.722Z] LiveUpdateForge: AfterToolExec flush
[2026-08-07T02:33:48.212Z] LiveUpdateForge: EndTurn fallback flush
[2026-08-07T02:33:48.213Z] onEndTurn: naturalStop=false toolCalls=49 nudgeMsg=no
[2026-08-07T02:33:48.220Z] LiveUpdateForge: AfterToolExec flush
[2026-08-07T02:35:59.653Z] LiveUpdateForge: EndTurn fallback flush
[2026-08-07T02:35:59.653Z] onEndTurn: naturalStop=false toolCalls=50 nudgeMsg=no
[2026-08-07T02:35:59.662Z] LiveUpdateForge: AfterToolExec flush
[2026-08-07T02:36:20.358Z] LiveUpdateForge: EndTurn fallback flush
[2026-08-07T02:36:20.359Z] onEndTurn: naturalStop=false toolCalls=51 nudgeMsg=no
[2026-08-07T02:36:20.471Z] LiveUpdateForge: AfterToolExec flush
[2026-08-07T02:36:32.768Z] LiveUpdateForge: EndTurn fallback flush
[2026-08-07T02:36:32.769Z] onEndTurn: naturalStop=false toolCalls=52 nudgeMsg=no
[2026-08-07T02:36:32.895Z] LiveUpdateForge: AfterToolExec flush
[2026-08-07T02:36:50.322Z] LiveUpdateForge: EndTurn fallback flush
[2026-08-07T02:36:50.323Z] onEndTurn: naturalStop=false toolCalls=53 nudgeMsg=no
[2026-08-07T02:36:50.350Z] LiveUpdateForge: AfterToolExec flush
[2026-08-07T02:36:56.459Z] LiveUpdateForge: EndTurn fallback flush
[2026-08-07T02:36:56.459Z] onEndTurn: naturalStop=false toolCalls=54 nudgeMsg=no
[2026-08-07T02:36:56.466Z] LiveUpdateForge: AfterToolExec flush
[2026-08-07T02:37:03.163Z] LiveUpdateForge: EndTurn fallback flush
[2026-08-07T02:37:03.164Z] onEndTurn: naturalStop=false toolCalls=55 nudgeMsg=no
[2026-08-07T02:37:19.311Z] LiveUpdateForge: AfterToolExec flush
[2026-08-07T02:37:23.202Z] LiveUpdateForge: EndTurn fallback flush
[2026-08-07T02:37:23.202Z] onEndTurn: naturalStop=false toolCalls=56 nudgeMsg=no
[2026-08-07T02:37:23.221Z] LiveUpdateForge: AfterToolExec flush
[2026-08-07T02:37:28.511Z] LiveUpdateForge: EndTurn fallback flush
[2026-08-07T02:37:28.511Z] onEndTurn: naturalStop=true toolCalls=0 nudgeMsg=YES
[2026-08-07T02:37:36.525Z] LiveUpdateForge: EndTurn fallback flush
[2026-08-07T02:37:36.525Z] onEndTurn: naturalStop=true toolCalls=0 nudgeMsg=no
[2026-08-07T02:44:45.497Z] MemoryForge: attached 5 listener(s)
[2026-08-07T02:44:45.498Z] InitialReadForge: armed one-shot BeforeSend after NewSessionStart
[2026-08-07T02:44:45.498Z] LiveUpdateForge: session reset, allowLiveUpdate = false
[2026-08-07T02:44:45.580Z] LiveUpdateForge: session reset, allowLiveUpdate = false
[2026-08-07T02:44:45.588Z] ResumeDiffForge: running checkResumeConsistency
[2026-08-07T02:44:45.589Z] checkResumeConsistency: forgedTimestamps=[]
[2026-08-07T02:44:45.593Z] checkResumeConsistency: no changes detected
[2026-08-07T02:44:45.593Z] LiveUpdateForge: session reset, allowLiveUpdate = false
[2026-08-07T02:44:45.594Z] NudgeForge: ResumeComplete — restoring count from history
[2026-08-07T02:44:45.594Z] restoreNudgeCountFromHistory: found nudge message at idx=101 count=0
[2026-08-07T02:44:46.264Z] ResumeDiffForge: running checkResumeConsistency
[2026-08-07T02:44:46.265Z] checkResumeConsistency: forgedTimestamps=[]
[2026-08-07T02:44:46.271Z] checkResumeConsistency: no changes detected
[2026-08-07T02:44:46.271Z] LiveUpdateForge: session reset, allowLiveUpdate = false
[2026-08-07T02:44:46.271Z] NudgeForge: ResumeComplete — restoring count from history
[2026-08-07T02:44:46.272Z] restoreNudgeCountFromHistory: found nudge message at idx=101 count=0
[2026-08-07T02:44:46.353Z] ResumeDiffForge: running checkResumeConsistency
[2026-08-07T02:44:46.354Z] checkResumeConsistency: forgedTimestamps=[]
[2026-08-07T02:44:46.359Z] checkResumeConsistency: no changes detected
[2026-08-07T02:44:46.359Z] LiveUpdateForge: session reset, allowLiveUpdate = false
[2026-08-07T02:44:46.359Z] NudgeForge: ResumeComplete — restoring count from history
[2026-08-07T02:44:46.360Z] restoreNudgeCountFromHistory: found nudge message at idx=101 count=0
[2026-08-07T02:44:47.331Z] MemoryForge: attached 5 listener(s)
[2026-08-07T02:44:47.332Z] InitialReadForge: armed one-shot BeforeSend after NewSessionStart
[2026-08-07T02:44:47.332Z] LiveUpdateForge: session reset, allowLiveUpdate = false
[2026-08-07T02:44:47.335Z] MemoryForge: detached all listeners
[2026-08-07T02:44:47.335Z] ResumeDiffForge: running checkResumeConsistency
[2026-08-07T02:44:47.336Z] checkResumeConsistency: forgedTimestamps=[]
[2026-08-07T02:44:47.403Z] checkResumeConsistency: no changes detected
[2026-08-07T02:44:47.403Z] LiveUpdateForge: session reset, allowLiveUpdate = false
[2026-08-07T02:44:47.403Z] NudgeForge: ResumeComplete — restoring count from history
[2026-08-07T02:44:47.404Z] restoreNudgeCountFromHistory: found nudge message at idx=101 count=0
[2026-08-07T02:44:47.416Z] LiveUpdateForge: allowLiveUpdate = true (first real BeforeSend)
[2026-08-07T02:44:47.416Z] InitialReadForge.onBeforeSend: SKIP (fr=false syn=false hasRead=true)
[2026-08-07T02:45:08.342Z] LiveUpdateForge: EndTurn fallback flush
[2026-08-07T02:45:08.342Z] onEndTurn: naturalStop=false toolCalls=0 nudgeMsg=no
[2026-08-07T02:45:08.380Z] LiveUpdateForge: AfterToolExec flush
[2026-08-07T02:45:08.460Z] InitialReadForge.onBeforeSend: SKIP (fr=true syn=false hasRead=true)
[2026-08-07T02:45:14.169Z] LiveUpdateForge: EndTurn fallback flush
[2026-08-07T02:45:14.169Z] onEndTurn: naturalStop=false toolCalls=1 nudgeMsg=no
[2026-08-07T02:45:14.271Z] LiveUpdateForge: AfterToolExec flush
[2026-08-07T02:45:14.345Z] InitialReadForge.onBeforeSend: SKIP (fr=true syn=false hasRead=true)
[2026-08-07T02:45:17.536Z] LiveUpdateForge: EndTurn fallback flush
[2026-08-07T02:45:17.536Z] onEndTurn: naturalStop=false toolCalls=2 nudgeMsg=no
[2026-08-07T02:45:23.575Z] LiveUpdateForge: AfterToolExec flush
[2026-08-07T02:45:23.646Z] InitialReadForge.onBeforeSend: SKIP (fr=true syn=false hasRead=true)
[2026-08-07T02:45:25.806Z] LiveUpdateForge: EndTurn fallback flush
[2026-08-07T02:45:25.807Z] onEndTurn: naturalStop=false toolCalls=3 nudgeMsg=no
[2026-08-07T02:45:25.846Z] LiveUpdateForge: AfterToolExec flush
[2026-08-07T02:45:25.916Z] InitialReadForge.onBeforeSend: SKIP (fr=true syn=false hasRead=true)
[2026-08-07T02:45:28.086Z] LiveUpdateForge: EndTurn fallback flush
[2026-08-07T02:45:28.087Z] onEndTurn: naturalStop=true toolCalls=4 nudgeMsg=no
[2026-08-07T02:46:46.174Z] ResumeDiffForge: running checkResumeConsistency
[2026-08-07T02:46:46.174Z] checkResumeConsistency: forgedTimestamps=[]
[2026-08-07T02:46:46.181Z] checkResumeConsistency: no changes detected
[2026-08-07T02:46:46.181Z] LiveUpdateForge: session reset, allowLiveUpdate = false
[2026-08-07T02:46:46.182Z] NudgeForge: ResumeComplete — restoring count from history
[2026-08-07T02:46:46.182Z] restoreNudgeCountFromHistory: found nudge message at idx=101 count=4
[2026-08-07T02:46:46.238Z] LiveUpdateForge: allowLiveUpdate = true (first real BeforeSend)
[2026-08-07T02:46:46.238Z] InitialReadForge.onBeforeSend: SKIP (fr=false syn=false hasRead=true)
[2026-08-07T02:46:52.912Z] LiveUpdateForge: EndTurn fallback flush
[2026-08-07T02:46:52.912Z] onEndTurn: naturalStop=false toolCalls=4 nudgeMsg=no
[2026-08-07T02:46:52.918Z] LiveUpdateForge: AfterToolExec flush
[2026-08-07T02:46:52.992Z] InitialReadForge.onBeforeSend: SKIP (fr=true syn=false hasRead=true)
[2026-08-07T02:47:22.612Z] LiveUpdateForge: EndTurn fallback flush
[2026-08-07T02:47:22.613Z] onEndTurn: naturalStop=false toolCalls=5 nudgeMsg=no
[2026-08-07T02:47:22.704Z] LiveUpdateForge: AfterToolExec flush
[2026-08-07T02:47:22.782Z] InitialReadForge.onBeforeSend: SKIP (fr=true syn=false hasRead=true)
[2026-08-07T02:47:29.001Z] LiveUpdateForge: EndTurn fallback flush
[2026-08-07T02:47:29.001Z] onEndTurn: naturalStop=false toolCalls=6 nudgeMsg=no
[2026-08-07T02:47:34.536Z] LiveUpdateForge: AfterToolExec flush
[2026-08-07T02:47:34.608Z] InitialReadForge.onBeforeSend: SKIP (fr=true syn=false hasRead=true)
[2026-08-07T02:47:38.335Z] LiveUpdateForge: EndTurn fallback flush
[2026-08-07T02:47:38.335Z] onEndTurn: naturalStop=true toolCalls=7 nudgeMsg=no
[2026-08-07T02:51:44.734Z] ResumeDiffForge: running checkResumeConsistency
[2026-08-07T02:51:44.735Z] checkResumeConsistency: forgedTimestamps=[]
[2026-08-07T02:51:44.741Z] checkResumeConsistency: no changes detected
[2026-08-07T02:51:44.741Z] LiveUpdateForge: session reset, allowLiveUpdate = false
[2026-08-07T02:51:44.742Z] NudgeForge: ResumeComplete — restoring count from history
[2026-08-07T02:51:44.742Z] restoreNudgeCountFromHistory: found nudge message at idx=101 count=7
[2026-08-07T02:51:44.791Z] LiveUpdateForge: allowLiveUpdate = true (first real BeforeSend)
[2026-08-07T02:51:44.792Z] InitialReadForge.onBeforeSend: SKIP (fr=false syn=false hasRead=true)
[2026-08-07T02:51:52.144Z] LiveUpdateForge: EndTurn fallback flush
[2026-08-07T02:51:52.144Z] onEndTurn: naturalStop=false toolCalls=7 nudgeMsg=no
[2026-08-07T02:51:52.152Z] LiveUpdateForge: AfterToolExec flush
[2026-08-07T02:51:52.153Z] LiveUpdateForge: AfterToolExec flush
[2026-08-07T02:51:52.232Z] InitialReadForge.onBeforeSend: SKIP (fr=true syn=false hasRead=true)
[2026-08-07T02:52:15.860Z] LiveUpdateForge: EndTurn fallback flush
[2026-08-07T02:52:15.861Z] onEndTurn: naturalStop=false toolCalls=9 nudgeMsg=no
[2026-08-07T02:52:15.962Z] LiveUpdateForge: AfterToolExec flush
[2026-08-07T02:52:16.038Z] InitialReadForge.onBeforeSend: SKIP (fr=true syn=false hasRead=true)
[2026-08-07T02:52:19.308Z] LiveUpdateForge: EndTurn fallback flush
[2026-08-07T02:52:19.308Z] onEndTurn: naturalStop=false toolCalls=10 nudgeMsg=no
[2026-08-07T02:52:25.574Z] LiveUpdateForge: AfterToolExec flush
[2026-08-07T02:52:25.663Z] InitialReadForge.onBeforeSend: SKIP (fr=true syn=false hasRead=true)
[2026-08-07T02:52:32.717Z] LiveUpdateForge: EndTurn fallback flush
[2026-08-07T02:52:32.717Z] onEndTurn: naturalStop=true toolCalls=11 nudgeMsg=no
[2026-08-07T02:55:41.688Z] ResumeDiffForge: running checkResumeConsistency
[2026-08-07T02:55:41.688Z] checkResumeConsistency: forgedTimestamps=[]
[2026-08-07T02:55:41.698Z] checkResumeConsistency: no changes detected
[2026-08-07T02:55:41.699Z] LiveUpdateForge: session reset, allowLiveUpdate = false
[2026-08-07T02:55:41.699Z] NudgeForge: ResumeComplete — restoring count from history
[2026-08-07T02:55:41.700Z] restoreNudgeCountFromHistory: found nudge message at idx=101 count=11
[2026-08-07T02:55:41.772Z] LiveUpdateForge: allowLiveUpdate = true (first real BeforeSend)
[2026-08-07T02:55:41.772Z] InitialReadForge.onBeforeSend: SKIP (fr=false syn=false hasRead=true)
[2026-08-07T02:55:51.984Z] LiveUpdateForge: EndTurn fallback flush
[2026-08-07T02:55:51.984Z] onEndTurn: naturalStop=false toolCalls=11 nudgeMsg=no
[2026-08-07T02:55:52.182Z] LiveUpdateForge: AfterToolExec flush
[2026-08-07T02:55:52.259Z] InitialReadForge.onBeforeSend: SKIP (fr=true syn=false hasRead=true)
[2026-08-07T02:55:57.976Z] LiveUpdateForge: EndTurn fallback flush
[2026-08-07T02:55:57.976Z] onEndTurn: naturalStop=false toolCalls=12 nudgeMsg=no
[2026-08-07T02:55:57.987Z] LiveUpdateForge: AfterToolExec flush
[2026-08-07T02:55:58.068Z] InitialReadForge.onBeforeSend: SKIP (fr=true syn=false hasRead=true)
[2026-08-07T02:56:01.907Z] LiveUpdateForge: EndTurn fallback flush
[2026-08-07T02:56:01.907Z] onEndTurn: naturalStop=false toolCalls=13 nudgeMsg=no
[2026-08-07T02:56:01.945Z] LiveUpdateForge: AfterToolExec flush
[2026-08-07T02:56:02.030Z] InitialReadForge.onBeforeSend: SKIP (fr=true syn=false hasRead=true)
[2026-08-07T02:56:04.490Z] LiveUpdateForge: EndTurn fallback flush
[2026-08-07T02:56:04.490Z] onEndTurn: naturalStop=false toolCalls=14 nudgeMsg=no
[2026-08-07T02:56:05.038Z] LiveUpdateForge: AfterToolExec flush
[2026-08-07T02:56:05.102Z] InitialReadForge.onBeforeSend: SKIP (fr=true syn=false hasRead=true)
[2026-08-07T02:56:10.754Z] LiveUpdateForge: EndTurn fallback flush
[2026-08-07T02:56:10.754Z] onEndTurn: naturalStop=false toolCalls=15 nudgeMsg=no
[2026-08-07T02:56:12.282Z] LiveUpdateForge: AfterToolExec flush
[2026-08-07T02:56:12.346Z] InitialReadForge.onBeforeSend: SKIP (fr=true syn=false hasRead=true)
[2026-08-07T02:56:40.476Z] LiveUpdateForge: EndTurn fallback flush
[2026-08-07T02:56:40.476Z] onEndTurn: naturalStop=false toolCalls=16 nudgeMsg=no
[2026-08-07T02:56:40.854Z] LiveUpdateForge: AfterToolExec flush
[2026-08-07T02:56:41.087Z] InitialReadForge.onBeforeSend: SKIP (fr=true syn=false hasRead=true)
[2026-08-07T02:56:46.723Z] LiveUpdateForge: EndTurn fallback flush
[2026-08-07T02:56:46.723Z] onEndTurn: naturalStop=false toolCalls=17 nudgeMsg=no
[2026-08-07T02:56:47.014Z] LiveUpdateForge: AfterToolExec flush
[2026-08-07T02:56:47.268Z] InitialReadForge.onBeforeSend: SKIP (fr=true syn=false hasRead=true)
[2026-08-07T02:56:57.235Z] LiveUpdateForge: EndTurn fallback flush
[2026-08-07T02:56:57.235Z] onEndTurn: naturalStop=false toolCalls=18 nudgeMsg=no
[2026-08-07T02:56:57.852Z] LiveUpdateForge: AfterToolExec flush
[2026-08-07T02:56:57.920Z] InitialReadForge.onBeforeSend: SKIP (fr=true syn=false hasRead=true)
[2026-08-07T02:57:06.613Z] LiveUpdateForge: EndTurn fallback flush
[2026-08-07T02:57:06.613Z] onEndTurn: naturalStop=false toolCalls=19 nudgeMsg=no
[2026-08-07T02:57:07.177Z] LiveUpdateForge: AfterToolExec flush
[2026-08-07T02:57:07.270Z] InitialReadForge.onBeforeSend: SKIP (fr=true syn=false hasRead=true)
[2026-08-07T02:57:15.531Z] LiveUpdateForge: EndTurn fallback flush
[2026-08-07T02:57:15.531Z] onEndTurn: naturalStop=false toolCalls=20 nudgeMsg=no
[2026-08-07T02:57:15.832Z] LiveUpdateForge: AfterToolExec flush
[2026-08-07T02:57:15.917Z] InitialReadForge.onBeforeSend: SKIP (fr=true syn=false hasRead=true)
[2026-08-07T02:57:20.778Z] LiveUpdateForge: EndTurn fallback flush
[2026-08-07T02:57:20.779Z] onEndTurn: naturalStop=false toolCalls=21 nudgeMsg=no
[2026-08-07T02:57:21.263Z] LiveUpdateForge: AfterToolExec flush
[2026-08-07T02:57:21.334Z] InitialReadForge.onBeforeSend: SKIP (fr=true syn=false hasRead=true)
[2026-08-07T02:57:25.413Z] LiveUpdateForge: EndTurn fallback flush
[2026-08-07T02:57:25.413Z] onEndTurn: naturalStop=true toolCalls=22 nudgeMsg=no
[2026-08-07T03:11:22.116Z] ResumeDiffForge: running checkResumeConsistency
[2026-08-07T03:11:22.117Z] checkResumeConsistency: forgedTimestamps=[]
[2026-08-07T03:11:22.125Z] checkResumeConsistency: no changes detected
[2026-08-07T03:11:22.125Z] LiveUpdateForge: session reset, allowLiveUpdate = false
[2026-08-07T03:11:22.126Z] NudgeForge: ResumeComplete — restoring count from history
[2026-08-07T03:11:22.126Z] restoreNudgeCountFromHistory: found nudge message at idx=101 count=22
[2026-08-07T03:11:22.187Z] LiveUpdateForge: allowLiveUpdate = true (first real BeforeSend)
[2026-08-07T03:11:22.187Z] InitialReadForge.onBeforeSend: SKIP (fr=false syn=false hasRead=true)
[2026-08-07T03:11:52.375Z] LiveUpdateForge: EndTurn fallback flush
[2026-08-07T03:11:52.375Z] onEndTurn: naturalStop=false toolCalls=22 nudgeMsg=no
[2026-08-07T03:11:53.746Z] LiveUpdateForge: AfterToolExec flush
[2026-08-07T03:11:53.885Z] InitialReadForge.onBeforeSend: SKIP (fr=true syn=false hasRead=true)
[2026-08-07T03:12:01.148Z] LiveUpdateForge: EndTurn fallback flush
[2026-08-07T03:12:01.148Z] onEndTurn: naturalStop=false toolCalls=23 nudgeMsg=no
[2026-08-07T03:12:01.764Z] LiveUpdateForge: AfterToolExec flush
[2026-08-07T03:12:01.892Z] InitialReadForge.onBeforeSend: SKIP (fr=true syn=false hasRead=true)
[2026-08-07T03:12:20.716Z] LiveUpdateForge: EndTurn fallback flush
[2026-08-07T03:12:20.717Z] onEndTurn: naturalStop=false toolCalls=24 nudgeMsg=no
[2026-08-07T03:12:21.097Z] LiveUpdateForge: AfterToolExec flush
[2026-08-07T03:12:21.187Z] InitialReadForge.onBeforeSend: SKIP (fr=true syn=false hasRead=true)
[2026-08-07T03:12:27.578Z] LiveUpdateForge: EndTurn fallback flush
[2026-08-07T03:12:27.579Z] onEndTurn: naturalStop=false toolCalls=25 nudgeMsg=no
[2026-08-07T03:12:28.220Z] LiveUpdateForge: AfterToolExec flush
[2026-08-07T03:12:28.307Z] InitialReadForge.onBeforeSend: SKIP (fr=true syn=false hasRead=true)
[2026-08-07T03:12:31.463Z] LiveUpdateForge: EndTurn fallback flush
[2026-08-07T03:12:31.463Z] onEndTurn: naturalStop=true toolCalls=26 nudgeMsg=no
[2026-08-07T03:13:02.672Z] ResumeDiffForge: running checkResumeConsistency
[2026-08-07T03:13:02.673Z] checkResumeConsistency: forgedTimestamps=[]
[2026-08-07T03:13:02.678Z] checkResumeConsistency: no changes detected
[2026-08-07T03:13:02.678Z] LiveUpdateForge: session reset, allowLiveUpdate = false
[2026-08-07T03:13:02.679Z] NudgeForge: ResumeComplete — restoring count from history
[2026-08-07T03:13:02.679Z] restoreNudgeCountFromHistory: found nudge message at idx=101 count=26
[2026-08-07T03:13:02.703Z] LiveUpdateForge: allowLiveUpdate = true (first real BeforeSend)
[2026-08-07T03:13:02.704Z] InitialReadForge.onBeforeSend: SKIP (fr=false syn=false hasRead=true)
[2026-08-07T03:13:09.254Z] LiveUpdateForge: EndTurn fallback flush
[2026-08-07T03:13:09.254Z] onEndTurn: naturalStop=false toolCalls=26 nudgeMsg=no
[2026-08-07T03:13:09.699Z] LiveUpdateForge: AfterToolExec flush
[2026-08-07T03:13:09.793Z] InitialReadForge.onBeforeSend: SKIP (fr=true syn=false hasRead=true)
[2026-08-07T03:13:39.704Z] LiveUpdateForge: EndTurn fallback flush
[2026-08-07T03:13:39.704Z] onEndTurn: naturalStop=true toolCalls=27 nudgeMsg=no
[2026-08-07T03:32:41.157Z] MemoryForge: attached 5 listener(s)
[2026-08-07T03:32:41.158Z] InitialReadForge: armed one-shot BeforeSend after NewSessionStart
[2026-08-07T03:32:41.158Z] LiveUpdateForge: session reset, allowLiveUpdate = false
[2026-08-07T03:32:41.283Z] LiveUpdateForge: session reset, allowLiveUpdate = false
[2026-08-07T03:32:41.291Z] ResumeDiffForge: running checkResumeConsistency
[2026-08-07T03:32:41.292Z] checkResumeConsistency: forgedTimestamps=[]
[2026-08-07T03:32:41.296Z] checkResumeConsistency: no changes detected
[2026-08-07T03:32:41.296Z] LiveUpdateForge: session reset, allowLiveUpdate = false
[2026-08-07T03:32:41.296Z] NudgeForge: ResumeComplete — restoring count from history
[2026-08-07T03:32:41.297Z] restoreNudgeCountFromHistory: found nudge message at idx=101 count=27
[2026-08-07T03:32:42.051Z] ResumeDiffForge: running checkResumeConsistency
[2026-08-07T03:32:42.052Z] checkResumeConsistency: forgedTimestamps=[]
[2026-08-07T03:32:42.058Z] checkResumeConsistency: no changes detected
[2026-08-07T03:32:42.058Z] LiveUpdateForge: session reset, allowLiveUpdate = false
[2026-08-07T03:32:42.058Z] NudgeForge: ResumeComplete — restoring count from history
[2026-08-07T03:32:42.059Z] restoreNudgeCountFromHistory: found nudge message at idx=101 count=27
[2026-08-07T03:32:42.176Z] ResumeDiffForge: running checkResumeConsistency
[2026-08-07T03:32:42.176Z] checkResumeConsistency: forgedTimestamps=[]
[2026-08-07T03:32:42.181Z] checkResumeConsistency: no changes detected
[2026-08-07T03:32:42.182Z] LiveUpdateForge: session reset, allowLiveUpdate = false
[2026-08-07T03:32:42.182Z] NudgeForge: ResumeComplete — restoring count from history
[2026-08-07T03:32:42.183Z] restoreNudgeCountFromHistory: found nudge message at idx=101 count=27
[2026-08-07T03:32:43.191Z] MemoryForge: attached 5 listener(s)
[2026-08-07T03:32:43.192Z] InitialReadForge: armed one-shot BeforeSend after NewSessionStart
[2026-08-07T03:32:43.192Z] LiveUpdateForge: session reset, allowLiveUpdate = false
[2026-08-07T03:32:43.196Z] MemoryForge: detached all listeners
[2026-08-07T03:32:43.196Z] ResumeDiffForge: running checkResumeConsistency
[2026-08-07T03:32:43.197Z] checkResumeConsistency: forgedTimestamps=[]
[2026-08-07T03:32:43.311Z] checkResumeConsistency: no changes detected
[2026-08-07T03:32:43.312Z] LiveUpdateForge: session reset, allowLiveUpdate = false
[2026-08-07T03:32:43.312Z] NudgeForge: ResumeComplete — restoring count from history
[2026-08-07T03:32:43.313Z] restoreNudgeCountFromHistory: found nudge message at idx=101 count=27
[2026-08-07T03:32:43.325Z] LiveUpdateForge: allowLiveUpdate = true (first real BeforeSend)
[2026-08-07T03:32:43.325Z] InitialReadForge.onBeforeSend: SKIP (fr=false syn=false hasRead=true)
[2026-08-07T03:32:55.373Z] LiveUpdateForge: EndTurn fallback flush
[2026-08-07T03:32:55.373Z] onEndTurn: naturalStop=false toolCalls=27 nudgeMsg=no
[2026-08-07T03:32:55.410Z] LiveUpdateForge: AfterToolExec flush
[2026-08-07T03:32:55.516Z] InitialReadForge.onBeforeSend: SKIP (fr=true syn=false hasRead=true)
[2026-08-07T03:33:29.113Z] LiveUpdateForge: EndTurn fallback flush
[2026-08-07T03:33:29.113Z] onEndTurn: naturalStop=true toolCalls=28 nudgeMsg=no
[2026-08-07T03:56:43.982Z] MemoryForge: attached 5 listener(s)
[2026-08-07T03:56:43.983Z] InitialReadForge: armed one-shot BeforeSend after NewSessionStart
[2026-08-07T03:56:43.983Z] LiveUpdateForge: session reset, allowLiveUpdate = false
[2026-08-07T03:56:44.248Z] LiveUpdateForge: session reset, allowLiveUpdate = false
[2026-08-07T03:56:44.256Z] ResumeDiffForge: running checkResumeConsistency
[2026-08-07T03:56:44.257Z] checkResumeConsistency: forgedTimestamps=[]
[2026-08-07T03:56:44.263Z] checkResumeConsistency: no changes detected
[2026-08-07T03:56:44.263Z] LiveUpdateForge: session reset, allowLiveUpdate = false
[2026-08-07T03:56:44.263Z] NudgeForge: ResumeComplete — restoring count from history
[2026-08-07T03:56:44.264Z] restoreNudgeCountFromHistory: found nudge message at idx=101 count=28
[2026-08-07T03:56:45.126Z] ResumeDiffForge: running checkResumeConsistency
[2026-08-07T03:56:45.127Z] checkResumeConsistency: forgedTimestamps=[]
[2026-08-07T03:56:45.132Z] checkResumeConsistency: no changes detected
[2026-08-07T03:56:45.132Z] LiveUpdateForge: session reset, allowLiveUpdate = false
[2026-08-07T03:56:45.133Z] NudgeForge: ResumeComplete — restoring count from history
[2026-08-07T03:56:45.134Z] restoreNudgeCountFromHistory: found nudge message at idx=101 count=28
[2026-08-07T03:56:45.290Z] ResumeDiffForge: running checkResumeConsistency
[2026-08-07T03:56:45.290Z] checkResumeConsistency: forgedTimestamps=[]
[2026-08-07T03:56:45.295Z] checkResumeConsistency: no changes detected
[2026-08-07T03:56:45.295Z] LiveUpdateForge: session reset, allowLiveUpdate = false
[2026-08-07T03:56:45.296Z] NudgeForge: ResumeComplete — restoring count from history
[2026-08-07T03:56:45.297Z] restoreNudgeCountFromHistory: found nudge message at idx=101 count=28
[2026-08-07T03:56:46.277Z] MemoryForge: attached 5 listener(s)
[2026-08-07T03:56:46.277Z] InitialReadForge: armed one-shot BeforeSend after NewSessionStart
[2026-08-07T03:56:46.277Z] LiveUpdateForge: session reset, allowLiveUpdate = false
[2026-08-07T03:56:46.281Z] MemoryForge: detached all listeners
[2026-08-07T03:56:46.281Z] ResumeDiffForge: running checkResumeConsistency
[2026-08-07T03:56:46.282Z] checkResumeConsistency: forgedTimestamps=[]
[2026-08-07T03:56:46.389Z] checkResumeConsistency: no changes detected
[2026-08-07T03:56:46.389Z] LiveUpdateForge: session reset, allowLiveUpdate = false
[2026-08-07T03:56:46.390Z] NudgeForge: ResumeComplete — restoring count from history
[2026-08-07T03:56:46.390Z] restoreNudgeCountFromHistory: found nudge message at idx=101 count=28
[2026-08-07T03:56:46.402Z] LiveUpdateForge: allowLiveUpdate = true (first real BeforeSend)
[2026-08-07T03:56:46.403Z] InitialReadForge.onBeforeSend: SKIP (fr=false syn=false hasRead=true)
[2026-08-07T03:57:02.421Z] LiveUpdateForge: EndTurn fallback flush
[2026-08-07T03:57:02.421Z] onEndTurn: naturalStop=false toolCalls=28 nudgeMsg=no
[2026-08-07T03:57:02.460Z] LiveUpdateForge: AfterToolExec flush
[2026-08-07T03:57:02.461Z] LiveUpdateForge: AfterToolExec flush
[2026-08-07T03:57:02.461Z] LiveUpdateForge: AfterToolExec flush
[2026-08-07T03:57:02.573Z] InitialReadForge.onBeforeSend: SKIP (fr=true syn=false hasRead=true)
[2026-08-07T03:57:17.006Z] LiveUpdateForge: EndTurn fallback flush
[2026-08-07T03:57:17.006Z] onEndTurn: naturalStop=false toolCalls=31 nudgeMsg=no
[2026-08-07T03:57:17.014Z] LiveUpdateForge: AfterToolExec flush
[2026-08-07T03:57:17.015Z] LiveUpdateForge: AfterToolExec flush
[2026-08-07T03:57:17.015Z] LiveUpdateForge: AfterToolExec flush
[2026-08-07T03:57:17.016Z] LiveUpdateForge: AfterToolExec flush
[2026-08-07T03:57:17.016Z] LiveUpdateForge: AfterToolExec flush
[2026-08-07T03:57:17.017Z] LiveUpdateForge: AfterToolExec flush
[2026-08-07T03:57:17.143Z] InitialReadForge.onBeforeSend: SKIP (fr=true syn=false hasRead=true)
[2026-08-07T03:57:23.884Z] LiveUpdateForge: EndTurn fallback flush
[2026-08-07T03:57:23.884Z] onEndTurn: naturalStop=false toolCalls=37 nudgeMsg=no
[2026-08-07T03:57:23.890Z] LiveUpdateForge: AfterToolExec flush
[2026-08-07T03:57:23.891Z] LiveUpdateForge: AfterToolExec flush
[2026-08-07T03:57:24.024Z] InitialReadForge.onBeforeSend: SKIP (fr=true syn=false hasRead=true)
[2026-08-07T03:57:30.141Z] LiveUpdateForge: EndTurn fallback flush
[2026-08-07T03:57:30.142Z] onEndTurn: naturalStop=false toolCalls=39 nudgeMsg=no
[2026-08-07T03:57:30.252Z] LiveUpdateForge: AfterToolExec flush
[2026-08-07T03:57:30.356Z] InitialReadForge.onBeforeSend: SKIP (fr=true syn=false hasRead=true)
[2026-08-07T03:57:35.902Z] LiveUpdateForge: EndTurn fallback flush
[2026-08-07T03:57:35.903Z] onEndTurn: naturalStop=false toolCalls=40 nudgeMsg=no
[2026-08-07T03:57:35.984Z] LiveUpdateForge: AfterToolExec flush
[2026-08-07T03:57:36.085Z] InitialReadForge.onBeforeSend: SKIP (fr=true syn=false hasRead=true)
[2026-08-07T03:58:29.965Z] LiveUpdateForge: EndTurn fallback flush
[2026-08-07T03:58:29.966Z] onEndTurn: naturalStop=true toolCalls=41 nudgeMsg=no
[2026-08-07T04:01:48.456Z] ResumeDiffForge: running checkResumeConsistency
[2026-08-07T04:01:48.457Z] checkResumeConsistency: forgedTimestamps=[]
[2026-08-07T04:01:48.464Z] checkResumeConsistency: no changes detected
[2026-08-07T04:01:48.464Z] LiveUpdateForge: session reset, allowLiveUpdate = false
[2026-08-07T04:01:48.464Z] NudgeForge: ResumeComplete — restoring count from history
[2026-08-07T04:01:48.465Z] restoreNudgeCountFromHistory: found nudge message at idx=101 count=41
[2026-08-07T04:01:48.489Z] LiveUpdateForge: allowLiveUpdate = true (first real BeforeSend)
[2026-08-07T04:01:48.490Z] InitialReadForge.onBeforeSend: SKIP (fr=false syn=false hasRead=true)
[2026-08-07T04:02:06.369Z] LiveUpdateForge: EndTurn fallback flush
[2026-08-07T04:02:06.369Z] onEndTurn: naturalStop=false toolCalls=41 nudgeMsg=no
[2026-08-07T04:03:15.415Z] LiveUpdateForge: AfterToolExec flush
[2026-08-07T04:03:15.525Z] InitialReadForge.onBeforeSend: SKIP (fr=true syn=false hasRead=true)
[2026-08-07T04:03:43.508Z] LiveUpdateForge: EndTurn fallback flush
[2026-08-07T04:03:43.508Z] onEndTurn: naturalStop=false toolCalls=42 nudgeMsg=no
[2026-08-07T04:04:08.537Z] LiveUpdateForge: AfterToolExec flush
[2026-08-07T04:04:08.679Z] InitialReadForge.onBeforeSend: SKIP (fr=true syn=false hasRead=true)
[2026-08-07T04:04:17.711Z] LiveUpdateForge: EndTurn fallback flush
[2026-08-07T04:04:17.712Z] onEndTurn: naturalStop=false toolCalls=43 nudgeMsg=no
[2026-08-07T04:04:17.724Z] LiveUpdateForge: AfterToolExec flush
[2026-08-07T04:04:17.948Z] LiveUpdateForge: AfterToolExec flush
[2026-08-07T04:04:18.073Z] InitialReadForge.onBeforeSend: SKIP (fr=true syn=false hasRead=true)
[2026-08-07T04:04:29.778Z] LiveUpdateForge: EndTurn fallback flush
[2026-08-07T04:04:29.779Z] onEndTurn: naturalStop=false toolCalls=45 nudgeMsg=no
[2026-08-07T04:04:29.785Z] LiveUpdateForge: AfterToolExec flush
[2026-08-07T04:04:29.785Z] LiveUpdateForge: AfterToolExec flush
[2026-08-07T04:04:29.902Z] InitialReadForge.onBeforeSend: SKIP (fr=true syn=false hasRead=true)
[2026-08-07T04:05:11.165Z] LiveUpdateForge: EndTurn fallback flush
[2026-08-07T04:05:11.166Z] onEndTurn: naturalStop=false toolCalls=47 nudgeMsg=no
[2026-08-07T04:05:11.191Z] LiveUpdateForge: AfterToolExec flush
[2026-08-07T04:05:11.307Z] InitialReadForge.onBeforeSend: SKIP (fr=true syn=false hasRead=true)
[2026-08-07T04:05:13.820Z] LiveUpdateForge: EndTurn fallback flush
[2026-08-07T04:05:13.821Z] onEndTurn: naturalStop=false toolCalls=48 nudgeMsg=no
[2026-08-07T04:09:45.284Z] LiveUpdateForge: AfterToolExec flush
[2026-08-07T04:09:45.424Z] InitialReadForge.onBeforeSend: SKIP (fr=true syn=false hasRead=true)
[2026-08-07T04:09:57.952Z] LiveUpdateForge: EndTurn fallback flush
[2026-08-07T04:09:57.953Z] onEndTurn: naturalStop=false toolCalls=49 nudgeMsg=no
[2026-08-07T04:09:57.998Z] LiveUpdateForge: AfterToolExec flush
[2026-08-07T04:09:57.998Z] LiveUpdateForge: AfterToolExec flush
[2026-08-07T04:09:57.999Z] LiveUpdateForge: AfterToolExec flush
[2026-08-07T04:09:57.999Z] LiveUpdateForge: AfterToolExec flush
[2026-08-07T04:09:58.000Z] LiveUpdateForge: AfterToolExec flush
[2026-08-07T04:09:58.001Z] LiveUpdateForge: AfterToolExec flush
[2026-08-07T04:09:58.142Z] InitialReadForge.onBeforeSend: SKIP (fr=true syn=false hasRead=true)
[2026-08-07T04:10:03.282Z] LiveUpdateForge: EndTurn fallback flush
[2026-08-07T04:10:03.282Z] onEndTurn: naturalStop=false toolCalls=55 nudgeMsg=no
[2026-08-07T04:10:03.287Z] LiveUpdateForge: AfterToolExec flush
[2026-08-07T04:10:03.447Z] InitialReadForge.onBeforeSend: SKIP (fr=true syn=false hasRead=true)
[2026-08-07T04:10:09.832Z] LiveUpdateForge: EndTurn fallback flush
[2026-08-07T04:10:09.833Z] onEndTurn: naturalStop=false toolCalls=56 nudgeMsg=no
[2026-08-07T04:10:10.002Z] LiveUpdateForge: AfterToolExec flush
[2026-08-07T04:10:10.133Z] InitialReadForge.onBeforeSend: SKIP (fr=true syn=false hasRead=true)
[2026-08-07T04:10:16.231Z] LiveUpdateForge: EndTurn fallback flush
[2026-08-07T04:10:16.232Z] onEndTurn: naturalStop=false toolCalls=57 nudgeMsg=no
[2026-08-07T04:10:16.236Z] LiveUpdateForge: AfterToolExec flush
[2026-08-07T04:10:16.236Z] LiveUpdateForge: AfterToolExec flush
[2026-08-07T04:10:16.377Z] InitialReadForge.onBeforeSend: SKIP (fr=true syn=false hasRead=true)
[2026-08-07T04:10:26.084Z] LiveUpdateForge: EndTurn fallback flush
[2026-08-07T04:10:26.084Z] onEndTurn: naturalStop=false toolCalls=59 nudgeMsg=no
[2026-08-07T04:10:26.254Z] LiveUpdateForge: AfterToolExec flush
[2026-08-07T04:10:26.392Z] InitialReadForge.onBeforeSend: SKIP (fr=true syn=false hasRead=true)
[2026-08-07T04:10:33.625Z] LiveUpdateForge: EndTurn fallback flush
[2026-08-07T04:10:33.626Z] onEndTurn: naturalStop=false toolCalls=60 nudgeMsg=no
[2026-08-07T04:10:33.631Z] LiveUpdateForge: AfterToolExec flush
[2026-08-07T04:10:33.765Z] InitialReadForge.onBeforeSend: SKIP (fr=true syn=false hasRead=true)
[2026-08-07T04:10:39.567Z] LiveUpdateForge: EndTurn fallback flush
[2026-08-07T04:10:39.567Z] onEndTurn: naturalStop=false toolCalls=61 nudgeMsg=no
[2026-08-07T04:10:39.586Z] LiveUpdateForge: AfterToolExec flush
[2026-08-07T04:10:39.715Z] InitialReadForge.onBeforeSend: SKIP (fr=true syn=false hasRead=true)
[2026-08-07T04:10:53.828Z] LiveUpdateForge: EndTurn fallback flush
[2026-08-07T04:10:53.829Z] onEndTurn: naturalStop=false toolCalls=62 nudgeMsg=no
[2026-08-07T04:10:53.977Z] LiveUpdateForge: AfterToolExec flush
[2026-08-07T04:10:54.106Z] InitialReadForge.onBeforeSend: SKIP (fr=true syn=false hasRead=true)
[2026-08-07T04:11:03.439Z] LiveUpdateForge: EndTurn fallback flush
[2026-08-07T04:11:03.439Z] onEndTurn: naturalStop=false toolCalls=63 nudgeMsg=no
[2026-08-07T04:11:03.462Z] LiveUpdateForge: AfterToolExec flush
[2026-08-07T04:11:03.595Z] InitialReadForge.onBeforeSend: SKIP (fr=true syn=false hasRead=true)
[2026-08-07T04:11:13.193Z] LiveUpdateForge: EndTurn fallback flush
[2026-08-07T04:11:13.194Z] onEndTurn: naturalStop=false toolCalls=64 nudgeMsg=no
[2026-08-07T04:11:13.216Z] LiveUpdateForge: AfterToolExec flush
[2026-08-07T04:11:13.353Z] InitialReadForge.onBeforeSend: SKIP (fr=true syn=false hasRead=true)
[2026-08-07T04:11:29.754Z] LiveUpdateForge: EndTurn fallback flush
[2026-08-07T04:11:29.754Z] onEndTurn: naturalStop=false toolCalls=65 nudgeMsg=no
[2026-08-07T04:11:29.780Z] LiveUpdateForge: AfterToolExec flush
[2026-08-07T04:11:29.911Z] InitialReadForge.onBeforeSend: SKIP (fr=true syn=false hasRead=true)
[2026-08-07T04:11:34.395Z] LiveUpdateForge: EndTurn fallback flush
[2026-08-07T04:11:34.396Z] onEndTurn: naturalStop=false toolCalls=66 nudgeMsg=no
[2026-08-07T04:11:34.409Z] LiveUpdateForge: AfterToolExec flush
[2026-08-07T04:11:34.409Z] LiveUpdateForge: AfterToolExec flush
[2026-08-07T04:11:34.410Z] LiveUpdateForge: AfterToolExec flush
[2026-08-07T04:11:34.561Z] InitialReadForge.onBeforeSend: SKIP (fr=true syn=false hasRead=true)
[2026-08-07T04:11:38.559Z] LiveUpdateForge: EndTurn fallback flush
[2026-08-07T04:11:38.560Z] onEndTurn: naturalStop=false toolCalls=69 nudgeMsg=no
[2026-08-07T04:11:38.565Z] LiveUpdateForge: AfterToolExec flush
[2026-08-07T04:11:38.690Z] InitialReadForge.onBeforeSend: SKIP (fr=true syn=false hasRead=true)
[2026-08-07T04:11:51.050Z] LiveUpdateForge: EndTurn fallback flush
[2026-08-07T04:11:51.050Z] onEndTurn: naturalStop=false toolCalls=70 nudgeMsg=no
[2026-08-07T04:11:51.199Z] LiveUpdateForge: AfterToolExec flush
[2026-08-07T04:11:51.319Z] InitialReadForge.onBeforeSend: SKIP (fr=true syn=false hasRead=true)
[2026-08-07T04:12:01.298Z] LiveUpdateForge: EndTurn fallback flush
[2026-08-07T04:12:01.298Z] onEndTurn: naturalStop=false toolCalls=71 nudgeMsg=no
[2026-08-07T04:12:01.322Z] LiveUpdateForge: AfterToolExec flush
[2026-08-07T04:12:01.454Z] InitialReadForge.onBeforeSend: SKIP (fr=true syn=false hasRead=true)
[2026-08-07T04:12:09.021Z] LiveUpdateForge: EndTurn fallback flush
[2026-08-07T04:12:09.021Z] onEndTurn: naturalStop=false toolCalls=72 nudgeMsg=no
[2026-08-07T04:12:09.033Z] LiveUpdateForge: AfterToolExec flush
[2026-08-07T04:12:09.034Z] LiveUpdateForge: AfterToolExec flush
[2026-08-07T04:12:09.168Z] InitialReadForge.onBeforeSend: SKIP (fr=true syn=false hasRead=true)
[2026-08-07T04:12:35.496Z] LiveUpdateForge: EndTurn fallback flush
[2026-08-07T04:12:35.497Z] onEndTurn: naturalStop=false toolCalls=74 nudgeMsg=no
[2026-08-07T04:12:35.648Z] LiveUpdateForge: AfterToolExec flush
[2026-08-07T04:12:35.793Z] LiveUpdateForge: AfterToolExec flush
[2026-08-07T04:12:35.939Z] LiveUpdateForge: AfterToolExec flush
[2026-08-07T04:12:36.066Z] InitialReadForge.onBeforeSend: SKIP (fr=true syn=false hasRead=true)
[2026-08-07T04:12:42.338Z] LiveUpdateForge: EndTurn fallback flush
[2026-08-07T04:12:42.339Z] onEndTurn: naturalStop=false toolCalls=77 nudgeMsg=no
[2026-08-07T04:46:00.793Z] LiveUpdateForge: AfterToolExec flush
[2026-08-07T04:46:00.946Z] InitialReadForge.onBeforeSend: SKIP (fr=true syn=false hasRead=true)
[2026-08-07T04:46:14.491Z] LiveUpdateForge: EndTurn fallback flush
[2026-08-07T04:46:14.492Z] onEndTurn: naturalStop=false toolCalls=78 nudgeMsg=no
[2026-08-07T04:46:14.506Z] LiveUpdateForge: AfterToolExec flush
[2026-08-07T04:46:14.507Z] LiveUpdateForge: AfterToolExec flush
[2026-08-07T04:46:14.654Z] InitialReadForge.onBeforeSend: SKIP (fr=true syn=false hasRead=true)
[2026-08-07T04:46:17.903Z] LiveUpdateForge: EndTurn fallback flush
[2026-08-07T04:46:17.904Z] onEndTurn: naturalStop=false toolCalls=80 nudgeMsg=no
[2026-08-07T04:46:17.923Z] LiveUpdateForge: AfterToolExec flush
[2026-08-07T04:46:18.068Z] InitialReadForge.onBeforeSend: SKIP (fr=true syn=false hasRead=true)
[2026-08-07T04:46:21.101Z] LiveUpdateForge: EndTurn fallback flush
[2026-08-07T04:46:21.102Z] onEndTurn: naturalStop=false toolCalls=81 nudgeMsg=no
[2026-08-07T04:46:36.356Z] LiveUpdateForge: AfterToolExec flush
[2026-08-07T04:46:36.533Z] InitialReadForge.onBeforeSend: SKIP (fr=true syn=false hasRead=true)
[2026-08-07T04:46:39.255Z] LiveUpdateForge: EndTurn fallback flush
[2026-08-07T04:46:39.255Z] onEndTurn: naturalStop=false toolCalls=82 nudgeMsg=no
[2026-08-07T04:46:39.276Z] LiveUpdateForge: AfterToolExec flush
[2026-08-07T04:46:39.423Z] InitialReadForge.onBeforeSend: SKIP (fr=true syn=false hasRead=true)
[2026-08-07T04:46:44.304Z] LiveUpdateForge: EndTurn fallback flush
[2026-08-07T04:46:44.304Z] onEndTurn: naturalStop=false toolCalls=83 nudgeMsg=no
[2026-08-07T04:46:44.449Z] LiveUpdateForge: AfterToolExec flush
[2026-08-07T04:46:44.605Z] InitialReadForge.onBeforeSend: SKIP (fr=true syn=false hasRead=true)
[2026-08-07T04:46:51.897Z] LiveUpdateForge: EndTurn fallback flush
[2026-08-07T04:46:51.898Z] onEndTurn: naturalStop=false toolCalls=84 nudgeMsg=no
[2026-08-07T04:46:51.905Z] LiveUpdateForge: AfterToolExec flush
[2026-08-07T04:46:52.052Z] InitialReadForge.onBeforeSend: SKIP (fr=true syn=false hasRead=true)
[2026-08-07T04:46:59.444Z] LiveUpdateForge: EndTurn fallback flush
[2026-08-07T04:46:59.445Z] onEndTurn: naturalStop=false toolCalls=85 nudgeMsg=no
[2026-08-07T04:46:59.796Z] LiveUpdateForge: AfterToolExec flush
[2026-08-07T04:46:59.969Z] InitialReadForge.onBeforeSend: SKIP (fr=true syn=false hasRead=true)
[2026-08-07T04:47:05.251Z] LiveUpdateForge: EndTurn fallback flush
[2026-08-07T04:47:05.251Z] onEndTurn: naturalStop=false toolCalls=86 nudgeMsg=no
[2026-08-07T04:47:05.277Z] LiveUpdateForge: AfterToolExec flush
[2026-08-07T04:47:05.446Z] InitialReadForge.onBeforeSend: SKIP (fr=true syn=false hasRead=true)
[2026-08-07T04:47:09.660Z] LiveUpdateForge: EndTurn fallback flush
[2026-08-07T04:47:09.660Z] onEndTurn: naturalStop=false toolCalls=87 nudgeMsg=no
[2026-08-07T04:47:09.683Z] LiveUpdateForge: AfterToolExec flush
[2026-08-07T04:47:09.826Z] InitialReadForge.onBeforeSend: SKIP (fr=true syn=false hasRead=true)
[2026-08-07T04:47:15.747Z] LiveUpdateForge: EndTurn fallback flush
[2026-08-07T04:47:15.747Z] onEndTurn: naturalStop=false toolCalls=88 nudgeMsg=no
[2026-08-07T04:47:15.783Z] LiveUpdateForge: AfterToolExec flush
[2026-08-07T04:47:16.005Z] InitialReadForge.onBeforeSend: SKIP (fr=true syn=false hasRead=true)
[2026-08-07T04:47:19.293Z] LiveUpdateForge: EndTurn fallback flush
[2026-08-07T04:47:19.293Z] onEndTurn: naturalStop=false toolCalls=89 nudgeMsg=no
[2026-08-07T04:47:37.175Z] LiveUpdateForge: AfterToolExec flush
[2026-08-07T04:47:37.303Z] InitialReadForge.onBeforeSend: SKIP (fr=true syn=false hasRead=true)
[2026-08-07T04:47:41.605Z] LiveUpdateForge: EndTurn fallback flush
[2026-08-07T04:47:41.605Z] onEndTurn: naturalStop=false toolCalls=90 nudgeMsg=no
[2026-08-07T04:47:41.635Z] LiveUpdateForge: AfterToolExec flush
[2026-08-07T04:47:41.767Z] InitialReadForge.onBeforeSend: SKIP (fr=true syn=false hasRead=true)
[2026-08-07T04:47:48.465Z] LiveUpdateForge: EndTurn fallback flush
[2026-08-07T04:47:48.466Z] onEndTurn: naturalStop=false toolCalls=91 nudgeMsg=no
[2026-08-07T04:47:48.483Z] LiveUpdateForge: AfterToolExec flush
[2026-08-07T04:47:48.631Z] InitialReadForge.onBeforeSend: SKIP (fr=true syn=false hasRead=true)
[2026-08-07T04:47:53.042Z] LiveUpdateForge: EndTurn fallback flush
[2026-08-07T04:47:53.042Z] onEndTurn: naturalStop=false toolCalls=92 nudgeMsg=no
[2026-08-07T04:47:53.048Z] LiveUpdateForge: AfterToolExec flush
[2026-08-07T04:47:53.194Z] InitialReadForge.onBeforeSend: SKIP (fr=true syn=false hasRead=true)
[2026-08-07T04:47:58.249Z] LiveUpdateForge: EndTurn fallback flush
[2026-08-07T04:47:58.250Z] onEndTurn: naturalStop=true toolCalls=0 nudgeMsg=YES
[2026-08-07T04:47:58.253Z] InitialReadForge.onBeforeSend: SKIP (fr=false syn=false hasRead=true)
[2026-08-07T04:48:14.496Z] LiveUpdateForge: EndTurn fallback flush
[2026-08-07T04:48:14.496Z] onEndTurn: naturalStop=false toolCalls=0 nudgeMsg=no
[2026-08-07T04:48:14.504Z] LiveUpdateForge: AfterToolExec flush
[2026-08-07T04:48:14.509Z] nudge: read_memory called (does NOT reset counter)
[2026-08-07T04:48:36.678Z] LiveUpdateForge: EndTurn fallback flush
[2026-08-07T04:48:36.679Z] onEndTurn: naturalStop=false toolCalls=1 nudgeMsg=no
[2026-08-07T04:48:36.689Z] LiveUpdateForge: self-write on D:\Unity\E1\CODELY.md, baseline aligned
[2026-08-07T04:48:36.690Z] LiveUpdateForge: AfterToolExec flush
[2026-08-07T04:48:45.090Z] LiveUpdateForge: EndTurn fallback flush
[2026-08-07T04:48:45.090Z] onEndTurn: naturalStop=false toolCalls=0 nudgeMsg=no
[2026-08-07T04:48:45.102Z] LiveUpdateForge: self-write on D:\Unity\E1\CODELY.md, baseline aligned
[2026-08-07T04:48:45.103Z] LiveUpdateForge: AfterToolExec flush
[2026-08-07T04:48:51.192Z] LiveUpdateForge: EndTurn fallback flush
[2026-08-07T04:48:51.193Z] onEndTurn: naturalStop=true toolCalls=0 nudgeMsg=no
[2026-08-07T04:49:19.716Z] ResumeDiffForge: running checkResumeConsistency
[2026-08-07T04:49:19.716Z] checkResumeConsistency: forgedTimestamps=[["project","1970-01-01T00:00:00.000Z"]]
[2026-08-07T04:49:19.725Z] checkResumeConsistency: injecting 1 diff notification(s)
[2026-08-07T04:49:19.725Z] injectForgedHistory: role=user preview="[agent-auto] [memory-update 2026-08-07 12:48:45] project memory file has been mo"
[2026-08-07T04:49:19.861Z] injectForgedHistory: recordMessage persisted
[2026-08-07T04:49:19.861Z] LiveUpdateForge: session reset, allowLiveUpdate = false
[2026-08-07T04:49:19.861Z] NudgeForge: ResumeComplete — restoring count from history
[2026-08-07T04:49:19.862Z] restoreNudgeCountFromHistory: found last write at idx=270 count=0
[2026-08-07T04:49:19.887Z] LiveUpdateForge: allowLiveUpdate = true (first real BeforeSend)
[2026-08-07T04:49:31.640Z] LiveUpdateForge: EndTurn fallback flush
[2026-08-07T04:49:31.641Z] onEndTurn: naturalStop=true toolCalls=0 nudgeMsg=no
[2026-08-07T04:51:00.466Z] ResumeDiffForge: running checkResumeConsistency
[2026-08-07T04:51:00.467Z] checkResumeConsistency: forgedTimestamps=[["project","1970-01-01T00:00:00.000Z"]]
[2026-08-07T04:51:00.473Z] checkResumeConsistency: injecting 1 diff notification(s)
[2026-08-07T04:51:00.474Z] injectForgedHistory: role=user preview="[agent-auto] [memory-update 2026-08-07 12:48:45] project memory file has been mo"
[2026-08-07T04:51:00.598Z] injectForgedHistory: recordMessage persisted
[2026-08-07T04:51:00.598Z] LiveUpdateForge: session reset, allowLiveUpdate = false
[2026-08-07T04:51:00.599Z] NudgeForge: ResumeComplete — restoring count from history
[2026-08-07T04:51:00.599Z] restoreNudgeCountFromHistory: found last write at idx=270 count=0
[2026-08-07T04:51:00.623Z] LiveUpdateForge: allowLiveUpdate = true (first real BeforeSend)
[2026-08-07T04:51:13.289Z] LiveUpdateForge: EndTurn fallback flush
[2026-08-07T04:51:13.290Z] onEndTurn: naturalStop=true toolCalls=0 nudgeMsg=no
[2026-08-07T04:56:26.148Z] ResumeDiffForge: running checkResumeConsistency
[2026-08-07T04:56:26.148Z] checkResumeConsistency: forgedTimestamps=[["project","1970-01-01T00:00:00.000Z"]]
[2026-08-07T04:56:26.154Z] checkResumeConsistency: injecting 1 diff notification(s)
[2026-08-07T04:56:26.155Z] injectForgedHistory: role=user preview="[agent-auto] [memory-update 2026-08-07 12:48:45] project memory file has been mo"
[2026-08-07T04:56:26.277Z] injectForgedHistory: recordMessage persisted
[2026-08-07T04:56:26.277Z] LiveUpdateForge: session reset, allowLiveUpdate = false
[2026-08-07T04:56:26.277Z] NudgeForge: ResumeComplete — restoring count from history
[2026-08-07T04:56:26.278Z] restoreNudgeCountFromHistory: found last write at idx=270 count=0
[2026-08-07T04:56:26.304Z] LiveUpdateForge: allowLiveUpdate = true (first real BeforeSend)
[2026-08-07T04:56:48.016Z] LiveUpdateForge: EndTurn fallback flush
[2026-08-07T04:56:48.016Z] onEndTurn: naturalStop=false toolCalls=0 nudgeMsg=no
[2026-08-07T04:56:48.161Z] LiveUpdateForge: AfterToolExec flush
[2026-08-07T04:56:55.205Z] LiveUpdateForge: EndTurn fallback flush
[2026-08-07T04:56:55.206Z] onEndTurn: naturalStop=false toolCalls=1 nudgeMsg=no
[2026-08-07T04:56:55.383Z] LiveUpdateForge: AfterToolExec flush
[2026-08-07T04:56:59.949Z] LiveUpdateForge: EndTurn fallback flush
[2026-08-07T04:56:59.950Z] onEndTurn: naturalStop=false toolCalls=2 nudgeMsg=no
[2026-08-07T04:57:05.780Z] LiveUpdateForge: AfterToolExec flush
[2026-08-07T04:57:10.827Z] LiveUpdateForge: EndTurn fallback flush
[2026-08-07T04:57:10.827Z] onEndTurn: naturalStop=true toolCalls=3 nudgeMsg=no
[2026-08-07T04:58:57.056Z] ResumeDiffForge: running checkResumeConsistency
[2026-08-07T04:58:57.056Z] checkResumeConsistency: forgedTimestamps=[["project","1970-01-01T00:00:00.000Z"]]
[2026-08-07T04:58:57.064Z] checkResumeConsistency: injecting 1 diff notification(s)
[2026-08-07T04:58:57.064Z] injectForgedHistory: role=user preview="[agent-auto] [memory-update 2026-08-07 12:48:45] project memory file has been mo"
[2026-08-07T04:58:57.179Z] injectForgedHistory: recordMessage persisted
[2026-08-07T04:58:57.180Z] LiveUpdateForge: session reset, allowLiveUpdate = false
[2026-08-07T04:58:57.180Z] NudgeForge: ResumeComplete — restoring count from history
[2026-08-07T04:58:57.181Z] restoreNudgeCountFromHistory: found last write at idx=270 count=3
[2026-08-07T04:58:57.202Z] LiveUpdateForge: allowLiveUpdate = true (first real BeforeSend)
[2026-08-07T04:59:23.424Z] LiveUpdateForge: EndTurn fallback flush
[2026-08-07T04:59:23.425Z] onEndTurn: naturalStop=false toolCalls=3 nudgeMsg=no
[2026-08-07T04:59:23.579Z] LiveUpdateForge: AfterToolExec flush
[2026-08-07T04:59:28.376Z] LiveUpdateForge: EndTurn fallback flush
[2026-08-07T04:59:28.377Z] onEndTurn: naturalStop=true toolCalls=4 nudgeMsg=no
[2026-08-07T05:00:00.364Z] ResumeDiffForge: running checkResumeConsistency
[2026-08-07T05:00:00.364Z] checkResumeConsistency: forgedTimestamps=[["project","1970-01-01T00:00:00.000Z"]]
[2026-08-07T05:00:00.369Z] checkResumeConsistency: injecting 1 diff notification(s)
[2026-08-07T05:00:00.370Z] injectForgedHistory: role=user preview="[agent-auto] [memory-update 2026-08-07 12:48:45] project memory file has been mo"
[2026-08-07T05:00:00.512Z] injectForgedHistory: recordMessage persisted
[2026-08-07T05:00:00.512Z] LiveUpdateForge: session reset, allowLiveUpdate = false
[2026-08-07T05:00:00.513Z] NudgeForge: ResumeComplete — restoring count from history
[2026-08-07T05:00:00.514Z] restoreNudgeCountFromHistory: found last write at idx=270 count=4
[2026-08-07T05:00:00.543Z] LiveUpdateForge: allowLiveUpdate = true (first real BeforeSend)
[2026-08-07T05:00:17.442Z] LiveUpdateForge: EndTurn fallback flush
[2026-08-07T05:00:17.443Z] onEndTurn: naturalStop=false toolCalls=4 nudgeMsg=no
[2026-08-07T05:00:17.605Z] LiveUpdateForge: AfterToolExec flush
[2026-08-07T05:00:24.611Z] LiveUpdateForge: EndTurn fallback flush
[2026-08-07T05:00:24.611Z] onEndTurn: naturalStop=true toolCalls=5 nudgeMsg=no
[2026-08-07T05:00:41.798Z] ResumeDiffForge: running checkResumeConsistency
[2026-08-07T05:00:41.798Z] checkResumeConsistency: forgedTimestamps=[["project","1970-01-01T00:00:00.000Z"]]
[2026-08-07T05:00:41.806Z] checkResumeConsistency: injecting 1 diff notification(s)
[2026-08-07T05:00:41.806Z] injectForgedHistory: role=user preview="[agent-auto] [memory-update 2026-08-07 12:48:45] project memory file has been mo"
[2026-08-07T05:00:41.924Z] injectForgedHistory: recordMessage persisted
[2026-08-07T05:00:41.924Z] LiveUpdateForge: session reset, allowLiveUpdate = false
[2026-08-07T05:00:41.924Z] NudgeForge: ResumeComplete — restoring count from history
[2026-08-07T05:00:41.925Z] restoreNudgeCountFromHistory: found last write at idx=270 count=5
[2026-08-07T05:00:41.951Z] LiveUpdateForge: allowLiveUpdate = true (first real BeforeSend)
[2026-08-07T05:00:46.297Z] LiveUpdateForge: EndTurn fallback flush
[2026-08-07T05:00:46.298Z] onEndTurn: naturalStop=false toolCalls=5 nudgeMsg=no
[2026-08-07T05:00:46.340Z] LiveUpdateForge: AfterToolExec flush
[2026-08-07T05:00:46.341Z] LiveUpdateForge: AfterToolExec flush
[2026-08-07T05:00:49.751Z] LiveUpdateForge: EndTurn fallback flush
[2026-08-07T05:00:49.751Z] onEndTurn: naturalStop=false toolCalls=7 nudgeMsg=no
[2026-08-07T05:00:49.784Z] LiveUpdateForge: AfterToolExec flush
[2026-08-07T05:00:53.978Z] LiveUpdateForge: EndTurn fallback flush
[2026-08-07T05:00:53.979Z] onEndTurn: naturalStop=false toolCalls=8 nudgeMsg=no
[2026-08-07T05:00:53.988Z] LiveUpdateForge: AfterToolExec flush
[2026-08-07T05:00:53.989Z] LiveUpdateForge: AfterToolExec flush
[2026-08-07T05:00:59.610Z] LiveUpdateForge: EndTurn fallback flush
[2026-08-07T05:00:59.610Z] onEndTurn: naturalStop=false toolCalls=10 nudgeMsg=no
[2026-08-07T05:01:03.074Z] LiveUpdateForge: AfterToolExec flush
[2026-08-07T05:01:11.058Z] LiveUpdateForge: EndTurn fallback flush
[2026-08-07T05:01:11.058Z] onEndTurn: naturalStop=false toolCalls=11 nudgeMsg=no
[2026-08-07T05:01:11.410Z] LiveUpdateForge: AfterToolExec flush
[2026-08-07T05:01:14.847Z] LiveUpdateForge: EndTurn fallback flush
[2026-08-07T05:01:14.848Z] onEndTurn: naturalStop=false toolCalls=12 nudgeMsg=no
[2026-08-07T05:01:14.860Z] LiveUpdateForge: AfterToolExec flush
[2026-08-07T05:01:20.073Z] LiveUpdateForge: EndTurn fallback flush
[2026-08-07T05:01:20.073Z] onEndTurn: naturalStop=false toolCalls=13 nudgeMsg=no
[2026-08-07T05:01:20.504Z] LiveUpdateForge: AfterToolExec flush
[2026-08-07T05:01:25.118Z] LiveUpdateForge: EndTurn fallback flush
[2026-08-07T05:01:25.119Z] onEndTurn: naturalStop=true toolCalls=14 nudgeMsg=no
[2026-08-07T05:02:51.950Z] ResumeDiffForge: running checkResumeConsistency
[2026-08-07T05:02:51.950Z] checkResumeConsistency: forgedTimestamps=[["project","1970-01-01T00:00:00.000Z"]]
[2026-08-07T05:02:51.959Z] checkResumeConsistency: injecting 1 diff notification(s)
[2026-08-07T05:02:51.959Z] injectForgedHistory: role=user preview="[agent-auto] [memory-update 2026-08-07 12:48:45] project memory file has been mo"
[2026-08-07T05:02:52.093Z] injectForgedHistory: recordMessage persisted
[2026-08-07T05:02:52.094Z] LiveUpdateForge: session reset, allowLiveUpdate = false
[2026-08-07T05:02:52.094Z] NudgeForge: ResumeComplete — restoring count from history
[2026-08-07T05:02:52.095Z] restoreNudgeCountFromHistory: found last write at idx=270 count=14
[2026-08-07T05:02:52.121Z] LiveUpdateForge: allowLiveUpdate = true (first real BeforeSend)
[2026-08-07T05:03:01.347Z] LiveUpdateForge: EndTurn fallback flush
[2026-08-07T05:03:01.347Z] onEndTurn: naturalStop=false toolCalls=14 nudgeMsg=no
[2026-08-07T05:03:01.356Z] LiveUpdateForge: AfterToolExec flush
[2026-08-07T05:03:12.832Z] LiveUpdateForge: EndTurn fallback flush
[2026-08-07T05:03:12.832Z] onEndTurn: naturalStop=false toolCalls=15 nudgeMsg=no
[2026-08-07T05:03:13.126Z] LiveUpdateForge: AfterToolExec flush
[2026-08-07T05:03:18.914Z] LiveUpdateForge: EndTurn fallback flush
[2026-08-07T05:03:18.914Z] onEndTurn: naturalStop=false toolCalls=16 nudgeMsg=no
[2026-08-07T05:03:18.924Z] LiveUpdateForge: AfterToolExec flush
[2026-08-07T05:03:24.426Z] LiveUpdateForge: EndTurn fallback flush
[2026-08-07T05:03:24.426Z] onEndTurn: naturalStop=false toolCalls=17 nudgeMsg=no
[2026-08-07T05:03:25.645Z] LiveUpdateForge: AfterToolExec flush
[2026-08-07T05:03:33.314Z] LiveUpdateForge: EndTurn fallback flush
[2026-08-07T05:03:33.315Z] onEndTurn: naturalStop=false toolCalls=18 nudgeMsg=no
[2026-08-07T05:03:33.997Z] LiveUpdateForge: AfterToolExec flush
[2026-08-07T05:03:38.427Z] LiveUpdateForge: EndTurn fallback flush
[2026-08-07T05:03:38.427Z] onEndTurn: naturalStop=false toolCalls=19 nudgeMsg=no
[2026-08-07T05:03:38.462Z] LiveUpdateForge: AfterToolExec flush
[2026-08-07T05:03:43.649Z] LiveUpdateForge: EndTurn fallback flush
[2026-08-07T05:03:43.650Z] onEndTurn: naturalStop=false toolCalls=20 nudgeMsg=no
[2026-08-07T05:03:44.040Z] LiveUpdateForge: AfterToolExec flush
[2026-08-07T05:03:49.397Z] LiveUpdateForge: EndTurn fallback flush
[2026-08-07T05:03:49.398Z] onEndTurn: naturalStop=false toolCalls=21 nudgeMsg=no
[2026-08-07T05:03:50.084Z] LiveUpdateForge: AfterToolExec flush
[2026-08-07T05:03:54.645Z] LiveUpdateForge: EndTurn fallback flush
[2026-08-07T05:03:54.646Z] onEndTurn: naturalStop=true toolCalls=22 nudgeMsg=no
[2026-08-07T05:07:56.111Z] ResumeDiffForge: running checkResumeConsistency
[2026-08-07T05:07:56.111Z] checkResumeConsistency: forgedTimestamps=[["project","1970-01-01T00:00:00.000Z"]]
[2026-08-07T05:07:56.118Z] checkResumeConsistency: injecting 1 diff notification(s)
[2026-08-07T05:07:56.119Z] injectForgedHistory: role=user preview="[agent-auto] [memory-update 2026-08-07 12:48:45] project memory file has been mo"
[2026-08-07T05:07:56.237Z] injectForgedHistory: recordMessage persisted
[2026-08-07T05:07:56.238Z] LiveUpdateForge: session reset, allowLiveUpdate = false
[2026-08-07T05:07:56.238Z] NudgeForge: ResumeComplete — restoring count from history
[2026-08-07T05:07:56.239Z] restoreNudgeCountFromHistory: found last write at idx=270 count=22
[2026-08-07T05:07:56.268Z] LiveUpdateForge: allowLiveUpdate = true (first real BeforeSend)
[2026-08-07T05:08:12.236Z] LiveUpdateForge: EndTurn fallback flush
[2026-08-07T05:08:12.236Z] onEndTurn: naturalStop=false toolCalls=22 nudgeMsg=no
[2026-08-07T05:08:13.847Z] LiveUpdateForge: AfterToolExec flush
[2026-08-07T05:08:18.772Z] LiveUpdateForge: EndTurn fallback flush
[2026-08-07T05:08:18.773Z] onEndTurn: naturalStop=false toolCalls=23 nudgeMsg=no
[2026-08-07T05:08:18.785Z] LiveUpdateForge: AfterToolExec flush
[2026-08-07T05:08:18.785Z] LiveUpdateForge: AfterToolExec flush
[2026-08-07T05:08:18.786Z] LiveUpdateForge: AfterToolExec flush
[2026-08-07T05:08:22.793Z] LiveUpdateForge: EndTurn fallback flush
[2026-08-07T05:08:22.793Z] onEndTurn: naturalStop=false toolCalls=26 nudgeMsg=no
[2026-08-07T05:08:22.797Z] LiveUpdateForge: AfterToolExec flush
[2026-08-07T05:08:26.624Z] LiveUpdateForge: EndTurn fallback flush
[2026-08-07T05:08:26.625Z] onEndTurn: naturalStop=false toolCalls=27 nudgeMsg=no
[2026-08-07T05:08:26.640Z] LiveUpdateForge: AfterToolExec flush
[2026-08-07T05:08:31.544Z] LiveUpdateForge: EndTurn fallback flush
[2026-08-07T05:08:31.544Z] onEndTurn: naturalStop=false toolCalls=28 nudgeMsg=no
[2026-08-07T05:08:31.579Z] LiveUpdateForge: AfterToolExec flush
[2026-08-07T05:08:31.581Z] LiveUpdateForge: AfterToolExec flush
[2026-08-07T05:08:31.587Z] LiveUpdateForge: AfterToolExec flush
[2026-08-07T05:08:36.935Z] LiveUpdateForge: EndTurn fallback flush
[2026-08-07T05:08:36.936Z] onEndTurn: naturalStop=false toolCalls=31 nudgeMsg=no
[2026-08-07T05:08:37.524Z] LiveUpdateForge: AfterToolExec flush
[2026-08-07T05:08:42.070Z] LiveUpdateForge: EndTurn fallback flush
[2026-08-07T05:08:42.071Z] onEndTurn: naturalStop=true toolCalls=32 nudgeMsg=no
[2026-08-07T05:10:28.540Z] ResumeDiffForge: running checkResumeConsistency
[2026-08-07T05:10:28.540Z] checkResumeConsistency: forgedTimestamps=[["project","1970-01-01T00:00:00.000Z"]]
[2026-08-07T05:10:28.547Z] checkResumeConsistency: injecting 1 diff notification(s)
[2026-08-07T05:10:28.547Z] injectForgedHistory: role=user preview="[agent-auto] [memory-update 2026-08-07 12:48:45] project memory file has been mo"
[2026-08-07T05:10:28.690Z] injectForgedHistory: recordMessage persisted
[2026-08-07T05:10:28.690Z] LiveUpdateForge: session reset, allowLiveUpdate = false
[2026-08-07T05:10:28.691Z] NudgeForge: ResumeComplete — restoring count from history
[2026-08-07T05:10:28.691Z] restoreNudgeCountFromHistory: found last write at idx=270 count=32
[2026-08-07T05:10:28.713Z] LiveUpdateForge: allowLiveUpdate = true (first real BeforeSend)
[2026-08-07T05:10:38.019Z] LiveUpdateForge: EndTurn fallback flush
[2026-08-07T05:10:38.020Z] onEndTurn: naturalStop=false toolCalls=32 nudgeMsg=no
[2026-08-07T05:10:38.031Z] LiveUpdateForge: AfterToolExec flush
[2026-08-07T05:10:53.323Z] LiveUpdateForge: EndTurn fallback flush
[2026-08-07T05:10:53.324Z] onEndTurn: naturalStop=false toolCalls=33 nudgeMsg=no
[2026-08-07T05:10:53.332Z] LiveUpdateForge: AfterToolExec flush
[2026-08-07T05:11:01.350Z] LiveUpdateForge: EndTurn fallback flush
[2026-08-07T05:11:01.350Z] onEndTurn: naturalStop=false toolCalls=34 nudgeMsg=no
[2026-08-07T05:11:01.507Z] LiveUpdateForge: AfterToolExec flush
[2026-08-07T05:11:10.717Z] LiveUpdateForge: EndTurn fallback flush
[2026-08-07T05:11:10.717Z] onEndTurn: naturalStop=false toolCalls=35 nudgeMsg=no
[2026-08-07T05:11:10.748Z] LiveUpdateForge: AfterToolExec flush
[2026-08-07T05:11:14.593Z] LiveUpdateForge: EndTurn fallback flush
[2026-08-07T05:11:14.593Z] onEndTurn: naturalStop=false toolCalls=36 nudgeMsg=no
[2026-08-07T05:11:21.728Z] LiveUpdateForge: AfterToolExec flush
[2026-08-07T05:11:26.243Z] LiveUpdateForge: EndTurn fallback flush
[2026-08-07T05:11:26.244Z] onEndTurn: naturalStop=true toolCalls=37 nudgeMsg=no
[2026-08-07T05:49:39.265Z] MemoryForge: attached 5 listener(s)
[2026-08-07T05:49:39.265Z] InitialReadForge: armed one-shot BeforeSend after NewSessionStart
[2026-08-07T05:49:39.266Z] LiveUpdateForge: session reset, allowLiveUpdate = false
[2026-08-07T05:49:39.617Z] LiveUpdateForge: session reset, allowLiveUpdate = false
[2026-08-07T05:49:39.634Z] ResumeDiffForge: running checkResumeConsistency
[2026-08-07T05:49:39.635Z] checkResumeConsistency: forgedTimestamps=[["project","1970-01-01T00:00:00.000Z"]]
[2026-08-07T05:49:39.642Z] checkResumeConsistency: injecting 1 diff notification(s)
[2026-08-07T05:49:39.642Z] injectForgedHistory: role=user preview="[agent-auto] [memory-update 2026-08-07 12:48:45] project memory file has been mo"
[2026-08-07T05:49:39.643Z] injectForgedHistory: recordMessage persisted
[2026-08-07T05:49:39.643Z] LiveUpdateForge: session reset, allowLiveUpdate = false
[2026-08-07T05:49:39.644Z] NudgeForge: ResumeComplete — restoring count from history
[2026-08-07T05:49:39.645Z] restoreNudgeCountFromHistory: found last write at idx=270 count=37
[2026-08-07T05:49:40.968Z] ResumeDiffForge: running checkResumeConsistency
[2026-08-07T05:49:40.969Z] checkResumeConsistency: forgedTimestamps=[["project","1970-01-01T00:00:00.000Z"]]
[2026-08-07T05:49:40.977Z] checkResumeConsistency: injecting 1 diff notification(s)
[2026-08-07T05:49:40.977Z] injectForgedHistory: role=user preview="[agent-auto] [memory-update 2026-08-07 12:48:45] project memory file has been mo"
[2026-08-07T05:49:41.111Z] injectForgedHistory: recordMessage persisted
[2026-08-07T05:49:41.111Z] LiveUpdateForge: session reset, allowLiveUpdate = false
[2026-08-07T05:49:41.112Z] NudgeForge: ResumeComplete — restoring count from history
[2026-08-07T05:49:41.113Z] restoreNudgeCountFromHistory: found last write at idx=270 count=37
[2026-08-07T05:49:41.318Z] ResumeDiffForge: running checkResumeConsistency
[2026-08-07T05:49:41.319Z] checkResumeConsistency: forgedTimestamps=[["project","1970-01-01T00:00:00.000Z"]]
[2026-08-07T05:49:41.325Z] checkResumeConsistency: injecting 1 diff notification(s)
[2026-08-07T05:49:41.326Z] injectForgedHistory: role=user preview="[agent-auto] [memory-update 2026-08-07 12:48:45] project memory file has been mo"
[2026-08-07T05:49:41.461Z] injectForgedHistory: recordMessage persisted
[2026-08-07T05:49:41.462Z] LiveUpdateForge: session reset, allowLiveUpdate = false
[2026-08-07T05:49:41.462Z] NudgeForge: ResumeComplete — restoring count from history
[2026-08-07T05:49:41.463Z] restoreNudgeCountFromHistory: found last write at idx=270 count=37
[2026-08-07T05:49:42.446Z] MemoryForge: attached 5 listener(s)
[2026-08-07T05:49:42.447Z] InitialReadForge: armed one-shot BeforeSend after NewSessionStart
[2026-08-07T05:49:42.447Z] LiveUpdateForge: session reset, allowLiveUpdate = false
[2026-08-07T05:49:42.453Z] MemoryForge: detached all listeners
[2026-08-07T05:49:42.453Z] ResumeDiffForge: running checkResumeConsistency
[2026-08-07T05:49:42.454Z] checkResumeConsistency: forgedTimestamps=[["project","1970-01-01T00:00:00.000Z"]]
[2026-08-07T05:49:42.593Z] checkResumeConsistency: injecting 1 diff notification(s)
[2026-08-07T05:49:42.594Z] injectForgedHistory: role=user preview="[agent-auto] [memory-update 2026-08-07 12:48:45] project memory file has been mo"
[2026-08-07T05:49:42.726Z] injectForgedHistory: recordMessage persisted
[2026-08-07T05:49:42.727Z] LiveUpdateForge: session reset, allowLiveUpdate = false
[2026-08-07T05:49:42.727Z] NudgeForge: ResumeComplete — restoring count from history
[2026-08-07T05:49:42.728Z] restoreNudgeCountFromHistory: found last write at idx=270 count=37
[2026-08-07T05:49:42.746Z] LiveUpdateForge: allowLiveUpdate = true (first real BeforeSend)
[2026-08-07T05:49:42.747Z] InitialReadForge.onBeforeSend: SKIP (fr=false syn=false hasRead=true)
[2026-08-07T05:50:01.705Z] LiveUpdateForge: EndTurn fallback flush
[2026-08-07T05:50:01.706Z] onEndTurn: naturalStop=false toolCalls=37 nudgeMsg=no
[2026-08-07T05:50:01.738Z] LiveUpdateForge: AfterToolExec flush
[2026-08-07T05:50:01.887Z] InitialReadForge.onBeforeSend: SKIP (fr=true syn=false hasRead=true)
[2026-08-07T05:50:06.119Z] LiveUpdateForge: EndTurn fallback flush
[2026-08-07T05:50:06.120Z] onEndTurn: naturalStop=false toolCalls=38 nudgeMsg=no
[2026-08-07T05:50:06.199Z] LiveUpdateForge: AfterToolExec flush
[2026-08-07T05:50:06.199Z] LiveUpdateForge: AfterToolExec flush
[2026-08-07T05:50:06.346Z] InitialReadForge.onBeforeSend: SKIP (fr=true syn=false hasRead=true)
[2026-08-07T05:50:36.889Z] LiveUpdateForge: EndTurn fallback flush
[2026-08-07T05:50:36.890Z] onEndTurn: naturalStop=false toolCalls=40 nudgeMsg=no
[2026-08-07T05:50:36.912Z] LiveUpdateForge: AfterToolExec flush
[2026-08-07T05:50:37.066Z] InitialReadForge.onBeforeSend: SKIP (fr=true syn=false hasRead=true)
[2026-08-07T05:50:58.371Z] LiveUpdateForge: EndTurn fallback flush
[2026-08-07T05:50:58.372Z] onEndTurn: naturalStop=false toolCalls=41 nudgeMsg=no
[2026-08-07T05:51:02.565Z] LiveUpdateForge: AfterToolExec flush
[2026-08-07T05:51:02.708Z] InitialReadForge.onBeforeSend: SKIP (fr=true syn=false hasRead=true)
[2026-08-07T05:51:15.148Z] LiveUpdateForge: EndTurn fallback flush
[2026-08-07T05:51:15.149Z] onEndTurn: naturalStop=false toolCalls=42 nudgeMsg=no
[2026-08-07T05:51:15.161Z] LiveUpdateForge: AfterToolExec flush
[2026-08-07T05:51:15.304Z] InitialReadForge.onBeforeSend: SKIP (fr=true syn=false hasRead=true)
[2026-08-07T06:14:21.236Z] ResumeDiffForge: running checkResumeConsistency
[2026-08-07T06:14:21.237Z] checkResumeConsistency: forgedTimestamps=[["project","1970-01-01T00:00:00.000Z"]]
[2026-08-07T06:14:21.246Z] checkResumeConsistency: injecting 1 diff notification(s)
[2026-08-07T06:14:21.246Z] injectForgedHistory: role=user preview="[agent-auto] [memory-update 2026-08-07 12:48:45] project memory file has been mo"
[2026-08-07T06:14:21.377Z] injectForgedHistory: recordMessage persisted
[2026-08-07T06:14:21.378Z] LiveUpdateForge: session reset, allowLiveUpdate = false
[2026-08-07T06:14:21.379Z] NudgeForge: ResumeComplete — restoring count from history
[2026-08-07T06:14:21.379Z] restoreNudgeCountFromHistory: found last write at idx=270 count=43
[2026-08-07T06:14:21.416Z] LiveUpdateForge: allowLiveUpdate = true (first real BeforeSend)
[2026-08-07T06:14:21.417Z] InitialReadForge.onBeforeSend: SKIP (fr=false syn=false hasRead=true)
[2026-08-07T06:14:41.350Z] LiveUpdateForge: EndTurn fallback flush
[2026-08-07T06:14:41.351Z] onEndTurn: naturalStop=false toolCalls=43 nudgeMsg=no
[2026-08-07T06:14:41.375Z] LiveUpdateForge: AfterToolExec flush
[2026-08-07T06:14:41.519Z] InitialReadForge.onBeforeSend: SKIP (fr=true syn=false hasRead=true)
[2026-08-07T06:14:56.036Z] LiveUpdateForge: EndTurn fallback flush
[2026-08-07T06:14:56.037Z] onEndTurn: naturalStop=false toolCalls=44 nudgeMsg=no
[2026-08-07T06:14:58.122Z] LiveUpdateForge: AfterToolExec flush
[2026-08-07T06:14:58.269Z] InitialReadForge.onBeforeSend: SKIP (fr=true syn=false hasRead=true)
[2026-08-07T06:15:06.199Z] LiveUpdateForge: EndTurn fallback flush
[2026-08-07T06:15:06.199Z] onEndTurn: naturalStop=true toolCalls=45 nudgeMsg=no
[2026-08-07T06:22:11.035Z] ResumeDiffForge: running checkResumeConsistency
[2026-08-07T06:22:11.036Z] checkResumeConsistency: forgedTimestamps=[["project","1970-01-01T00:00:00.000Z"]]
[2026-08-07T06:22:11.043Z] checkResumeConsistency: injecting 1 diff notification(s)
[2026-08-07T06:22:11.043Z] injectForgedHistory: role=user preview="[agent-auto] [memory-update 2026-08-07 12:48:45] project memory file has been mo"
[2026-08-07T06:22:11.172Z] injectForgedHistory: recordMessage persisted
[2026-08-07T06:22:11.173Z] LiveUpdateForge: session reset, allowLiveUpdate = false
[2026-08-07T06:22:11.173Z] NudgeForge: ResumeComplete — restoring count from history
[2026-08-07T06:22:11.174Z] restoreNudgeCountFromHistory: found last write at idx=270 count=45
[2026-08-07T06:22:11.200Z] LiveUpdateForge: allowLiveUpdate = true (first real BeforeSend)
[2026-08-07T06:22:11.200Z] InitialReadForge.onBeforeSend: SKIP (fr=false syn=false hasRead=true)
[2026-08-07T06:22:31.019Z] LiveUpdateForge: EndTurn fallback flush
[2026-08-07T06:22:31.019Z] onEndTurn: naturalStop=false toolCalls=45 nudgeMsg=no
[2026-08-07T06:22:32.698Z] LiveUpdateForge: AfterToolExec flush
[2026-08-07T06:22:32.833Z] InitialReadForge.onBeforeSend: SKIP (fr=true syn=false hasRead=true)
[2026-08-07T06:22:54.171Z] LiveUpdateForge: EndTurn fallback flush
[2026-08-07T06:22:54.171Z] onEndTurn: naturalStop=false toolCalls=46 nudgeMsg=no
[2026-08-07T06:22:54.732Z] LiveUpdateForge: AfterToolExec flush
[2026-08-07T06:22:54.879Z] InitialReadForge.onBeforeSend: SKIP (fr=true syn=false hasRead=true)
[2026-08-07T06:23:10.578Z] LiveUpdateForge: EndTurn fallback flush
[2026-08-07T06:23:10.578Z] onEndTurn: naturalStop=false toolCalls=47 nudgeMsg=no
[2026-08-07T06:23:11.009Z] LiveUpdateForge: AfterToolExec flush
[2026-08-07T06:23:11.146Z] InitialReadForge.onBeforeSend: SKIP (fr=true syn=false hasRead=true)
[2026-08-07T06:23:28.112Z] LiveUpdateForge: EndTurn fallback flush
[2026-08-07T06:23:28.112Z] onEndTurn: naturalStop=true toolCalls=48 nudgeMsg=no
[2026-08-07T06:24:59.098Z] ResumeDiffForge: running checkResumeConsistency
[2026-08-07T06:24:59.099Z] checkResumeConsistency: forgedTimestamps=[["project","1970-01-01T00:00:00.000Z"]]
[2026-08-07T06:24:59.107Z] checkResumeConsistency: injecting 1 diff notification(s)
[2026-08-07T06:24:59.108Z] injectForgedHistory: role=user preview="[agent-auto] [memory-update 2026-08-07 12:48:45] project memory file has been mo"
[2026-08-07T06:24:59.239Z] injectForgedHistory: recordMessage persisted
[2026-08-07T06:24:59.240Z] LiveUpdateForge: session reset, allowLiveUpdate = false
[2026-08-07T06:24:59.240Z] NudgeForge: ResumeComplete — restoring count from history
[2026-08-07T06:24:59.241Z] restoreNudgeCountFromHistory: found last write at idx=270 count=48
[2026-08-07T06:24:59.270Z] LiveUpdateForge: allowLiveUpdate = true (first real BeforeSend)
[2026-08-07T06:24:59.270Z] InitialReadForge.onBeforeSend: SKIP (fr=false syn=false hasRead=true)
[2026-08-07T06:25:14.637Z] LiveUpdateForge: EndTurn fallback flush
[2026-08-07T06:25:14.637Z] onEndTurn: naturalStop=false toolCalls=48 nudgeMsg=no
[2026-08-07T06:25:14.737Z] LiveUpdateForge: AfterToolExec flush
[2026-08-07T06:25:14.876Z] InitialReadForge.onBeforeSend: SKIP (fr=true syn=false hasRead=true)
[2026-08-07T06:25:34.244Z] LiveUpdateForge: EndTurn fallback flush
[2026-08-07T06:25:34.245Z] onEndTurn: naturalStop=false toolCalls=49 nudgeMsg=no
[2026-08-07T06:25:34.368Z] LiveUpdateForge: AfterToolExec flush
[2026-08-07T06:25:34.510Z] InitialReadForge.onBeforeSend: SKIP (fr=true syn=false hasRead=true)
[2026-08-07T06:25:52.886Z] LiveUpdateForge: EndTurn fallback flush
[2026-08-07T06:25:52.886Z] onEndTurn: naturalStop=false toolCalls=50 nudgeMsg=no
[2026-08-07T06:25:52.990Z] LiveUpdateForge: AfterToolExec flush
[2026-08-07T06:25:53.178Z] InitialReadForge.onBeforeSend: SKIP (fr=true syn=false hasRead=true)
[2026-08-07T06:26:09.130Z] LiveUpdateForge: EndTurn fallback flush
[2026-08-07T06:26:09.131Z] onEndTurn: naturalStop=false toolCalls=51 nudgeMsg=no
[2026-08-07T06:26:09.138Z] LiveUpdateForge: AfterToolExec flush
[2026-08-07T06:26:09.139Z] LiveUpdateForge: AfterToolExec flush
[2026-08-07T06:26:09.289Z] InitialReadForge.onBeforeSend: SKIP (fr=true syn=false hasRead=true)
[2026-08-07T06:26:24.266Z] LiveUpdateForge: EndTurn fallback flush
[2026-08-07T06:26:24.267Z] onEndTurn: naturalStop=true toolCalls=0 nudgeMsg=YES
[2026-08-07T06:26:24.269Z] InitialReadForge.onBeforeSend: SKIP (fr=false syn=false hasRead=true)
[2026-08-07T06:26:49.052Z] LiveUpdateForge: EndTurn fallback flush
[2026-08-07T06:26:49.053Z] onEndTurn: naturalStop=true toolCalls=0 nudgeMsg=no
[2026-08-07T06:28:33.099Z] ResumeDiffForge: running checkResumeConsistency
[2026-08-07T06:28:33.100Z] checkResumeConsistency: forgedTimestamps=[["project","1970-01-01T00:00:00.000Z"]]
[2026-08-07T06:28:33.107Z] checkResumeConsistency: injecting 1 diff notification(s)
[2026-08-07T06:28:33.107Z] injectForgedHistory: role=user preview="[agent-auto] [memory-update 2026-08-07 12:48:45] project memory file has been mo"
[2026-08-07T06:28:33.248Z] injectForgedHistory: recordMessage persisted
[2026-08-07T06:28:33.249Z] LiveUpdateForge: session reset, allowLiveUpdate = false
[2026-08-07T06:28:33.249Z] NudgeForge: ResumeComplete — restoring count from history
[2026-08-07T06:28:33.250Z] restoreNudgeCountFromHistory: found nudge message at idx=402 count=0
[2026-08-07T06:28:33.282Z] LiveUpdateForge: allowLiveUpdate = true (first real BeforeSend)
[2026-08-07T06:28:33.283Z] InitialReadForge.onBeforeSend: SKIP (fr=false syn=false hasRead=true)
[2026-08-07T06:29:11.943Z] LiveUpdateForge: EndTurn fallback flush
[2026-08-07T06:29:11.943Z] onEndTurn: naturalStop=false toolCalls=0 nudgeMsg=no
[2026-08-07T06:29:12.469Z] LiveUpdateForge: AfterToolExec flush
[2026-08-07T06:29:12.613Z] InitialReadForge.onBeforeSend: SKIP (fr=true syn=false hasRead=true)
[2026-08-07T06:29:30.096Z] LiveUpdateForge: EndTurn fallback flush
[2026-08-07T06:29:30.097Z] onEndTurn: naturalStop=false toolCalls=1 nudgeMsg=no
[2026-08-07T06:29:30.577Z] LiveUpdateForge: AfterToolExec flush
[2026-08-07T06:29:30.807Z] InitialReadForge.onBeforeSend: SKIP (fr=true syn=false hasRead=true)
[2026-08-07T06:29:42.672Z] LiveUpdateForge: EndTurn fallback flush
[2026-08-07T06:29:42.672Z] onEndTurn: naturalStop=false toolCalls=2 nudgeMsg=no
[2026-08-07T06:29:45.611Z] LiveUpdateForge: AfterToolExec flush
[2026-08-07T06:29:45.765Z] InitialReadForge.onBeforeSend: SKIP (fr=true syn=false hasRead=true)
[2026-08-07T06:29:54.170Z] LiveUpdateForge: EndTurn fallback flush
[2026-08-07T06:29:54.170Z] onEndTurn: naturalStop=false toolCalls=3 nudgeMsg=no
[2026-08-07T06:30:02.190Z] LiveUpdateForge: AfterToolExec flush
[2026-08-07T06:30:02.356Z] InitialReadForge.onBeforeSend: SKIP (fr=true syn=false hasRead=true)
[2026-08-07T06:30:11.098Z] LiveUpdateForge: EndTurn fallback flush
[2026-08-07T06:30:11.099Z] onEndTurn: naturalStop=false toolCalls=4 nudgeMsg=no
[2026-08-07T06:30:11.193Z] LiveUpdateForge: AfterToolExec flush
[2026-08-07T06:30:11.372Z] InitialReadForge.onBeforeSend: SKIP (fr=true syn=false hasRead=true)
[2026-08-07T06:30:21.258Z] LiveUpdateForge: EndTurn fallback flush
[2026-08-07T06:30:21.259Z] onEndTurn: naturalStop=true toolCalls=5 nudgeMsg=no
[2026-08-07T06:32:21.055Z] ResumeDiffForge: running checkResumeConsistency
[2026-08-07T06:32:21.056Z] checkResumeConsistency: forgedTimestamps=[["project","1970-01-01T00:00:00.000Z"]]
[2026-08-07T06:32:21.063Z] checkResumeConsistency: injecting 1 diff notification(s)
[2026-08-07T06:32:21.063Z] injectForgedHistory: role=user preview="[agent-auto] [memory-update 2026-08-07 12:48:45] project memory file has been mo"
[2026-08-07T06:32:21.195Z] injectForgedHistory: recordMessage persisted
[2026-08-07T06:32:21.195Z] LiveUpdateForge: session reset, allowLiveUpdate = false
[2026-08-07T06:32:21.196Z] NudgeForge: ResumeComplete — restoring count from history
[2026-08-07T06:32:21.197Z] restoreNudgeCountFromHistory: found nudge message at idx=402 count=5
[2026-08-07T06:32:21.233Z] LiveUpdateForge: allowLiveUpdate = true (first real BeforeSend)
[2026-08-07T06:32:21.233Z] InitialReadForge.onBeforeSend: SKIP (fr=false syn=false hasRead=true)
[2026-08-07T06:32:33.582Z] LiveUpdateForge: EndTurn fallback flush
[2026-08-07T06:32:33.582Z] onEndTurn: naturalStop=false toolCalls=5 nudgeMsg=no
[2026-08-07T06:32:35.373Z] LiveUpdateForge: AfterToolExec flush
[2026-08-07T06:32:35.519Z] InitialReadForge.onBeforeSend: SKIP (fr=true syn=false hasRead=true)
[2026-08-07T06:32:53.857Z] LiveUpdateForge: EndTurn fallback flush
[2026-08-07T06:32:53.858Z] onEndTurn: naturalStop=false toolCalls=6 nudgeMsg=no
[2026-08-07T06:32:54.298Z] LiveUpdateForge: AfterToolExec flush
[2026-08-07T06:32:54.428Z] InitialReadForge.onBeforeSend: SKIP (fr=true syn=false hasRead=true)
[2026-08-07T06:33:06.722Z] LiveUpdateForge: EndTurn fallback flush
[2026-08-07T06:33:06.722Z] onEndTurn: naturalStop=true toolCalls=7 nudgeMsg=no
[2026-08-07T06:40:57.460Z] ResumeDiffForge: running checkResumeConsistency
[2026-08-07T06:40:57.461Z] checkResumeConsistency: forgedTimestamps=[["project","1970-01-01T00:00:00.000Z"]]
[2026-08-07T06:40:57.468Z] checkResumeConsistency: injecting 1 diff notification(s)
[2026-08-07T06:40:57.468Z] injectForgedHistory: role=user preview="[agent-auto] [memory-update 2026-08-07 12:48:45] project memory file has been mo"
[2026-08-07T06:40:57.598Z] injectForgedHistory: recordMessage persisted
[2026-08-07T06:40:57.598Z] LiveUpdateForge: session reset, allowLiveUpdate = false
[2026-08-07T06:40:57.599Z] NudgeForge: ResumeComplete — restoring count from history
[2026-08-07T06:40:57.599Z] restoreNudgeCountFromHistory: found nudge message at idx=402 count=7
[2026-08-07T06:40:57.628Z] LiveUpdateForge: allowLiveUpdate = true (first real BeforeSend)
[2026-08-07T06:40:57.628Z] InitialReadForge.onBeforeSend: SKIP (fr=false syn=false hasRead=true)
[2026-08-07T06:41:27.129Z] LiveUpdateForge: EndTurn fallback flush
[2026-08-07T06:41:27.129Z] onEndTurn: naturalStop=false toolCalls=7 nudgeMsg=no
[2026-08-07T06:41:27.332Z] LiveUpdateForge: AfterToolExec flush
[2026-08-07T06:41:27.491Z] InitialReadForge.onBeforeSend: SKIP (fr=true syn=false hasRead=true)
[2026-08-07T06:41:40.554Z] LiveUpdateForge: EndTurn fallback flush
[2026-08-07T06:41:40.555Z] onEndTurn: naturalStop=false toolCalls=8 nudgeMsg=no
[2026-08-07T06:41:46.612Z] LiveUpdateForge: AfterToolExec flush
[2026-08-07T06:41:46.775Z] InitialReadForge.onBeforeSend: SKIP (fr=true syn=false hasRead=true)
[2026-08-07T06:42:06.765Z] LiveUpdateForge: EndTurn fallback flush
[2026-08-07T06:42:06.765Z] onEndTurn: naturalStop=false toolCalls=9 nudgeMsg=no
[2026-08-07T06:42:06.807Z] LiveUpdateForge: AfterToolExec flush
[2026-08-07T06:42:06.947Z] InitialReadForge.onBeforeSend: SKIP (fr=true syn=false hasRead=true)
[2026-08-07T06:42:31.486Z] LiveUpdateForge: EndTurn fallback flush
[2026-08-07T06:42:31.486Z] onEndTurn: naturalStop=false toolCalls=10 nudgeMsg=no
[2026-08-07T06:42:34.030Z] LiveUpdateForge: AfterToolExec flush
[2026-08-07T06:42:34.159Z] InitialReadForge.onBeforeSend: SKIP (fr=true syn=false hasRead=true)
[2026-08-07T06:42:51.078Z] LiveUpdateForge: EndTurn fallback flush
[2026-08-07T06:42:51.078Z] onEndTurn: naturalStop=false toolCalls=11 nudgeMsg=no
[2026-08-07T06:42:51.783Z] LiveUpdateForge: AfterToolExec flush
[2026-08-07T06:42:51.926Z] InitialReadForge.onBeforeSend: SKIP (fr=true syn=false hasRead=true)
[2026-08-07T06:43:09.722Z] LiveUpdateForge: EndTurn fallback flush
[2026-08-07T06:43:09.723Z] onEndTurn: naturalStop=true toolCalls=12 nudgeMsg=no
[2026-08-07T06:43:57.040Z] MemoryForge: attached 5 listener(s)
[2026-08-07T06:43:57.041Z] InitialReadForge: armed one-shot BeforeSend after NewSessionStart
[2026-08-07T06:43:57.041Z] LiveUpdateForge: session reset, allowLiveUpdate = false
[2026-08-07T06:43:57.256Z] LiveUpdateForge: session reset, allowLiveUpdate = false
[2026-08-07T06:43:57.258Z] ResumeDiffForge: running checkResumeConsistency
[2026-08-07T06:43:57.259Z] checkResumeConsistency: forgedTimestamps=[]
[2026-08-07T06:43:57.262Z] checkResumeConsistency: no changes detected
[2026-08-07T06:43:57.263Z] LiveUpdateForge: session reset, allowLiveUpdate = false
[2026-08-07T06:43:57.263Z] NudgeForge: ResumeComplete — restoring count from history
[2026-08-07T06:43:57.264Z] restoreNudgeCountFromHistory: no reset point found, count=14
[2026-08-07T06:43:58.605Z] MemoryForge: attached 5 listener(s)
[2026-08-07T06:43:58.606Z] InitialReadForge: armed one-shot BeforeSend after NewSessionStart
[2026-08-07T06:43:58.606Z] LiveUpdateForge: session reset, allowLiveUpdate = false
[2026-08-07T06:43:58.715Z] LiveUpdateForge: session reset, allowLiveUpdate = false
[2026-08-07T06:43:58.718Z] ResumeDiffForge: running checkResumeConsistency
[2026-08-07T06:43:58.719Z] checkResumeConsistency: forgedTimestamps=[]
[2026-08-07T06:43:58.721Z] checkResumeConsistency: no changes detected
[2026-08-07T06:43:58.722Z] LiveUpdateForge: session reset, allowLiveUpdate = false
[2026-08-07T06:43:58.722Z] NudgeForge: ResumeComplete — restoring count from history
[2026-08-07T06:43:58.723Z] restoreNudgeCountFromHistory: no reset point found, count=10
[2026-08-07T06:43:58.943Z] ResumeDiffForge: running checkResumeConsistency
[2026-08-07T06:43:58.944Z] checkResumeConsistency: forgedTimestamps=[["project","1970-01-01T00:00:00.000Z"]]
[2026-08-07T06:43:58.950Z] checkResumeConsistency: injecting 1 diff notification(s)
[2026-08-07T06:43:58.950Z] injectForgedHistory: role=user preview="[agent-auto] [memory-update 2026-08-07 12:48:45] project memory file has been mo"
[2026-08-07T06:43:59.073Z] injectForgedHistory: recordMessage persisted
[2026-08-07T06:43:59.073Z] LiveUpdateForge: session reset, allowLiveUpdate = false
[2026-08-07T06:43:59.074Z] NudgeForge: ResumeComplete — restoring count from history
[2026-08-07T06:43:59.074Z] restoreNudgeCountFromHistory: found nudge message at idx=402 count=12
[2026-08-07T06:44:06.610Z] ResumeDiffForge: running checkResumeConsistency
[2026-08-07T06:44:06.611Z] checkResumeConsistency: forgedTimestamps=[["project","1970-01-01T00:00:00.000Z"]]
[2026-08-07T06:44:06.618Z] checkResumeConsistency: injecting 1 diff notification(s)
[2026-08-07T06:44:06.619Z] injectForgedHistory: role=user preview="[agent-auto] [memory-update 2026-08-07 12:48:45] project memory file has been mo"
[2026-08-07T06:44:06.756Z] injectForgedHistory: recordMessage persisted
[2026-08-07T06:44:06.756Z] LiveUpdateForge: session reset, allowLiveUpdate = false
[2026-08-07T06:44:06.757Z] NudgeForge: ResumeComplete — restoring count from history
[2026-08-07T06:44:06.757Z] restoreNudgeCountFromHistory: found nudge message at idx=402 count=12
[2026-08-07T06:44:06.793Z] LiveUpdateForge: allowLiveUpdate = true (first real BeforeSend)
[2026-08-07T06:44:06.794Z] InitialReadForge.onBeforeSend: SKIP (fr=false syn=false hasRead=true)
[2026-08-07T06:44:23.141Z] LiveUpdateForge: EndTurn fallback flush
[2026-08-07T06:44:23.141Z] onEndTurn: naturalStop=false toolCalls=12 nudgeMsg=no
[2026-08-07T06:44:23.555Z] LiveUpdateForge: AfterToolExec flush
[2026-08-07T06:44:23.773Z] InitialReadForge.onBeforeSend: SKIP (fr=true syn=false hasRead=true)
[2026-08-07T06:44:45.023Z] LiveUpdateForge: EndTurn fallback flush
[2026-08-07T06:44:45.024Z] onEndTurn: naturalStop=false toolCalls=13 nudgeMsg=no
[2026-08-07T06:44:45.702Z] LiveUpdateForge: AfterToolExec flush
[2026-08-07T06:44:45.845Z] InitialReadForge.onBeforeSend: SKIP (fr=true syn=false hasRead=true)
[2026-08-07T06:45:01.641Z] LiveUpdateForge: EndTurn fallback flush
[2026-08-07T06:45:01.642Z] onEndTurn: naturalStop=false toolCalls=14 nudgeMsg=no
[2026-08-07T06:45:02.093Z] LiveUpdateForge: AfterToolExec flush
[2026-08-07T06:45:02.238Z] InitialReadForge.onBeforeSend: SKIP (fr=true syn=false hasRead=true)
[2026-08-07T06:45:22.593Z] LiveUpdateForge: EndTurn fallback flush
[2026-08-07T06:45:22.594Z] onEndTurn: naturalStop=false toolCalls=15 nudgeMsg=no
[2026-08-07T06:45:22.602Z] LiveUpdateForge: AfterToolExec flush
[2026-08-07T06:45:22.769Z] InitialReadForge.onBeforeSend: SKIP (fr=true syn=false hasRead=true)
[2026-08-07T06:46:08.489Z] LiveUpdateForge: EndTurn fallback flush
[2026-08-07T06:46:08.490Z] onEndTurn: naturalStop=false toolCalls=16 nudgeMsg=no
[2026-08-07T06:46:08.510Z] LiveUpdateForge: AfterToolExec flush
[2026-08-07T06:46:08.699Z] InitialReadForge.onBeforeSend: SKIP (fr=true syn=false hasRead=true)
[2026-08-07T06:46:33.947Z] LiveUpdateForge: EndTurn fallback flush
[2026-08-07T06:46:33.948Z] onEndTurn: naturalStop=true toolCalls=17 nudgeMsg=no
[2026-08-07T06:47:13.214Z] ResumeDiffForge: running checkResumeConsistency
[2026-08-07T06:47:13.214Z] checkResumeConsistency: forgedTimestamps=[]
[2026-08-07T06:47:13.220Z] checkResumeConsistency: no changes detected
[2026-08-07T06:47:13.220Z] LiveUpdateForge: session reset, allowLiveUpdate = false
[2026-08-07T06:47:13.220Z] NudgeForge: ResumeComplete — restoring count from history
[2026-08-07T06:47:13.221Z] restoreNudgeCountFromHistory: no reset point found, count=14
[2026-08-07T06:47:13.272Z] ResumeDiffForge: running checkResumeConsistency
[2026-08-07T06:47:13.272Z] checkResumeConsistency: forgedTimestamps=[]
[2026-08-07T06:47:13.278Z] checkResumeConsistency: no changes detected
[2026-08-07T06:47:13.278Z] LiveUpdateForge: session reset, allowLiveUpdate = false
[2026-08-07T06:47:13.278Z] NudgeForge: ResumeComplete — restoring count from history
[2026-08-07T06:47:13.279Z] restoreNudgeCountFromHistory: no reset point found, count=10
[2026-08-07T06:47:13.495Z] ResumeDiffForge: running checkResumeConsistency
[2026-08-07T06:47:13.495Z] checkResumeConsistency: forgedTimestamps=[["project","1970-01-01T00:00:00.000Z"]]
[2026-08-07T06:47:13.502Z] checkResumeConsistency: injecting 1 diff notification(s)
[2026-08-07T06:47:13.502Z] injectForgedHistory: role=user preview="[agent-auto] [memory-update 2026-08-07 12:48:45] project memory file has been mo"
[2026-08-07T06:47:13.624Z] injectForgedHistory: recordMessage persisted
[2026-08-07T06:47:13.624Z] LiveUpdateForge: session reset, allowLiveUpdate = false
[2026-08-07T06:47:13.625Z] NudgeForge: ResumeComplete — restoring count from history
[2026-08-07T06:47:13.625Z] restoreNudgeCountFromHistory: found nudge message at idx=402 count=17
[2026-08-07T06:48:57.705Z] ResumeDiffForge: running checkResumeConsistency
[2026-08-07T06:48:57.706Z] checkResumeConsistency: forgedTimestamps=[["project","1970-01-01T00:00:00.000Z"]]
[2026-08-07T06:48:57.714Z] checkResumeConsistency: injecting 1 diff notification(s)
[2026-08-07T06:48:57.714Z] injectForgedHistory: role=user preview="[agent-auto] [memory-update 2026-08-07 12:48:45] project memory file has been mo"
[2026-08-07T06:48:57.874Z] injectForgedHistory: recordMessage persisted
[2026-08-07T06:48:57.875Z] LiveUpdateForge: session reset, allowLiveUpdate = false
[2026-08-07T06:48:57.875Z] NudgeForge: ResumeComplete — restoring count from history
[2026-08-07T06:48:57.876Z] restoreNudgeCountFromHistory: found nudge message at idx=402 count=17
[2026-08-07T06:48:57.912Z] LiveUpdateForge: allowLiveUpdate = true (first real BeforeSend)
[2026-08-07T06:48:57.912Z] InitialReadForge.onBeforeSend: SKIP (fr=false syn=false hasRead=true)
[2026-08-07T06:49:23.397Z] LiveUpdateForge: EndTurn fallback flush
[2026-08-07T06:49:23.397Z] onEndTurn: naturalStop=false toolCalls=17 nudgeMsg=no
[2026-08-07T06:49:23.410Z] LiveUpdateForge: AfterToolExec flush
[2026-08-07T06:49:23.562Z] InitialReadForge.onBeforeSend: SKIP (fr=true syn=false hasRead=true)
[2026-08-07T06:49:52.136Z] LiveUpdateForge: EndTurn fallback flush
[2026-08-07T06:49:52.137Z] onEndTurn: naturalStop=true toolCalls=18 nudgeMsg=no
[2026-08-07T06:58:05.728Z] ResumeDiffForge: running checkResumeConsistency
[2026-08-07T06:58:05.728Z] checkResumeConsistency: forgedTimestamps=[["project","1970-01-01T00:00:00.000Z"]]
[2026-08-07T06:58:05.735Z] checkResumeConsistency: injecting 1 diff notification(s)
[2026-08-07T06:58:05.736Z] injectForgedHistory: role=user preview="[agent-auto] [memory-update 2026-08-07 12:48:45] project memory file has been mo"
[2026-08-07T06:58:05.895Z] injectForgedHistory: recordMessage persisted
[2026-08-07T06:58:05.896Z] LiveUpdateForge: session reset, allowLiveUpdate = false
[2026-08-07T06:58:05.896Z] NudgeForge: ResumeComplete — restoring count from history
[2026-08-07T06:58:05.897Z] restoreNudgeCountFromHistory: found nudge message at idx=402 count=18
[2026-08-07T06:58:05.928Z] LiveUpdateForge: allowLiveUpdate = true (first real BeforeSend)
[2026-08-07T06:58:05.929Z] InitialReadForge.onBeforeSend: SKIP (fr=false syn=false hasRead=true)
[2026-08-07T06:58:26.619Z] LiveUpdateForge: EndTurn fallback flush
[2026-08-07T06:58:26.619Z] onEndTurn: naturalStop=false toolCalls=18 nudgeMsg=no
[2026-08-07T06:58:26.631Z] LiveUpdateForge: AfterToolExec flush
[2026-08-07T06:58:26.632Z] LiveUpdateForge: AfterToolExec flush
[2026-08-07T06:58:26.787Z] InitialReadForge.onBeforeSend: SKIP (fr=true syn=false hasRead=true)
[2026-08-07T06:59:05.096Z] LiveUpdateForge: EndTurn fallback flush
[2026-08-07T06:59:05.096Z] onEndTurn: naturalStop=false toolCalls=20 nudgeMsg=no
[2026-08-07T06:59:07.016Z] LiveUpdateForge: AfterToolExec flush
[2026-08-07T06:59:07.157Z] InitialReadForge.onBeforeSend: SKIP (fr=true syn=false hasRead=true)
[2026-08-07T06:59:27.540Z] LiveUpdateForge: EndTurn fallback flush
[2026-08-07T06:59:27.540Z] onEndTurn: naturalStop=false toolCalls=21 nudgeMsg=no
[2026-08-07T06:59:35.670Z] LiveUpdateForge: AfterToolExec flush
[2026-08-07T06:59:35.819Z] InitialReadForge.onBeforeSend: SKIP (fr=true syn=false hasRead=true)
[2026-08-07T06:59:51.468Z] LiveUpdateForge: EndTurn fallback flush
[2026-08-07T06:59:51.468Z] onEndTurn: naturalStop=false toolCalls=22 nudgeMsg=no
[2026-08-07T06:59:51.580Z] LiveUpdateForge: AfterToolExec flush
[2026-08-07T06:59:51.716Z] InitialReadForge.onBeforeSend: SKIP (fr=true syn=false hasRead=true)
[2026-08-07T07:00:03.894Z] LiveUpdateForge: EndTurn fallback flush
[2026-08-07T07:00:03.895Z] onEndTurn: naturalStop=false toolCalls=23 nudgeMsg=no
[2026-08-07T07:00:04.079Z] LiveUpdateForge: AfterToolExec flush
[2026-08-07T07:00:04.222Z] InitialReadForge.onBeforeSend: SKIP (fr=true syn=false hasRead=true)
[2026-08-07T07:00:21.662Z] LiveUpdateForge: EndTurn fallback flush
[2026-08-07T07:00:21.662Z] onEndTurn: naturalStop=true toolCalls=24 nudgeMsg=no
[2026-08-07T07:02:25.691Z] MemoryForge: attached 5 listener(s)
[2026-08-07T07:02:25.691Z] InitialReadForge: armed one-shot BeforeSend after NewSessionStart
[2026-08-07T07:02:25.691Z] LiveUpdateForge: session reset, allowLiveUpdate = false
[2026-08-07T07:02:25.740Z] LiveUpdateForge: session reset, allowLiveUpdate = false
[2026-08-07T07:02:25.742Z] ResumeDiffForge: running checkResumeConsistency
[2026-08-07T07:02:25.743Z] checkResumeConsistency: forgedTimestamps=[]
[2026-08-07T07:02:25.745Z] checkResumeConsistency: no changes detected
[2026-08-07T07:02:25.745Z] LiveUpdateForge: session reset, allowLiveUpdate = false
[2026-08-07T07:02:25.746Z] NudgeForge: ResumeComplete — restoring count from history
[2026-08-07T07:02:25.746Z] restoreNudgeCountFromHistory: no reset point found, count=14
[2026-08-07T07:02:28.165Z] MemoryForge: attached 5 listener(s)
[2026-08-07T07:02:28.165Z] InitialReadForge: armed one-shot BeforeSend after NewSessionStart
[2026-08-07T07:02:28.166Z] LiveUpdateForge: session reset, allowLiveUpdate = false
[2026-08-07T07:02:28.206Z] LiveUpdateForge: session reset, allowLiveUpdate = false
[2026-08-07T07:02:28.208Z] ResumeDiffForge: running checkResumeConsistency
[2026-08-07T07:02:28.208Z] checkResumeConsistency: forgedTimestamps=[]
[2026-08-07T07:02:28.211Z] checkResumeConsistency: no changes detected
[2026-08-07T07:02:28.212Z] LiveUpdateForge: session reset, allowLiveUpdate = false
[2026-08-07T07:02:28.212Z] NudgeForge: ResumeComplete — restoring count from history
[2026-08-07T07:02:28.213Z] restoreNudgeCountFromHistory: no reset point found, count=10
[2026-08-07T07:02:28.443Z] ResumeDiffForge: running checkResumeConsistency
[2026-08-07T07:02:28.444Z] checkResumeConsistency: forgedTimestamps=[["project","1970-01-01T00:00:00.000Z"]]
[2026-08-07T07:02:28.450Z] checkResumeConsistency: injecting 1 diff notification(s)
[2026-08-07T07:02:28.450Z] injectForgedHistory: role=user preview="[agent-auto] [memory-update 2026-08-07 12:48:45] project memory file has been mo"
[2026-08-07T07:02:28.585Z] injectForgedHistory: recordMessage persisted
[2026-08-07T07:02:28.585Z] LiveUpdateForge: session reset, allowLiveUpdate = false
[2026-08-07T07:02:28.586Z] NudgeForge: ResumeComplete — restoring count from history
[2026-08-07T07:02:28.586Z] restoreNudgeCountFromHistory: found nudge message at idx=402 count=24
