[2026-08-06T02:20:11.372Z] MemoryForge: attached 5 listener(s)
[2026-08-06T02:20:11.374Z] InitialReadForge: armed one-shot BeforeSend after NewSessionStart
[2026-08-06T02:20:11.374Z] LiveUpdateForge: session reset, allowLiveUpdate = false
[2026-08-06T02:20:13.408Z] MemoryForge: attached 5 listener(s)
[2026-08-06T02:20:13.408Z] InitialReadForge: armed one-shot BeforeSend after NewSessionStart
[2026-08-06T02:20:13.408Z] LiveUpdateForge: session reset, allowLiveUpdate = false
[2026-08-06T02:21:06.134Z] MemoryForge: attached 5 listener(s)
[2026-08-06T02:21:06.134Z] InitialReadForge: armed one-shot BeforeSend after NewSessionStart
[2026-08-06T02:21:06.134Z] LiveUpdateForge: session reset, allowLiveUpdate = false
[2026-08-06T02:30:20.982Z] MemoryForge: attached 5 listener(s)
[2026-08-06T02:30:20.983Z] InitialReadForge: armed one-shot BeforeSend after NewSessionStart
[2026-08-06T02:30:20.983Z] LiveUpdateForge: session reset, allowLiveUpdate = false
[2026-08-06T02:30:21.565Z] MemoryForge: attached 5 listener(s)
[2026-08-06T02:30:21.566Z] InitialReadForge: armed one-shot BeforeSend after NewSessionStart
[2026-08-06T02:30:21.566Z] LiveUpdateForge: session reset, allowLiveUpdate = false
[2026-08-06T02:30:21.567Z] MemoryForge: detached all listeners
[2026-08-06T02:30:21.567Z] ResumeDiffForge: no read_memory in history, backfilling forge
[2026-08-06T02:30:21.644Z] recordForgedToolExchange: toolName=read_memory callId=resume-forge-read-memory-backfill
[2026-08-06T02:30:21.674Z] recordForgedToolExchange: recordMessage + recordToolCalls persisted
[2026-08-06T02:30:21.675Z] injectForgedHistory: role=user preview=""
[2026-08-06T02:30:21.689Z] injectForgedHistory: recordMessage persisted
[2026-08-06T02:30:21.693Z] ResumeDiffForge: backfilled read_memory and baseline for 2 raw + 2 provider file(s)
[2026-08-06T02:30:21.693Z] LiveUpdateForge: session reset, allowLiveUpdate = false
[2026-08-06T02:30:21.693Z] NudgeForge: ResumeComplete — restoring count from history
[2026-08-06T02:30:21.694Z] restoreNudgeCountFromHistory: no reset point found, count=0
[2026-08-06T02:30:21.708Z] LiveUpdateForge: allowLiveUpdate = true (first real BeforeSend)
[2026-08-06T02:30:21.709Z] InitialReadForge.onBeforeSend: SKIP (fr=false syn=false hasRead=true)
[2026-08-06T02:30:29.307Z] LiveUpdateForge: EndTurn fallback flush
[2026-08-06T02:30:29.307Z] onEndTurn: naturalStop=false toolCalls=0 nudgeMsg=no
[2026-08-06T02:34:56.104Z] LiveUpdateForge: AfterToolExec flush
[2026-08-06T02:34:56.156Z] InitialReadForge.onBeforeSend: SKIP (fr=true syn=false hasRead=true)
[2026-08-06T02:35:12.664Z] LiveUpdateForge: EndTurn fallback flush
[2026-08-06T02:35:12.665Z] onEndTurn: naturalStop=true toolCalls=1 nudgeMsg=no
[2026-08-06T02:39:45.548Z] ResumeDiffForge: running checkResumeConsistency
[2026-08-06T02:39:45.548Z] checkResumeConsistency: forgedTimestamps=[]
[2026-08-06T02:39:45.554Z] checkResumeConsistency: no changes detected
[2026-08-06T02:39:45.554Z] LiveUpdateForge: session reset, allowLiveUpdate = false
[2026-08-06T02:39:45.554Z] NudgeForge: ResumeComplete — restoring count from history
[2026-08-06T02:39:45.555Z] restoreNudgeCountFromHistory: no reset point found, count=1
[2026-08-06T02:39:45.567Z] LiveUpdateForge: allowLiveUpdate = true (first real BeforeSend)
[2026-08-06T02:39:45.567Z] InitialReadForge.onBeforeSend: SKIP (fr=false syn=false hasRead=true)
[2026-08-06T02:41:06.962Z] LiveUpdateForge: EndTurn fallback flush
[2026-08-06T02:41:06.963Z] onEndTurn: naturalStop=true toolCalls=1 nudgeMsg=no
[2026-08-06T02:53:06.059Z] MemoryForge: attached 5 listener(s)
[2026-08-06T02:53:06.060Z] InitialReadForge: armed one-shot BeforeSend after NewSessionStart
[2026-08-06T02:53:06.060Z] LiveUpdateForge: session reset, allowLiveUpdate = false
[2026-08-06T02:53:06.103Z] LiveUpdateForge: session reset, allowLiveUpdate = false
[2026-08-06T02:53:06.106Z] ResumeDiffForge: running checkResumeConsistency
[2026-08-06T02:53:06.106Z] checkResumeConsistency: forgedTimestamps=[]
[2026-08-06T02:53:06.108Z] checkResumeConsistency: no changes detected
[2026-08-06T02:53:06.109Z] LiveUpdateForge: session reset, allowLiveUpdate = false
[2026-08-06T02:53:06.109Z] NudgeForge: ResumeComplete — restoring count from history
[2026-08-06T02:53:06.109Z] restoreNudgeCountFromHistory: no reset point found, count=1
[2026-08-06T02:53:06.357Z] ResumeDiffForge: running checkResumeConsistency
[2026-08-06T02:53:06.357Z] checkResumeConsistency: forgedTimestamps=[]
[2026-08-06T02:53:06.362Z] checkResumeConsistency: no changes detected
[2026-08-06T02:53:06.362Z] LiveUpdateForge: session reset, allowLiveUpdate = false
[2026-08-06T02:53:06.363Z] NudgeForge: ResumeComplete — restoring count from history
[2026-08-06T02:53:06.363Z] restoreNudgeCountFromHistory: no reset point found, count=1
[2026-08-06T02:53:06.432Z] ResumeDiffForge: running checkResumeConsistency
[2026-08-06T02:53:06.433Z] checkResumeConsistency: forgedTimestamps=[]
[2026-08-06T02:53:06.438Z] checkResumeConsistency: no changes detected
[2026-08-06T02:53:06.438Z] LiveUpdateForge: session reset, allowLiveUpdate = false
[2026-08-06T02:53:06.438Z] NudgeForge: ResumeComplete — restoring count from history
[2026-08-06T02:53:06.438Z] restoreNudgeCountFromHistory: no reset point found, count=1
[2026-08-06T02:53:06.964Z] MemoryForge: attached 5 listener(s)
[2026-08-06T02:53:06.964Z] InitialReadForge: armed one-shot BeforeSend after NewSessionStart
[2026-08-06T02:53:06.964Z] LiveUpdateForge: session reset, allowLiveUpdate = false
[2026-08-06T02:53:06.966Z] MemoryForge: detached all listeners
[2026-08-06T02:53:06.966Z] ResumeDiffForge: running checkResumeConsistency
[2026-08-06T02:53:06.966Z] checkResumeConsistency: forgedTimestamps=[]
[2026-08-06T02:53:07.027Z] checkResumeConsistency: no changes detected
[2026-08-06T02:53:07.027Z] LiveUpdateForge: session reset, allowLiveUpdate = false
[2026-08-06T02:53:07.027Z] NudgeForge: ResumeComplete — restoring count from history
[2026-08-06T02:53:07.028Z] restoreNudgeCountFromHistory: no reset point found, count=1
[2026-08-06T02:53:07.039Z] LiveUpdateForge: allowLiveUpdate = true (first real BeforeSend)
[2026-08-06T02:53:07.039Z] InitialReadForge.onBeforeSend: SKIP (fr=false syn=false hasRead=true)
[2026-08-06T02:54:06.873Z] LiveUpdateForge: EndTurn fallback flush
[2026-08-06T02:54:06.873Z] onEndTurn: naturalStop=true toolCalls=1 nudgeMsg=no
[2026-08-06T02:57:35.349Z] ResumeDiffForge: running checkResumeConsistency
[2026-08-06T02:57:35.349Z] checkResumeConsistency: forgedTimestamps=[]
[2026-08-06T02:57:35.356Z] checkResumeConsistency: no changes detected
[2026-08-06T02:57:35.356Z] LiveUpdateForge: session reset, allowLiveUpdate = false
[2026-08-06T02:57:35.356Z] NudgeForge: ResumeComplete — restoring count from history
[2026-08-06T02:57:35.357Z] restoreNudgeCountFromHistory: no reset point found, count=1
[2026-08-06T02:57:35.373Z] LiveUpdateForge: allowLiveUpdate = true (first real BeforeSend)
[2026-08-06T02:57:35.373Z] InitialReadForge.onBeforeSend: SKIP (fr=false syn=false hasRead=true)
[2026-08-06T02:57:57.203Z] LiveUpdateForge: EndTurn fallback flush
[2026-08-06T02:57:57.204Z] onEndTurn: naturalStop=false toolCalls=1 nudgeMsg=no
[2026-08-06T02:57:57.209Z] LiveUpdateForge: AfterToolExec flush
[2026-08-06T02:57:57.293Z] InitialReadForge.onBeforeSend: SKIP (fr=true syn=false hasRead=true)
[2026-08-06T02:57:59.459Z] LiveUpdateForge: EndTurn fallback flush
[2026-08-06T02:57:59.459Z] onEndTurn: naturalStop=false toolCalls=2 nudgeMsg=no
[2026-08-06T02:57:59.462Z] LiveUpdateForge: AfterToolExec flush
[2026-08-06T02:57:59.553Z] InitialReadForge.onBeforeSend: SKIP (fr=true syn=false hasRead=true)
[2026-08-06T02:58:02.263Z] LiveUpdateForge: EndTurn fallback flush
[2026-08-06T02:58:02.264Z] onEndTurn: naturalStop=false toolCalls=3 nudgeMsg=no
[2026-08-06T02:58:02.266Z] LiveUpdateForge: AfterToolExec flush
[2026-08-06T02:58:02.346Z] InitialReadForge.onBeforeSend: SKIP (fr=true syn=false hasRead=true)
[2026-08-06T02:58:05.201Z] LiveUpdateForge: EndTurn fallback flush
[2026-08-06T02:58:05.201Z] onEndTurn: naturalStop=false toolCalls=4 nudgeMsg=no
[2026-08-06T02:58:05.203Z] LiveUpdateForge: AfterToolExec flush
[2026-08-06T02:58:05.298Z] InitialReadForge.onBeforeSend: SKIP (fr=true syn=false hasRead=true)
[2026-08-06T02:58:07.700Z] LiveUpdateForge: EndTurn fallback flush
[2026-08-06T02:58:07.701Z] onEndTurn: naturalStop=false toolCalls=5 nudgeMsg=no
[2026-08-06T02:58:07.703Z] LiveUpdateForge: AfterToolExec flush
[2026-08-06T02:58:07.787Z] InitialReadForge.onBeforeSend: SKIP (fr=true syn=false hasRead=true)
[2026-08-06T02:58:10.938Z] LiveUpdateForge: EndTurn fallback flush
[2026-08-06T02:58:10.939Z] onEndTurn: naturalStop=false toolCalls=6 nudgeMsg=no
[2026-08-06T02:58:10.941Z] LiveUpdateForge: AfterToolExec flush
[2026-08-06T02:58:11.023Z] InitialReadForge.onBeforeSend: SKIP (fr=true syn=false hasRead=true)
[2026-08-06T02:58:12.336Z] LiveUpdateForge: EndTurn fallback flush
[2026-08-06T02:58:12.336Z] onEndTurn: naturalStop=false toolCalls=7 nudgeMsg=no
[2026-08-06T02:58:12.339Z] LiveUpdateForge: AfterToolExec flush
[2026-08-06T02:58:12.424Z] InitialReadForge.onBeforeSend: SKIP (fr=true syn=false hasRead=true)
[2026-08-06T02:59:31.023Z] LiveUpdateForge: EndTurn fallback flush
[2026-08-06T02:59:31.023Z] onEndTurn: naturalStop=false toolCalls=8 nudgeMsg=no
[2026-08-06T02:59:31.177Z] LiveUpdateForge: AfterToolExec flush
[2026-08-06T02:59:31.300Z] InitialReadForge.onBeforeSend: SKIP (fr=true syn=false hasRead=true)
[2026-08-06T02:59:33.042Z] LiveUpdateForge: EndTurn fallback flush
[2026-08-06T02:59:33.042Z] onEndTurn: naturalStop=false toolCalls=9 nudgeMsg=no
[2026-08-06T02:59:33.045Z] LiveUpdateForge: AfterToolExec flush
[2026-08-06T02:59:33.158Z] InitialReadForge.onBeforeSend: SKIP (fr=true syn=false hasRead=true)
[2026-08-06T02:59:35.434Z] LiveUpdateForge: EndTurn fallback flush
[2026-08-06T02:59:35.434Z] onEndTurn: naturalStop=false toolCalls=10 nudgeMsg=no
[2026-08-06T02:59:35.437Z] LiveUpdateForge: AfterToolExec flush
[2026-08-06T02:59:35.574Z] InitialReadForge.onBeforeSend: SKIP (fr=true syn=false hasRead=true)
[2026-08-06T02:59:42.182Z] LiveUpdateForge: EndTurn fallback flush
[2026-08-06T02:59:42.182Z] onEndTurn: naturalStop=false toolCalls=11 nudgeMsg=no
[2026-08-06T02:59:42.336Z] LiveUpdateForge: AfterToolExec flush
[2026-08-06T02:59:42.463Z] InitialReadForge.onBeforeSend: SKIP (fr=true syn=false hasRead=true)
[2026-08-06T02:59:43.983Z] LiveUpdateForge: EndTurn fallback flush
[2026-08-06T02:59:43.983Z] onEndTurn: naturalStop=false toolCalls=12 nudgeMsg=no
[2026-08-06T02:59:43.986Z] LiveUpdateForge: AfterToolExec flush
[2026-08-06T02:59:44.107Z] InitialReadForge.onBeforeSend: SKIP (fr=true syn=false hasRead=true)
[2026-08-06T02:59:56.786Z] LiveUpdateForge: EndTurn fallback flush
[2026-08-06T02:59:56.786Z] onEndTurn: naturalStop=false toolCalls=13 nudgeMsg=no
[2026-08-06T02:59:56.789Z] LiveUpdateForge: AfterToolExec flush
[2026-08-06T02:59:56.902Z] InitialReadForge.onBeforeSend: SKIP (fr=true syn=false hasRead=true)
[2026-08-06T03:00:04.965Z] LiveUpdateForge: EndTurn fallback flush
[2026-08-06T03:00:04.966Z] onEndTurn: naturalStop=false toolCalls=14 nudgeMsg=no
[2026-08-06T03:00:05.266Z] LiveUpdateForge: AfterToolExec flush
[2026-08-06T03:00:05.401Z] InitialReadForge.onBeforeSend: SKIP (fr=true syn=false hasRead=true)
[2026-08-06T03:00:09.745Z] LiveUpdateForge: EndTurn fallback flush
[2026-08-06T03:00:09.745Z] onEndTurn: naturalStop=false toolCalls=15 nudgeMsg=no
[2026-08-06T03:00:09.877Z] LiveUpdateForge: AfterToolExec flush
[2026-08-06T03:00:10.004Z] InitialReadForge.onBeforeSend: SKIP (fr=true syn=false hasRead=true)
[2026-08-06T03:00:14.408Z] LiveUpdateForge: EndTurn fallback flush
[2026-08-06T03:00:14.409Z] onEndTurn: naturalStop=false toolCalls=16 nudgeMsg=no
[2026-08-06T03:00:14.580Z] LiveUpdateForge: AfterToolExec flush
[2026-08-06T03:00:14.703Z] InitialReadForge.onBeforeSend: SKIP (fr=true syn=false hasRead=true)
[2026-08-06T03:00:23.345Z] LiveUpdateForge: EndTurn fallback flush
[2026-08-06T03:00:23.346Z] onEndTurn: naturalStop=false toolCalls=17 nudgeMsg=no
[2026-08-06T03:00:23.487Z] LiveUpdateForge: AfterToolExec flush
[2026-08-06T03:00:23.607Z] InitialReadForge.onBeforeSend: SKIP (fr=true syn=false hasRead=true)
[2026-08-06T03:00:34.482Z] LiveUpdateForge: EndTurn fallback flush
[2026-08-06T03:00:34.482Z] onEndTurn: naturalStop=false toolCalls=18 nudgeMsg=no
[2026-08-06T03:00:34.485Z] LiveUpdateForge: AfterToolExec flush
[2026-08-06T03:00:34.601Z] InitialReadForge.onBeforeSend: SKIP (fr=true syn=false hasRead=true)
[2026-08-06T03:00:36.417Z] LiveUpdateForge: EndTurn fallback flush
[2026-08-06T03:00:36.417Z] onEndTurn: naturalStop=false toolCalls=19 nudgeMsg=no
[2026-08-06T03:00:36.420Z] LiveUpdateForge: AfterToolExec flush
[2026-08-06T03:00:36.534Z] InitialReadForge.onBeforeSend: SKIP (fr=true syn=false hasRead=true)
[2026-08-06T03:00:52.402Z] LiveUpdateForge: EndTurn fallback flush
[2026-08-06T03:00:52.402Z] onEndTurn: naturalStop=false toolCalls=20 nudgeMsg=no
[2026-08-06T03:00:52.560Z] LiveUpdateForge: AfterToolExec flush
[2026-08-06T03:00:52.696Z] InitialReadForge.onBeforeSend: SKIP (fr=true syn=false hasRead=true)
[2026-08-06T03:01:14.584Z] LiveUpdateForge: EndTurn fallback flush
[2026-08-06T03:01:14.584Z] onEndTurn: naturalStop=false toolCalls=21 nudgeMsg=no
[2026-08-06T03:01:14.738Z] LiveUpdateForge: AfterToolExec flush
[2026-08-06T03:01:14.853Z] InitialReadForge.onBeforeSend: SKIP (fr=true syn=false hasRead=true)
[2026-08-06T03:01:57.588Z] LiveUpdateForge: EndTurn fallback flush
[2026-08-06T03:01:57.589Z] onEndTurn: naturalStop=false toolCalls=22 nudgeMsg=no
[2026-08-06T03:01:57.742Z] LiveUpdateForge: AfterToolExec flush
[2026-08-06T03:01:57.872Z] InitialReadForge.onBeforeSend: SKIP (fr=true syn=false hasRead=true)
[2026-08-06T03:03:04.837Z] LiveUpdateForge: EndTurn fallback flush
[2026-08-06T03:03:04.838Z] onEndTurn: naturalStop=false toolCalls=23 nudgeMsg=no
[2026-08-06T03:03:04.841Z] LiveUpdateForge: AfterToolExec flush
[2026-08-06T03:03:04.968Z] InitialReadForge.onBeforeSend: SKIP (fr=true syn=false hasRead=true)
[2026-08-06T03:03:10.658Z] LiveUpdateForge: EndTurn fallback flush
[2026-08-06T03:03:10.658Z] onEndTurn: naturalStop=false toolCalls=24 nudgeMsg=no
[2026-08-06T03:03:10.661Z] LiveUpdateForge: AfterToolExec flush
[2026-08-06T03:03:10.820Z] InitialReadForge.onBeforeSend: SKIP (fr=true syn=false hasRead=true)
[2026-08-06T03:03:33.496Z] LiveUpdateForge: EndTurn fallback flush
[2026-08-06T03:03:33.496Z] onEndTurn: naturalStop=false toolCalls=25 nudgeMsg=no
[2026-08-06T03:03:33.653Z] LiveUpdateForge: AfterToolExec flush
[2026-08-06T03:03:33.812Z] InitialReadForge.onBeforeSend: SKIP (fr=true syn=false hasRead=true)
[2026-08-06T03:04:26.361Z] LiveUpdateForge: EndTurn fallback flush
[2026-08-06T03:04:26.361Z] onEndTurn: naturalStop=false toolCalls=26 nudgeMsg=no
[2026-08-06T03:04:26.544Z] LiveUpdateForge: AfterToolExec flush
[2026-08-06T03:04:26.666Z] InitialReadForge.onBeforeSend: SKIP (fr=true syn=false hasRead=true)
[2026-08-06T03:04:38.457Z] LiveUpdateForge: EndTurn fallback flush
[2026-08-06T03:04:38.458Z] onEndTurn: naturalStop=false toolCalls=27 nudgeMsg=no
[2026-08-06T03:04:38.462Z] LiveUpdateForge: AfterToolExec flush
[2026-08-06T03:04:38.579Z] InitialReadForge.onBeforeSend: SKIP (fr=true syn=false hasRead=true)
[2026-08-06T03:05:02.933Z] LiveUpdateForge: EndTurn fallback flush
[2026-08-06T03:05:02.933Z] onEndTurn: naturalStop=false toolCalls=28 nudgeMsg=no
[2026-08-06T03:05:03.264Z] LiveUpdateForge: AfterToolExec flush
[2026-08-06T03:05:03.388Z] InitialReadForge.onBeforeSend: SKIP (fr=true syn=false hasRead=true)
[2026-08-06T03:05:06.038Z] LiveUpdateForge: EndTurn fallback flush
[2026-08-06T03:05:06.039Z] onEndTurn: naturalStop=false toolCalls=29 nudgeMsg=no
[2026-08-06T03:05:06.225Z] LiveUpdateForge: AfterToolExec flush
[2026-08-06T03:05:06.360Z] InitialReadForge.onBeforeSend: SKIP (fr=true syn=false hasRead=true)
[2026-08-06T03:05:40.862Z] LiveUpdateForge: EndTurn fallback flush
[2026-08-06T03:05:40.862Z] onEndTurn: naturalStop=false toolCalls=30 nudgeMsg=no
[2026-08-06T03:05:41.000Z] LiveUpdateForge: AfterToolExec flush
[2026-08-06T03:05:41.119Z] InitialReadForge.onBeforeSend: SKIP (fr=true syn=false hasRead=true)
[2026-08-06T03:05:50.959Z] LiveUpdateForge: EndTurn fallback flush
[2026-08-06T03:05:50.959Z] onEndTurn: naturalStop=false toolCalls=31 nudgeMsg=no
[2026-08-06T03:05:51.096Z] LiveUpdateForge: AfterToolExec flush
[2026-08-06T03:05:51.229Z] InitialReadForge.onBeforeSend: SKIP (fr=true syn=false hasRead=true)
[2026-08-06T03:06:01.203Z] LiveUpdateForge: EndTurn fallback flush
[2026-08-06T03:06:01.204Z] onEndTurn: naturalStop=false toolCalls=32 nudgeMsg=no
[2026-08-06T03:06:01.313Z] LiveUpdateForge: AfterToolExec flush
[2026-08-06T03:06:01.431Z] InitialReadForge.onBeforeSend: SKIP (fr=true syn=false hasRead=true)
[2026-08-06T03:06:05.144Z] LiveUpdateForge: EndTurn fallback flush
[2026-08-06T03:06:05.144Z] onEndTurn: naturalStop=false toolCalls=33 nudgeMsg=no
[2026-08-06T03:06:05.148Z] LiveUpdateForge: AfterToolExec flush
[2026-08-06T03:06:05.273Z] InitialReadForge.onBeforeSend: SKIP (fr=true syn=false hasRead=true)
[2026-08-06T03:06:06.796Z] LiveUpdateForge: EndTurn fallback flush
[2026-08-06T03:06:06.796Z] onEndTurn: naturalStop=false toolCalls=34 nudgeMsg=no
[2026-08-06T03:06:06.810Z] LiveUpdateForge: AfterToolExec flush
[2026-08-06T03:06:06.937Z] InitialReadForge.onBeforeSend: SKIP (fr=true syn=false hasRead=true)
[2026-08-06T03:06:08.814Z] LiveUpdateForge: EndTurn fallback flush
[2026-08-06T03:06:08.814Z] onEndTurn: naturalStop=false toolCalls=35 nudgeMsg=no
[2026-08-06T03:06:09.771Z] LiveUpdateForge: AfterToolExec flush
[2026-08-06T03:06:09.932Z] InitialReadForge.onBeforeSend: SKIP (fr=true syn=false hasRead=true)
[2026-08-06T03:06:21.169Z] LiveUpdateForge: EndTurn fallback flush
[2026-08-06T03:06:21.170Z] onEndTurn: naturalStop=false toolCalls=36 nudgeMsg=no
[2026-08-06T03:06:21.191Z] LiveUpdateForge: AfterToolExec flush
[2026-08-06T03:06:21.333Z] InitialReadForge.onBeforeSend: SKIP (fr=true syn=false hasRead=true)
[2026-08-06T03:06:33.394Z] LiveUpdateForge: EndTurn fallback flush
[2026-08-06T03:06:33.395Z] onEndTurn: naturalStop=false toolCalls=37 nudgeMsg=no
[2026-08-06T03:06:33.419Z] LiveUpdateForge: AfterToolExec flush
[2026-08-06T03:06:33.561Z] InitialReadForge.onBeforeSend: SKIP (fr=true syn=false hasRead=true)
[2026-08-06T03:06:38.994Z] LiveUpdateForge: EndTurn fallback flush
[2026-08-06T03:06:38.994Z] onEndTurn: naturalStop=false toolCalls=38 nudgeMsg=no
[2026-08-06T03:06:47.484Z] LiveUpdateForge: AfterToolExec flush
[2026-08-06T03:06:47.634Z] InitialReadForge.onBeforeSend: SKIP (fr=true syn=false hasRead=true)
[2026-08-06T03:06:51.018Z] LiveUpdateForge: EndTurn fallback flush
[2026-08-06T03:06:51.018Z] onEndTurn: naturalStop=false toolCalls=39 nudgeMsg=no
[2026-08-06T03:06:51.038Z] LiveUpdateForge: AfterToolExec flush
[2026-08-06T03:06:51.159Z] InitialReadForge.onBeforeSend: SKIP (fr=true syn=false hasRead=true)
[2026-08-06T03:06:54.364Z] LiveUpdateForge: EndTurn fallback flush
[2026-08-06T03:06:54.364Z] onEndTurn: naturalStop=false toolCalls=40 nudgeMsg=no
[2026-08-06T03:06:54.367Z] LiveUpdateForge: AfterToolExec flush
[2026-08-06T03:06:54.494Z] InitialReadForge.onBeforeSend: SKIP (fr=true syn=false hasRead=true)
[2026-08-06T03:07:04.031Z] LiveUpdateForge: EndTurn fallback flush
[2026-08-06T03:07:04.031Z] onEndTurn: naturalStop=true toolCalls=41 nudgeMsg=no
[2026-08-06T03:13:52.710Z] ResumeDiffForge: running checkResumeConsistency
[2026-08-06T03:13:52.710Z] checkResumeConsistency: forgedTimestamps=[]
[2026-08-06T03:13:52.716Z] checkResumeConsistency: no changes detected
[2026-08-06T03:13:52.716Z] LiveUpdateForge: session reset, allowLiveUpdate = false
[2026-08-06T03:13:52.717Z] NudgeForge: ResumeComplete — restoring count from history
[2026-08-06T03:13:52.717Z] restoreNudgeCountFromHistory: no reset point found, count=41
[2026-08-06T03:13:52.737Z] LiveUpdateForge: allowLiveUpdate = true (first real BeforeSend)
[2026-08-06T03:13:52.737Z] InitialReadForge.onBeforeSend: SKIP (fr=false syn=false hasRead=true)
[2026-08-06T03:13:57.495Z] LiveUpdateForge: EndTurn fallback flush
[2026-08-06T03:13:57.495Z] onEndTurn: naturalStop=false toolCalls=41 nudgeMsg=no
[2026-08-06T03:13:57.509Z] LiveUpdateForge: AfterToolExec flush
[2026-08-06T03:13:57.606Z] InitialReadForge.onBeforeSend: SKIP (fr=true syn=false hasRead=true)
[2026-08-06T03:13:59.310Z] LiveUpdateForge: EndTurn fallback flush
[2026-08-06T03:13:59.311Z] onEndTurn: naturalStop=false toolCalls=42 nudgeMsg=no
[2026-08-06T03:13:59.343Z] LiveUpdateForge: AfterToolExec flush
[2026-08-06T03:13:59.438Z] InitialReadForge.onBeforeSend: SKIP (fr=true syn=false hasRead=true)
[2026-08-06T03:14:08.264Z] LiveUpdateForge: EndTurn fallback flush
[2026-08-06T03:14:08.265Z] onEndTurn: naturalStop=false toolCalls=43 nudgeMsg=no
[2026-08-06T03:14:08.272Z] LiveUpdateForge: AfterToolExec flush
[2026-08-06T03:14:08.367Z] InitialReadForge.onBeforeSend: SKIP (fr=true syn=false hasRead=true)
[2026-08-06T03:14:10.087Z] LiveUpdateForge: EndTurn fallback flush
[2026-08-06T03:14:10.088Z] onEndTurn: naturalStop=false toolCalls=44 nudgeMsg=no
[2026-08-06T03:14:10.094Z] LiveUpdateForge: AfterToolExec flush
[2026-08-06T03:14:10.188Z] InitialReadForge.onBeforeSend: SKIP (fr=true syn=false hasRead=true)
[2026-08-06T03:14:54.708Z] LiveUpdateForge: EndTurn fallback flush
[2026-08-06T03:14:54.709Z] onEndTurn: naturalStop=false toolCalls=45 nudgeMsg=no
[2026-08-06T03:14:54.771Z] LiveUpdateForge: AfterToolExec flush
[2026-08-06T03:14:54.867Z] InitialReadForge.onBeforeSend: SKIP (fr=true syn=false hasRead=true)
[2026-08-06T03:16:03.352Z] LiveUpdateForge: EndTurn fallback flush
[2026-08-06T03:16:03.352Z] onEndTurn: naturalStop=false toolCalls=46 nudgeMsg=no
[2026-08-06T03:16:03.419Z] LiveUpdateForge: AfterToolExec flush
[2026-08-06T03:16:03.532Z] InitialReadForge.onBeforeSend: SKIP (fr=true syn=false hasRead=true)
[2026-08-06T03:16:24.412Z] LiveUpdateForge: EndTurn fallback flush
[2026-08-06T03:16:24.412Z] onEndTurn: naturalStop=false toolCalls=47 nudgeMsg=no
[2026-08-06T03:16:24.510Z] LiveUpdateForge: AfterToolExec flush
[2026-08-06T03:16:24.613Z] InitialReadForge.onBeforeSend: SKIP (fr=true syn=false hasRead=true)
[2026-08-06T03:16:35.122Z] LiveUpdateForge: EndTurn fallback flush
[2026-08-06T03:16:35.123Z] onEndTurn: naturalStop=false toolCalls=48 nudgeMsg=no
[2026-08-06T03:16:37.931Z] LiveUpdateForge: AfterToolExec flush
[2026-08-06T03:16:38.051Z] InitialReadForge.onBeforeSend: SKIP (fr=true syn=false hasRead=true)
[2026-08-06T03:18:03.434Z] LiveUpdateForge: EndTurn fallback flush
[2026-08-06T03:18:03.435Z] onEndTurn: naturalStop=false toolCalls=49 nudgeMsg=no
[2026-08-06T03:18:04.318Z] LiveUpdateForge: AfterToolExec flush
[2026-08-06T03:18:04.431Z] InitialReadForge.onBeforeSend: SKIP (fr=true syn=false hasRead=true)
[2026-08-06T03:19:37.350Z] LiveUpdateForge: EndTurn fallback flush
[2026-08-06T03:19:37.350Z] onEndTurn: naturalStop=false toolCalls=50 nudgeMsg=no
[2026-08-06T03:19:38.016Z] LiveUpdateForge: AfterToolExec flush
[2026-08-06T03:19:38.126Z] InitialReadForge.onBeforeSend: SKIP (fr=true syn=false hasRead=true)
[2026-08-06T03:20:15.349Z] LiveUpdateForge: EndTurn fallback flush
[2026-08-06T03:20:15.350Z] onEndTurn: naturalStop=false toolCalls=51 nudgeMsg=no
[2026-08-06T03:20:16.597Z] LiveUpdateForge: AfterToolExec flush
[2026-08-06T03:20:16.718Z] InitialReadForge.onBeforeSend: SKIP (fr=true syn=false hasRead=true)
[2026-08-06T03:20:31.585Z] LiveUpdateForge: EndTurn fallback flush
[2026-08-06T03:20:31.586Z] onEndTurn: naturalStop=true toolCalls=0 nudgeMsg=YES
[2026-08-06T03:20:31.590Z] InitialReadForge.onBeforeSend: SKIP (fr=false syn=false hasRead=true)
[2026-08-06T03:20:49.303Z] LiveUpdateForge: EndTurn fallback flush
[2026-08-06T03:20:49.303Z] onEndTurn: naturalStop=false toolCalls=0 nudgeMsg=no
[2026-08-06T03:20:49.316Z] LiveUpdateForge: self-write on D:\Unity\E1\CODELY.md, baseline aligned
[2026-08-06T03:20:49.317Z] LiveUpdateForge: AfterToolExec flush
[2026-08-06T03:20:49.471Z] InitialReadForge.onBeforeSend: SKIP (fr=true syn=false hasRead=true)
[2026-08-06T03:20:51.617Z] LiveUpdateForge: EndTurn fallback flush
[2026-08-06T03:20:51.617Z] onEndTurn: naturalStop=true toolCalls=0 nudgeMsg=no
[2026-08-06T03:26:20.761Z] ResumeDiffForge: running checkResumeConsistency
[2026-08-06T03:26:20.762Z] checkResumeConsistency: forgedTimestamps=[]
[2026-08-06T03:26:20.769Z] checkResumeConsistency: no changes detected
[2026-08-06T03:26:20.769Z] LiveUpdateForge: session reset, allowLiveUpdate = false
[2026-08-06T03:26:20.769Z] NudgeForge: ResumeComplete — restoring count from history
[2026-08-06T03:26:20.770Z] restoreNudgeCountFromHistory: found last write at idx=122 count=0
[2026-08-06T03:26:20.796Z] LiveUpdateForge: allowLiveUpdate = true (first real BeforeSend)
[2026-08-06T03:26:20.797Z] InitialReadForge.onBeforeSend: SKIP (fr=false syn=false hasRead=true)
[2026-08-06T03:28:43.810Z] LiveUpdateForge: EndTurn fallback flush
[2026-08-06T03:28:43.810Z] onEndTurn: naturalStop=false toolCalls=0 nudgeMsg=no
[2026-08-06T03:28:43.859Z] LiveUpdateForge: AfterToolExec flush
[2026-08-06T03:28:43.957Z] InitialReadForge.onBeforeSend: SKIP (fr=true syn=false hasRead=true)
[2026-08-06T03:30:25.417Z] LiveUpdateForge: EndTurn fallback flush
[2026-08-06T03:30:25.417Z] onEndTurn: naturalStop=false toolCalls=1 nudgeMsg=no
[2026-08-06T03:30:26.912Z] LiveUpdateForge: AfterToolExec flush
[2026-08-06T03:30:27.030Z] InitialReadForge.onBeforeSend: SKIP (fr=true syn=false hasRead=true)
[2026-08-06T03:30:40.571Z] LiveUpdateForge: EndTurn fallback flush
[2026-08-06T03:30:40.571Z] onEndTurn: naturalStop=false toolCalls=2 nudgeMsg=no
[2026-08-06T03:30:41.004Z] LiveUpdateForge: AfterToolExec flush
[2026-08-06T03:30:41.117Z] InitialReadForge.onBeforeSend: SKIP (fr=true syn=false hasRead=true)
[2026-08-06T03:30:51.033Z] LiveUpdateForge: EndTurn fallback flush
[2026-08-06T03:30:51.033Z] onEndTurn: naturalStop=false toolCalls=3 nudgeMsg=no
[2026-08-06T03:30:51.046Z] LiveUpdateForge: AfterToolExec flush
[2026-08-06T03:30:51.156Z] InitialReadForge.onBeforeSend: SKIP (fr=true syn=false hasRead=true)
[2026-08-06T03:31:23.321Z] LiveUpdateForge: EndTurn fallback flush
[2026-08-06T03:31:23.321Z] onEndTurn: naturalStop=false toolCalls=4 nudgeMsg=no
[2026-08-06T03:31:23.471Z] LiveUpdateForge: AfterToolExec flush
[2026-08-06T03:31:23.601Z] InitialReadForge.onBeforeSend: SKIP (fr=true syn=false hasRead=true)
[2026-08-06T03:31:30.264Z] LiveUpdateForge: EndTurn fallback flush
[2026-08-06T03:31:30.265Z] onEndTurn: naturalStop=false toolCalls=5 nudgeMsg=no
[2026-08-06T03:31:36.812Z] LiveUpdateForge: AfterToolExec flush
[2026-08-06T03:31:36.939Z] InitialReadForge.onBeforeSend: SKIP (fr=true syn=false hasRead=true)
[2026-08-06T03:31:40.007Z] LiveUpdateForge: EndTurn fallback flush
[2026-08-06T03:31:40.007Z] onEndTurn: naturalStop=false toolCalls=6 nudgeMsg=no
[2026-08-06T03:31:40.061Z] LiveUpdateForge: AfterToolExec flush
[2026-08-06T03:31:40.206Z] InitialReadForge.onBeforeSend: SKIP (fr=true syn=false hasRead=true)
[2026-08-06T03:31:48.970Z] LiveUpdateForge: EndTurn fallback flush
[2026-08-06T03:31:48.970Z] onEndTurn: naturalStop=false toolCalls=7 nudgeMsg=no
[2026-08-06T03:31:48.988Z] LiveUpdateForge: AfterToolExec flush
[2026-08-06T03:31:49.112Z] InitialReadForge.onBeforeSend: SKIP (fr=true syn=false hasRead=true)
[2026-08-06T03:32:28.026Z] LiveUpdateForge: EndTurn fallback flush
[2026-08-06T03:32:28.026Z] onEndTurn: naturalStop=false toolCalls=8 nudgeMsg=no
[2026-08-06T03:32:32.989Z] LiveUpdateForge: AfterToolExec flush
[2026-08-06T03:32:33.129Z] InitialReadForge.onBeforeSend: SKIP (fr=true syn=false hasRead=true)
[2026-08-06T03:32:36.843Z] LiveUpdateForge: EndTurn fallback flush
[2026-08-06T03:32:36.843Z] onEndTurn: naturalStop=false toolCalls=9 nudgeMsg=no
[2026-08-06T03:32:37.018Z] LiveUpdateForge: AfterToolExec flush
[2026-08-06T03:32:37.161Z] InitialReadForge.onBeforeSend: SKIP (fr=true syn=false hasRead=true)
[2026-08-06T03:32:40.617Z] LiveUpdateForge: EndTurn fallback flush
[2026-08-06T03:32:40.617Z] onEndTurn: naturalStop=false toolCalls=10 nudgeMsg=no
[2026-08-06T03:33:42.046Z] LiveUpdateForge: AfterToolExec flush
[2026-08-06T03:33:42.178Z] InitialReadForge.onBeforeSend: SKIP (fr=true syn=false hasRead=true)
[2026-08-06T03:33:52.973Z] LiveUpdateForge: EndTurn fallback flush
[2026-08-06T03:33:52.973Z] onEndTurn: naturalStop=false toolCalls=11 nudgeMsg=no
[2026-08-06T03:33:52.993Z] LiveUpdateForge: AfterToolExec flush
[2026-08-06T03:33:53.125Z] InitialReadForge.onBeforeSend: SKIP (fr=true syn=false hasRead=true)
[2026-08-06T03:34:04.315Z] LiveUpdateForge: EndTurn fallback flush
[2026-08-06T03:34:04.315Z] onEndTurn: naturalStop=false toolCalls=12 nudgeMsg=no
[2026-08-06T03:34:04.467Z] LiveUpdateForge: AfterToolExec flush
[2026-08-06T03:34:04.605Z] InitialReadForge.onBeforeSend: SKIP (fr=true syn=false hasRead=true)
[2026-08-06T03:34:08.986Z] LiveUpdateForge: EndTurn fallback flush
[2026-08-06T03:34:08.986Z] onEndTurn: naturalStop=false toolCalls=13 nudgeMsg=no
[2026-08-06T03:34:26.133Z] LiveUpdateForge: AfterToolExec flush
[2026-08-06T03:34:26.268Z] InitialReadForge.onBeforeSend: SKIP (fr=true syn=false hasRead=true)
[2026-08-06T03:34:29.815Z] LiveUpdateForge: EndTurn fallback flush
[2026-08-06T03:34:29.815Z] onEndTurn: naturalStop=false toolCalls=14 nudgeMsg=no
[2026-08-06T03:34:29.842Z] LiveUpdateForge: AfterToolExec flush
[2026-08-06T03:34:29.967Z] InitialReadForge.onBeforeSend: SKIP (fr=true syn=false hasRead=true)
[2026-08-06T03:34:41.026Z] LiveUpdateForge: EndTurn fallback flush
[2026-08-06T03:34:41.026Z] onEndTurn: naturalStop=false toolCalls=15 nudgeMsg=no
[2026-08-06T03:34:52.989Z] LiveUpdateForge: AfterToolExec flush
[2026-08-06T03:34:53.119Z] InitialReadForge.onBeforeSend: SKIP (fr=true syn=false hasRead=true)
[2026-08-06T03:35:08.952Z] LiveUpdateForge: EndTurn fallback flush
[2026-08-06T03:35:08.953Z] onEndTurn: naturalStop=false toolCalls=16 nudgeMsg=no
[2026-08-06T03:35:08.965Z] LiveUpdateForge: AfterToolExec flush
[2026-08-06T03:35:09.099Z] InitialReadForge.onBeforeSend: SKIP (fr=true syn=false hasRead=true)
[2026-08-06T03:35:24.105Z] LiveUpdateForge: EndTurn fallback flush
[2026-08-06T03:35:24.106Z] onEndTurn: naturalStop=false toolCalls=17 nudgeMsg=no
[2026-08-06T03:35:25.436Z] LiveUpdateForge: AfterToolExec flush
[2026-08-06T03:35:25.638Z] InitialReadForge.onBeforeSend: SKIP (fr=true syn=false hasRead=true)
[2026-08-06T03:35:36.601Z] LiveUpdateForge: EndTurn fallback flush
[2026-08-06T03:35:36.601Z] onEndTurn: naturalStop=false toolCalls=18 nudgeMsg=no
[2026-08-06T03:35:39.921Z] LiveUpdateForge: AfterToolExec flush
[2026-08-06T03:35:40.065Z] InitialReadForge.onBeforeSend: SKIP (fr=true syn=false hasRead=true)
[2026-08-06T03:35:49.308Z] LiveUpdateForge: EndTurn fallback flush
[2026-08-06T03:35:49.308Z] onEndTurn: naturalStop=false toolCalls=19 nudgeMsg=no
[2026-08-06T03:35:49.832Z] LiveUpdateForge: AfterToolExec flush
[2026-08-06T03:35:49.982Z] InitialReadForge.onBeforeSend: SKIP (fr=true syn=false hasRead=true)
[2026-08-06T03:35:52.557Z] LiveUpdateForge: EndTurn fallback flush
[2026-08-06T03:35:52.558Z] onEndTurn: naturalStop=false toolCalls=20 nudgeMsg=no
[2026-08-06T03:35:52.824Z] LiveUpdateForge: AfterToolExec flush
[2026-08-06T03:35:52.965Z] InitialReadForge.onBeforeSend: SKIP (fr=true syn=false hasRead=true)
[2026-08-06T03:36:03.750Z] LiveUpdateForge: EndTurn fallback flush
[2026-08-06T03:36:03.750Z] onEndTurn: naturalStop=false toolCalls=21 nudgeMsg=no
[2026-08-06T03:36:04.655Z] LiveUpdateForge: AfterToolExec flush
[2026-08-06T03:36:04.797Z] InitialReadForge.onBeforeSend: SKIP (fr=true syn=false hasRead=true)
[2026-08-06T03:36:09.110Z] LiveUpdateForge: EndTurn fallback flush
[2026-08-06T03:36:09.111Z] onEndTurn: naturalStop=false toolCalls=22 nudgeMsg=no
[2026-08-06T03:36:09.262Z] LiveUpdateForge: AfterToolExec flush
[2026-08-06T03:36:09.404Z] InitialReadForge.onBeforeSend: SKIP (fr=true syn=false hasRead=true)
[2026-08-06T03:36:15.477Z] LiveUpdateForge: EndTurn fallback flush
[2026-08-06T03:36:15.477Z] onEndTurn: naturalStop=false toolCalls=23 nudgeMsg=no
[2026-08-06T03:38:10.102Z] LiveUpdateForge: AfterToolExec flush
[2026-08-06T03:38:10.253Z] InitialReadForge.onBeforeSend: SKIP (fr=true syn=false hasRead=true)
[2026-08-06T03:39:37.136Z] ResumeDiffForge: running checkResumeConsistency
[2026-08-06T03:39:37.137Z] checkResumeConsistency: forgedTimestamps=[]
[2026-08-06T03:39:37.144Z] checkResumeConsistency: no changes detected
[2026-08-06T03:39:37.144Z] LiveUpdateForge: session reset, allowLiveUpdate = false
[2026-08-06T03:39:37.144Z] NudgeForge: ResumeComplete — restoring count from history
[2026-08-06T03:39:37.145Z] restoreNudgeCountFromHistory: found last write at idx=122 count=24
[2026-08-06T03:39:37.170Z] LiveUpdateForge: allowLiveUpdate = true (first real BeforeSend)
[2026-08-06T03:39:37.171Z] InitialReadForge.onBeforeSend: SKIP (fr=false syn=false hasRead=true)
[2026-08-06T03:39:58.814Z] LiveUpdateForge: EndTurn fallback flush
[2026-08-06T03:39:58.814Z] onEndTurn: naturalStop=false toolCalls=24 nudgeMsg=no
[2026-08-06T03:39:58.825Z] LiveUpdateForge: AfterToolExec flush
[2026-08-06T03:39:58.931Z] InitialReadForge.onBeforeSend: SKIP (fr=true syn=false hasRead=true)
[2026-08-06T03:40:08.329Z] LiveUpdateForge: EndTurn fallback flush
[2026-08-06T03:40:08.330Z] onEndTurn: naturalStop=false toolCalls=25 nudgeMsg=no
[2026-08-06T03:40:08.456Z] LiveUpdateForge: AfterToolExec flush
[2026-08-06T03:40:08.565Z] InitialReadForge.onBeforeSend: SKIP (fr=true syn=false hasRead=true)
[2026-08-06T03:40:18.323Z] LiveUpdateForge: EndTurn fallback flush
[2026-08-06T03:40:18.323Z] onEndTurn: naturalStop=false toolCalls=26 nudgeMsg=no
[2026-08-06T03:40:18.347Z] LiveUpdateForge: AfterToolExec flush
[2026-08-06T03:40:18.486Z] InitialReadForge.onBeforeSend: SKIP (fr=true syn=false hasRead=true)
[2026-08-06T03:40:34.945Z] LiveUpdateForge: EndTurn fallback flush
[2026-08-06T03:40:34.946Z] onEndTurn: naturalStop=false toolCalls=27 nudgeMsg=no
[2026-08-06T03:40:34.964Z] LiveUpdateForge: AfterToolExec flush
[2026-08-06T03:40:35.090Z] InitialReadForge.onBeforeSend: SKIP (fr=true syn=false hasRead=true)
[2026-08-06T03:40:54.104Z] LiveUpdateForge: EndTurn fallback flush
[2026-08-06T03:40:54.104Z] onEndTurn: naturalStop=false toolCalls=28 nudgeMsg=no
[2026-08-06T03:40:54.263Z] LiveUpdateForge: AfterToolExec flush
[2026-08-06T03:40:54.402Z] InitialReadForge.onBeforeSend: SKIP (fr=true syn=false hasRead=true)
[2026-08-06T03:41:07.792Z] LiveUpdateForge: EndTurn fallback flush
[2026-08-06T03:41:07.792Z] onEndTurn: naturalStop=false toolCalls=29 nudgeMsg=no
[2026-08-06T03:41:13.563Z] LiveUpdateForge: AfterToolExec flush
[2026-08-06T03:41:13.684Z] InitialReadForge.onBeforeSend: SKIP (fr=true syn=false hasRead=true)
[2026-08-06T03:41:17.558Z] LiveUpdateForge: EndTurn fallback flush
[2026-08-06T03:41:17.558Z] onEndTurn: naturalStop=true toolCalls=30 nudgeMsg=no
[2026-08-06T03:42:36.029Z] ResumeDiffForge: running checkResumeConsistency
[2026-08-06T03:42:36.030Z] checkResumeConsistency: forgedTimestamps=[]
[2026-08-06T03:42:36.033Z] checkResumeConsistency: no changes detected
[2026-08-06T03:42:36.034Z] LiveUpdateForge: session reset, allowLiveUpdate = false
[2026-08-06T03:42:36.034Z] NudgeForge: ResumeComplete — restoring count from history
[2026-08-06T03:42:36.034Z] restoreNudgeCountFromHistory: found last write at idx=122 count=30
[2026-08-06T03:42:36.073Z] LiveUpdateForge: allowLiveUpdate = true (first real BeforeSend)
[2026-08-06T03:42:36.073Z] InitialReadForge.onBeforeSend: SKIP (fr=false syn=false hasRead=true)
[2026-08-06T03:42:50.106Z] LiveUpdateForge: EndTurn fallback flush
[2026-08-06T03:42:50.106Z] onEndTurn: naturalStop=false toolCalls=30 nudgeMsg=no
[2026-08-06T03:42:50.115Z] LiveUpdateForge: AfterToolExec flush
[2026-08-06T03:42:50.227Z] InitialReadForge.onBeforeSend: SKIP (fr=true syn=false hasRead=true)
[2026-08-06T03:42:52.271Z] LiveUpdateForge: EndTurn fallback flush
[2026-08-06T03:42:52.272Z] onEndTurn: naturalStop=false toolCalls=31 nudgeMsg=no
[2026-08-06T03:42:52.275Z] LiveUpdateForge: AfterToolExec flush
[2026-08-06T03:42:52.397Z] InitialReadForge.onBeforeSend: SKIP (fr=true syn=false hasRead=true)
[2026-08-06T03:42:54.914Z] LiveUpdateForge: EndTurn fallback flush
[2026-08-06T03:42:54.914Z] onEndTurn: naturalStop=false toolCalls=32 nudgeMsg=no
[2026-08-06T03:42:54.917Z] LiveUpdateForge: AfterToolExec flush
[2026-08-06T03:42:55.045Z] InitialReadForge.onBeforeSend: SKIP (fr=true syn=false hasRead=true)
[2026-08-06T03:43:07.691Z] LiveUpdateForge: EndTurn fallback flush
[2026-08-06T03:43:07.691Z] onEndTurn: naturalStop=false toolCalls=33 nudgeMsg=no
[2026-08-06T03:43:07.830Z] LiveUpdateForge: AfterToolExec flush
[2026-08-06T03:43:07.940Z] InitialReadForge.onBeforeSend: SKIP (fr=true syn=false hasRead=true)
[2026-08-06T03:43:13.337Z] LiveUpdateForge: EndTurn fallback flush
[2026-08-06T03:43:13.337Z] onEndTurn: naturalStop=false toolCalls=34 nudgeMsg=no
[2026-08-06T03:43:13.356Z] LiveUpdateForge: AfterToolExec flush
[2026-08-06T03:43:13.481Z] InitialReadForge.onBeforeSend: SKIP (fr=true syn=false hasRead=true)
[2026-08-06T03:43:18.186Z] LiveUpdateForge: EndTurn fallback flush
[2026-08-06T03:43:18.186Z] onEndTurn: naturalStop=false toolCalls=35 nudgeMsg=no
[2026-08-06T03:43:18.205Z] LiveUpdateForge: AfterToolExec flush
[2026-08-06T03:43:18.326Z] InitialReadForge.onBeforeSend: SKIP (fr=true syn=false hasRead=true)
[2026-08-06T03:43:22.228Z] LiveUpdateForge: EndTurn fallback flush
[2026-08-06T03:43:22.228Z] onEndTurn: naturalStop=false toolCalls=36 nudgeMsg=no
[2026-08-06T03:43:22.255Z] LiveUpdateForge: AfterToolExec flush
[2026-08-06T03:43:22.410Z] InitialReadForge.onBeforeSend: SKIP (fr=true syn=false hasRead=true)
[2026-08-06T03:43:29.010Z] LiveUpdateForge: EndTurn fallback flush
[2026-08-06T03:43:29.011Z] onEndTurn: naturalStop=false toolCalls=37 nudgeMsg=no
[2026-08-06T03:43:29.034Z] LiveUpdateForge: AfterToolExec flush
[2026-08-06T03:43:29.163Z] InitialReadForge.onBeforeSend: SKIP (fr=true syn=false hasRead=true)
[2026-08-06T03:43:33.209Z] LiveUpdateForge: EndTurn fallback flush
[2026-08-06T03:43:33.210Z] onEndTurn: naturalStop=false toolCalls=38 nudgeMsg=no
[2026-08-06T03:43:33.239Z] LiveUpdateForge: AfterToolExec flush
[2026-08-06T03:43:33.376Z] InitialReadForge.onBeforeSend: SKIP (fr=true syn=false hasRead=true)
[2026-08-06T03:43:38.929Z] LiveUpdateForge: EndTurn fallback flush
[2026-08-06T03:43:38.929Z] onEndTurn: naturalStop=false toolCalls=39 nudgeMsg=no
[2026-08-06T03:43:38.953Z] LiveUpdateForge: AfterToolExec flush
[2026-08-06T03:43:39.082Z] InitialReadForge.onBeforeSend: SKIP (fr=true syn=false hasRead=true)
[2026-08-06T03:43:53.231Z] LiveUpdateForge: EndTurn fallback flush
[2026-08-06T03:43:53.231Z] onEndTurn: naturalStop=false toolCalls=40 nudgeMsg=no
[2026-08-06T03:43:53.365Z] LiveUpdateForge: AfterToolExec flush
[2026-08-06T03:43:53.501Z] InitialReadForge.onBeforeSend: SKIP (fr=true syn=false hasRead=true)
[2026-08-06T03:43:58.090Z] LiveUpdateForge: EndTurn fallback flush
[2026-08-06T03:43:58.090Z] onEndTurn: naturalStop=false toolCalls=41 nudgeMsg=no
[2026-08-06T03:43:58.258Z] LiveUpdateForge: AfterToolExec flush
[2026-08-06T03:43:58.406Z] InitialReadForge.onBeforeSend: SKIP (fr=true syn=false hasRead=true)
[2026-08-06T03:44:00.386Z] LiveUpdateForge: EndTurn fallback flush
[2026-08-06T03:44:00.386Z] onEndTurn: naturalStop=false toolCalls=42 nudgeMsg=no
[2026-08-06T03:44:06.144Z] LiveUpdateForge: AfterToolExec flush
[2026-08-06T03:44:06.276Z] InitialReadForge.onBeforeSend: SKIP (fr=true syn=false hasRead=true)
[2026-08-06T03:44:08.957Z] LiveUpdateForge: EndTurn fallback flush
[2026-08-06T03:44:08.957Z] onEndTurn: naturalStop=true toolCalls=43 nudgeMsg=no
[2026-08-06T03:45:30.084Z] ResumeDiffForge: running checkResumeConsistency
[2026-08-06T03:45:30.084Z] checkResumeConsistency: forgedTimestamps=[]
[2026-08-06T03:45:30.088Z] checkResumeConsistency: no changes detected
[2026-08-06T03:45:30.088Z] LiveUpdateForge: session reset, allowLiveUpdate = false
[2026-08-06T03:45:30.089Z] NudgeForge: ResumeComplete — restoring count from history
[2026-08-06T03:45:30.089Z] restoreNudgeCountFromHistory: found last write at idx=122 count=43
[2026-08-06T03:45:30.124Z] LiveUpdateForge: allowLiveUpdate = true (first real BeforeSend)
[2026-08-06T03:45:30.125Z] InitialReadForge.onBeforeSend: SKIP (fr=false syn=false hasRead=true)
[2026-08-06T03:45:34.720Z] LiveUpdateForge: EndTurn fallback flush
[2026-08-06T03:45:34.721Z] onEndTurn: naturalStop=false toolCalls=43 nudgeMsg=no
[2026-08-06T03:45:34.726Z] LiveUpdateForge: AfterToolExec flush
[2026-08-06T03:45:34.832Z] InitialReadForge.onBeforeSend: SKIP (fr=true syn=false hasRead=true)
[2026-08-06T03:45:37.338Z] LiveUpdateForge: EndTurn fallback flush
[2026-08-06T03:45:37.339Z] onEndTurn: naturalStop=false toolCalls=44 nudgeMsg=no
[2026-08-06T03:45:37.341Z] LiveUpdateForge: AfterToolExec flush
[2026-08-06T03:45:37.453Z] InitialReadForge.onBeforeSend: SKIP (fr=true syn=false hasRead=true)
[2026-08-06T03:45:40.810Z] LiveUpdateForge: EndTurn fallback flush
[2026-08-06T03:45:40.810Z] onEndTurn: naturalStop=false toolCalls=45 nudgeMsg=no
[2026-08-06T03:45:40.816Z] LiveUpdateForge: AfterToolExec flush
[2026-08-06T03:45:40.933Z] InitialReadForge.onBeforeSend: SKIP (fr=true syn=false hasRead=true)
[2026-08-06T03:45:45.299Z] LiveUpdateForge: EndTurn fallback flush
[2026-08-06T03:45:45.300Z] onEndTurn: naturalStop=false toolCalls=46 nudgeMsg=no
[2026-08-06T03:45:45.303Z] LiveUpdateForge: AfterToolExec flush
[2026-08-06T03:45:45.417Z] InitialReadForge.onBeforeSend: SKIP (fr=true syn=false hasRead=true)
[2026-08-06T03:45:49.627Z] LiveUpdateForge: EndTurn fallback flush
[2026-08-06T03:45:49.628Z] onEndTurn: naturalStop=false toolCalls=47 nudgeMsg=no
[2026-08-06T03:45:49.771Z] LiveUpdateForge: AfterToolExec flush
[2026-08-06T03:45:49.878Z] InitialReadForge.onBeforeSend: SKIP (fr=true syn=false hasRead=true)
[2026-08-06T03:45:52.189Z] LiveUpdateForge: EndTurn fallback flush
[2026-08-06T03:45:52.189Z] onEndTurn: naturalStop=false toolCalls=48 nudgeMsg=no
[2026-08-06T03:45:57.957Z] LiveUpdateForge: AfterToolExec flush
[2026-08-06T03:45:58.074Z] InitialReadForge.onBeforeSend: SKIP (fr=true syn=false hasRead=true)
[2026-08-06T03:46:06.364Z] LiveUpdateForge: EndTurn fallback flush
[2026-08-06T03:46:06.364Z] onEndTurn: naturalStop=true toolCalls=49 nudgeMsg=no
[2026-08-06T03:54:11.074Z] ResumeDiffForge: running checkResumeConsistency
[2026-08-06T03:54:11.074Z] checkResumeConsistency: forgedTimestamps=[]
[2026-08-06T03:54:11.080Z] checkResumeConsistency: no changes detected
[2026-08-06T03:54:11.080Z] LiveUpdateForge: session reset, allowLiveUpdate = false
[2026-08-06T03:54:11.080Z] NudgeForge: ResumeComplete — restoring count from history
[2026-08-06T03:54:11.081Z] restoreNudgeCountFromHistory: found last write at idx=122 count=49
[2026-08-06T03:54:11.105Z] LiveUpdateForge: allowLiveUpdate = true (first real BeforeSend)
[2026-08-06T03:54:11.105Z] InitialReadForge.onBeforeSend: SKIP (fr=false syn=false hasRead=true)
[2026-08-06T03:54:17.400Z] LiveUpdateForge: EndTurn fallback flush
[2026-08-06T03:54:17.401Z] onEndTurn: naturalStop=false toolCalls=49 nudgeMsg=no
[2026-08-06T03:55:28.709Z] LiveUpdateForge: AfterToolExec flush
[2026-08-06T03:55:28.820Z] InitialReadForge.onBeforeSend: SKIP (fr=true syn=false hasRead=true)
[2026-08-06T03:55:49.563Z] LiveUpdateForge: EndTurn fallback flush
[2026-08-06T03:55:49.563Z] onEndTurn: naturalStop=false toolCalls=50 nudgeMsg=no
[2026-08-06T03:55:49.571Z] LiveUpdateForge: AfterToolExec flush
[2026-08-06T03:55:49.707Z] InitialReadForge.onBeforeSend: SKIP (fr=true syn=false hasRead=true)
[2026-08-06T03:56:07.704Z] LiveUpdateForge: EndTurn fallback flush
[2026-08-06T03:56:07.704Z] onEndTurn: naturalStop=false toolCalls=51 nudgeMsg=no
[2026-08-06T03:56:07.871Z] LiveUpdateForge: AfterToolExec flush
[2026-08-06T03:56:08.006Z] InitialReadForge.onBeforeSend: SKIP (fr=true syn=false hasRead=true)
[2026-08-06T03:56:09.932Z] LiveUpdateForge: EndTurn fallback flush
[2026-08-06T03:56:09.932Z] onEndTurn: naturalStop=false toolCalls=52 nudgeMsg=no
[2026-08-06T03:56:18.493Z] LiveUpdateForge: AfterToolExec flush
[2026-08-06T03:56:18.656Z] InitialReadForge.onBeforeSend: SKIP (fr=true syn=false hasRead=true)
[2026-08-06T03:56:21.626Z] LiveUpdateForge: EndTurn fallback flush
[2026-08-06T03:56:21.627Z] onEndTurn: naturalStop=true toolCalls=0 nudgeMsg=YES
[2026-08-06T03:56:21.631Z] InitialReadForge.onBeforeSend: SKIP (fr=false syn=false hasRead=true)
[2026-08-06T03:56:23.827Z] LiveUpdateForge: EndTurn fallback flush
[2026-08-06T03:56:23.827Z] onEndTurn: naturalStop=false toolCalls=0 nudgeMsg=no
[2026-08-06T03:56:23.837Z] LiveUpdateForge: AfterToolExec flush
[2026-08-06T03:56:23.840Z] nudge: read_memory called (does NOT reset counter)
[2026-08-06T03:56:32.994Z] LiveUpdateForge: EndTurn fallback flush
[2026-08-06T03:56:32.995Z] onEndTurn: naturalStop=false toolCalls=1 nudgeMsg=no
[2026-08-06T03:56:33.000Z] LiveUpdateForge: self-write on D:\Unity\E1\CODELY.md, baseline aligned
[2026-08-06T03:56:33.001Z] LiveUpdateForge: AfterToolExec flush
[2026-08-06T03:56:35.638Z] LiveUpdateForge: EndTurn fallback flush
[2026-08-06T03:56:35.639Z] onEndTurn: naturalStop=true toolCalls=0 nudgeMsg=no
[2026-08-06T06:32:08.123Z] MemoryForge: attached 5 listener(s)
[2026-08-06T06:32:08.123Z] InitialReadForge: armed one-shot BeforeSend after NewSessionStart
[2026-08-06T06:32:08.123Z] LiveUpdateForge: session reset, allowLiveUpdate = false
[2026-08-06T06:32:08.587Z] LiveUpdateForge: session reset, allowLiveUpdate = false
[2026-08-06T06:32:08.603Z] ResumeDiffForge: running checkResumeConsistency
[2026-08-06T06:32:08.603Z] checkResumeConsistency: forgedTimestamps=[["project","1970-01-01T00:00:00.000Z"]]
[2026-08-06T06:32:08.610Z] checkResumeConsistency: injecting 1 diff notification(s)
[2026-08-06T06:32:08.610Z] injectForgedHistory: role=user preview="[agent-auto] [memory-update 2026-08-06 11:56:32] project memory file has been mo"
[2026-08-06T06:32:08.610Z] injectForgedHistory: recordMessage persisted
[2026-08-06T06:32:08.611Z] LiveUpdateForge: session reset, allowLiveUpdate = false
[2026-08-06T06:32:08.611Z] NudgeForge: ResumeComplete — restoring count from history
[2026-08-06T06:32:08.612Z] restoreNudgeCountFromHistory: found last write at idx=243 count=0
[2026-08-06T06:32:09.105Z] ResumeDiffForge: running checkResumeConsistency
[2026-08-06T06:32:09.106Z] checkResumeConsistency: forgedTimestamps=[["project","1970-01-01T00:00:00.000Z"]]
[2026-08-06T06:32:09.110Z] checkResumeConsistency: injecting 1 diff notification(s)
[2026-08-06T06:32:09.111Z] injectForgedHistory: role=user preview="[agent-auto] [memory-update 2026-08-06 11:56:32] project memory file has been mo"
[2026-08-06T06:32:09.211Z] injectForgedHistory: recordMessage persisted
[2026-08-06T06:32:09.212Z] LiveUpdateForge: session reset, allowLiveUpdate = false
[2026-08-06T06:32:09.212Z] NudgeForge: ResumeComplete — restoring count from history
[2026-08-06T06:32:09.212Z] restoreNudgeCountFromHistory: found last write at idx=243 count=0
[2026-08-06T06:32:09.383Z] ResumeDiffForge: running checkResumeConsistency
[2026-08-06T06:32:09.383Z] checkResumeConsistency: forgedTimestamps=[["project","1970-01-01T00:00:00.000Z"]]
[2026-08-06T06:32:09.389Z] checkResumeConsistency: injecting 1 diff notification(s)
[2026-08-06T06:32:09.389Z] injectForgedHistory: role=user preview="[agent-auto] [memory-update 2026-08-06 11:56:32] project memory file has been mo"
[2026-08-06T06:32:09.522Z] injectForgedHistory: recordMessage persisted
[2026-08-06T06:32:09.523Z] LiveUpdateForge: session reset, allowLiveUpdate = false
[2026-08-06T06:32:09.523Z] NudgeForge: ResumeComplete — restoring count from history
[2026-08-06T06:32:09.523Z] restoreNudgeCountFromHistory: found last write at idx=243 count=0
[2026-08-06T06:32:09.826Z] MemoryForge: attached 5 listener(s)
[2026-08-06T06:32:09.826Z] InitialReadForge: armed one-shot BeforeSend after NewSessionStart
[2026-08-06T06:32:09.826Z] LiveUpdateForge: session reset, allowLiveUpdate = false
[2026-08-06T06:32:09.832Z] MemoryForge: detached all listeners
[2026-08-06T06:32:09.832Z] ResumeDiffForge: running checkResumeConsistency
[2026-08-06T06:32:09.833Z] checkResumeConsistency: forgedTimestamps=[["project","1970-01-01T00:00:00.000Z"]]
[2026-08-06T06:32:09.958Z] checkResumeConsistency: injecting 1 diff notification(s)
[2026-08-06T06:32:09.959Z] injectForgedHistory: role=user preview="[agent-auto] [memory-update 2026-08-06 11:56:32] project memory file has been mo"
[2026-08-06T06:32:10.069Z] injectForgedHistory: recordMessage persisted
[2026-08-06T06:32:10.070Z] LiveUpdateForge: session reset, allowLiveUpdate = false
[2026-08-06T06:32:10.070Z] NudgeForge: ResumeComplete — restoring count from history
[2026-08-06T06:32:10.071Z] restoreNudgeCountFromHistory: found last write at idx=243 count=0
[2026-08-06T06:32:10.087Z] LiveUpdateForge: allowLiveUpdate = true (first real BeforeSend)
[2026-08-06T06:32:10.087Z] InitialReadForge.onBeforeSend: SKIP (fr=false syn=false hasRead=true)
[2026-08-06T06:32:23.602Z] LiveUpdateForge: EndTurn fallback flush
[2026-08-06T06:32:23.603Z] onEndTurn: naturalStop=false toolCalls=0 nudgeMsg=no
[2026-08-06T06:32:31.499Z] LiveUpdateForge: AfterToolExec flush
[2026-08-06T06:32:31.608Z] InitialReadForge.onBeforeSend: SKIP (fr=true syn=false hasRead=true)
[2026-08-06T06:32:34.887Z] LiveUpdateForge: EndTurn fallback flush
[2026-08-06T06:32:34.887Z] onEndTurn: naturalStop=false toolCalls=1 nudgeMsg=no
[2026-08-06T06:32:37.920Z] LiveUpdateForge: AfterToolExec flush
[2026-08-06T06:32:38.040Z] InitialReadForge.onBeforeSend: SKIP (fr=true syn=false hasRead=true)
[2026-08-06T06:32:46.750Z] LiveUpdateForge: EndTurn fallback flush
[2026-08-06T06:32:46.750Z] onEndTurn: naturalStop=false toolCalls=2 nudgeMsg=no
[2026-08-06T06:32:49.638Z] LiveUpdateForge: AfterToolExec flush
[2026-08-06T06:32:49.765Z] InitialReadForge.onBeforeSend: SKIP (fr=true syn=false hasRead=true)
[2026-08-06T06:32:56.248Z] LiveUpdateForge: EndTurn fallback flush
[2026-08-06T06:32:56.248Z] onEndTurn: naturalStop=false toolCalls=3 nudgeMsg=no
[2026-08-06T06:33:01.653Z] LiveUpdateForge: AfterToolExec flush
[2026-08-06T06:33:01.776Z] InitialReadForge.onBeforeSend: SKIP (fr=true syn=false hasRead=true)
[2026-08-06T06:33:12.432Z] LiveUpdateForge: EndTurn fallback flush
[2026-08-06T06:33:12.432Z] onEndTurn: naturalStop=false toolCalls=4 nudgeMsg=no
[2026-08-06T06:33:18.049Z] LiveUpdateForge: AfterToolExec flush
[2026-08-06T06:33:18.170Z] InitialReadForge.onBeforeSend: SKIP (fr=true syn=false hasRead=true)
[2026-08-06T06:33:32.054Z] LiveUpdateForge: EndTurn fallback flush
[2026-08-06T06:33:32.054Z] onEndTurn: naturalStop=false toolCalls=5 nudgeMsg=no
[2026-08-06T06:33:35.099Z] LiveUpdateForge: AfterToolExec flush
[2026-08-06T06:33:35.243Z] InitialReadForge.onBeforeSend: SKIP (fr=true syn=false hasRead=true)
[2026-08-06T06:33:40.684Z] LiveUpdateForge: EndTurn fallback flush
[2026-08-06T06:33:40.685Z] onEndTurn: naturalStop=false toolCalls=6 nudgeMsg=no
[2026-08-06T06:33:43.532Z] LiveUpdateForge: AfterToolExec flush
[2026-08-06T06:33:43.640Z] InitialReadForge.onBeforeSend: SKIP (fr=true syn=false hasRead=true)
[2026-08-06T06:33:49.748Z] LiveUpdateForge: EndTurn fallback flush
[2026-08-06T06:33:49.749Z] onEndTurn: naturalStop=false toolCalls=7 nudgeMsg=no
[2026-08-06T06:33:52.617Z] LiveUpdateForge: AfterToolExec flush
[2026-08-06T06:33:52.734Z] InitialReadForge.onBeforeSend: SKIP (fr=true syn=false hasRead=true)
[2026-08-06T06:34:09.934Z] LiveUpdateForge: EndTurn fallback flush
[2026-08-06T06:34:09.934Z] onEndTurn: naturalStop=true toolCalls=8 nudgeMsg=no
[2026-08-06T06:36:38.513Z] ResumeDiffForge: running checkResumeConsistency
[2026-08-06T06:36:38.514Z] checkResumeConsistency: forgedTimestamps=[["project","1970-01-01T00:00:00.000Z"]]
[2026-08-06T06:36:38.519Z] checkResumeConsistency: injecting 1 diff notification(s)
[2026-08-06T06:36:38.520Z] injectForgedHistory: role=user preview="[agent-auto] [memory-update 2026-08-06 11:56:32] project memory file has been mo"
[2026-08-06T06:36:38.636Z] injectForgedHistory: recordMessage persisted
[2026-08-06T06:36:38.637Z] LiveUpdateForge: session reset, allowLiveUpdate = false
[2026-08-06T06:36:38.637Z] NudgeForge: ResumeComplete — restoring count from history
[2026-08-06T06:36:38.637Z] restoreNudgeCountFromHistory: found last write at idx=243 count=8
[2026-08-06T06:36:38.674Z] LiveUpdateForge: allowLiveUpdate = true (first real BeforeSend)
[2026-08-06T06:36:38.675Z] InitialReadForge.onBeforeSend: SKIP (fr=false syn=false hasRead=true)
[2026-08-06T06:36:49.485Z] LiveUpdateForge: EndTurn fallback flush
[2026-08-06T06:36:49.485Z] onEndTurn: naturalStop=false toolCalls=8 nudgeMsg=no
[2026-08-06T06:36:52.537Z] LiveUpdateForge: AfterToolExec flush
[2026-08-06T06:36:52.650Z] InitialReadForge.onBeforeSend: SKIP (fr=true syn=false hasRead=true)
[2026-08-06T06:37:15.248Z] LiveUpdateForge: EndTurn fallback flush
[2026-08-06T06:37:15.248Z] onEndTurn: naturalStop=true toolCalls=9 nudgeMsg=no
[2026-08-06T06:38:16.958Z] ResumeDiffForge: running checkResumeConsistency
[2026-08-06T06:38:16.958Z] checkResumeConsistency: forgedTimestamps=[["project","1970-01-01T00:00:00.000Z"]]
[2026-08-06T06:38:16.963Z] checkResumeConsistency: injecting 1 diff notification(s)
[2026-08-06T06:38:16.964Z] injectForgedHistory: role=user preview="[agent-auto] [memory-update 2026-08-06 11:56:32] project memory file has been mo"
[2026-08-06T06:38:17.071Z] injectForgedHistory: recordMessage persisted
[2026-08-06T06:38:17.072Z] LiveUpdateForge: session reset, allowLiveUpdate = false
[2026-08-06T06:38:17.072Z] NudgeForge: ResumeComplete — restoring count from history
[2026-08-06T06:38:17.073Z] restoreNudgeCountFromHistory: found last write at idx=243 count=9
[2026-08-06T06:38:17.108Z] LiveUpdateForge: allowLiveUpdate = true (first real BeforeSend)
[2026-08-06T06:38:17.108Z] InitialReadForge.onBeforeSend: SKIP (fr=false syn=false hasRead=true)
[2026-08-06T06:38:31.599Z] LiveUpdateForge: EndTurn fallback flush
[2026-08-06T06:38:31.599Z] onEndTurn: naturalStop=false toolCalls=9 nudgeMsg=no
[2026-08-06T06:38:34.541Z] LiveUpdateForge: AfterToolExec flush
[2026-08-06T06:38:34.646Z] InitialReadForge.onBeforeSend: SKIP (fr=true syn=false hasRead=true)
[2026-08-06T06:38:41.279Z] LiveUpdateForge: EndTurn fallback flush
[2026-08-06T06:38:41.280Z] onEndTurn: naturalStop=false toolCalls=10 nudgeMsg=no
[2026-08-06T06:38:44.216Z] LiveUpdateForge: AfterToolExec flush
[2026-08-06T06:38:44.322Z] InitialReadForge.onBeforeSend: SKIP (fr=true syn=false hasRead=true)
[2026-08-06T06:38:59.750Z] LiveUpdateForge: EndTurn fallback flush
[2026-08-06T06:38:59.751Z] onEndTurn: naturalStop=false toolCalls=11 nudgeMsg=no
[2026-08-06T06:39:05.323Z] LiveUpdateForge: AfterToolExec flush
[2026-08-06T06:39:05.439Z] InitialReadForge.onBeforeSend: SKIP (fr=true syn=false hasRead=true)
[2026-08-06T06:39:12.923Z] LiveUpdateForge: EndTurn fallback flush
[2026-08-06T06:39:12.923Z] onEndTurn: naturalStop=false toolCalls=12 nudgeMsg=no
[2026-08-06T06:39:19.406Z] LiveUpdateForge: AfterToolExec flush
[2026-08-06T06:39:19.524Z] InitialReadForge.onBeforeSend: SKIP (fr=true syn=false hasRead=true)
[2026-08-06T06:39:25.581Z] LiveUpdateForge: EndTurn fallback flush
[2026-08-06T06:39:25.581Z] onEndTurn: naturalStop=false toolCalls=13 nudgeMsg=no
[2026-08-06T06:39:29.537Z] LiveUpdateForge: AfterToolExec flush
[2026-08-06T06:39:29.658Z] InitialReadForge.onBeforeSend: SKIP (fr=true syn=false hasRead=true)
[2026-08-06T06:39:40.072Z] LiveUpdateForge: EndTurn fallback flush
[2026-08-06T06:39:40.072Z] onEndTurn: naturalStop=true toolCalls=14 nudgeMsg=no
[2026-08-06T06:45:38.424Z] MemoryForge: attached 5 listener(s)
[2026-08-06T06:45:38.424Z] InitialReadForge: armed one-shot BeforeSend after NewSessionStart
[2026-08-06T06:45:38.425Z] LiveUpdateForge: session reset, allowLiveUpdate = false
[2026-08-06T06:45:38.691Z] LiveUpdateForge: session reset, allowLiveUpdate = false
[2026-08-06T06:45:38.709Z] ResumeDiffForge: running checkResumeConsistency
[2026-08-06T06:45:38.710Z] checkResumeConsistency: forgedTimestamps=[["project","1970-01-01T00:00:00.000Z"]]
[2026-08-06T06:45:38.717Z] checkResumeConsistency: injecting 1 diff notification(s)
[2026-08-06T06:45:38.717Z] injectForgedHistory: role=user preview="[agent-auto] [memory-update 2026-08-06 11:56:32] project memory file has been mo"
[2026-08-06T06:45:38.718Z] injectForgedHistory: recordMessage persisted
[2026-08-06T06:45:38.718Z] LiveUpdateForge: session reset, allowLiveUpdate = false
[2026-08-06T06:45:38.718Z] NudgeForge: ResumeComplete — restoring count from history
[2026-08-06T06:45:38.719Z] restoreNudgeCountFromHistory: found last write at idx=243 count=14
[2026-08-06T06:45:39.173Z] ResumeDiffForge: running checkResumeConsistency
[2026-08-06T06:45:39.174Z] checkResumeConsistency: forgedTimestamps=[["project","1970-01-01T00:00:00.000Z"]]
[2026-08-06T06:45:39.181Z] checkResumeConsistency: injecting 1 diff notification(s)
[2026-08-06T06:45:39.181Z] injectForgedHistory: role=user preview="[agent-auto] [memory-update 2026-08-06 11:56:32] project memory file has been mo"
[2026-08-06T06:45:39.385Z] injectForgedHistory: recordMessage persisted
[2026-08-06T06:45:39.385Z] LiveUpdateForge: session reset, allowLiveUpdate = false
[2026-08-06T06:45:39.386Z] NudgeForge: ResumeComplete — restoring count from history
[2026-08-06T06:45:39.386Z] restoreNudgeCountFromHistory: found last write at idx=243 count=14
[2026-08-06T06:45:39.600Z] ResumeDiffForge: running checkResumeConsistency
[2026-08-06T06:45:39.600Z] checkResumeConsistency: forgedTimestamps=[["project","1970-01-01T00:00:00.000Z"]]
[2026-08-06T06:45:39.606Z] checkResumeConsistency: injecting 1 diff notification(s)
[2026-08-06T06:45:39.607Z] injectForgedHistory: role=user preview="[agent-auto] [memory-update 2026-08-06 11:56:32] project memory file has been mo"
[2026-08-06T06:45:39.766Z] injectForgedHistory: recordMessage persisted
[2026-08-06T06:45:39.766Z] LiveUpdateForge: session reset, allowLiveUpdate = false
[2026-08-06T06:45:39.767Z] NudgeForge: ResumeComplete — restoring count from history
[2026-08-06T06:45:39.767Z] restoreNudgeCountFromHistory: found last write at idx=243 count=14
[2026-08-06T06:45:40.165Z] MemoryForge: attached 5 listener(s)
[2026-08-06T06:45:40.165Z] InitialReadForge: armed one-shot BeforeSend after NewSessionStart
[2026-08-06T06:45:40.165Z] LiveUpdateForge: session reset, allowLiveUpdate = false
[2026-08-06T06:45:40.173Z] MemoryForge: detached all listeners
[2026-08-06T06:45:40.173Z] ResumeDiffForge: running checkResumeConsistency
[2026-08-06T06:45:40.174Z] checkResumeConsistency: forgedTimestamps=[["project","1970-01-01T00:00:00.000Z"]]
[2026-08-06T06:45:40.331Z] checkResumeConsistency: injecting 1 diff notification(s)
[2026-08-06T06:45:40.331Z] injectForgedHistory: role=user preview="[agent-auto] [memory-update 2026-08-06 11:56:32] project memory file has been mo"
[2026-08-06T06:45:40.485Z] injectForgedHistory: recordMessage persisted
[2026-08-06T06:45:40.485Z] LiveUpdateForge: session reset, allowLiveUpdate = false
[2026-08-06T06:45:40.485Z] NudgeForge: ResumeComplete — restoring count from history
[2026-08-06T06:45:40.486Z] restoreNudgeCountFromHistory: found last write at idx=243 count=14
[2026-08-06T06:45:40.502Z] LiveUpdateForge: allowLiveUpdate = true (first real BeforeSend)
[2026-08-06T06:45:40.503Z] InitialReadForge.onBeforeSend: SKIP (fr=false syn=false hasRead=true)
[2026-08-06T06:45:56.182Z] LiveUpdateForge: EndTurn fallback flush
[2026-08-06T06:45:56.183Z] onEndTurn: naturalStop=false toolCalls=14 nudgeMsg=no
[2026-08-06T06:46:04.367Z] LiveUpdateForge: AfterToolExec flush
[2026-08-06T06:46:04.524Z] InitialReadForge.onBeforeSend: SKIP (fr=true syn=false hasRead=true)
[2026-08-06T06:46:18.713Z] LiveUpdateForge: EndTurn fallback flush
[2026-08-06T06:46:18.714Z] onEndTurn: naturalStop=false toolCalls=15 nudgeMsg=no
[2026-08-06T06:46:18.752Z] LiveUpdateForge: AfterToolExec flush
[2026-08-06T06:46:18.896Z] InitialReadForge.onBeforeSend: SKIP (fr=true syn=false hasRead=true)
[2026-08-06T06:46:26.452Z] LiveUpdateForge: EndTurn fallback flush
[2026-08-06T06:46:26.452Z] onEndTurn: naturalStop=false toolCalls=16 nudgeMsg=no
[2026-08-06T06:46:31.864Z] LiveUpdateForge: AfterToolExec flush
[2026-08-06T06:46:31.994Z] InitialReadForge.onBeforeSend: SKIP (fr=true syn=false hasRead=true)
[2026-08-06T06:46:37.698Z] LiveUpdateForge: EndTurn fallback flush
[2026-08-06T06:46:37.698Z] onEndTurn: naturalStop=false toolCalls=17 nudgeMsg=no
[2026-08-06T06:46:37.702Z] LiveUpdateForge: AfterToolExec flush
[2026-08-06T06:46:37.842Z] InitialReadForge.onBeforeSend: SKIP (fr=true syn=false hasRead=true)
[2026-08-06T06:48:23.597Z] LiveUpdateForge: EndTurn fallback flush
[2026-08-06T06:48:23.597Z] onEndTurn: naturalStop=true toolCalls=18 nudgeMsg=no
[2026-08-06T06:51:09.158Z] ResumeDiffForge: running checkResumeConsistency
[2026-08-06T06:51:09.159Z] checkResumeConsistency: forgedTimestamps=[["project","1970-01-01T00:00:00.000Z"]]
[2026-08-06T06:51:09.165Z] checkResumeConsistency: injecting 1 diff notification(s)
[2026-08-06T06:51:09.165Z] injectForgedHistory: role=user preview="[agent-auto] [memory-update 2026-08-06 11:56:32] project memory file has been mo"
[2026-08-06T06:51:09.280Z] injectForgedHistory: recordMessage persisted
[2026-08-06T06:51:09.280Z] LiveUpdateForge: session reset, allowLiveUpdate = false
[2026-08-06T06:51:09.280Z] NudgeForge: ResumeComplete — restoring count from history
[2026-08-06T06:51:09.281Z] restoreNudgeCountFromHistory: found last write at idx=243 count=18
[2026-08-06T06:51:09.321Z] LiveUpdateForge: allowLiveUpdate = true (first real BeforeSend)
[2026-08-06T06:51:09.322Z] InitialReadForge.onBeforeSend: SKIP (fr=false syn=false hasRead=true)
[2026-08-06T06:51:20.029Z] LiveUpdateForge: EndTurn fallback flush
[2026-08-06T06:51:20.030Z] onEndTurn: naturalStop=false toolCalls=18 nudgeMsg=no
[2026-08-06T06:51:20.044Z] LiveUpdateForge: AfterToolExec flush
[2026-08-06T06:51:20.200Z] InitialReadForge.onBeforeSend: SKIP (fr=true syn=false hasRead=true)
[2026-08-06T06:51:31.522Z] LiveUpdateForge: EndTurn fallback flush
[2026-08-06T06:51:31.523Z] onEndTurn: naturalStop=false toolCalls=19 nudgeMsg=no
[2026-08-06T06:51:31.525Z] LiveUpdateForge: AfterToolExec flush
[2026-08-06T06:51:31.639Z] InitialReadForge.onBeforeSend: SKIP (fr=true syn=false hasRead=true)
[2026-08-06T06:51:40.430Z] LiveUpdateForge: EndTurn fallback flush
[2026-08-06T06:51:40.430Z] onEndTurn: naturalStop=false toolCalls=20 nudgeMsg=no
[2026-08-06T06:51:40.442Z] LiveUpdateForge: AfterToolExec flush
[2026-08-06T06:51:40.554Z] InitialReadForge.onBeforeSend: SKIP (fr=true syn=false hasRead=true)
[2026-08-06T06:51:49.118Z] LiveUpdateForge: EndTurn fallback flush
[2026-08-06T06:51:49.119Z] onEndTurn: naturalStop=false toolCalls=21 nudgeMsg=no
[2026-08-06T06:51:55.953Z] LiveUpdateForge: AfterToolExec flush
[2026-08-06T06:51:56.072Z] InitialReadForge.onBeforeSend: SKIP (fr=true syn=false hasRead=true)
[2026-08-06T06:52:26.931Z] LiveUpdateForge: EndTurn fallback flush
[2026-08-06T06:52:26.931Z] onEndTurn: naturalStop=false toolCalls=22 nudgeMsg=no
[2026-08-06T06:52:27.123Z] LiveUpdateForge: AfterToolExec flush
[2026-08-06T06:52:27.241Z] InitialReadForge.onBeforeSend: SKIP (fr=true syn=false hasRead=true)
[2026-08-06T06:52:38.971Z] LiveUpdateForge: EndTurn fallback flush
[2026-08-06T06:52:38.971Z] onEndTurn: naturalStop=false toolCalls=23 nudgeMsg=no
[2026-08-06T06:52:39.073Z] LiveUpdateForge: AfterToolExec flush
[2026-08-06T06:52:39.199Z] InitialReadForge.onBeforeSend: SKIP (fr=true syn=false hasRead=true)
[2026-08-06T06:52:48.955Z] LiveUpdateForge: EndTurn fallback flush
[2026-08-06T06:52:48.956Z] onEndTurn: naturalStop=false toolCalls=24 nudgeMsg=no
[2026-08-06T06:52:48.963Z] LiveUpdateForge: AfterToolExec flush
[2026-08-06T06:52:49.076Z] InitialReadForge.onBeforeSend: SKIP (fr=true syn=false hasRead=true)
[2026-08-06T06:53:04.588Z] LiveUpdateForge: EndTurn fallback flush
[2026-08-06T06:53:04.588Z] onEndTurn: naturalStop=false toolCalls=25 nudgeMsg=no
[2026-08-06T06:53:07.926Z] LiveUpdateForge: AfterToolExec flush
[2026-08-06T06:53:08.046Z] InitialReadForge.onBeforeSend: SKIP (fr=true syn=false hasRead=true)
[2026-08-06T06:53:48.186Z] LiveUpdateForge: EndTurn fallback flush
[2026-08-06T06:53:48.187Z] onEndTurn: naturalStop=true toolCalls=26 nudgeMsg=no
[2026-08-06T06:59:05.311Z] ResumeDiffForge: running checkResumeConsistency
[2026-08-06T06:59:05.312Z] checkResumeConsistency: forgedTimestamps=[["project","1970-01-01T00:00:00.000Z"]]
[2026-08-06T06:59:05.318Z] checkResumeConsistency: injecting 1 diff notification(s)
[2026-08-06T06:59:05.318Z] injectForgedHistory: role=user preview="[agent-auto] [memory-update 2026-08-06 11:56:32] project memory file has been mo"
[2026-08-06T06:59:05.432Z] injectForgedHistory: recordMessage persisted
[2026-08-06T06:59:05.433Z] LiveUpdateForge: session reset, allowLiveUpdate = false
[2026-08-06T06:59:05.433Z] NudgeForge: ResumeComplete — restoring count from history
[2026-08-06T06:59:05.433Z] restoreNudgeCountFromHistory: found last write at idx=243 count=26
[2026-08-06T06:59:05.464Z] LiveUpdateForge: allowLiveUpdate = true (first real BeforeSend)
[2026-08-06T06:59:05.465Z] InitialReadForge.onBeforeSend: SKIP (fr=false syn=false hasRead=true)
[2026-08-06T06:59:09.999Z] LiveUpdateForge: EndTurn fallback flush
[2026-08-06T06:59:10.000Z] onEndTurn: naturalStop=false toolCalls=26 nudgeMsg=no
[2026-08-06T06:59:10.009Z] LiveUpdateForge: AfterToolExec flush
[2026-08-06T06:59:10.125Z] InitialReadForge.onBeforeSend: SKIP (fr=true syn=false hasRead=true)
[2026-08-06T06:59:16.021Z] LiveUpdateForge: EndTurn fallback flush
[2026-08-06T06:59:16.022Z] onEndTurn: naturalStop=true toolCalls=27 nudgeMsg=no
[2026-08-06T07:05:03.740Z] ResumeDiffForge: running checkResumeConsistency
[2026-08-06T07:05:03.740Z] checkResumeConsistency: forgedTimestamps=[["project","1970-01-01T00:00:00.000Z"]]
[2026-08-06T07:05:03.746Z] checkResumeConsistency: injecting 1 diff notification(s)
[2026-08-06T07:05:03.747Z] injectForgedHistory: role=user preview="[agent-auto] [memory-update 2026-08-06 11:56:32] project memory file has been mo"
[2026-08-06T07:05:03.859Z] injectForgedHistory: recordMessage persisted
[2026-08-06T07:05:03.860Z] LiveUpdateForge: session reset, allowLiveUpdate = false
[2026-08-06T07:05:03.860Z] NudgeForge: ResumeComplete — restoring count from history
[2026-08-06T07:05:03.860Z] restoreNudgeCountFromHistory: found last write at idx=243 count=27
[2026-08-06T07:05:03.896Z] LiveUpdateForge: allowLiveUpdate = true (first real BeforeSend)
[2026-08-06T07:05:03.897Z] InitialReadForge.onBeforeSend: SKIP (fr=false syn=false hasRead=true)
[2026-08-06T07:06:03.213Z] LiveUpdateForge: EndTurn fallback flush
[2026-08-06T07:06:03.213Z] onEndTurn: naturalStop=false toolCalls=27 nudgeMsg=no
[2026-08-06T07:06:03.223Z] LiveUpdateForge: AfterToolExec flush
[2026-08-06T07:06:03.340Z] InitialReadForge.onBeforeSend: SKIP (fr=true syn=false hasRead=true)
[2026-08-06T07:06:07.967Z] LiveUpdateForge: EndTurn fallback flush
[2026-08-06T07:06:07.967Z] onEndTurn: naturalStop=false toolCalls=28 nudgeMsg=no
[2026-08-06T07:06:07.972Z] LiveUpdateForge: AfterToolExec flush
[2026-08-06T07:06:08.090Z] InitialReadForge.onBeforeSend: SKIP (fr=true syn=false hasRead=true)
[2026-08-06T07:06:13.600Z] LiveUpdateForge: EndTurn fallback flush
[2026-08-06T07:06:13.601Z] onEndTurn: naturalStop=false toolCalls=29 nudgeMsg=no
[2026-08-06T07:06:13.775Z] LiveUpdateForge: AfterToolExec flush
[2026-08-06T07:06:13.909Z] InitialReadForge.onBeforeSend: SKIP (fr=true syn=false hasRead=true)
[2026-08-06T07:06:29.238Z] LiveUpdateForge: EndTurn fallback flush
[2026-08-06T07:06:29.238Z] onEndTurn: naturalStop=false toolCalls=30 nudgeMsg=no
[2026-08-06T07:06:29.259Z] LiveUpdateForge: AfterToolExec flush
[2026-08-06T07:06:29.386Z] InitialReadForge.onBeforeSend: SKIP (fr=true syn=false hasRead=true)
[2026-08-06T07:06:32.928Z] LiveUpdateForge: EndTurn fallback flush
[2026-08-06T07:06:32.928Z] onEndTurn: naturalStop=false toolCalls=31 nudgeMsg=no
[2026-08-06T07:06:32.947Z] LiveUpdateForge: AfterToolExec flush
[2026-08-06T07:06:33.087Z] InitialReadForge.onBeforeSend: SKIP (fr=true syn=false hasRead=true)
[2026-08-06T07:06:37.970Z] LiveUpdateForge: EndTurn fallback flush
[2026-08-06T07:06:37.970Z] onEndTurn: naturalStop=false toolCalls=32 nudgeMsg=no
[2026-08-06T07:06:37.987Z] LiveUpdateForge: AfterToolExec flush
[2026-08-06T07:06:38.116Z] InitialReadForge.onBeforeSend: SKIP (fr=true syn=false hasRead=true)
[2026-08-06T07:06:48.084Z] LiveUpdateForge: EndTurn fallback flush
[2026-08-06T07:06:48.084Z] onEndTurn: naturalStop=false toolCalls=33 nudgeMsg=no
[2026-08-06T07:06:48.106Z] LiveUpdateForge: AfterToolExec flush
[2026-08-06T07:06:48.264Z] InitialReadForge.onBeforeSend: SKIP (fr=true syn=false hasRead=true)
[2026-08-06T07:06:58.862Z] LiveUpdateForge: EndTurn fallback flush
[2026-08-06T07:06:58.863Z] onEndTurn: naturalStop=false toolCalls=34 nudgeMsg=no
[2026-08-06T07:06:58.888Z] LiveUpdateForge: AfterToolExec flush
[2026-08-06T07:06:59.014Z] InitialReadForge.onBeforeSend: SKIP (fr=true syn=false hasRead=true)
[2026-08-06T07:07:11.105Z] LiveUpdateForge: EndTurn fallback flush
[2026-08-06T07:07:11.106Z] onEndTurn: naturalStop=false toolCalls=35 nudgeMsg=no
[2026-08-06T07:07:11.140Z] LiveUpdateForge: AfterToolExec flush
[2026-08-06T07:07:11.395Z] InitialReadForge.onBeforeSend: SKIP (fr=true syn=false hasRead=true)
[2026-08-06T07:07:16.456Z] LiveUpdateForge: EndTurn fallback flush
[2026-08-06T07:07:16.457Z] onEndTurn: naturalStop=false toolCalls=36 nudgeMsg=no
[2026-08-06T07:07:16.484Z] LiveUpdateForge: AfterToolExec flush
[2026-08-06T07:07:16.611Z] InitialReadForge.onBeforeSend: SKIP (fr=true syn=false hasRead=true)
[2026-08-06T07:07:23.501Z] LiveUpdateForge: EndTurn fallback flush
[2026-08-06T07:07:23.502Z] onEndTurn: naturalStop=false toolCalls=37 nudgeMsg=no
[2026-08-06T07:07:23.518Z] LiveUpdateForge: AfterToolExec flush
[2026-08-06T07:07:23.653Z] InitialReadForge.onBeforeSend: SKIP (fr=true syn=false hasRead=true)
[2026-08-06T07:07:31.573Z] LiveUpdateForge: EndTurn fallback flush
[2026-08-06T07:07:31.573Z] onEndTurn: naturalStop=false toolCalls=38 nudgeMsg=no
[2026-08-06T07:07:31.706Z] LiveUpdateForge: AfterToolExec flush
[2026-08-06T07:07:31.832Z] InitialReadForge.onBeforeSend: SKIP (fr=true syn=false hasRead=true)
[2026-08-06T07:07:38.553Z] LiveUpdateForge: EndTurn fallback flush
[2026-08-06T07:07:38.553Z] onEndTurn: naturalStop=false toolCalls=39 nudgeMsg=no
[2026-08-06T07:07:38.722Z] LiveUpdateForge: AfterToolExec flush
[2026-08-06T07:07:38.865Z] InitialReadForge.onBeforeSend: SKIP (fr=true syn=false hasRead=true)
[2026-08-06T07:07:44.851Z] LiveUpdateForge: EndTurn fallback flush
[2026-08-06T07:07:44.851Z] onEndTurn: naturalStop=false toolCalls=40 nudgeMsg=no
[2026-08-06T07:07:55.404Z] LiveUpdateForge: AfterToolExec flush
[2026-08-06T07:07:55.572Z] InitialReadForge.onBeforeSend: SKIP (fr=true syn=false hasRead=true)
[2026-08-06T07:08:06.112Z] LiveUpdateForge: EndTurn fallback flush
[2026-08-06T07:08:06.112Z] onEndTurn: naturalStop=false toolCalls=41 nudgeMsg=no
[2026-08-06T07:08:07.884Z] LiveUpdateForge: AfterToolExec flush
[2026-08-06T07:08:08.008Z] InitialReadForge.onBeforeSend: SKIP (fr=true syn=false hasRead=true)
[2026-08-06T07:08:12.689Z] LiveUpdateForge: EndTurn fallback flush
[2026-08-06T07:08:12.689Z] onEndTurn: naturalStop=true toolCalls=42 nudgeMsg=no
[2026-08-06T07:08:26.742Z] ResumeDiffForge: running checkResumeConsistency
[2026-08-06T07:08:26.743Z] checkResumeConsistency: forgedTimestamps=[["project","1970-01-01T00:00:00.000Z"]]
[2026-08-06T07:08:26.749Z] checkResumeConsistency: injecting 1 diff notification(s)
[2026-08-06T07:08:26.749Z] injectForgedHistory: role=user preview="[agent-auto] [memory-update 2026-08-06 11:56:32] project memory file has been mo"
[2026-08-06T07:08:26.866Z] injectForgedHistory: recordMessage persisted
[2026-08-06T07:08:26.867Z] LiveUpdateForge: session reset, allowLiveUpdate = false
[2026-08-06T07:08:26.867Z] NudgeForge: ResumeComplete — restoring count from history
[2026-08-06T07:08:26.867Z] restoreNudgeCountFromHistory: found last write at idx=243 count=42
[2026-08-06T07:08:26.910Z] LiveUpdateForge: allowLiveUpdate = true (first real BeforeSend)
[2026-08-06T07:08:26.911Z] InitialReadForge.onBeforeSend: SKIP (fr=false syn=false hasRead=true)
[2026-08-06T07:08:31.145Z] LiveUpdateForge: EndTurn fallback flush
[2026-08-06T07:08:31.146Z] onEndTurn: naturalStop=false toolCalls=42 nudgeMsg=no
[2026-08-06T07:08:31.152Z] LiveUpdateForge: AfterToolExec flush
[2026-08-06T07:08:31.283Z] InitialReadForge.onBeforeSend: SKIP (fr=true syn=false hasRead=true)
[2026-08-06T07:08:44.778Z] LiveUpdateForge: EndTurn fallback flush
[2026-08-06T07:08:44.779Z] onEndTurn: naturalStop=false toolCalls=43 nudgeMsg=no
[2026-08-06T07:08:45.270Z] LiveUpdateForge: AfterToolExec flush
[2026-08-06T07:08:45.393Z] InitialReadForge.onBeforeSend: SKIP (fr=true syn=false hasRead=true)
[2026-08-06T07:08:50.971Z] LiveUpdateForge: EndTurn fallback flush
[2026-08-06T07:08:50.972Z] onEndTurn: naturalStop=true toolCalls=44 nudgeMsg=no
[2026-08-06T07:12:08.361Z] ResumeDiffForge: running checkResumeConsistency
[2026-08-06T07:12:08.362Z] checkResumeConsistency: forgedTimestamps=[["project","1970-01-01T00:00:00.000Z"]]
[2026-08-06T07:12:08.367Z] checkResumeConsistency: injecting 1 diff notification(s)
[2026-08-06T07:12:08.367Z] injectForgedHistory: role=user preview="[agent-auto] [memory-update 2026-08-06 11:56:32] project memory file has been mo"
[2026-08-06T07:12:08.507Z] injectForgedHistory: recordMessage persisted
[2026-08-06T07:12:08.507Z] LiveUpdateForge: session reset, allowLiveUpdate = false
[2026-08-06T07:12:08.508Z] NudgeForge: ResumeComplete — restoring count from history
[2026-08-06T07:12:08.508Z] restoreNudgeCountFromHistory: found last write at idx=243 count=44
[2026-08-06T07:12:08.550Z] LiveUpdateForge: allowLiveUpdate = true (first real BeforeSend)
[2026-08-06T07:12:08.551Z] InitialReadForge.onBeforeSend: SKIP (fr=false syn=false hasRead=true)
[2026-08-06T07:12:17.714Z] LiveUpdateForge: EndTurn fallback flush
[2026-08-06T07:12:17.714Z] onEndTurn: naturalStop=false toolCalls=44 nudgeMsg=no
[2026-08-06T07:12:55.340Z] LiveUpdateForge: AfterToolExec flush
[2026-08-06T07:12:55.459Z] InitialReadForge.onBeforeSend: SKIP (fr=true syn=false hasRead=true)
[2026-08-06T07:13:06.260Z] LiveUpdateForge: EndTurn fallback flush
[2026-08-06T07:13:06.261Z] onEndTurn: naturalStop=false toolCalls=45 nudgeMsg=no
[2026-08-06T07:13:07.440Z] LiveUpdateForge: AfterToolExec flush
[2026-08-06T07:13:07.560Z] InitialReadForge.onBeforeSend: SKIP (fr=true syn=false hasRead=true)
[2026-08-06T07:13:15.046Z] LiveUpdateForge: EndTurn fallback flush
[2026-08-06T07:13:15.046Z] onEndTurn: naturalStop=false toolCalls=46 nudgeMsg=no
[2026-08-06T07:13:15.347Z] LiveUpdateForge: AfterToolExec flush
[2026-08-06T07:13:15.462Z] InitialReadForge.onBeforeSend: SKIP (fr=true syn=false hasRead=true)
[2026-08-06T07:13:22.350Z] LiveUpdateForge: EndTurn fallback flush
[2026-08-06T07:13:22.350Z] onEndTurn: naturalStop=false toolCalls=47 nudgeMsg=no
[2026-08-06T07:13:22.353Z] LiveUpdateForge: AfterToolExec flush
[2026-08-06T07:13:22.471Z] InitialReadForge.onBeforeSend: SKIP (fr=true syn=false hasRead=true)
[2026-08-06T07:13:33.422Z] LiveUpdateForge: EndTurn fallback flush
[2026-08-06T07:13:33.422Z] onEndTurn: naturalStop=false toolCalls=48 nudgeMsg=no
[2026-08-06T07:13:33.558Z] LiveUpdateForge: AfterToolExec flush
[2026-08-06T07:13:33.674Z] InitialReadForge.onBeforeSend: SKIP (fr=true syn=false hasRead=true)
[2026-08-06T07:13:48.310Z] LiveUpdateForge: EndTurn fallback flush
[2026-08-06T07:13:48.311Z] onEndTurn: naturalStop=false toolCalls=49 nudgeMsg=no
[2026-08-06T07:13:54.467Z] LiveUpdateForge: AfterToolExec flush
[2026-08-06T07:13:54.591Z] InitialReadForge.onBeforeSend: SKIP (fr=true syn=false hasRead=true)
[2026-08-06T07:14:08.456Z] LiveUpdateForge: EndTurn fallback flush
[2026-08-06T07:14:08.456Z] onEndTurn: naturalStop=false toolCalls=50 nudgeMsg=no
[2026-08-06T07:14:13.838Z] LiveUpdateForge: AfterToolExec flush
[2026-08-06T07:14:13.976Z] InitialReadForge.onBeforeSend: SKIP (fr=true syn=false hasRead=true)
[2026-08-06T07:14:25.861Z] LiveUpdateForge: EndTurn fallback flush
[2026-08-06T07:14:25.862Z] onEndTurn: naturalStop=false toolCalls=51 nudgeMsg=no
[2026-08-06T07:14:27.043Z] LiveUpdateForge: AfterToolExec flush
[2026-08-06T07:14:27.169Z] InitialReadForge.onBeforeSend: SKIP (fr=true syn=false hasRead=true)
[2026-08-06T07:14:37.478Z] LiveUpdateForge: EndTurn fallback flush
[2026-08-06T07:14:37.479Z] onEndTurn: naturalStop=false toolCalls=52 nudgeMsg=no
[2026-08-06T07:14:37.639Z] LiveUpdateForge: AfterToolExec flush
[2026-08-06T07:14:37.766Z] InitialReadForge.onBeforeSend: SKIP (fr=true syn=false hasRead=true)
[2026-08-06T07:14:48.575Z] LiveUpdateForge: EndTurn fallback flush
[2026-08-06T07:14:48.575Z] onEndTurn: naturalStop=false toolCalls=53 nudgeMsg=no
[2026-08-06T07:16:07.775Z] LiveUpdateForge: AfterToolExec flush
[2026-08-06T07:16:07.928Z] InitialReadForge.onBeforeSend: SKIP (fr=true syn=false hasRead=true)
[2026-08-06T07:16:37.980Z] LiveUpdateForge: EndTurn fallback flush
[2026-08-06T07:16:37.981Z] onEndTurn: naturalStop=false toolCalls=54 nudgeMsg=no
[2026-08-06T07:16:37.990Z] LiveUpdateForge: AfterToolExec flush
[2026-08-06T07:16:38.112Z] InitialReadForge.onBeforeSend: SKIP (fr=true syn=false hasRead=true)
[2026-08-06T07:16:47.720Z] LiveUpdateForge: EndTurn fallback flush
[2026-08-06T07:16:47.720Z] onEndTurn: naturalStop=false toolCalls=55 nudgeMsg=no
[2026-08-06T07:16:47.817Z] LiveUpdateForge: AfterToolExec flush
[2026-08-06T07:16:47.949Z] InitialReadForge.onBeforeSend: SKIP (fr=true syn=false hasRead=true)
[2026-08-06T07:16:57.633Z] LiveUpdateForge: EndTurn fallback flush
[2026-08-06T07:16:57.634Z] onEndTurn: naturalStop=false toolCalls=56 nudgeMsg=no
[2026-08-06T07:16:57.658Z] LiveUpdateForge: AfterToolExec flush
[2026-08-06T07:16:57.784Z] InitialReadForge.onBeforeSend: SKIP (fr=true syn=false hasRead=true)
[2026-08-06T07:17:00.165Z] LiveUpdateForge: EndTurn fallback flush
[2026-08-06T07:17:00.165Z] onEndTurn: naturalStop=false toolCalls=57 nudgeMsg=no
[2026-08-06T07:17:00.177Z] LiveUpdateForge: AfterToolExec flush
[2026-08-06T07:17:00.309Z] InitialReadForge.onBeforeSend: SKIP (fr=true syn=false hasRead=true)
[2026-08-06T07:17:08.207Z] LiveUpdateForge: EndTurn fallback flush
[2026-08-06T07:17:08.207Z] onEndTurn: naturalStop=false toolCalls=58 nudgeMsg=no
[2026-08-06T07:17:08.361Z] LiveUpdateForge: AfterToolExec flush
[2026-08-06T07:17:08.497Z] InitialReadForge.onBeforeSend: SKIP (fr=true syn=false hasRead=true)
[2026-08-06T07:17:56.183Z] ResumeDiffForge: running checkResumeConsistency
[2026-08-06T07:17:56.184Z] checkResumeConsistency: forgedTimestamps=[["project","1970-01-01T00:00:00.000Z"]]
[2026-08-06T07:17:56.193Z] checkResumeConsistency: injecting 1 diff notification(s)
[2026-08-06T07:17:56.194Z] injectForgedHistory: role=user preview="[agent-auto] [memory-update 2026-08-06 11:56:32] project memory file has been mo"
[2026-08-06T07:17:56.373Z] injectForgedHistory: recordMessage persisted
[2026-08-06T07:17:56.374Z] LiveUpdateForge: session reset, allowLiveUpdate = false
[2026-08-06T07:17:56.374Z] NudgeForge: ResumeComplete — restoring count from history
[2026-08-06T07:17:56.375Z] restoreNudgeCountFromHistory: found last write at idx=243 count=59
[2026-08-06T07:17:56.418Z] LiveUpdateForge: allowLiveUpdate = true (first real BeforeSend)
[2026-08-06T07:17:56.419Z] InitialReadForge.onBeforeSend: SKIP (fr=false syn=false hasRead=true)
[2026-08-06T07:18:02.751Z] LiveUpdateForge: EndTurn fallback flush
[2026-08-06T07:18:02.751Z] onEndTurn: naturalStop=false toolCalls=59 nudgeMsg=no
[2026-08-06T07:18:02.827Z] LiveUpdateForge: AfterToolExec flush
[2026-08-06T07:18:02.953Z] InitialReadForge.onBeforeSend: SKIP (fr=true syn=false hasRead=true)
[2026-08-06T07:18:13.787Z] LiveUpdateForge: EndTurn fallback flush
[2026-08-06T07:18:13.787Z] onEndTurn: naturalStop=false toolCalls=60 nudgeMsg=no
[2026-08-06T07:18:14.314Z] LiveUpdateForge: AfterToolExec flush
[2026-08-06T07:18:14.431Z] InitialReadForge.onBeforeSend: SKIP (fr=true syn=false hasRead=true)
[2026-08-06T07:18:23.792Z] LiveUpdateForge: EndTurn fallback flush
[2026-08-06T07:18:23.793Z] onEndTurn: naturalStop=true toolCalls=0 nudgeMsg=YES
[2026-08-06T07:18:23.796Z] InitialReadForge.onBeforeSend: SKIP (fr=false syn=false hasRead=true)
[2026-08-06T07:18:55.466Z] LiveUpdateForge: EndTurn fallback flush
[2026-08-06T07:18:55.467Z] onEndTurn: naturalStop=false toolCalls=0 nudgeMsg=no
[2026-08-06T07:18:55.479Z] LiveUpdateForge: self-write on D:\Unity\E1\CODELY.md, baseline aligned
[2026-08-06T07:18:55.480Z] LiveUpdateForge: AfterToolExec flush
[2026-08-06T07:18:55.614Z] InitialReadForge.onBeforeSend: SKIP (fr=true syn=false hasRead=true)
[2026-08-06T07:19:06.694Z] LiveUpdateForge: EndTurn fallback flush
[2026-08-06T07:19:06.694Z] onEndTurn: naturalStop=true toolCalls=0 nudgeMsg=no
[2026-08-06T07:19:53.418Z] ResumeDiffForge: running checkResumeConsistency
[2026-08-06T07:19:53.419Z] checkResumeConsistency: forgedTimestamps=[["project","1970-01-01T00:00:00.000Z"]]
[2026-08-06T07:19:53.425Z] checkResumeConsistency: injecting 1 diff notification(s)
[2026-08-06T07:19:53.426Z] injectForgedHistory: role=user preview="[agent-auto] [memory-update 2026-08-06 15:18:55] project memory file has been mo"
[2026-08-06T07:19:53.538Z] injectForgedHistory: recordMessage persisted
[2026-08-06T07:19:53.538Z] LiveUpdateForge: session reset, allowLiveUpdate = false
[2026-08-06T07:19:53.539Z] NudgeForge: ResumeComplete — restoring count from history
[2026-08-06T07:19:53.539Z] restoreNudgeCountFromHistory: found last write at idx=402 count=0
[2026-08-06T07:19:53.579Z] LiveUpdateForge: allowLiveUpdate = true (first real BeforeSend)
[2026-08-06T07:19:53.580Z] InitialReadForge.onBeforeSend: SKIP (fr=false syn=false hasRead=true)
[2026-08-06T07:20:35.609Z] LiveUpdateForge: EndTurn fallback flush
[2026-08-06T07:20:35.609Z] onEndTurn: naturalStop=false toolCalls=0 nudgeMsg=no
[2026-08-06T07:20:35.618Z] LiveUpdateForge: AfterToolExec flush
[2026-08-06T07:20:35.739Z] InitialReadForge.onBeforeSend: SKIP (fr=true syn=false hasRead=true)
[2026-08-06T07:20:44.730Z] LiveUpdateForge: EndTurn fallback flush
[2026-08-06T07:20:44.731Z] onEndTurn: naturalStop=false toolCalls=1 nudgeMsg=no
[2026-08-06T07:20:44.864Z] LiveUpdateForge: AfterToolExec flush
[2026-08-06T07:20:44.979Z] InitialReadForge.onBeforeSend: SKIP (fr=true syn=false hasRead=true)
[2026-08-06T07:21:20.264Z] LiveUpdateForge: EndTurn fallback flush
[2026-08-06T07:21:20.264Z] onEndTurn: naturalStop=false toolCalls=2 nudgeMsg=no
[2026-08-06T07:21:20.424Z] LiveUpdateForge: AfterToolExec flush
[2026-08-06T07:21:20.560Z] InitialReadForge.onBeforeSend: SKIP (fr=true syn=false hasRead=true)
[2026-08-06T07:21:26.129Z] LiveUpdateForge: EndTurn fallback flush
[2026-08-06T07:21:26.129Z] onEndTurn: naturalStop=false toolCalls=3 nudgeMsg=no
[2026-08-06T07:21:32.190Z] LiveUpdateForge: AfterToolExec flush
[2026-08-06T07:21:32.319Z] InitialReadForge.onBeforeSend: SKIP (fr=true syn=false hasRead=true)
[2026-08-06T07:21:42.145Z] LiveUpdateForge: EndTurn fallback flush
[2026-08-06T07:21:42.146Z] onEndTurn: naturalStop=true toolCalls=4 nudgeMsg=no
[2026-08-06T07:22:10.058Z] ResumeDiffForge: running checkResumeConsistency
[2026-08-06T07:22:10.058Z] checkResumeConsistency: forgedTimestamps=[["project","1970-01-01T00:00:00.000Z"]]
[2026-08-06T07:22:10.064Z] checkResumeConsistency: injecting 1 diff notification(s)
[2026-08-06T07:22:10.065Z] injectForgedHistory: role=user preview="[agent-auto] [memory-update 2026-08-06 15:18:55] project memory file has been mo"
[2026-08-06T07:22:10.189Z] injectForgedHistory: recordMessage persisted
[2026-08-06T07:22:10.190Z] LiveUpdateForge: session reset, allowLiveUpdate = false
[2026-08-06T07:22:10.190Z] NudgeForge: ResumeComplete — restoring count from history
[2026-08-06T07:22:10.191Z] restoreNudgeCountFromHistory: found last write at idx=402 count=4
[2026-08-06T07:22:10.239Z] LiveUpdateForge: allowLiveUpdate = true (first real BeforeSend)
[2026-08-06T07:22:10.239Z] InitialReadForge.onBeforeSend: SKIP (fr=false syn=false hasRead=true)
[2026-08-06T07:22:27.114Z] LiveUpdateForge: EndTurn fallback flush
[2026-08-06T07:22:27.114Z] onEndTurn: naturalStop=false toolCalls=4 nudgeMsg=no
[2026-08-06T07:22:27.187Z] LiveUpdateForge: AfterToolExec flush
[2026-08-06T07:22:27.329Z] InitialReadForge.onBeforeSend: SKIP (fr=true syn=false hasRead=true)
[2026-08-06T07:22:39.900Z] LiveUpdateForge: EndTurn fallback flush
[2026-08-06T07:22:39.900Z] onEndTurn: naturalStop=false toolCalls=5 nudgeMsg=no
[2026-08-06T07:22:41.209Z] LiveUpdateForge: AfterToolExec flush
[2026-08-06T07:22:41.342Z] InitialReadForge.onBeforeSend: SKIP (fr=true syn=false hasRead=true)
[2026-08-06T07:22:55.179Z] LiveUpdateForge: EndTurn fallback flush
[2026-08-06T07:22:55.179Z] onEndTurn: naturalStop=false toolCalls=6 nudgeMsg=no
[2026-08-06T07:22:55.467Z] LiveUpdateForge: AfterToolExec flush
[2026-08-06T07:22:55.603Z] InitialReadForge.onBeforeSend: SKIP (fr=true syn=false hasRead=true)
[2026-08-06T07:23:04.452Z] LiveUpdateForge: EndTurn fallback flush
[2026-08-06T07:23:04.453Z] onEndTurn: naturalStop=false toolCalls=7 nudgeMsg=no
[2026-08-06T07:23:04.988Z] LiveUpdateForge: AfterToolExec flush
[2026-08-06T07:23:05.116Z] InitialReadForge.onBeforeSend: SKIP (fr=true syn=false hasRead=true)
[2026-08-06T07:23:12.005Z] LiveUpdateForge: EndTurn fallback flush
[2026-08-06T07:23:12.005Z] onEndTurn: naturalStop=false toolCalls=8 nudgeMsg=no
[2026-08-06T07:23:12.616Z] LiveUpdateForge: AfterToolExec flush
[2026-08-06T07:23:12.738Z] InitialReadForge.onBeforeSend: SKIP (fr=true syn=false hasRead=true)
[2026-08-06T07:23:36.866Z] LiveUpdateForge: EndTurn fallback flush
[2026-08-06T07:23:36.866Z] onEndTurn: naturalStop=true toolCalls=9 nudgeMsg=no
[2026-08-06T07:23:54.745Z] ResumeDiffForge: running checkResumeConsistency
[2026-08-06T07:23:54.746Z] checkResumeConsistency: forgedTimestamps=[["project","1970-01-01T00:00:00.000Z"]]
[2026-08-06T07:23:54.751Z] checkResumeConsistency: injecting 1 diff notification(s)
[2026-08-06T07:23:54.752Z] injectForgedHistory: role=user preview="[agent-auto] [memory-update 2026-08-06 15:18:55] project memory file has been mo"
[2026-08-06T07:23:54.873Z] injectForgedHistory: recordMessage persisted
[2026-08-06T07:23:54.873Z] LiveUpdateForge: session reset, allowLiveUpdate = false
[2026-08-06T07:23:54.874Z] NudgeForge: ResumeComplete — restoring count from history
[2026-08-06T07:23:54.874Z] restoreNudgeCountFromHistory: found last write at idx=402 count=9
[2026-08-06T07:23:54.915Z] LiveUpdateForge: allowLiveUpdate = true (first real BeforeSend)
[2026-08-06T07:23:54.916Z] InitialReadForge.onBeforeSend: SKIP (fr=false syn=false hasRead=true)
[2026-08-06T07:24:06.528Z] LiveUpdateForge: EndTurn fallback flush
[2026-08-06T07:24:06.529Z] onEndTurn: naturalStop=false toolCalls=9 nudgeMsg=no
[2026-08-06T07:24:06.604Z] LiveUpdateForge: AfterToolExec flush
[2026-08-06T07:24:06.730Z] InitialReadForge.onBeforeSend: SKIP (fr=true syn=false hasRead=true)
[2026-08-06T07:24:17.416Z] LiveUpdateForge: EndTurn fallback flush
[2026-08-06T07:24:17.417Z] onEndTurn: naturalStop=false toolCalls=10 nudgeMsg=no
[2026-08-06T07:24:17.953Z] LiveUpdateForge: AfterToolExec flush
[2026-08-06T07:24:18.075Z] InitialReadForge.onBeforeSend: SKIP (fr=true syn=false hasRead=true)
[2026-08-06T07:24:32.237Z] LiveUpdateForge: EndTurn fallback flush
[2026-08-06T07:24:32.237Z] onEndTurn: naturalStop=false toolCalls=11 nudgeMsg=no
[2026-08-06T07:24:33.494Z] LiveUpdateForge: AfterToolExec flush
[2026-08-06T07:24:33.618Z] InitialReadForge.onBeforeSend: SKIP (fr=true syn=false hasRead=true)
[2026-08-06T07:25:54.208Z] LiveUpdateForge: EndTurn fallback flush
[2026-08-06T07:25:54.208Z] onEndTurn: naturalStop=false toolCalls=12 nudgeMsg=no
[2026-08-06T07:25:54.497Z] LiveUpdateForge: AfterToolExec flush
[2026-08-06T07:25:54.619Z] InitialReadForge.onBeforeSend: SKIP (fr=true syn=false hasRead=true)
[2026-08-06T07:26:02.884Z] LiveUpdateForge: EndTurn fallback flush
[2026-08-06T07:26:02.885Z] onEndTurn: naturalStop=false toolCalls=13 nudgeMsg=no
[2026-08-06T07:26:08.670Z] LiveUpdateForge: AfterToolExec flush
[2026-08-06T07:26:08.809Z] InitialReadForge.onBeforeSend: SKIP (fr=true syn=false hasRead=true)
[2026-08-06T07:26:17.586Z] LiveUpdateForge: EndTurn fallback flush
[2026-08-06T07:26:17.586Z] onEndTurn: naturalStop=false toolCalls=14 nudgeMsg=no
[2026-08-06T07:26:22.983Z] LiveUpdateForge: AfterToolExec flush
[2026-08-06T07:26:23.125Z] InitialReadForge.onBeforeSend: SKIP (fr=true syn=false hasRead=true)
[2026-08-06T07:26:31.698Z] LiveUpdateForge: EndTurn fallback flush
[2026-08-06T07:26:31.698Z] onEndTurn: naturalStop=false toolCalls=15 nudgeMsg=no
[2026-08-06T07:26:31.728Z] LiveUpdateForge: AfterToolExec flush
[2026-08-06T07:26:31.896Z] InitialReadForge.onBeforeSend: SKIP (fr=true syn=false hasRead=true)
[2026-08-06T07:26:49.456Z] LiveUpdateForge: EndTurn fallback flush
[2026-08-06T07:26:49.456Z] onEndTurn: naturalStop=false toolCalls=16 nudgeMsg=no
[2026-08-06T07:26:50.754Z] LiveUpdateForge: AfterToolExec flush
[2026-08-06T07:26:50.893Z] InitialReadForge.onBeforeSend: SKIP (fr=true syn=false hasRead=true)
[2026-08-06T07:26:58.709Z] LiveUpdateForge: EndTurn fallback flush
[2026-08-06T07:26:58.710Z] onEndTurn: naturalStop=false toolCalls=17 nudgeMsg=no
[2026-08-06T07:26:58.727Z] LiveUpdateForge: AfterToolExec flush
[2026-08-06T07:26:58.856Z] InitialReadForge.onBeforeSend: SKIP (fr=true syn=false hasRead=true)
[2026-08-06T07:27:07.728Z] LiveUpdateForge: EndTurn fallback flush
[2026-08-06T07:27:07.729Z] onEndTurn: naturalStop=false toolCalls=18 nudgeMsg=no
[2026-08-06T07:27:07.731Z] LiveUpdateForge: AfterToolExec flush
[2026-08-06T07:27:07.893Z] InitialReadForge.onBeforeSend: SKIP (fr=true syn=false hasRead=true)
[2026-08-06T07:27:21.515Z] LiveUpdateForge: EndTurn fallback flush
[2026-08-06T07:27:21.516Z] onEndTurn: naturalStop=false toolCalls=19 nudgeMsg=no
[2026-08-06T07:27:21.520Z] LiveUpdateForge: AfterToolExec flush
[2026-08-06T07:27:21.673Z] InitialReadForge.onBeforeSend: SKIP (fr=true syn=false hasRead=true)
[2026-08-06T07:27:30.919Z] LiveUpdateForge: EndTurn fallback flush
[2026-08-06T07:27:30.919Z] onEndTurn: naturalStop=false toolCalls=20 nudgeMsg=no
[2026-08-06T07:27:30.928Z] LiveUpdateForge: AfterToolExec flush
[2026-08-06T07:27:31.088Z] InitialReadForge.onBeforeSend: SKIP (fr=true syn=false hasRead=true)
[2026-08-06T07:27:48.560Z] LiveUpdateForge: EndTurn fallback flush
[2026-08-06T07:27:48.561Z] onEndTurn: naturalStop=false toolCalls=21 nudgeMsg=no
[2026-08-06T07:27:48.574Z] LiveUpdateForge: AfterToolExec flush
[2026-08-06T07:27:48.744Z] InitialReadForge.onBeforeSend: SKIP (fr=true syn=false hasRead=true)
[2026-08-06T07:27:55.759Z] LiveUpdateForge: EndTurn fallback flush
[2026-08-06T07:27:55.760Z] onEndTurn: naturalStop=false toolCalls=22 nudgeMsg=no
[2026-08-06T07:27:56.100Z] LiveUpdateForge: AfterToolExec flush
[2026-08-06T07:27:56.237Z] InitialReadForge.onBeforeSend: SKIP (fr=true syn=false hasRead=true)
[2026-08-06T07:28:09.856Z] LiveUpdateForge: EndTurn fallback flush
[2026-08-06T07:28:09.856Z] onEndTurn: naturalStop=false toolCalls=23 nudgeMsg=no
[2026-08-06T07:28:10.135Z] LiveUpdateForge: AfterToolExec flush
[2026-08-06T07:28:10.277Z] InitialReadForge.onBeforeSend: SKIP (fr=true syn=false hasRead=true)
[2026-08-06T07:28:16.281Z] LiveUpdateForge: EndTurn fallback flush
[2026-08-06T07:28:16.281Z] onEndTurn: naturalStop=false toolCalls=24 nudgeMsg=no
[2026-08-06T07:28:16.851Z] LiveUpdateForge: AfterToolExec flush
[2026-08-06T07:28:16.980Z] InitialReadForge.onBeforeSend: SKIP (fr=true syn=false hasRead=true)
[2026-08-06T07:28:31.660Z] LiveUpdateForge: EndTurn fallback flush
[2026-08-06T07:28:31.661Z] onEndTurn: naturalStop=false toolCalls=25 nudgeMsg=no
[2026-08-06T07:28:34.290Z] LiveUpdateForge: AfterToolExec flush
[2026-08-06T07:28:34.414Z] InitialReadForge.onBeforeSend: SKIP (fr=true syn=false hasRead=true)
[2026-08-06T07:28:57.816Z] LiveUpdateForge: EndTurn fallback flush
[2026-08-06T07:28:57.817Z] onEndTurn: naturalStop=false toolCalls=26 nudgeMsg=no
[2026-08-06T07:28:58.390Z] LiveUpdateForge: AfterToolExec flush
[2026-08-06T07:28:58.514Z] InitialReadForge.onBeforeSend: SKIP (fr=true syn=false hasRead=true)
[2026-08-06T07:29:14.233Z] LiveUpdateForge: EndTurn fallback flush
[2026-08-06T07:29:14.234Z] onEndTurn: naturalStop=false toolCalls=27 nudgeMsg=no
[2026-08-06T07:29:14.603Z] LiveUpdateForge: AfterToolExec flush
[2026-08-06T07:29:14.722Z] InitialReadForge.onBeforeSend: SKIP (fr=true syn=false hasRead=true)
[2026-08-06T07:29:24.321Z] LiveUpdateForge: EndTurn fallback flush
[2026-08-06T07:29:24.321Z] onEndTurn: naturalStop=true toolCalls=28 nudgeMsg=no
[2026-08-06T07:29:26.230Z] ResumeDiffForge: running checkResumeConsistency
[2026-08-06T07:29:26.230Z] checkResumeConsistency: forgedTimestamps=[["project","1970-01-01T00:00:00.000Z"]]
[2026-08-06T07:29:26.237Z] checkResumeConsistency: injecting 1 diff notification(s)
[2026-08-06T07:29:26.237Z] injectForgedHistory: role=user preview="[agent-auto] [memory-update 2026-08-06 15:18:55] project memory file has been mo"
[2026-08-06T07:29:26.356Z] injectForgedHistory: recordMessage persisted
[2026-08-06T07:29:26.356Z] LiveUpdateForge: session reset, allowLiveUpdate = false
[2026-08-06T07:29:26.356Z] NudgeForge: ResumeComplete — restoring count from history
[2026-08-06T07:29:26.357Z] restoreNudgeCountFromHistory: found last write at idx=402 count=28
[2026-08-06T07:29:26.400Z] LiveUpdateForge: allowLiveUpdate = true (first real BeforeSend)
[2026-08-06T07:29:26.401Z] InitialReadForge.onBeforeSend: SKIP (fr=false syn=false hasRead=true)
[2026-08-06T07:29:39.976Z] LiveUpdateForge: EndTurn fallback flush
[2026-08-06T07:29:39.977Z] onEndTurn: naturalStop=false toolCalls=28 nudgeMsg=no
[2026-08-06T07:29:40.053Z] LiveUpdateForge: AfterToolExec flush
[2026-08-06T07:29:40.181Z] InitialReadForge.onBeforeSend: SKIP (fr=true syn=false hasRead=true)
[2026-08-06T07:29:49.009Z] LiveUpdateForge: EndTurn fallback flush
[2026-08-06T07:29:49.009Z] onEndTurn: naturalStop=false toolCalls=29 nudgeMsg=no
[2026-08-06T07:29:49.534Z] LiveUpdateForge: AfterToolExec flush
[2026-08-06T07:29:49.657Z] InitialReadForge.onBeforeSend: SKIP (fr=true syn=false hasRead=true)
[2026-08-06T07:30:25.568Z] LiveUpdateForge: EndTurn fallback flush
[2026-08-06T07:30:25.569Z] onEndTurn: naturalStop=false toolCalls=30 nudgeMsg=no
[2026-08-06T07:30:26.695Z] LiveUpdateForge: AfterToolExec flush
[2026-08-06T07:30:26.829Z] InitialReadForge.onBeforeSend: SKIP (fr=true syn=false hasRead=true)
[2026-08-06T07:30:37.112Z] LiveUpdateForge: EndTurn fallback flush
[2026-08-06T07:30:37.113Z] onEndTurn: naturalStop=false toolCalls=31 nudgeMsg=no
[2026-08-06T07:30:37.156Z] LiveUpdateForge: AfterToolExec flush
[2026-08-06T07:30:37.293Z] InitialReadForge.onBeforeSend: SKIP (fr=true syn=false hasRead=true)
[2026-08-06T07:30:40.307Z] LiveUpdateForge: EndTurn fallback flush
[2026-08-06T07:30:40.307Z] onEndTurn: naturalStop=false toolCalls=32 nudgeMsg=no
[2026-08-06T07:30:40.839Z] LiveUpdateForge: AfterToolExec flush
[2026-08-06T07:30:40.964Z] InitialReadForge.onBeforeSend: SKIP (fr=true syn=false hasRead=true)
[2026-08-06T07:30:49.920Z] LiveUpdateForge: EndTurn fallback flush
[2026-08-06T07:30:49.920Z] onEndTurn: naturalStop=false toolCalls=33 nudgeMsg=no
[2026-08-06T07:30:52.681Z] LiveUpdateForge: AfterToolExec flush
[2026-08-06T07:30:52.839Z] InitialReadForge.onBeforeSend: SKIP (fr=true syn=false hasRead=true)
[2026-08-06T07:31:29.284Z] LiveUpdateForge: EndTurn fallback flush
[2026-08-06T07:31:29.284Z] onEndTurn: naturalStop=false toolCalls=34 nudgeMsg=no
[2026-08-06T07:31:29.453Z] LiveUpdateForge: AfterToolExec flush
[2026-08-06T07:31:29.570Z] InitialReadForge.onBeforeSend: SKIP (fr=true syn=false hasRead=true)
[2026-08-06T07:33:11.507Z] ResumeDiffForge: running checkResumeConsistency
[2026-08-06T07:33:11.508Z] checkResumeConsistency: forgedTimestamps=[["project","1970-01-01T00:00:00.000Z"]]
[2026-08-06T07:33:11.514Z] checkResumeConsistency: injecting 1 diff notification(s)
[2026-08-06T07:33:11.515Z] injectForgedHistory: role=user preview="[agent-auto] [memory-update 2026-08-06 15:18:55] project memory file has been mo"
[2026-08-06T07:33:11.643Z] injectForgedHistory: recordMessage persisted
[2026-08-06T07:33:11.643Z] LiveUpdateForge: session reset, allowLiveUpdate = false
[2026-08-06T07:33:11.644Z] NudgeForge: ResumeComplete — restoring count from history
[2026-08-06T07:33:11.645Z] restoreNudgeCountFromHistory: found last write at idx=402 count=35
[2026-08-06T07:58:37.127Z] MemoryForge: attached 5 listener(s)
[2026-08-06T07:58:37.127Z] InitialReadForge: armed one-shot BeforeSend after NewSessionStart
[2026-08-06T07:58:37.127Z] LiveUpdateForge: session reset, allowLiveUpdate = false
[2026-08-06T07:58:37.570Z] LiveUpdateForge: session reset, allowLiveUpdate = false
[2026-08-06T07:58:37.597Z] ResumeDiffForge: running checkResumeConsistency
[2026-08-06T07:58:37.598Z] checkResumeConsistency: forgedTimestamps=[["project","1970-01-01T00:00:00.000Z"]]
[2026-08-06T07:58:37.604Z] checkResumeConsistency: injecting 1 diff notification(s)
[2026-08-06T07:58:37.604Z] injectForgedHistory: role=user preview="[agent-auto] [memory-update 2026-08-06 15:18:55] project memory file has been mo"
[2026-08-06T07:58:37.605Z] injectForgedHistory: recordMessage persisted
[2026-08-06T07:58:37.605Z] LiveUpdateForge: session reset, allowLiveUpdate = false
[2026-08-06T07:58:37.605Z] NudgeForge: ResumeComplete — restoring count from history
[2026-08-06T07:58:37.606Z] restoreNudgeCountFromHistory: found last write at idx=402 count=35
[2026-08-06T08:04:55.266Z] ResumeDiffForge: running checkResumeConsistency
[2026-08-06T08:04:55.267Z] checkResumeConsistency: forgedTimestamps=[["project","1970-01-01T00:00:00.000Z"]]
[2026-08-06T08:04:55.274Z] checkResumeConsistency: injecting 1 diff notification(s)
[2026-08-06T08:04:55.274Z] injectForgedHistory: role=user preview="[agent-auto] [memory-update 2026-08-06 15:18:55] project memory file has been mo"
[2026-08-06T08:04:55.399Z] injectForgedHistory: recordMessage persisted
[2026-08-06T08:04:55.399Z] LiveUpdateForge: session reset, allowLiveUpdate = false
[2026-08-06T08:04:55.399Z] NudgeForge: ResumeComplete — restoring count from history
[2026-08-06T08:04:55.400Z] restoreNudgeCountFromHistory: found last write at idx=402 count=35
[2026-08-06T08:54:09.268Z] MemoryForge: attached 5 listener(s)
[2026-08-06T08:54:09.268Z] InitialReadForge: armed one-shot BeforeSend after NewSessionStart
[2026-08-06T08:54:09.269Z] LiveUpdateForge: session reset, allowLiveUpdate = false
[2026-08-06T08:54:09.694Z] LiveUpdateForge: session reset, allowLiveUpdate = false
[2026-08-06T08:54:09.718Z] ResumeDiffForge: running checkResumeConsistency
[2026-08-06T08:54:09.719Z] checkResumeConsistency: forgedTimestamps=[["project","1970-01-01T00:00:00.000Z"]]
[2026-08-06T08:54:09.724Z] checkResumeConsistency: injecting 1 diff notification(s)
[2026-08-06T08:54:09.724Z] injectForgedHistory: role=user preview="[agent-auto] [memory-update 2026-08-06 15:18:55] project memory file has been mo"
[2026-08-06T08:54:09.725Z] injectForgedHistory: recordMessage persisted
[2026-08-06T08:54:09.725Z] LiveUpdateForge: session reset, allowLiveUpdate = false
[2026-08-06T08:54:09.725Z] NudgeForge: ResumeComplete — restoring count from history
[2026-08-06T08:54:09.726Z] restoreNudgeCountFromHistory: found last write at idx=402 count=35
[2026-08-06T08:54:11.183Z] ResumeDiffForge: running checkResumeConsistency
[2026-08-06T08:54:11.184Z] checkResumeConsistency: forgedTimestamps=[["project","1970-01-01T00:00:00.000Z"]]
[2026-08-06T08:54:11.193Z] checkResumeConsistency: injecting 1 diff notification(s)
[2026-08-06T08:54:11.194Z] injectForgedHistory: role=user preview="[agent-auto] [memory-update 2026-08-06 15:18:55] project memory file has been mo"
[2026-08-06T08:54:11.328Z] injectForgedHistory: recordMessage persisted
[2026-08-06T08:54:11.329Z] LiveUpdateForge: session reset, allowLiveUpdate = false
[2026-08-06T08:54:11.329Z] NudgeForge: ResumeComplete — restoring count from history
[2026-08-06T08:54:11.330Z] restoreNudgeCountFromHistory: found last write at idx=402 count=35
[2026-08-06T08:54:11.536Z] ResumeDiffForge: running checkResumeConsistency
[2026-08-06T08:54:11.537Z] checkResumeConsistency: forgedTimestamps=[["project","1970-01-01T00:00:00.000Z"]]
[2026-08-06T08:54:11.544Z] checkResumeConsistency: injecting 1 diff notification(s)
[2026-08-06T08:54:11.545Z] injectForgedHistory: role=user preview="[agent-auto] [memory-update 2026-08-06 15:18:55] project memory file has been mo"
[2026-08-06T08:54:11.678Z] injectForgedHistory: recordMessage persisted
[2026-08-06T08:54:11.678Z] LiveUpdateForge: session reset, allowLiveUpdate = false
[2026-08-06T08:54:11.679Z] NudgeForge: ResumeComplete — restoring count from history
[2026-08-06T08:54:11.679Z] restoreNudgeCountFromHistory: found last write at idx=402 count=35
[2026-08-06T08:54:12.051Z] MemoryForge: attached 5 listener(s)
[2026-08-06T08:54:12.051Z] InitialReadForge: armed one-shot BeforeSend after NewSessionStart
[2026-08-06T08:54:12.052Z] LiveUpdateForge: session reset, allowLiveUpdate = false
[2026-08-06T08:54:12.057Z] MemoryForge: detached all listeners
[2026-08-06T08:54:12.057Z] ResumeDiffForge: running checkResumeConsistency
[2026-08-06T08:54:12.058Z] checkResumeConsistency: forgedTimestamps=[["project","1970-01-01T00:00:00.000Z"]]
[2026-08-06T08:54:12.194Z] checkResumeConsistency: injecting 1 diff notification(s)
[2026-08-06T08:54:12.194Z] injectForgedHistory: role=user preview="[agent-auto] [memory-update 2026-08-06 15:18:55] project memory file has been mo"
[2026-08-06T08:54:12.314Z] injectForgedHistory: recordMessage persisted
[2026-08-06T08:54:12.314Z] LiveUpdateForge: session reset, allowLiveUpdate = false
[2026-08-06T08:54:12.314Z] NudgeForge: ResumeComplete — restoring count from history
[2026-08-06T08:54:12.315Z] restoreNudgeCountFromHistory: found last write at idx=402 count=35
[2026-08-06T08:54:12.333Z] LiveUpdateForge: allowLiveUpdate = true (first real BeforeSend)
[2026-08-06T08:54:12.333Z] InitialReadForge.onBeforeSend: SKIP (fr=false syn=false hasRead=true)
[2026-08-06T08:54:38.756Z] LiveUpdateForge: EndTurn fallback flush
[2026-08-06T08:54:38.757Z] onEndTurn: naturalStop=false toolCalls=35 nudgeMsg=no
[2026-08-06T08:54:38.795Z] LiveUpdateForge: AfterToolExec flush
[2026-08-06T08:54:38.924Z] InitialReadForge.onBeforeSend: SKIP (fr=true syn=false hasRead=true)
[2026-08-06T08:54:43.382Z] LiveUpdateForge: EndTurn fallback flush
[2026-08-06T08:54:43.382Z] onEndTurn: naturalStop=false toolCalls=36 nudgeMsg=no
[2026-08-06T08:54:45.393Z] LiveUpdateForge: AfterToolExec flush
[2026-08-06T08:54:45.532Z] InitialReadForge.onBeforeSend: SKIP (fr=true syn=false hasRead=true)
[2026-08-06T08:54:51.940Z] LiveUpdateForge: EndTurn fallback flush
[2026-08-06T08:54:51.940Z] onEndTurn: naturalStop=false toolCalls=37 nudgeMsg=no
[2026-08-06T08:54:51.943Z] LiveUpdateForge: AfterToolExec flush
[2026-08-06T08:54:52.061Z] InitialReadForge.onBeforeSend: SKIP (fr=true syn=false hasRead=true)
[2026-08-06T08:54:58.809Z] LiveUpdateForge: EndTurn fallback flush
[2026-08-06T08:54:58.809Z] onEndTurn: naturalStop=false toolCalls=38 nudgeMsg=no
[2026-08-06T08:54:58.950Z] LiveUpdateForge: AfterToolExec flush
[2026-08-06T08:54:59.082Z] InitialReadForge.onBeforeSend: SKIP (fr=true syn=false hasRead=true)
[2026-08-06T08:55:04.025Z] LiveUpdateForge: EndTurn fallback flush
[2026-08-06T08:55:04.025Z] onEndTurn: naturalStop=false toolCalls=39 nudgeMsg=no
[2026-08-06T08:55:04.031Z] LiveUpdateForge: AfterToolExec flush
[2026-08-06T08:55:04.150Z] InitialReadForge.onBeforeSend: SKIP (fr=true syn=false hasRead=true)
[2026-08-06T08:55:09.188Z] LiveUpdateForge: EndTurn fallback flush
[2026-08-06T08:55:09.189Z] onEndTurn: naturalStop=false toolCalls=40 nudgeMsg=no
[2026-08-06T08:55:09.334Z] LiveUpdateForge: AfterToolExec flush
[2026-08-06T08:55:09.466Z] InitialReadForge.onBeforeSend: SKIP (fr=true syn=false hasRead=true)
[2026-08-06T08:55:15.917Z] LiveUpdateForge: EndTurn fallback flush
[2026-08-06T08:55:15.917Z] onEndTurn: naturalStop=false toolCalls=41 nudgeMsg=no
[2026-08-06T08:55:15.938Z] LiveUpdateForge: AfterToolExec flush
[2026-08-06T08:55:16.065Z] InitialReadForge.onBeforeSend: SKIP (fr=true syn=false hasRead=true)
[2026-08-06T08:55:22.852Z] LiveUpdateForge: EndTurn fallback flush
[2026-08-06T08:55:22.852Z] onEndTurn: naturalStop=false toolCalls=42 nudgeMsg=no
[2026-08-06T08:55:22.870Z] LiveUpdateForge: AfterToolExec flush
[2026-08-06T08:55:22.993Z] InitialReadForge.onBeforeSend: SKIP (fr=true syn=false hasRead=true)
[2026-08-06T08:55:29.343Z] LiveUpdateForge: EndTurn fallback flush
[2026-08-06T08:55:29.343Z] onEndTurn: naturalStop=false toolCalls=43 nudgeMsg=no
[2026-08-06T08:55:36.928Z] LiveUpdateForge: AfterToolExec flush
[2026-08-06T08:55:37.103Z] InitialReadForge.onBeforeSend: SKIP (fr=true syn=false hasRead=true)
[2026-08-06T08:55:44.195Z] LiveUpdateForge: EndTurn fallback flush
[2026-08-06T08:55:44.196Z] onEndTurn: naturalStop=true toolCalls=44 nudgeMsg=no
[2026-08-06T09:00:48.786Z] ResumeDiffForge: running checkResumeConsistency
[2026-08-06T09:00:48.786Z] checkResumeConsistency: forgedTimestamps=[["project","1970-01-01T00:00:00.000Z"]]
[2026-08-06T09:00:48.793Z] checkResumeConsistency: injecting 1 diff notification(s)
[2026-08-06T09:00:48.793Z] injectForgedHistory: role=user preview="[agent-auto] [memory-update 2026-08-06 15:18:55] project memory file has been mo"
[2026-08-06T09:00:48.922Z] injectForgedHistory: recordMessage persisted
[2026-08-06T09:00:48.923Z] LiveUpdateForge: session reset, allowLiveUpdate = false
[2026-08-06T09:00:48.923Z] NudgeForge: ResumeComplete — restoring count from history
[2026-08-06T09:00:48.924Z] restoreNudgeCountFromHistory: found last write at idx=402 count=44
[2026-08-06T09:00:48.979Z] LiveUpdateForge: allowLiveUpdate = true (first real BeforeSend)
[2026-08-06T09:00:48.979Z] InitialReadForge.onBeforeSend: SKIP (fr=false syn=false hasRead=true)
[2026-08-06T09:01:09.130Z] LiveUpdateForge: EndTurn fallback flush
[2026-08-06T09:01:09.131Z] onEndTurn: naturalStop=false toolCalls=44 nudgeMsg=no
[2026-08-06T09:01:09.252Z] LiveUpdateForge: AfterToolExec flush
[2026-08-06T09:01:09.396Z] InitialReadForge.onBeforeSend: SKIP (fr=true syn=false hasRead=true)
[2026-08-06T09:01:15.006Z] LiveUpdateForge: EndTurn fallback flush
[2026-08-06T09:01:15.006Z] onEndTurn: naturalStop=false toolCalls=45 nudgeMsg=no
[2026-08-06T09:01:15.525Z] LiveUpdateForge: AfterToolExec flush
[2026-08-06T09:01:15.655Z] InitialReadForge.onBeforeSend: SKIP (fr=true syn=false hasRead=true)
[2026-08-06T09:01:54.829Z] ResumeDiffForge: running checkResumeConsistency
[2026-08-06T09:01:54.829Z] checkResumeConsistency: forgedTimestamps=[["project","1970-01-01T00:00:00.000Z"]]
[2026-08-06T09:01:54.837Z] checkResumeConsistency: injecting 1 diff notification(s)
[2026-08-06T09:01:54.837Z] injectForgedHistory: role=user preview="[agent-auto] [memory-update 2026-08-06 15:18:55] project memory file has been mo"
[2026-08-06T09:01:54.980Z] injectForgedHistory: recordMessage persisted
[2026-08-06T09:01:54.981Z] LiveUpdateForge: session reset, allowLiveUpdate = false
[2026-08-06T09:01:54.981Z] NudgeForge: ResumeComplete — restoring count from history
[2026-08-06T09:01:54.982Z] restoreNudgeCountFromHistory: found last write at idx=402 count=46
[2026-08-06T09:01:55.021Z] LiveUpdateForge: allowLiveUpdate = true (first real BeforeSend)
[2026-08-06T09:01:55.022Z] InitialReadForge.onBeforeSend: SKIP (fr=false syn=false hasRead=true)
[2026-08-06T09:02:28.279Z] LiveUpdateForge: EndTurn fallback flush
[2026-08-06T09:02:28.280Z] onEndTurn: naturalStop=false toolCalls=46 nudgeMsg=no
[2026-08-06T09:02:28.289Z] LiveUpdateForge: AfterToolExec flush
[2026-08-06T09:02:28.410Z] InitialReadForge.onBeforeSend: SKIP (fr=true syn=false hasRead=true)
[2026-08-06T09:02:37.391Z] LiveUpdateForge: EndTurn fallback flush
[2026-08-06T09:02:37.391Z] onEndTurn: naturalStop=false toolCalls=47 nudgeMsg=no
[2026-08-06T09:02:37.475Z] LiveUpdateForge: AfterToolExec flush
[2026-08-06T09:02:37.596Z] InitialReadForge.onBeforeSend: SKIP (fr=true syn=false hasRead=true)
[2026-08-06T09:02:44.410Z] LiveUpdateForge: EndTurn fallback flush
[2026-08-06T09:02:44.410Z] onEndTurn: naturalStop=false toolCalls=48 nudgeMsg=no
[2026-08-06T09:02:44.417Z] LiveUpdateForge: AfterToolExec flush
[2026-08-06T09:02:44.553Z] InitialReadForge.onBeforeSend: SKIP (fr=true syn=false hasRead=true)
[2026-08-06T09:02:51.093Z] LiveUpdateForge: EndTurn fallback flush
[2026-08-06T09:02:51.093Z] onEndTurn: naturalStop=false toolCalls=49 nudgeMsg=no
[2026-08-06T09:02:51.101Z] LiveUpdateForge: AfterToolExec flush
[2026-08-06T09:02:51.248Z] InitialReadForge.onBeforeSend: SKIP (fr=true syn=false hasRead=true)
[2026-08-06T09:02:58.981Z] LiveUpdateForge: EndTurn fallback flush
[2026-08-06T09:02:58.982Z] onEndTurn: naturalStop=false toolCalls=50 nudgeMsg=no
[2026-08-06T09:02:58.984Z] LiveUpdateForge: AfterToolExec flush
[2026-08-06T09:02:59.119Z] InitialReadForge.onBeforeSend: SKIP (fr=true syn=false hasRead=true)
[2026-08-06T09:03:05.264Z] LiveUpdateForge: EndTurn fallback flush
[2026-08-06T09:03:05.265Z] onEndTurn: naturalStop=false toolCalls=51 nudgeMsg=no
[2026-08-06T09:03:05.414Z] LiveUpdateForge: AfterToolExec flush
[2026-08-06T09:03:05.561Z] InitialReadForge.onBeforeSend: SKIP (fr=true syn=false hasRead=true)
[2026-08-06T09:03:12.142Z] LiveUpdateForge: EndTurn fallback flush
[2026-08-06T09:03:12.143Z] onEndTurn: naturalStop=false toolCalls=52 nudgeMsg=no
[2026-08-06T09:03:19.957Z] LiveUpdateForge: AfterToolExec flush
[2026-08-06T09:03:20.093Z] InitialReadForge.onBeforeSend: SKIP (fr=true syn=false hasRead=true)
[2026-08-06T09:03:24.674Z] LiveUpdateForge: EndTurn fallback flush
[2026-08-06T09:03:24.674Z] onEndTurn: naturalStop=true toolCalls=0 nudgeMsg=YES
[2026-08-06T09:03:24.676Z] InitialReadForge.onBeforeSend: SKIP (fr=false syn=false hasRead=true)
[2026-08-06T09:03:33.852Z] LiveUpdateForge: EndTurn fallback flush
[2026-08-06T09:03:33.852Z] onEndTurn: naturalStop=false toolCalls=0 nudgeMsg=no
[2026-08-06T09:03:33.869Z] LiveUpdateForge: self-write on D:\Unity\E1\CODELY.md, baseline aligned
[2026-08-06T09:03:33.870Z] LiveUpdateForge: AfterToolExec flush
[2026-08-06T09:03:34.005Z] InitialReadForge.onBeforeSend: SKIP (fr=true syn=false hasRead=true)
[2026-08-06T09:03:39.940Z] LiveUpdateForge: EndTurn fallback flush
[2026-08-06T09:03:39.941Z] onEndTurn: naturalStop=true toolCalls=0 nudgeMsg=no
[2026-08-06T09:10:52.994Z] MemoryForge: attached 5 listener(s)
[2026-08-06T09:10:52.995Z] InitialReadForge: armed one-shot BeforeSend after NewSessionStart
[2026-08-06T09:10:52.995Z] LiveUpdateForge: session reset, allowLiveUpdate = false
[2026-08-06T09:10:53.592Z] LiveUpdateForge: session reset, allowLiveUpdate = false
[2026-08-06T09:10:53.621Z] ResumeDiffForge: running checkResumeConsistency
[2026-08-06T09:10:53.622Z] checkResumeConsistency: forgedTimestamps=[["project","1970-01-01T00:00:00.000Z"]]
[2026-08-06T09:10:53.628Z] checkResumeConsistency: injecting 1 diff notification(s)
[2026-08-06T09:10:53.629Z] injectForgedHistory: role=user preview="[agent-auto] [memory-update 2026-08-06 17:03:33] project memory file has been mo"
[2026-08-06T09:10:53.630Z] injectForgedHistory: recordMessage persisted
[2026-08-06T09:10:53.630Z] LiveUpdateForge: session reset, allowLiveUpdate = false
[2026-08-06T09:10:53.631Z] NudgeForge: ResumeComplete — restoring count from history
[2026-08-06T09:10:53.631Z] restoreNudgeCountFromHistory: found last write at idx=534 count=0
[2026-08-06T09:10:55.151Z] ResumeDiffForge: running checkResumeConsistency
[2026-08-06T09:10:55.152Z] checkResumeConsistency: forgedTimestamps=[["project","1970-01-01T00:00:00.000Z"]]
[2026-08-06T09:10:55.158Z] checkResumeConsistency: injecting 1 diff notification(s)
[2026-08-06T09:10:55.158Z] injectForgedHistory: role=user preview="[agent-auto] [memory-update 2026-08-06 17:03:33] project memory file has been mo"
[2026-08-06T09:10:55.298Z] injectForgedHistory: recordMessage persisted
[2026-08-06T09:10:55.299Z] LiveUpdateForge: session reset, allowLiveUpdate = false
[2026-08-06T09:10:55.299Z] NudgeForge: ResumeComplete — restoring count from history
[2026-08-06T09:10:55.300Z] restoreNudgeCountFromHistory: found last write at idx=534 count=0
[2026-08-06T09:10:55.538Z] ResumeDiffForge: running checkResumeConsistency
[2026-08-06T09:10:55.539Z] checkResumeConsistency: forgedTimestamps=[["project","1970-01-01T00:00:00.000Z"]]
[2026-08-06T09:10:55.545Z] checkResumeConsistency: injecting 1 diff notification(s)
[2026-08-06T09:10:55.546Z] injectForgedHistory: role=user preview="[agent-auto] [memory-update 2026-08-06 17:03:33] project memory file has been mo"
[2026-08-06T09:10:55.710Z] injectForgedHistory: recordMessage persisted
[2026-08-06T09:10:55.710Z] LiveUpdateForge: session reset, allowLiveUpdate = false
[2026-08-06T09:10:55.710Z] NudgeForge: ResumeComplete — restoring count from history
[2026-08-06T09:10:55.711Z] restoreNudgeCountFromHistory: found last write at idx=534 count=0
[2026-08-06T09:10:57.891Z] MemoryForge: attached 5 listener(s)
[2026-08-06T09:10:57.891Z] InitialReadForge: armed one-shot BeforeSend after NewSessionStart
[2026-08-06T09:10:57.892Z] LiveUpdateForge: session reset, allowLiveUpdate = false
[2026-08-06T09:10:57.899Z] MemoryForge: detached all listeners
[2026-08-06T09:10:57.900Z] ResumeDiffForge: running checkResumeConsistency
[2026-08-06T09:10:57.900Z] checkResumeConsistency: forgedTimestamps=[["project","1970-01-01T00:00:00.000Z"]]
[2026-08-06T09:10:58.052Z] checkResumeConsistency: injecting 1 diff notification(s)
[2026-08-06T09:10:58.053Z] injectForgedHistory: role=user preview="[agent-auto] [memory-update 2026-08-06 17:03:33] project memory file has been mo"
[2026-08-06T09:10:58.178Z] injectForgedHistory: recordMessage persisted
[2026-08-06T09:10:58.178Z] LiveUpdateForge: session reset, allowLiveUpdate = false
[2026-08-06T09:10:58.178Z] NudgeForge: ResumeComplete — restoring count from history
[2026-08-06T09:10:58.179Z] restoreNudgeCountFromHistory: found last write at idx=534 count=0
[2026-08-06T09:10:58.196Z] LiveUpdateForge: allowLiveUpdate = true (first real BeforeSend)
[2026-08-06T09:10:58.197Z] InitialReadForge.onBeforeSend: SKIP (fr=false syn=false hasRead=true)
[2026-08-06T09:11:14.411Z] LiveUpdateForge: EndTurn fallback flush
[2026-08-06T09:11:14.411Z] onEndTurn: naturalStop=false toolCalls=0 nudgeMsg=no
[2026-08-06T09:11:14.534Z] LiveUpdateForge: AfterToolExec flush
[2026-08-06T09:11:14.705Z] InitialReadForge.onBeforeSend: SKIP (fr=true syn=false hasRead=true)
[2026-08-06T09:11:21.200Z] LiveUpdateForge: EndTurn fallback flush
[2026-08-06T09:11:21.200Z] onEndTurn: naturalStop=false toolCalls=1 nudgeMsg=no
[2026-08-06T09:11:21.211Z] LiveUpdateForge: AfterToolExec flush
[2026-08-06T09:11:21.353Z] InitialReadForge.onBeforeSend: SKIP (fr=true syn=false hasRead=true)
[2026-08-06T09:11:26.828Z] LiveUpdateForge: EndTurn fallback flush
[2026-08-06T09:11:26.828Z] onEndTurn: naturalStop=false toolCalls=2 nudgeMsg=no
[2026-08-06T09:11:26.832Z] LiveUpdateForge: AfterToolExec flush
[2026-08-06T09:11:26.965Z] InitialReadForge.onBeforeSend: SKIP (fr=true syn=false hasRead=true)
[2026-08-06T09:11:35.099Z] LiveUpdateForge: EndTurn fallback flush
[2026-08-06T09:11:35.099Z] onEndTurn: naturalStop=false toolCalls=3 nudgeMsg=no
[2026-08-06T09:11:35.292Z] LiveUpdateForge: AfterToolExec flush
[2026-08-06T09:11:35.446Z] InitialReadForge.onBeforeSend: SKIP (fr=true syn=false hasRead=true)
[2026-08-06T09:11:42.520Z] LiveUpdateForge: EndTurn fallback flush
[2026-08-06T09:11:42.520Z] onEndTurn: naturalStop=false toolCalls=4 nudgeMsg=no
[2026-08-06T09:11:42.705Z] LiveUpdateForge: AfterToolExec flush
[2026-08-06T09:11:42.879Z] InitialReadForge.onBeforeSend: SKIP (fr=true syn=false hasRead=true)
[2026-08-06T09:11:49.671Z] LiveUpdateForge: EndTurn fallback flush
[2026-08-06T09:11:49.671Z] onEndTurn: naturalStop=false toolCalls=5 nudgeMsg=no
[2026-08-06T09:11:57.161Z] LiveUpdateForge: AfterToolExec flush
[2026-08-06T09:11:57.312Z] InitialReadForge.onBeforeSend: SKIP (fr=true syn=false hasRead=true)
[2026-08-06T09:12:04.290Z] LiveUpdateForge: EndTurn fallback flush
[2026-08-06T09:12:04.290Z] onEndTurn: naturalStop=true toolCalls=6 nudgeMsg=no
[2026-08-06T09:15:20.780Z] ResumeDiffForge: running checkResumeConsistency
[2026-08-06T09:15:20.781Z] checkResumeConsistency: forgedTimestamps=[["project","1970-01-01T00:00:00.000Z"]]
[2026-08-06T09:15:20.786Z] checkResumeConsistency: injecting 1 diff notification(s)
[2026-08-06T09:15:20.786Z] injectForgedHistory: role=user preview="[agent-auto] [memory-update 2026-08-06 17:03:33] project memory file has been mo"
[2026-08-06T09:15:20.916Z] injectForgedHistory: recordMessage persisted
[2026-08-06T09:15:20.916Z] LiveUpdateForge: session reset, allowLiveUpdate = false
[2026-08-06T09:15:20.916Z] NudgeForge: ResumeComplete — restoring count from history
[2026-08-06T09:15:20.917Z] restoreNudgeCountFromHistory: found last write at idx=534 count=6
[2026-08-06T09:15:20.957Z] LiveUpdateForge: allowLiveUpdate = true (first real BeforeSend)
[2026-08-06T09:15:20.957Z] InitialReadForge.onBeforeSend: SKIP (fr=false syn=false hasRead=true)
[2026-08-06T09:15:29.074Z] LiveUpdateForge: EndTurn fallback flush
[2026-08-06T09:15:29.074Z] onEndTurn: naturalStop=false toolCalls=6 nudgeMsg=no
[2026-08-06T09:19:27.265Z] LiveUpdateForge: AfterToolExec flush
[2026-08-06T09:19:27.414Z] InitialReadForge.onBeforeSend: SKIP (fr=true syn=false hasRead=true)
[2026-08-06T09:19:52.204Z] LiveUpdateForge: EndTurn fallback flush
[2026-08-06T09:19:52.205Z] onEndTurn: naturalStop=true toolCalls=7 nudgeMsg=no
[2026-08-06T09:21:05.717Z] ResumeDiffForge: running checkResumeConsistency
[2026-08-06T09:21:05.718Z] checkResumeConsistency: forgedTimestamps=[["project","1970-01-01T00:00:00.000Z"]]
[2026-08-06T09:21:05.725Z] checkResumeConsistency: injecting 1 diff notification(s)
[2026-08-06T09:21:05.725Z] injectForgedHistory: role=user preview="[agent-auto] [memory-update 2026-08-06 17:03:33] project memory file has been mo"
[2026-08-06T09:21:05.849Z] injectForgedHistory: recordMessage persisted
[2026-08-06T09:21:05.849Z] LiveUpdateForge: session reset, allowLiveUpdate = false
[2026-08-06T09:21:05.850Z] NudgeForge: ResumeComplete — restoring count from history
[2026-08-06T09:21:05.850Z] restoreNudgeCountFromHistory: found last write at idx=534 count=7
[2026-08-06T09:21:05.898Z] LiveUpdateForge: allowLiveUpdate = true (first real BeforeSend)
[2026-08-06T09:21:05.898Z] InitialReadForge.onBeforeSend: SKIP (fr=false syn=false hasRead=true)
[2026-08-06T09:21:13.180Z] LiveUpdateForge: EndTurn fallback flush
[2026-08-06T09:21:13.180Z] onEndTurn: naturalStop=false toolCalls=7 nudgeMsg=no
[2026-08-06T09:21:13.189Z] LiveUpdateForge: AfterToolExec flush
[2026-08-06T09:21:13.310Z] InitialReadForge.onBeforeSend: SKIP (fr=true syn=false hasRead=true)
[2026-08-06T09:21:19.358Z] LiveUpdateForge: EndTurn fallback flush
[2026-08-06T09:21:19.358Z] onEndTurn: naturalStop=false toolCalls=8 nudgeMsg=no
[2026-08-06T09:21:19.362Z] LiveUpdateForge: AfterToolExec flush
[2026-08-06T09:21:19.488Z] InitialReadForge.onBeforeSend: SKIP (fr=true syn=false hasRead=true)
[2026-08-06T09:21:24.295Z] LiveUpdateForge: EndTurn fallback flush
[2026-08-06T09:21:24.295Z] onEndTurn: naturalStop=false toolCalls=9 nudgeMsg=no
[2026-08-06T09:21:24.298Z] LiveUpdateForge: AfterToolExec flush
[2026-08-06T09:21:24.425Z] InitialReadForge.onBeforeSend: SKIP (fr=true syn=false hasRead=true)
[2026-08-06T09:21:29.602Z] LiveUpdateForge: EndTurn fallback flush
[2026-08-06T09:21:29.602Z] onEndTurn: naturalStop=false toolCalls=10 nudgeMsg=no
[2026-08-06T09:21:29.708Z] LiveUpdateForge: AfterToolExec flush
[2026-08-06T09:21:29.831Z] InitialReadForge.onBeforeSend: SKIP (fr=true syn=false hasRead=true)
[2026-08-06T09:21:36.999Z] LiveUpdateForge: EndTurn fallback flush
[2026-08-06T09:21:37.000Z] onEndTurn: naturalStop=false toolCalls=11 nudgeMsg=no
[2026-08-06T09:21:37.068Z] LiveUpdateForge: AfterToolExec flush
[2026-08-06T09:21:37.189Z] InitialReadForge.onBeforeSend: SKIP (fr=true syn=false hasRead=true)
[2026-08-06T09:21:45.708Z] LiveUpdateForge: EndTurn fallback flush
[2026-08-06T09:21:45.709Z] onEndTurn: naturalStop=false toolCalls=12 nudgeMsg=no
[2026-08-06T09:21:45.712Z] LiveUpdateForge: AfterToolExec flush
[2026-08-06T09:21:45.840Z] InitialReadForge.onBeforeSend: SKIP (fr=true syn=false hasRead=true)
[2026-08-06T09:21:50.098Z] LiveUpdateForge: EndTurn fallback flush
[2026-08-06T09:21:50.098Z] onEndTurn: naturalStop=false toolCalls=13 nudgeMsg=no
[2026-08-06T09:21:50.101Z] LiveUpdateForge: AfterToolExec flush
[2026-08-06T09:21:50.231Z] InitialReadForge.onBeforeSend: SKIP (fr=true syn=false hasRead=true)
[2026-08-06T09:21:58.584Z] LiveUpdateForge: EndTurn fallback flush
[2026-08-06T09:21:58.584Z] onEndTurn: naturalStop=false toolCalls=14 nudgeMsg=no
[2026-08-06T09:21:58.739Z] LiveUpdateForge: AfterToolExec flush
[2026-08-06T09:21:58.870Z] InitialReadForge.onBeforeSend: SKIP (fr=true syn=false hasRead=true)
[2026-08-06T09:22:07.131Z] LiveUpdateForge: EndTurn fallback flush
[2026-08-06T09:22:07.131Z] onEndTurn: naturalStop=false toolCalls=15 nudgeMsg=no
[2026-08-06T09:22:07.140Z] LiveUpdateForge: AfterToolExec flush
[2026-08-06T09:22:07.268Z] InitialReadForge.onBeforeSend: SKIP (fr=true syn=false hasRead=true)
[2026-08-06T09:22:17.532Z] LiveUpdateForge: EndTurn fallback flush
[2026-08-06T09:22:17.532Z] onEndTurn: naturalStop=false toolCalls=16 nudgeMsg=no
[2026-08-06T09:22:17.675Z] LiveUpdateForge: AfterToolExec flush
[2026-08-06T09:22:17.807Z] InitialReadForge.onBeforeSend: SKIP (fr=true syn=false hasRead=true)
[2026-08-06T09:22:25.033Z] LiveUpdateForge: EndTurn fallback flush
[2026-08-06T09:22:25.033Z] onEndTurn: naturalStop=false toolCalls=17 nudgeMsg=no
[2026-08-06T09:22:25.036Z] LiveUpdateForge: AfterToolExec flush
[2026-08-06T09:22:25.176Z] InitialReadForge.onBeforeSend: SKIP (fr=true syn=false hasRead=true)
[2026-08-06T09:22:30.867Z] LiveUpdateForge: EndTurn fallback flush
[2026-08-06T09:22:30.868Z] onEndTurn: naturalStop=false toolCalls=18 nudgeMsg=no
[2026-08-06T09:22:31.014Z] LiveUpdateForge: AfterToolExec flush
[2026-08-06T09:22:31.144Z] InitialReadForge.onBeforeSend: SKIP (fr=true syn=false hasRead=true)
[2026-08-06T09:22:38.958Z] LiveUpdateForge: EndTurn fallback flush
[2026-08-06T09:22:38.959Z] onEndTurn: naturalStop=false toolCalls=19 nudgeMsg=no
[2026-08-06T09:23:00.244Z] LiveUpdateForge: AfterToolExec flush
[2026-08-06T09:23:00.374Z] InitialReadForge.onBeforeSend: SKIP (fr=true syn=false hasRead=true)
[2026-08-06T09:23:06.185Z] LiveUpdateForge: EndTurn fallback flush
[2026-08-06T09:23:06.185Z] onEndTurn: naturalStop=false toolCalls=20 nudgeMsg=no
[2026-08-06T09:23:06.188Z] LiveUpdateForge: AfterToolExec flush
[2026-08-06T09:23:06.357Z] InitialReadForge.onBeforeSend: SKIP (fr=true syn=false hasRead=true)
[2026-08-06T09:23:11.097Z] LiveUpdateForge: EndTurn fallback flush
[2026-08-06T09:23:11.097Z] onEndTurn: naturalStop=false toolCalls=21 nudgeMsg=no
[2026-08-06T09:23:11.100Z] LiveUpdateForge: AfterToolExec flush
[2026-08-06T09:23:11.291Z] InitialReadForge.onBeforeSend: SKIP (fr=true syn=false hasRead=true)
[2026-08-06T09:23:16.140Z] LiveUpdateForge: EndTurn fallback flush
[2026-08-06T09:23:16.140Z] onEndTurn: naturalStop=false toolCalls=22 nudgeMsg=no
[2026-08-06T09:23:16.143Z] LiveUpdateForge: AfterToolExec flush
[2026-08-06T09:23:16.295Z] InitialReadForge.onBeforeSend: SKIP (fr=true syn=false hasRead=true)
[2026-08-06T09:23:26.542Z] LiveUpdateForge: EndTurn fallback flush
[2026-08-06T09:23:26.542Z] onEndTurn: naturalStop=false toolCalls=23 nudgeMsg=no
[2026-08-06T09:23:26.545Z] LiveUpdateForge: AfterToolExec flush
[2026-08-06T09:23:26.711Z] InitialReadForge.onBeforeSend: SKIP (fr=true syn=false hasRead=true)
[2026-08-06T09:23:32.220Z] LiveUpdateForge: EndTurn fallback flush
[2026-08-06T09:23:32.220Z] onEndTurn: naturalStop=false toolCalls=24 nudgeMsg=no
[2026-08-06T09:23:32.223Z] LiveUpdateForge: AfterToolExec flush
[2026-08-06T09:23:32.377Z] InitialReadForge.onBeforeSend: SKIP (fr=true syn=false hasRead=true)
[2026-08-06T09:23:37.512Z] LiveUpdateForge: EndTurn fallback flush
[2026-08-06T09:23:37.512Z] onEndTurn: naturalStop=false toolCalls=25 nudgeMsg=no
[2026-08-06T09:23:37.515Z] LiveUpdateForge: AfterToolExec flush
[2026-08-06T09:23:37.668Z] InitialReadForge.onBeforeSend: SKIP (fr=true syn=false hasRead=true)
[2026-08-06T09:23:51.832Z] LiveUpdateForge: EndTurn fallback flush
[2026-08-06T09:23:51.832Z] onEndTurn: naturalStop=false toolCalls=26 nudgeMsg=no
[2026-08-06T09:23:52.037Z] LiveUpdateForge: AfterToolExec flush
[2026-08-06T09:23:52.201Z] InitialReadForge.onBeforeSend: SKIP (fr=true syn=false hasRead=true)
[2026-08-06T09:24:07.698Z] LiveUpdateForge: EndTurn fallback flush
[2026-08-06T09:24:07.699Z] onEndTurn: naturalStop=false toolCalls=27 nudgeMsg=no
[2026-08-06T09:24:07.942Z] LiveUpdateForge: AfterToolExec flush
[2026-08-06T09:24:08.128Z] InitialReadForge.onBeforeSend: SKIP (fr=true syn=false hasRead=true)
[2026-08-06T09:24:19.028Z] LiveUpdateForge: EndTurn fallback flush
[2026-08-06T09:24:19.029Z] onEndTurn: naturalStop=false toolCalls=28 nudgeMsg=no
[2026-08-06T09:24:19.180Z] LiveUpdateForge: AfterToolExec flush
[2026-08-06T09:24:19.309Z] InitialReadForge.onBeforeSend: SKIP (fr=true syn=false hasRead=true)
[2026-08-06T09:24:27.832Z] LiveUpdateForge: EndTurn fallback flush
[2026-08-06T09:24:27.832Z] onEndTurn: naturalStop=false toolCalls=29 nudgeMsg=no
[2026-08-06T09:24:27.984Z] LiveUpdateForge: AfterToolExec flush
[2026-08-06T09:24:28.112Z] InitialReadForge.onBeforeSend: SKIP (fr=true syn=false hasRead=true)
[2026-08-06T09:24:35.103Z] LiveUpdateForge: EndTurn fallback flush
[2026-08-06T09:24:35.103Z] onEndTurn: naturalStop=false toolCalls=30 nudgeMsg=no
[2026-08-06T09:24:42.176Z] LiveUpdateForge: AfterToolExec flush
[2026-08-06T09:24:42.326Z] InitialReadForge.onBeforeSend: SKIP (fr=true syn=false hasRead=true)
[2026-08-06T09:24:47.281Z] LiveUpdateForge: EndTurn fallback flush
[2026-08-06T09:24:47.281Z] onEndTurn: naturalStop=false toolCalls=31 nudgeMsg=no
[2026-08-06T09:24:47.390Z] LiveUpdateForge: AfterToolExec flush
[2026-08-06T09:24:47.531Z] InitialReadForge.onBeforeSend: SKIP (fr=true syn=false hasRead=true)
[2026-08-06T09:25:01.406Z] LiveUpdateForge: EndTurn fallback flush
[2026-08-06T09:25:01.406Z] onEndTurn: naturalStop=false toolCalls=32 nudgeMsg=no
[2026-08-06T09:25:01.410Z] LiveUpdateForge: AfterToolExec flush
[2026-08-06T09:25:01.572Z] InitialReadForge.onBeforeSend: SKIP (fr=true syn=false hasRead=true)
[2026-08-06T09:25:09.316Z] LiveUpdateForge: EndTurn fallback flush
[2026-08-06T09:25:09.317Z] onEndTurn: naturalStop=true toolCalls=33 nudgeMsg=no
[2026-08-06T09:26:51.291Z] ResumeDiffForge: running checkResumeConsistency
[2026-08-06T09:26:51.291Z] checkResumeConsistency: forgedTimestamps=[["project","1970-01-01T00:00:00.000Z"]]
[2026-08-06T09:26:51.296Z] checkResumeConsistency: injecting 1 diff notification(s)
[2026-08-06T09:26:51.297Z] injectForgedHistory: role=user preview="[agent-auto] [memory-update 2026-08-06 17:03:33] project memory file has been mo"
[2026-08-06T09:26:51.580Z] injectForgedHistory: recordMessage persisted
[2026-08-06T09:26:51.581Z] LiveUpdateForge: session reset, allowLiveUpdate = false
[2026-08-06T09:26:51.581Z] NudgeForge: ResumeComplete — restoring count from history
[2026-08-06T09:26:51.582Z] restoreNudgeCountFromHistory: found last write at idx=534 count=33
[2026-08-06T09:26:51.633Z] LiveUpdateForge: allowLiveUpdate = true (first real BeforeSend)
[2026-08-06T09:26:51.634Z] InitialReadForge.onBeforeSend: SKIP (fr=false syn=false hasRead=true)
[2026-08-06T09:27:00.900Z] LiveUpdateForge: EndTurn fallback flush
[2026-08-06T09:27:00.900Z] onEndTurn: naturalStop=false toolCalls=33 nudgeMsg=no
[2026-08-06T09:27:00.974Z] LiveUpdateForge: AfterToolExec flush
[2026-08-06T09:27:01.102Z] InitialReadForge.onBeforeSend: SKIP (fr=true syn=false hasRead=true)
[2026-08-06T09:27:15.140Z] LiveUpdateForge: EndTurn fallback flush
[2026-08-06T09:27:15.140Z] onEndTurn: naturalStop=false toolCalls=34 nudgeMsg=no
[2026-08-06T09:27:15.147Z] LiveUpdateForge: AfterToolExec flush
[2026-08-06T09:27:15.289Z] InitialReadForge.onBeforeSend: SKIP (fr=true syn=false hasRead=true)
[2026-08-06T09:27:23.434Z] LiveUpdateForge: EndTurn fallback flush
[2026-08-06T09:27:23.435Z] onEndTurn: naturalStop=false toolCalls=35 nudgeMsg=no
[2026-08-06T09:27:23.584Z] LiveUpdateForge: AfterToolExec flush
[2026-08-06T09:27:23.715Z] InitialReadForge.onBeforeSend: SKIP (fr=true syn=false hasRead=true)
[2026-08-06T09:27:31.429Z] LiveUpdateForge: EndTurn fallback flush
[2026-08-06T09:27:31.429Z] onEndTurn: naturalStop=false toolCalls=36 nudgeMsg=no
[2026-08-06T09:27:38.445Z] LiveUpdateForge: AfterToolExec flush
[2026-08-06T09:27:38.588Z] InitialReadForge.onBeforeSend: SKIP (fr=true syn=false hasRead=true)
[2026-08-06T09:27:45.851Z] LiveUpdateForge: EndTurn fallback flush
[2026-08-06T09:27:45.851Z] onEndTurn: naturalStop=true toolCalls=37 nudgeMsg=no
[2026-08-06T09:29:05.282Z] ResumeDiffForge: running checkResumeConsistency
[2026-08-06T09:29:05.282Z] checkResumeConsistency: forgedTimestamps=[["project","1970-01-01T00:00:00.000Z"]]
[2026-08-06T09:29:05.290Z] checkResumeConsistency: injecting 1 diff notification(s)
[2026-08-06T09:29:05.290Z] injectForgedHistory: role=user preview="[agent-auto] [memory-update 2026-08-06 17:03:33] project memory file has been mo"
[2026-08-06T09:29:05.411Z] injectForgedHistory: recordMessage persisted
[2026-08-06T09:29:05.412Z] LiveUpdateForge: session reset, allowLiveUpdate = false
[2026-08-06T09:29:05.412Z] NudgeForge: ResumeComplete — restoring count from history
[2026-08-06T09:29:05.413Z] restoreNudgeCountFromHistory: found last write at idx=534 count=37
[2026-08-06T09:29:05.462Z] LiveUpdateForge: allowLiveUpdate = true (first real BeforeSend)
[2026-08-06T09:29:05.462Z] InitialReadForge.onBeforeSend: SKIP (fr=false syn=false hasRead=true)
[2026-08-06T09:29:16.075Z] LiveUpdateForge: EndTurn fallback flush
[2026-08-06T09:29:16.075Z] onEndTurn: naturalStop=false toolCalls=37 nudgeMsg=no
[2026-08-06T09:29:16.233Z] LiveUpdateForge: AfterToolExec flush
[2026-08-06T09:29:16.369Z] InitialReadForge.onBeforeSend: SKIP (fr=true syn=false hasRead=true)
[2026-08-06T09:29:23.238Z] LiveUpdateForge: EndTurn fallback flush
[2026-08-06T09:29:23.238Z] onEndTurn: naturalStop=false toolCalls=38 nudgeMsg=no
[2026-08-06T09:29:30.050Z] LiveUpdateForge: AfterToolExec flush
[2026-08-06T09:29:30.210Z] InitialReadForge.onBeforeSend: SKIP (fr=true syn=false hasRead=true)
[2026-08-06T09:29:37.722Z] LiveUpdateForge: EndTurn fallback flush
[2026-08-06T09:29:37.722Z] onEndTurn: naturalStop=true toolCalls=39 nudgeMsg=no
[2026-08-06T09:33:30.581Z] ResumeDiffForge: running checkResumeConsistency
[2026-08-06T09:33:30.582Z] checkResumeConsistency: forgedTimestamps=[["project","1970-01-01T00:00:00.000Z"]]
[2026-08-06T09:33:30.588Z] checkResumeConsistency: injecting 1 diff notification(s)
[2026-08-06T09:33:30.589Z] injectForgedHistory: role=user preview="[agent-auto] [memory-update 2026-08-06 17:03:33] project memory file has been mo"
[2026-08-06T09:33:30.718Z] injectForgedHistory: recordMessage persisted
[2026-08-06T09:33:30.719Z] LiveUpdateForge: session reset, allowLiveUpdate = false
[2026-08-06T09:33:30.719Z] NudgeForge: ResumeComplete — restoring count from history
[2026-08-06T09:33:30.720Z] restoreNudgeCountFromHistory: found last write at idx=534 count=39
[2026-08-06T09:33:30.771Z] LiveUpdateForge: allowLiveUpdate = true (first real BeforeSend)
[2026-08-06T09:33:30.771Z] InitialReadForge.onBeforeSend: SKIP (fr=false syn=false hasRead=true)
[2026-08-06T09:35:15.174Z] LiveUpdateForge: EndTurn fallback flush
[2026-08-06T09:35:15.174Z] onEndTurn: naturalStop=true toolCalls=39 nudgeMsg=no
[2026-08-06T09:37:26.796Z] ResumeDiffForge: running checkResumeConsistency
[2026-08-06T09:37:26.797Z] checkResumeConsistency: forgedTimestamps=[["project","1970-01-01T00:00:00.000Z"]]
[2026-08-06T09:37:26.802Z] checkResumeConsistency: injecting 1 diff notification(s)
[2026-08-06T09:37:26.802Z] injectForgedHistory: role=user preview="[agent-auto] [memory-update 2026-08-06 17:03:33] project memory file has been mo"
[2026-08-06T09:37:26.940Z] injectForgedHistory: recordMessage persisted
[2026-08-06T09:37:26.941Z] LiveUpdateForge: session reset, allowLiveUpdate = false
[2026-08-06T09:37:26.941Z] NudgeForge: ResumeComplete — restoring count from history
[2026-08-06T09:37:26.941Z] restoreNudgeCountFromHistory: found last write at idx=534 count=39
[2026-08-06T09:37:26.994Z] LiveUpdateForge: allowLiveUpdate = true (first real BeforeSend)
[2026-08-06T09:37:26.995Z] InitialReadForge.onBeforeSend: SKIP (fr=false syn=false hasRead=true)
[2026-08-06T09:37:37.544Z] LiveUpdateForge: EndTurn fallback flush
[2026-08-06T09:37:37.545Z] onEndTurn: naturalStop=true toolCalls=39 nudgeMsg=no
[2026-08-06T09:51:16.123Z] MemoryForge: attached 5 listener(s)
[2026-08-06T09:51:16.123Z] InitialReadForge: armed one-shot BeforeSend after NewSessionStart
[2026-08-06T09:51:16.123Z] LiveUpdateForge: session reset, allowLiveUpdate = false
[2026-08-06T09:51:16.833Z] LiveUpdateForge: session reset, allowLiveUpdate = false
[2026-08-06T09:51:16.854Z] ResumeDiffForge: running checkResumeConsistency
[2026-08-06T09:51:16.854Z] checkResumeConsistency: forgedTimestamps=[["project","1970-01-01T00:00:00.000Z"]]
[2026-08-06T09:51:16.860Z] checkResumeConsistency: injecting 1 diff notification(s)
[2026-08-06T09:51:16.861Z] injectForgedHistory: role=user preview="[agent-auto] [memory-update 2026-08-06 17:03:33] project memory file has been mo"
[2026-08-06T09:51:16.862Z] injectForgedHistory: recordMessage persisted
[2026-08-06T09:51:16.862Z] LiveUpdateForge: session reset, allowLiveUpdate = false
[2026-08-06T09:51:16.862Z] NudgeForge: ResumeComplete — restoring count from history
[2026-08-06T09:51:16.863Z] restoreNudgeCountFromHistory: found last write at idx=534 count=39
[2026-08-06T09:51:17.320Z] ResumeDiffForge: running checkResumeConsistency
[2026-08-06T09:51:17.321Z] checkResumeConsistency: forgedTimestamps=[["project","1970-01-01T00:00:00.000Z"]]
[2026-08-06T09:51:17.338Z] checkResumeConsistency: injecting 1 diff notification(s)
[2026-08-06T09:51:17.338Z] injectForgedHistory: role=user preview="[agent-auto] [memory-update 2026-08-06 17:03:33] project memory file has been mo"
[2026-08-06T09:51:17.486Z] injectForgedHistory: recordMessage persisted
[2026-08-06T09:51:17.487Z] LiveUpdateForge: session reset, allowLiveUpdate = false
[2026-08-06T09:51:17.487Z] NudgeForge: ResumeComplete — restoring count from history
[2026-08-06T09:51:17.488Z] restoreNudgeCountFromHistory: found last write at idx=534 count=39
[2026-08-06T09:51:17.747Z] ResumeDiffForge: running checkResumeConsistency
[2026-08-06T09:51:17.748Z] checkResumeConsistency: forgedTimestamps=[["project","1970-01-01T00:00:00.000Z"]]
[2026-08-06T09:51:17.756Z] checkResumeConsistency: injecting 1 diff notification(s)
[2026-08-06T09:51:17.756Z] injectForgedHistory: role=user preview="[agent-auto] [memory-update 2026-08-06 17:03:33] project memory file has been mo"
[2026-08-06T09:51:17.916Z] injectForgedHistory: recordMessage persisted
[2026-08-06T09:51:17.916Z] LiveUpdateForge: session reset, allowLiveUpdate = false
[2026-08-06T09:51:17.917Z] NudgeForge: ResumeComplete — restoring count from history
[2026-08-06T09:51:17.917Z] restoreNudgeCountFromHistory: found last write at idx=534 count=39
[2026-08-06T09:51:18.252Z] MemoryForge: attached 5 listener(s)
[2026-08-06T09:51:18.253Z] InitialReadForge: armed one-shot BeforeSend after NewSessionStart
[2026-08-06T09:51:18.253Z] LiveUpdateForge: session reset, allowLiveUpdate = false
[2026-08-06T09:51:18.262Z] MemoryForge: detached all listeners
[2026-08-06T09:51:18.263Z] ResumeDiffForge: running checkResumeConsistency
[2026-08-06T09:51:18.263Z] checkResumeConsistency: forgedTimestamps=[["project","1970-01-01T00:00:00.000Z"]]
[2026-08-06T09:51:18.411Z] checkResumeConsistency: injecting 1 diff notification(s)
[2026-08-06T09:51:18.412Z] injectForgedHistory: role=user preview="[agent-auto] [memory-update 2026-08-06 17:03:33] project memory file has been mo"
[2026-08-06T09:51:18.536Z] injectForgedHistory: recordMessage persisted
[2026-08-06T09:51:18.537Z] LiveUpdateForge: session reset, allowLiveUpdate = false
[2026-08-06T09:51:18.537Z] NudgeForge: ResumeComplete — restoring count from history
[2026-08-06T09:51:18.537Z] restoreNudgeCountFromHistory: found last write at idx=534 count=39
[2026-08-06T09:51:18.554Z] LiveUpdateForge: allowLiveUpdate = true (first real BeforeSend)
[2026-08-06T09:51:18.555Z] InitialReadForge.onBeforeSend: SKIP (fr=false syn=false hasRead=true)
[2026-08-06T09:52:26.800Z] LiveUpdateForge: EndTurn fallback flush
[2026-08-06T09:52:26.800Z] onEndTurn: naturalStop=true toolCalls=39 nudgeMsg=no
[2026-08-06T09:57:15.834Z] ResumeDiffForge: running checkResumeConsistency
[2026-08-06T09:57:15.834Z] checkResumeConsistency: forgedTimestamps=[["project","1970-01-01T00:00:00.000Z"]]
[2026-08-06T09:57:15.841Z] checkResumeConsistency: injecting 1 diff notification(s)
[2026-08-06T09:57:15.841Z] injectForgedHistory: role=user preview="[agent-auto] [memory-update 2026-08-06 17:03:33] project memory file has been mo"
[2026-08-06T09:57:15.969Z] injectForgedHistory: recordMessage persisted
[2026-08-06T09:57:15.969Z] LiveUpdateForge: session reset, allowLiveUpdate = false
[2026-08-06T09:57:15.970Z] NudgeForge: ResumeComplete — restoring count from history
[2026-08-06T09:57:15.970Z] restoreNudgeCountFromHistory: found last write at idx=534 count=39
[2026-08-06T09:57:16.023Z] LiveUpdateForge: allowLiveUpdate = true (first real BeforeSend)
[2026-08-06T09:57:16.024Z] InitialReadForge.onBeforeSend: SKIP (fr=false syn=false hasRead=true)
[2026-08-06T09:57:40.437Z] ResumeDiffForge: running checkResumeConsistency
[2026-08-06T09:57:40.438Z] checkResumeConsistency: forgedTimestamps=[["project","1970-01-01T00:00:00.000Z"]]
[2026-08-06T09:57:40.445Z] checkResumeConsistency: injecting 1 diff notification(s)
[2026-08-06T09:57:40.445Z] injectForgedHistory: role=user preview="[agent-auto] [memory-update 2026-08-06 17:03:33] project memory file has been mo"
[2026-08-06T09:57:40.582Z] injectForgedHistory: recordMessage persisted
[2026-08-06T09:57:40.582Z] LiveUpdateForge: session reset, allowLiveUpdate = false
[2026-08-06T09:57:40.582Z] NudgeForge: ResumeComplete — restoring count from history
[2026-08-06T09:57:40.583Z] restoreNudgeCountFromHistory: found last write at idx=534 count=39
[2026-08-06T09:57:40.631Z] LiveUpdateForge: allowLiveUpdate = true (first real BeforeSend)
[2026-08-06T09:57:40.632Z] InitialReadForge.onBeforeSend: SKIP (fr=false syn=false hasRead=true)
[2026-08-06T09:57:47.770Z] ResumeDiffForge: running checkResumeConsistency
[2026-08-06T09:57:47.770Z] checkResumeConsistency: forgedTimestamps=[["project","1970-01-01T00:00:00.000Z"]]
[2026-08-06T09:57:47.777Z] checkResumeConsistency: injecting 1 diff notification(s)
[2026-08-06T09:57:47.777Z] injectForgedHistory: role=user preview="[agent-auto] [memory-update 2026-08-06 17:03:33] project memory file has been mo"
[2026-08-06T09:57:47.902Z] injectForgedHistory: recordMessage persisted
[2026-08-06T09:57:47.902Z] LiveUpdateForge: session reset, allowLiveUpdate = false
[2026-08-06T09:57:47.902Z] NudgeForge: ResumeComplete — restoring count from history
[2026-08-06T09:57:47.903Z] restoreNudgeCountFromHistory: found last write at idx=534 count=39
[2026-08-06T09:57:47.943Z] LiveUpdateForge: allowLiveUpdate = true (first real BeforeSend)
[2026-08-06T09:57:47.943Z] InitialReadForge.onBeforeSend: SKIP (fr=false syn=false hasRead=true)
[2026-08-06T09:58:02.659Z] LiveUpdateForge: EndTurn fallback flush
[2026-08-06T09:58:02.659Z] onEndTurn: naturalStop=true toolCalls=39 nudgeMsg=no
[2026-08-06T10:01:38.322Z] ResumeDiffForge: running checkResumeConsistency
[2026-08-06T10:01:38.322Z] checkResumeConsistency: forgedTimestamps=[["project","1970-01-01T00:00:00.000Z"]]
[2026-08-06T10:01:38.330Z] checkResumeConsistency: injecting 1 diff notification(s)
[2026-08-06T10:01:38.330Z] injectForgedHistory: role=user preview="[agent-auto] [memory-update 2026-08-06 17:03:33] project memory file has been mo"
[2026-08-06T10:01:38.459Z] injectForgedHistory: recordMessage persisted
[2026-08-06T10:01:38.460Z] LiveUpdateForge: session reset, allowLiveUpdate = false
[2026-08-06T10:01:38.460Z] NudgeForge: ResumeComplete — restoring count from history
[2026-08-06T10:01:38.460Z] restoreNudgeCountFromHistory: found last write at idx=534 count=39
[2026-08-06T10:01:38.520Z] LiveUpdateForge: allowLiveUpdate = true (first real BeforeSend)
[2026-08-06T10:01:38.520Z] InitialReadForge.onBeforeSend: SKIP (fr=false syn=false hasRead=true)
[2026-08-06T10:01:58.928Z] ResumeDiffForge: running checkResumeConsistency
[2026-08-06T10:01:58.929Z] checkResumeConsistency: forgedTimestamps=[["project","1970-01-01T00:00:00.000Z"]]
[2026-08-06T10:01:58.933Z] checkResumeConsistency: injecting 1 diff notification(s)
[2026-08-06T10:01:58.933Z] injectForgedHistory: role=user preview="[agent-auto] [memory-update 2026-08-06 17:03:33] project memory file has been mo"
[2026-08-06T10:01:59.061Z] injectForgedHistory: recordMessage persisted
[2026-08-06T10:01:59.062Z] LiveUpdateForge: session reset, allowLiveUpdate = false
[2026-08-06T10:01:59.062Z] NudgeForge: ResumeComplete — restoring count from history
[2026-08-06T10:01:59.063Z] restoreNudgeCountFromHistory: found last write at idx=534 count=39
[2026-08-06T10:01:59.106Z] LiveUpdateForge: allowLiveUpdate = true (first real BeforeSend)
[2026-08-06T10:01:59.107Z] InitialReadForge.onBeforeSend: SKIP (fr=false syn=false hasRead=true)
[2026-08-06T10:02:18.054Z] LiveUpdateForge: EndTurn fallback flush
[2026-08-06T10:02:18.055Z] onEndTurn: naturalStop=false toolCalls=39 nudgeMsg=no
[2026-08-06T10:03:02.425Z] LiveUpdateForge: AfterToolExec flush
[2026-08-06T10:03:02.558Z] InitialReadForge.onBeforeSend: SKIP (fr=true syn=false hasRead=true)
[2026-08-06T10:03:26.313Z] LiveUpdateForge: EndTurn fallback flush
[2026-08-06T10:03:26.314Z] onEndTurn: naturalStop=true toolCalls=40 nudgeMsg=no
[2026-08-06T10:07:20.510Z] ResumeDiffForge: running checkResumeConsistency
[2026-08-06T10:07:20.510Z] checkResumeConsistency: forgedTimestamps=[["project","1970-01-01T00:00:00.000Z"]]
[2026-08-06T10:07:20.518Z] checkResumeConsistency: injecting 1 diff notification(s)
[2026-08-06T10:07:20.518Z] injectForgedHistory: role=user preview="[agent-auto] [memory-update 2026-08-06 17:03:33] project memory file has been mo"
[2026-08-06T10:07:20.650Z] injectForgedHistory: recordMessage persisted
[2026-08-06T10:07:20.650Z] LiveUpdateForge: session reset, allowLiveUpdate = false
[2026-08-06T10:07:20.651Z] NudgeForge: ResumeComplete — restoring count from history
[2026-08-06T10:07:20.651Z] restoreNudgeCountFromHistory: found last write at idx=534 count=40
[2026-08-06T10:07:20.706Z] LiveUpdateForge: allowLiveUpdate = true (first real BeforeSend)
[2026-08-06T10:07:20.707Z] InitialReadForge.onBeforeSend: SKIP (fr=false syn=false hasRead=true)
[2026-08-06T10:07:36.954Z] LiveUpdateForge: EndTurn fallback flush
[2026-08-06T10:07:36.955Z] onEndTurn: naturalStop=true toolCalls=40 nudgeMsg=no
[2026-08-06T10:08:21.092Z] ResumeDiffForge: running checkResumeConsistency
[2026-08-06T10:08:21.093Z] checkResumeConsistency: forgedTimestamps=[["project","1970-01-01T00:00:00.000Z"]]
[2026-08-06T10:08:21.099Z] checkResumeConsistency: injecting 1 diff notification(s)
[2026-08-06T10:08:21.100Z] injectForgedHistory: role=user preview="[agent-auto] [memory-update 2026-08-06 17:03:33] project memory file has been mo"
[2026-08-06T10:08:21.247Z] injectForgedHistory: recordMessage persisted
[2026-08-06T10:08:21.248Z] LiveUpdateForge: session reset, allowLiveUpdate = false
[2026-08-06T10:08:21.248Z] NudgeForge: ResumeComplete — restoring count from history
[2026-08-06T10:08:21.249Z] restoreNudgeCountFromHistory: found last write at idx=534 count=40
[2026-08-06T10:08:21.301Z] LiveUpdateForge: allowLiveUpdate = true (first real BeforeSend)
[2026-08-06T10:08:21.301Z] InitialReadForge.onBeforeSend: SKIP (fr=false syn=false hasRead=true)
[2026-08-06T10:08:28.315Z] LiveUpdateForge: EndTurn fallback flush
[2026-08-06T10:08:28.315Z] onEndTurn: naturalStop=true toolCalls=40 nudgeMsg=no
[2026-08-06T10:08:41.062Z] ResumeDiffForge: running checkResumeConsistency
[2026-08-06T10:08:41.062Z] checkResumeConsistency: forgedTimestamps=[["project","1970-01-01T00:00:00.000Z"]]
[2026-08-06T10:08:41.068Z] checkResumeConsistency: injecting 1 diff notification(s)
[2026-08-06T10:08:41.068Z] injectForgedHistory: role=user preview="[agent-auto] [memory-update 2026-08-06 17:03:33] project memory file has been mo"
[2026-08-06T10:08:41.205Z] injectForgedHistory: recordMessage persisted
[2026-08-06T10:08:41.205Z] LiveUpdateForge: session reset, allowLiveUpdate = false
[2026-08-06T10:08:41.206Z] NudgeForge: ResumeComplete — restoring count from history
[2026-08-06T10:08:41.206Z] restoreNudgeCountFromHistory: found last write at idx=534 count=40
[2026-08-06T10:08:41.259Z] LiveUpdateForge: allowLiveUpdate = true (first real BeforeSend)
[2026-08-06T10:08:41.260Z] InitialReadForge.onBeforeSend: SKIP (fr=false syn=false hasRead=true)
[2026-08-06T10:08:56.466Z] ResumeDiffForge: running checkResumeConsistency
[2026-08-06T10:08:56.467Z] checkResumeConsistency: forgedTimestamps=[["project","1970-01-01T00:00:00.000Z"]]
[2026-08-06T10:08:56.473Z] checkResumeConsistency: injecting 1 diff notification(s)
[2026-08-06T10:08:56.473Z] injectForgedHistory: role=user preview="[agent-auto] [memory-update 2026-08-06 17:03:33] project memory file has been mo"
[2026-08-06T10:08:56.603Z] injectForgedHistory: recordMessage persisted
[2026-08-06T10:08:56.603Z] LiveUpdateForge: session reset, allowLiveUpdate = false
[2026-08-06T10:08:56.604Z] NudgeForge: ResumeComplete — restoring count from history
[2026-08-06T10:08:56.604Z] restoreNudgeCountFromHistory: found last write at idx=534 count=40
[2026-08-06T10:08:56.653Z] LiveUpdateForge: allowLiveUpdate = true (first real BeforeSend)
[2026-08-06T10:08:56.654Z] InitialReadForge.onBeforeSend: SKIP (fr=false syn=false hasRead=true)
[2026-08-06T10:09:24.279Z] LiveUpdateForge: EndTurn fallback flush
[2026-08-06T10:09:24.280Z] onEndTurn: naturalStop=false toolCalls=40 nudgeMsg=no
[2026-08-06T10:09:24.290Z] LiveUpdateForge: AfterToolExec flush
[2026-08-06T10:09:24.431Z] InitialReadForge.onBeforeSend: SKIP (fr=true syn=false hasRead=true)
[2026-08-06T10:09:30.187Z] LiveUpdateForge: EndTurn fallback flush
[2026-08-06T10:09:30.187Z] onEndTurn: naturalStop=false toolCalls=41 nudgeMsg=no
[2026-08-06T10:09:30.192Z] LiveUpdateForge: AfterToolExec flush
[2026-08-06T10:09:30.331Z] InitialReadForge.onBeforeSend: SKIP (fr=true syn=false hasRead=true)
[2026-08-06T10:09:41.245Z] LiveUpdateForge: EndTurn fallback flush
[2026-08-06T10:09:41.245Z] onEndTurn: naturalStop=false toolCalls=42 nudgeMsg=no
[2026-08-06T10:09:48.262Z] LiveUpdateForge: AfterToolExec flush
[2026-08-06T10:09:48.407Z] InitialReadForge.onBeforeSend: SKIP (fr=true syn=false hasRead=true)
[2026-08-06T10:09:58.889Z] LiveUpdateForge: EndTurn fallback flush
[2026-08-06T10:09:58.889Z] onEndTurn: naturalStop=false toolCalls=43 nudgeMsg=no
[2026-08-06T10:09:59.119Z] LiveUpdateForge: AfterToolExec flush
[2026-08-06T10:09:59.290Z] InitialReadForge.onBeforeSend: SKIP (fr=true syn=false hasRead=true)
[2026-08-06T10:10:12.497Z] LiveUpdateForge: EndTurn fallback flush
[2026-08-06T10:10:12.497Z] onEndTurn: naturalStop=false toolCalls=44 nudgeMsg=no
[2026-08-06T10:10:12.686Z] LiveUpdateForge: AfterToolExec flush
[2026-08-06T10:10:12.832Z] InitialReadForge.onBeforeSend: SKIP (fr=true syn=false hasRead=true)
[2026-08-06T10:10:22.435Z] LiveUpdateForge: EndTurn fallback flush
[2026-08-06T10:10:22.435Z] onEndTurn: naturalStop=false toolCalls=45 nudgeMsg=no
[2026-08-06T10:10:22.639Z] LiveUpdateForge: AfterToolExec flush
[2026-08-06T10:10:22.803Z] InitialReadForge.onBeforeSend: SKIP (fr=true syn=false hasRead=true)
[2026-08-06T10:10:33.303Z] LiveUpdateForge: EndTurn fallback flush
[2026-08-06T10:10:33.304Z] onEndTurn: naturalStop=false toolCalls=46 nudgeMsg=no
[2026-08-06T10:10:33.503Z] LiveUpdateForge: AfterToolExec flush
[2026-08-06T10:10:33.688Z] InitialReadForge.onBeforeSend: SKIP (fr=true syn=false hasRead=true)
[2026-08-06T10:10:45.396Z] LiveUpdateForge: EndTurn fallback flush
[2026-08-06T10:10:45.396Z] onEndTurn: naturalStop=false toolCalls=47 nudgeMsg=no
[2026-08-06T10:10:45.610Z] LiveUpdateForge: AfterToolExec flush
[2026-08-06T10:10:45.773Z] InitialReadForge.onBeforeSend: SKIP (fr=true syn=false hasRead=true)
[2026-08-06T10:10:56.886Z] LiveUpdateForge: EndTurn fallback flush
[2026-08-06T10:10:56.886Z] onEndTurn: naturalStop=false toolCalls=48 nudgeMsg=no
[2026-08-06T10:10:57.074Z] LiveUpdateForge: AfterToolExec flush
[2026-08-06T10:10:57.235Z] InitialReadForge.onBeforeSend: SKIP (fr=true syn=false hasRead=true)
[2026-08-06T10:11:06.502Z] LiveUpdateForge: EndTurn fallback flush
[2026-08-06T10:11:06.502Z] onEndTurn: naturalStop=false toolCalls=49 nudgeMsg=no
[2026-08-06T10:11:06.685Z] LiveUpdateForge: AfterToolExec flush
[2026-08-06T10:11:06.860Z] InitialReadForge.onBeforeSend: SKIP (fr=true syn=false hasRead=true)
[2026-08-06T10:11:18.532Z] LiveUpdateForge: EndTurn fallback flush
[2026-08-06T10:11:18.532Z] onEndTurn: naturalStop=false toolCalls=50 nudgeMsg=no
[2026-08-06T10:11:18.707Z] LiveUpdateForge: AfterToolExec flush
[2026-08-06T10:11:18.858Z] InitialReadForge.onBeforeSend: SKIP (fr=true syn=false hasRead=true)
[2026-08-06T10:11:25.522Z] LiveUpdateForge: EndTurn fallback flush
[2026-08-06T10:11:25.522Z] onEndTurn: naturalStop=false toolCalls=51 nudgeMsg=no
[2026-08-06T10:11:25.703Z] LiveUpdateForge: AfterToolExec flush
[2026-08-06T10:11:25.886Z] InitialReadForge.onBeforeSend: SKIP (fr=true syn=false hasRead=true)
[2026-08-06T10:11:41.841Z] LiveUpdateForge: EndTurn fallback flush
[2026-08-06T10:11:41.841Z] onEndTurn: naturalStop=false toolCalls=52 nudgeMsg=no
[2026-08-06T10:11:42.050Z] LiveUpdateForge: AfterToolExec flush
[2026-08-06T10:11:42.230Z] InitialReadForge.onBeforeSend: SKIP (fr=true syn=false hasRead=true)
[2026-08-06T10:11:50.417Z] LiveUpdateForge: EndTurn fallback flush
[2026-08-06T10:11:50.417Z] onEndTurn: naturalStop=false toolCalls=53 nudgeMsg=no
[2026-08-06T10:11:50.435Z] LiveUpdateForge: AfterToolExec flush
[2026-08-06T10:11:50.586Z] InitialReadForge.onBeforeSend: SKIP (fr=true syn=false hasRead=true)
[2026-08-06T10:11:56.168Z] LiveUpdateForge: EndTurn fallback flush
[2026-08-06T10:11:56.169Z] onEndTurn: naturalStop=false toolCalls=54 nudgeMsg=no
[2026-08-06T10:11:56.172Z] LiveUpdateForge: AfterToolExec flush
[2026-08-06T10:11:56.368Z] InitialReadForge.onBeforeSend: SKIP (fr=true syn=false hasRead=true)
[2026-08-06T10:12:03.335Z] LiveUpdateForge: EndTurn fallback flush
[2026-08-06T10:12:03.335Z] onEndTurn: naturalStop=false toolCalls=55 nudgeMsg=no
[2026-08-06T10:12:03.525Z] LiveUpdateForge: AfterToolExec flush
[2026-08-06T10:12:03.706Z] InitialReadForge.onBeforeSend: SKIP (fr=true syn=false hasRead=true)
[2026-08-06T10:12:10.532Z] LiveUpdateForge: EndTurn fallback flush
[2026-08-06T10:12:10.532Z] onEndTurn: naturalStop=false toolCalls=56 nudgeMsg=no
[2026-08-06T10:12:10.703Z] LiveUpdateForge: AfterToolExec flush
[2026-08-06T10:12:10.849Z] InitialReadForge.onBeforeSend: SKIP (fr=true syn=false hasRead=true)
[2026-08-06T10:12:18.280Z] LiveUpdateForge: EndTurn fallback flush
[2026-08-06T10:12:18.281Z] onEndTurn: naturalStop=false toolCalls=57 nudgeMsg=no
[2026-08-06T10:12:18.307Z] LiveUpdateForge: AfterToolExec flush
[2026-08-06T10:12:18.450Z] InitialReadForge.onBeforeSend: SKIP (fr=true syn=false hasRead=true)
[2026-08-06T10:12:25.946Z] LiveUpdateForge: EndTurn fallback flush
[2026-08-06T10:12:25.946Z] onEndTurn: naturalStop=false toolCalls=58 nudgeMsg=no
[2026-08-06T10:12:26.907Z] LiveUpdateForge: AfterToolExec flush
[2026-08-06T10:12:27.166Z] InitialReadForge.onBeforeSend: SKIP (fr=true syn=false hasRead=true)
[2026-08-06T10:12:35.107Z] LiveUpdateForge: EndTurn fallback flush
[2026-08-06T10:12:35.107Z] onEndTurn: naturalStop=false toolCalls=59 nudgeMsg=no
[2026-08-06T10:12:35.132Z] LiveUpdateForge: AfterToolExec flush
[2026-08-06T10:12:35.306Z] InitialReadForge.onBeforeSend: SKIP (fr=true syn=false hasRead=true)
[2026-08-06T10:12:43.061Z] LiveUpdateForge: EndTurn fallback flush
[2026-08-06T10:12:43.062Z] onEndTurn: naturalStop=false toolCalls=60 nudgeMsg=no
[2026-08-06T10:12:43.070Z] LiveUpdateForge: AfterToolExec flush
[2026-08-06T10:12:43.258Z] InitialReadForge.onBeforeSend: SKIP (fr=true syn=false hasRead=true)
[2026-08-06T10:13:01.090Z] LiveUpdateForge: EndTurn fallback flush
[2026-08-06T10:13:01.090Z] onEndTurn: naturalStop=false toolCalls=61 nudgeMsg=no
[2026-08-06T10:13:01.328Z] LiveUpdateForge: AfterToolExec flush
[2026-08-06T10:13:01.493Z] InitialReadForge.onBeforeSend: SKIP (fr=true syn=false hasRead=true)
[2026-08-06T10:13:08.188Z] LiveUpdateForge: EndTurn fallback flush
[2026-08-06T10:13:08.189Z] onEndTurn: naturalStop=false toolCalls=62 nudgeMsg=no
[2026-08-06T10:13:08.192Z] LiveUpdateForge: AfterToolExec flush
[2026-08-06T10:13:08.367Z] InitialReadForge.onBeforeSend: SKIP (fr=true syn=false hasRead=true)
[2026-08-06T10:13:14.759Z] LiveUpdateForge: EndTurn fallback flush
[2026-08-06T10:13:14.759Z] onEndTurn: naturalStop=false toolCalls=63 nudgeMsg=no
[2026-08-06T10:13:14.781Z] LiveUpdateForge: AfterToolExec flush
[2026-08-06T10:13:14.962Z] InitialReadForge.onBeforeSend: SKIP (fr=true syn=false hasRead=true)
[2026-08-06T10:13:27.533Z] LiveUpdateForge: EndTurn fallback flush
[2026-08-06T10:13:27.534Z] onEndTurn: naturalStop=false toolCalls=64 nudgeMsg=no
[2026-08-06T10:13:27.560Z] LiveUpdateForge: AfterToolExec flush
[2026-08-06T10:13:27.725Z] InitialReadForge.onBeforeSend: SKIP (fr=true syn=false hasRead=true)
[2026-08-06T10:13:32.938Z] LiveUpdateForge: EndTurn fallback flush
[2026-08-06T10:13:32.938Z] onEndTurn: naturalStop=false toolCalls=65 nudgeMsg=no
[2026-08-06T10:13:42.446Z] LiveUpdateForge: AfterToolExec flush
[2026-08-06T10:13:42.614Z] InitialReadForge.onBeforeSend: SKIP (fr=true syn=false hasRead=true)
[2026-08-06T10:13:49.316Z] LiveUpdateForge: EndTurn fallback flush
[2026-08-06T10:13:49.317Z] onEndTurn: naturalStop=false toolCalls=66 nudgeMsg=no
[2026-08-06T10:13:49.432Z] LiveUpdateForge: AfterToolExec flush
[2026-08-06T10:13:49.566Z] InitialReadForge.onBeforeSend: SKIP (fr=true syn=false hasRead=true)
[2026-08-06T10:13:55.719Z] LiveUpdateForge: EndTurn fallback flush
[2026-08-06T10:13:55.719Z] onEndTurn: naturalStop=false toolCalls=67 nudgeMsg=no
[2026-08-06T10:13:55.723Z] LiveUpdateForge: AfterToolExec flush
[2026-08-06T10:13:55.887Z] InitialReadForge.onBeforeSend: SKIP (fr=true syn=false hasRead=true)
[2026-08-06T10:14:06.122Z] LiveUpdateForge: EndTurn fallback flush
[2026-08-06T10:14:06.122Z] onEndTurn: naturalStop=true toolCalls=0 nudgeMsg=YES
[2026-08-06T10:14:06.126Z] InitialReadForge.onBeforeSend: SKIP (fr=false syn=false hasRead=true)
[2026-08-06T10:14:28.736Z] LiveUpdateForge: EndTurn fallback flush
[2026-08-06T10:14:28.736Z] onEndTurn: naturalStop=false toolCalls=0 nudgeMsg=no
[2026-08-06T10:14:28.753Z] LiveUpdateForge: self-write on D:\Unity\E1\CODELY.md, baseline aligned
[2026-08-06T10:14:28.754Z] LiveUpdateForge: AfterToolExec flush
[2026-08-06T10:14:28.924Z] InitialReadForge.onBeforeSend: SKIP (fr=true syn=false hasRead=true)
[2026-08-06T10:14:34.333Z] LiveUpdateForge: EndTurn fallback flush
[2026-08-06T10:14:34.334Z] onEndTurn: naturalStop=true toolCalls=0 nudgeMsg=no
[2026-08-06T10:15:58.508Z] ResumeDiffForge: running checkResumeConsistency
[2026-08-06T10:15:58.509Z] checkResumeConsistency: forgedTimestamps=[["project","1970-01-01T00:00:00.000Z"]]
[2026-08-06T10:15:58.516Z] checkResumeConsistency: injecting 1 diff notification(s)
[2026-08-06T10:15:58.517Z] injectForgedHistory: role=user preview="[agent-auto] [memory-update 2026-08-06 18:14:28] project memory file has been mo"
[2026-08-06T10:15:58.654Z] injectForgedHistory: recordMessage persisted
[2026-08-06T10:15:58.655Z] LiveUpdateForge: session reset, allowLiveUpdate = false
[2026-08-06T10:15:58.655Z] NudgeForge: ResumeComplete — restoring count from history
[2026-08-06T10:15:58.655Z] restoreNudgeCountFromHistory: found last write at idx=724 count=0
[2026-08-06T10:15:58.706Z] LiveUpdateForge: allowLiveUpdate = true (first real BeforeSend)
[2026-08-06T10:15:58.707Z] InitialReadForge.onBeforeSend: SKIP (fr=false syn=false hasRead=true)
[2026-08-06T10:16:27.472Z] LiveUpdateForge: EndTurn fallback flush
[2026-08-06T10:16:27.472Z] onEndTurn: naturalStop=false toolCalls=0 nudgeMsg=no
[2026-08-06T10:16:29.980Z] LiveUpdateForge: AfterToolExec flush
[2026-08-06T10:16:30.120Z] InitialReadForge.onBeforeSend: SKIP (fr=true syn=false hasRead=true)
[2026-08-06T10:16:50.951Z] LiveUpdateForge: EndTurn fallback flush
[2026-08-06T10:16:50.951Z] onEndTurn: naturalStop=false toolCalls=1 nudgeMsg=no
[2026-08-06T10:16:51.904Z] LiveUpdateForge: AfterToolExec flush
[2026-08-06T10:16:52.046Z] InitialReadForge.onBeforeSend: SKIP (fr=true syn=false hasRead=true)
[2026-08-06T10:17:12.765Z] LiveUpdateForge: EndTurn fallback flush
[2026-08-06T10:17:12.766Z] onEndTurn: naturalStop=false toolCalls=2 nudgeMsg=no
[2026-08-06T10:17:13.798Z] LiveUpdateForge: AfterToolExec flush
[2026-08-06T10:17:13.953Z] InitialReadForge.onBeforeSend: SKIP (fr=true syn=false hasRead=true)
[2026-08-06T10:17:22.460Z] LiveUpdateForge: EndTurn fallback flush
[2026-08-06T10:17:22.461Z] onEndTurn: naturalStop=true toolCalls=3 nudgeMsg=no
[2026-08-06T10:19:42.028Z] ResumeDiffForge: running checkResumeConsistency
[2026-08-06T10:19:42.029Z] checkResumeConsistency: forgedTimestamps=[["project","1970-01-01T00:00:00.000Z"]]
[2026-08-06T10:19:42.037Z] checkResumeConsistency: injecting 1 diff notification(s)
[2026-08-06T10:19:42.037Z] injectForgedHistory: role=user preview="[agent-auto] [memory-update 2026-08-06 18:14:28] project memory file has been mo"
[2026-08-06T10:19:42.176Z] injectForgedHistory: recordMessage persisted
[2026-08-06T10:19:42.176Z] LiveUpdateForge: session reset, allowLiveUpdate = false
[2026-08-06T10:19:42.177Z] NudgeForge: ResumeComplete — restoring count from history
[2026-08-06T10:19:42.177Z] restoreNudgeCountFromHistory: found last write at idx=724 count=3
[2026-08-06T10:19:42.235Z] LiveUpdateForge: allowLiveUpdate = true (first real BeforeSend)
[2026-08-06T10:19:42.236Z] InitialReadForge.onBeforeSend: SKIP (fr=false syn=false hasRead=true)
[2026-08-06T10:19:49.692Z] LiveUpdateForge: EndTurn fallback flush
[2026-08-06T10:19:49.693Z] onEndTurn: naturalStop=false toolCalls=3 nudgeMsg=no
[2026-08-06T10:19:49.715Z] LiveUpdateForge: AfterToolExec flush
[2026-08-06T10:19:49.857Z] InitialReadForge.onBeforeSend: SKIP (fr=true syn=false hasRead=true)
[2026-08-06T10:19:56.340Z] LiveUpdateForge: EndTurn fallback flush
[2026-08-06T10:19:56.341Z] onEndTurn: naturalStop=false toolCalls=4 nudgeMsg=no
[2026-08-06T10:19:56.344Z] LiveUpdateForge: AfterToolExec flush
[2026-08-06T10:19:56.479Z] InitialReadForge.onBeforeSend: SKIP (fr=true syn=false hasRead=true)
[2026-08-06T10:20:04.392Z] LiveUpdateForge: EndTurn fallback flush
[2026-08-06T10:20:04.392Z] onEndTurn: naturalStop=false toolCalls=5 nudgeMsg=no
[2026-08-06T10:20:04.396Z] LiveUpdateForge: AfterToolExec flush
[2026-08-06T10:20:04.590Z] InitialReadForge.onBeforeSend: SKIP (fr=true syn=false hasRead=true)
[2026-08-06T10:20:10.768Z] LiveUpdateForge: EndTurn fallback flush
[2026-08-06T10:20:10.768Z] onEndTurn: naturalStop=false toolCalls=6 nudgeMsg=no
[2026-08-06T10:20:10.771Z] LiveUpdateForge: AfterToolExec flush
[2026-08-06T10:20:10.920Z] InitialReadForge.onBeforeSend: SKIP (fr=true syn=false hasRead=true)
[2026-08-06T10:20:17.716Z] LiveUpdateForge: EndTurn fallback flush
[2026-08-06T10:20:17.716Z] onEndTurn: naturalStop=false toolCalls=7 nudgeMsg=no
[2026-08-06T10:20:17.719Z] LiveUpdateForge: AfterToolExec flush
[2026-08-06T10:20:17.894Z] InitialReadForge.onBeforeSend: SKIP (fr=true syn=false hasRead=true)
[2026-08-06T10:20:27.078Z] LiveUpdateForge: EndTurn fallback flush
[2026-08-06T10:20:27.078Z] onEndTurn: naturalStop=false toolCalls=8 nudgeMsg=no
[2026-08-06T10:20:27.087Z] LiveUpdateForge: AfterToolExec flush
[2026-08-06T10:20:27.246Z] InitialReadForge.onBeforeSend: SKIP (fr=true syn=false hasRead=true)
[2026-08-06T10:20:33.799Z] LiveUpdateForge: EndTurn fallback flush
[2026-08-06T10:20:33.799Z] onEndTurn: naturalStop=false toolCalls=9 nudgeMsg=no
[2026-08-06T10:20:33.981Z] LiveUpdateForge: AfterToolExec flush
[2026-08-06T10:20:34.145Z] InitialReadForge.onBeforeSend: SKIP (fr=true syn=false hasRead=true)
[2026-08-06T10:20:40.462Z] LiveUpdateForge: EndTurn fallback flush
[2026-08-06T10:20:40.462Z] onEndTurn: naturalStop=false toolCalls=10 nudgeMsg=no
[2026-08-06T10:20:40.659Z] LiveUpdateForge: AfterToolExec flush
[2026-08-06T10:20:40.838Z] InitialReadForge.onBeforeSend: SKIP (fr=true syn=false hasRead=true)
[2026-08-06T10:20:47.170Z] LiveUpdateForge: EndTurn fallback flush
[2026-08-06T10:20:47.170Z] onEndTurn: naturalStop=false toolCalls=11 nudgeMsg=no
[2026-08-06T10:20:47.359Z] LiveUpdateForge: AfterToolExec flush
[2026-08-06T10:20:47.540Z] InitialReadForge.onBeforeSend: SKIP (fr=true syn=false hasRead=true)
[2026-08-06T10:20:54.643Z] LiveUpdateForge: EndTurn fallback flush
[2026-08-06T10:20:54.644Z] onEndTurn: naturalStop=false toolCalls=12 nudgeMsg=no
[2026-08-06T10:20:54.843Z] LiveUpdateForge: AfterToolExec flush
[2026-08-06T10:20:55.000Z] InitialReadForge.onBeforeSend: SKIP (fr=true syn=false hasRead=true)
[2026-08-06T10:21:02.584Z] LiveUpdateForge: EndTurn fallback flush
[2026-08-06T10:21:02.585Z] onEndTurn: naturalStop=false toolCalls=13 nudgeMsg=no
[2026-08-06T10:21:02.731Z] LiveUpdateForge: AfterToolExec flush
[2026-08-06T10:21:02.871Z] InitialReadForge.onBeforeSend: SKIP (fr=true syn=false hasRead=true)
[2026-08-06T10:21:12.936Z] LiveUpdateForge: EndTurn fallback flush
[2026-08-06T10:21:12.937Z] onEndTurn: naturalStop=true toolCalls=14 nudgeMsg=no
[2026-08-06T10:22:35.449Z] ResumeDiffForge: running checkResumeConsistency
[2026-08-06T10:22:35.450Z] checkResumeConsistency: forgedTimestamps=[["project","1970-01-01T00:00:00.000Z"]]
[2026-08-06T10:22:35.455Z] checkResumeConsistency: injecting 1 diff notification(s)
[2026-08-06T10:22:35.456Z] injectForgedHistory: role=user preview="[agent-auto] [memory-update 2026-08-06 18:14:28] project memory file has been mo"
[2026-08-06T10:22:35.593Z] injectForgedHistory: recordMessage persisted
[2026-08-06T10:22:35.594Z] LiveUpdateForge: session reset, allowLiveUpdate = false
[2026-08-06T10:22:35.594Z] NudgeForge: ResumeComplete — restoring count from history
[2026-08-06T10:22:35.595Z] restoreNudgeCountFromHistory: found last write at idx=724 count=14
[2026-08-06T10:22:35.651Z] LiveUpdateForge: allowLiveUpdate = true (first real BeforeSend)
[2026-08-06T10:22:35.652Z] InitialReadForge.onBeforeSend: SKIP (fr=false syn=false hasRead=true)
[2026-08-06T10:22:49.623Z] LiveUpdateForge: EndTurn fallback flush
[2026-08-06T10:22:49.623Z] onEndTurn: naturalStop=false toolCalls=14 nudgeMsg=no
[2026-08-06T10:22:56.719Z] LiveUpdateForge: AfterToolExec flush
[2026-08-06T10:22:56.862Z] InitialReadForge.onBeforeSend: SKIP (fr=true syn=false hasRead=true)
[2026-08-06T10:23:02.838Z] LiveUpdateForge: EndTurn fallback flush
[2026-08-06T10:23:02.838Z] onEndTurn: naturalStop=false toolCalls=15 nudgeMsg=no
[2026-08-06T10:23:09.606Z] LiveUpdateForge: AfterToolExec flush
[2026-08-06T10:23:09.816Z] InitialReadForge.onBeforeSend: SKIP (fr=true syn=false hasRead=true)
[2026-08-06T10:23:14.557Z] LiveUpdateForge: EndTurn fallback flush
[2026-08-06T10:23:14.557Z] onEndTurn: naturalStop=false toolCalls=16 nudgeMsg=no
[2026-08-06T10:23:14.645Z] LiveUpdateForge: AfterToolExec flush
[2026-08-06T10:23:14.832Z] InitialReadForge.onBeforeSend: SKIP (fr=true syn=false hasRead=true)
[2026-08-06T10:23:30.388Z] LiveUpdateForge: EndTurn fallback flush
[2026-08-06T10:23:30.389Z] onEndTurn: naturalStop=true toolCalls=17 nudgeMsg=no
[2026-08-06T10:25:40.300Z] ResumeDiffForge: running checkResumeConsistency
[2026-08-06T10:25:40.300Z] checkResumeConsistency: forgedTimestamps=[["project","1970-01-01T00:00:00.000Z"]]
[2026-08-06T10:25:40.307Z] checkResumeConsistency: injecting 1 diff notification(s)
[2026-08-06T10:25:40.307Z] injectForgedHistory: role=user preview="[agent-auto] [memory-update 2026-08-06 18:14:28] project memory file has been mo"
[2026-08-06T10:25:40.444Z] injectForgedHistory: recordMessage persisted
[2026-08-06T10:25:40.445Z] LiveUpdateForge: session reset, allowLiveUpdate = false
[2026-08-06T10:25:40.445Z] NudgeForge: ResumeComplete — restoring count from history
[2026-08-06T10:25:40.445Z] restoreNudgeCountFromHistory: found last write at idx=724 count=17
[2026-08-06T10:25:40.503Z] LiveUpdateForge: allowLiveUpdate = true (first real BeforeSend)
[2026-08-06T10:25:40.504Z] InitialReadForge.onBeforeSend: SKIP (fr=false syn=false hasRead=true)
[2026-08-06T10:26:01.831Z] LiveUpdateForge: EndTurn fallback flush
[2026-08-06T10:26:01.831Z] onEndTurn: naturalStop=false toolCalls=17 nudgeMsg=no
[2026-08-06T10:26:01.836Z] InitialReadForge.onBeforeSend: SKIP (fr=false syn=false hasRead=true)
[2026-08-06T10:26:09.608Z] LiveUpdateForge: EndTurn fallback flush
[2026-08-06T10:26:09.608Z] onEndTurn: naturalStop=false toolCalls=17 nudgeMsg=no
[2026-08-06T10:26:09.621Z] LiveUpdateForge: AfterToolExec flush
[2026-08-06T10:26:09.800Z] InitialReadForge.onBeforeSend: SKIP (fr=true syn=false hasRead=true)
[2026-08-06T10:26:16.991Z] LiveUpdateForge: EndTurn fallback flush
[2026-08-06T10:26:16.991Z] onEndTurn: naturalStop=false toolCalls=18 nudgeMsg=no
[2026-08-06T10:26:17.179Z] LiveUpdateForge: AfterToolExec flush
[2026-08-06T10:26:17.366Z] InitialReadForge.onBeforeSend: SKIP (fr=true syn=false hasRead=true)
[2026-08-06T10:26:26.589Z] LiveUpdateForge: EndTurn fallback flush
[2026-08-06T10:26:26.589Z] onEndTurn: naturalStop=false toolCalls=19 nudgeMsg=no
[2026-08-06T10:26:34.295Z] LiveUpdateForge: AfterToolExec flush
[2026-08-06T10:26:34.457Z] InitialReadForge.onBeforeSend: SKIP (fr=true syn=false hasRead=true)
[2026-08-06T10:26:40.295Z] LiveUpdateForge: EndTurn fallback flush
[2026-08-06T10:26:40.296Z] onEndTurn: naturalStop=true toolCalls=20 nudgeMsg=no
[2026-08-06T10:28:57.718Z] ResumeDiffForge: running checkResumeConsistency
[2026-08-06T10:28:57.718Z] checkResumeConsistency: forgedTimestamps=[["project","1970-01-01T00:00:00.000Z"]]
[2026-08-06T10:28:57.729Z] checkResumeConsistency: injecting 1 diff notification(s)
[2026-08-06T10:28:57.729Z] injectForgedHistory: role=user preview="[agent-auto] [memory-update 2026-08-06 18:14:28] project memory file has been mo"
[2026-08-06T10:28:57.870Z] injectForgedHistory: recordMessage persisted
[2026-08-06T10:28:57.870Z] LiveUpdateForge: session reset, allowLiveUpdate = false
[2026-08-06T10:28:57.871Z] NudgeForge: ResumeComplete — restoring count from history
[2026-08-06T10:28:57.871Z] restoreNudgeCountFromHistory: found last write at idx=724 count=20
[2026-08-06T10:28:57.931Z] LiveUpdateForge: allowLiveUpdate = true (first real BeforeSend)
[2026-08-06T10:28:57.932Z] InitialReadForge.onBeforeSend: SKIP (fr=false syn=false hasRead=true)
[2026-08-06T10:29:34.116Z] LiveUpdateForge: EndTurn fallback flush
[2026-08-06T10:29:34.117Z] onEndTurn: naturalStop=false toolCalls=20 nudgeMsg=no
[2026-08-06T10:29:34.129Z] LiveUpdateForge: AfterToolExec flush
[2026-08-06T10:29:34.278Z] InitialReadForge.onBeforeSend: SKIP (fr=true syn=false hasRead=true)
[2026-08-06T10:29:44.679Z] LiveUpdateForge: EndTurn fallback flush
[2026-08-06T10:29:44.679Z] onEndTurn: naturalStop=false toolCalls=21 nudgeMsg=no
[2026-08-06T10:29:44.838Z] LiveUpdateForge: AfterToolExec flush
[2026-08-06T10:29:44.976Z] InitialReadForge.onBeforeSend: SKIP (fr=true syn=false hasRead=true)
[2026-08-06T10:29:50.922Z] LiveUpdateForge: EndTurn fallback flush
[2026-08-06T10:29:50.922Z] onEndTurn: naturalStop=false toolCalls=22 nudgeMsg=no
[2026-08-06T10:29:50.924Z] LiveUpdateForge: AfterToolExec flush
[2026-08-06T10:29:51.061Z] InitialReadForge.onBeforeSend: SKIP (fr=true syn=false hasRead=true)
[2026-08-06T10:29:58.466Z] LiveUpdateForge: EndTurn fallback flush
[2026-08-06T10:29:58.466Z] onEndTurn: naturalStop=false toolCalls=23 nudgeMsg=no
[2026-08-06T10:29:58.676Z] LiveUpdateForge: AfterToolExec flush
[2026-08-06T10:29:58.833Z] InitialReadForge.onBeforeSend: SKIP (fr=true syn=false hasRead=true)
[2026-08-06T10:30:04.649Z] LiveUpdateForge: EndTurn fallback flush
[2026-08-06T10:30:04.649Z] onEndTurn: naturalStop=false toolCalls=24 nudgeMsg=no
[2026-08-06T10:30:05.582Z] LiveUpdateForge: AfterToolExec flush
[2026-08-06T10:30:05.741Z] InitialReadForge.onBeforeSend: SKIP (fr=true syn=false hasRead=true)
[2026-08-06T10:30:10.721Z] LiveUpdateForge: EndTurn fallback flush
[2026-08-06T10:30:10.721Z] onEndTurn: naturalStop=false toolCalls=25 nudgeMsg=no
[2026-08-06T10:30:10.738Z] LiveUpdateForge: AfterToolExec flush
[2026-08-06T10:30:10.899Z] InitialReadForge.onBeforeSend: SKIP (fr=true syn=false hasRead=true)
[2026-08-06T10:30:18.000Z] LiveUpdateForge: EndTurn fallback flush
[2026-08-06T10:30:18.000Z] onEndTurn: naturalStop=false toolCalls=26 nudgeMsg=no
[2026-08-06T10:30:18.004Z] LiveUpdateForge: AfterToolExec flush
[2026-08-06T10:30:18.184Z] InitialReadForge.onBeforeSend: SKIP (fr=true syn=false hasRead=true)
[2026-08-06T10:30:24.472Z] LiveUpdateForge: EndTurn fallback flush
[2026-08-06T10:30:24.472Z] onEndTurn: naturalStop=false toolCalls=27 nudgeMsg=no
[2026-08-06T10:30:24.496Z] LiveUpdateForge: AfterToolExec flush
[2026-08-06T10:30:24.673Z] InitialReadForge.onBeforeSend: SKIP (fr=true syn=false hasRead=true)
[2026-08-06T10:30:30.367Z] LiveUpdateForge: EndTurn fallback flush
[2026-08-06T10:30:30.367Z] onEndTurn: naturalStop=false toolCalls=28 nudgeMsg=no
[2026-08-06T10:30:37.214Z] LiveUpdateForge: AfterToolExec flush
[2026-08-06T10:30:37.400Z] InitialReadForge.onBeforeSend: SKIP (fr=true syn=false hasRead=true)
[2026-08-06T10:30:44.262Z] LiveUpdateForge: EndTurn fallback flush
[2026-08-06T10:30:44.263Z] onEndTurn: naturalStop=true toolCalls=29 nudgeMsg=no
[2026-08-06T10:32:15.907Z] ResumeDiffForge: running checkResumeConsistency
[2026-08-06T10:32:15.908Z] checkResumeConsistency: forgedTimestamps=[["project","1970-01-01T00:00:00.000Z"]]
[2026-08-06T10:32:15.915Z] checkResumeConsistency: injecting 1 diff notification(s)
[2026-08-06T10:32:15.915Z] injectForgedHistory: role=user preview="[agent-auto] [memory-update 2026-08-06 18:14:28] project memory file has been mo"
[2026-08-06T10:32:16.052Z] injectForgedHistory: recordMessage persisted
[2026-08-06T10:32:16.053Z] LiveUpdateForge: session reset, allowLiveUpdate = false
[2026-08-06T10:32:16.053Z] NudgeForge: ResumeComplete — restoring count from history
[2026-08-06T10:32:16.053Z] restoreNudgeCountFromHistory: found last write at idx=724 count=29
[2026-08-06T10:32:16.112Z] LiveUpdateForge: allowLiveUpdate = true (first real BeforeSend)
[2026-08-06T10:32:16.112Z] InitialReadForge.onBeforeSend: SKIP (fr=false syn=false hasRead=true)
[2026-08-06T10:32:22.038Z] LiveUpdateForge: EndTurn fallback flush
[2026-08-06T10:32:22.038Z] onEndTurn: naturalStop=false toolCalls=29 nudgeMsg=no
[2026-08-06T10:32:22.047Z] LiveUpdateForge: AfterToolExec flush
[2026-08-06T10:32:22.185Z] InitialReadForge.onBeforeSend: SKIP (fr=true syn=false hasRead=true)
[2026-08-06T10:32:27.835Z] LiveUpdateForge: EndTurn fallback flush
[2026-08-06T10:32:27.835Z] onEndTurn: naturalStop=false toolCalls=30 nudgeMsg=no
[2026-08-06T10:32:27.839Z] LiveUpdateForge: AfterToolExec flush
[2026-08-06T10:32:27.988Z] InitialReadForge.onBeforeSend: SKIP (fr=true syn=false hasRead=true)
[2026-08-06T10:32:51.521Z] LiveUpdateForge: EndTurn fallback flush
[2026-08-06T10:32:51.521Z] onEndTurn: naturalStop=false toolCalls=31 nudgeMsg=no
[2026-08-06T10:32:51.525Z] LiveUpdateForge: AfterToolExec flush
[2026-08-06T10:32:51.663Z] InitialReadForge.onBeforeSend: SKIP (fr=true syn=false hasRead=true)
[2026-08-06T10:32:57.963Z] LiveUpdateForge: EndTurn fallback flush
[2026-08-06T10:32:57.964Z] onEndTurn: naturalStop=false toolCalls=32 nudgeMsg=no
[2026-08-06T10:32:57.980Z] LiveUpdateForge: AfterToolExec flush
[2026-08-06T10:32:58.121Z] InitialReadForge.onBeforeSend: SKIP (fr=true syn=false hasRead=true)
[2026-08-06T10:33:03.301Z] LiveUpdateForge: EndTurn fallback flush
[2026-08-06T10:33:03.301Z] onEndTurn: naturalStop=false toolCalls=33 nudgeMsg=no
[2026-08-06T10:33:03.474Z] LiveUpdateForge: AfterToolExec flush
[2026-08-06T10:33:03.619Z] InitialReadForge.onBeforeSend: SKIP (fr=true syn=false hasRead=true)
[2026-08-06T10:33:08.532Z] LiveUpdateForge: EndTurn fallback flush
[2026-08-06T10:33:08.532Z] onEndTurn: naturalStop=false toolCalls=34 nudgeMsg=no
[2026-08-06T10:33:15.773Z] LiveUpdateForge: AfterToolExec flush
[2026-08-06T10:33:15.960Z] InitialReadForge.onBeforeSend: SKIP (fr=true syn=false hasRead=true)
[2026-08-06T10:33:21.162Z] LiveUpdateForge: EndTurn fallback flush
[2026-08-06T10:33:21.162Z] onEndTurn: naturalStop=true toolCalls=35 nudgeMsg=no
[2026-08-06T10:33:58.799Z] ResumeDiffForge: running checkResumeConsistency
[2026-08-06T10:33:58.800Z] checkResumeConsistency: forgedTimestamps=[["project","1970-01-01T00:00:00.000Z"]]
[2026-08-06T10:33:58.807Z] checkResumeConsistency: injecting 1 diff notification(s)
[2026-08-06T10:33:58.808Z] injectForgedHistory: role=user preview="[agent-auto] [memory-update 2026-08-06 18:14:28] project memory file has been mo"
[2026-08-06T10:33:59.042Z] injectForgedHistory: recordMessage persisted
[2026-08-06T10:33:59.042Z] LiveUpdateForge: session reset, allowLiveUpdate = false
[2026-08-06T10:33:59.042Z] NudgeForge: ResumeComplete — restoring count from history
[2026-08-06T10:33:59.043Z] restoreNudgeCountFromHistory: found last write at idx=724 count=35
[2026-08-06T10:33:59.107Z] LiveUpdateForge: allowLiveUpdate = true (first real BeforeSend)
[2026-08-06T10:33:59.108Z] InitialReadForge.onBeforeSend: SKIP (fr=false syn=false hasRead=true)
[2026-08-06T10:34:04.557Z] LiveUpdateForge: EndTurn fallback flush
[2026-08-06T10:34:04.558Z] onEndTurn: naturalStop=false toolCalls=35 nudgeMsg=no
[2026-08-06T10:34:04.571Z] LiveUpdateForge: AfterToolExec flush
[2026-08-06T10:34:04.710Z] InitialReadForge.onBeforeSend: SKIP (fr=true syn=false hasRead=true)
[2026-08-06T10:34:10.883Z] LiveUpdateForge: EndTurn fallback flush
[2026-08-06T10:34:10.883Z] onEndTurn: naturalStop=false toolCalls=36 nudgeMsg=no
[2026-08-06T10:34:10.890Z] LiveUpdateForge: AfterToolExec flush
[2026-08-06T10:34:11.062Z] InitialReadForge.onBeforeSend: SKIP (fr=true syn=false hasRead=true)
[2026-08-06T10:34:17.760Z] LiveUpdateForge: EndTurn fallback flush
[2026-08-06T10:34:17.761Z] onEndTurn: naturalStop=false toolCalls=37 nudgeMsg=no
[2026-08-06T10:34:17.929Z] LiveUpdateForge: AfterToolExec flush
[2026-08-06T10:34:18.074Z] InitialReadForge.onBeforeSend: SKIP (fr=true syn=false hasRead=true)
[2026-08-06T10:34:25.487Z] LiveUpdateForge: EndTurn fallback flush
[2026-08-06T10:34:25.488Z] onEndTurn: naturalStop=false toolCalls=38 nudgeMsg=no
[2026-08-06T10:34:25.508Z] LiveUpdateForge: AfterToolExec flush
[2026-08-06T10:34:25.683Z] InitialReadForge.onBeforeSend: SKIP (fr=true syn=false hasRead=true)
[2026-08-06T10:35:07.056Z] LiveUpdateForge: EndTurn fallback flush
[2026-08-06T10:35:07.056Z] onEndTurn: naturalStop=false toolCalls=39 nudgeMsg=no
[2026-08-06T10:35:14.384Z] LiveUpdateForge: AfterToolExec flush
[2026-08-06T10:35:14.564Z] InitialReadForge.onBeforeSend: SKIP (fr=true syn=false hasRead=true)
[2026-08-06T10:35:19.901Z] LiveUpdateForge: EndTurn fallback flush
[2026-08-06T10:35:19.901Z] onEndTurn: naturalStop=true toolCalls=40 nudgeMsg=no
[2026-08-06T10:35:20.998Z] InitialReadForge.onBeforeSend: SKIP (fr=false syn=false hasRead=true)
[2026-08-06T10:35:29.174Z] LiveUpdateForge: EndTurn fallback flush
[2026-08-06T10:35:29.174Z] onEndTurn: naturalStop=false toolCalls=40 nudgeMsg=no
[2026-08-06T10:35:29.189Z] LiveUpdateForge: self-write on D:\Unity\E1\CODELY.md, baseline aligned
[2026-08-06T10:35:29.190Z] LiveUpdateForge: AfterToolExec flush
[2026-08-06T10:35:29.369Z] InitialReadForge.onBeforeSend: SKIP (fr=true syn=false hasRead=true)
[2026-08-06T10:35:35.316Z] LiveUpdateForge: EndTurn fallback flush
[2026-08-06T10:35:35.316Z] onEndTurn: naturalStop=true toolCalls=0 nudgeMsg=no
[2026-08-06T10:39:47.230Z] ResumeDiffForge: running checkResumeConsistency
[2026-08-06T10:39:47.231Z] checkResumeConsistency: forgedTimestamps=[["project","1970-01-01T00:00:00.000Z"]]
[2026-08-06T10:39:47.236Z] checkResumeConsistency: injecting 1 diff notification(s)
[2026-08-06T10:39:47.236Z] injectForgedHistory: role=user preview="[agent-auto] [memory-update 2026-08-06 18:35:29] project memory file has been mo"
[2026-08-06T10:39:47.377Z] injectForgedHistory: recordMessage persisted
[2026-08-06T10:39:47.377Z] LiveUpdateForge: session reset, allowLiveUpdate = false
[2026-08-06T10:39:47.377Z] NudgeForge: ResumeComplete — restoring count from history
[2026-08-06T10:39:47.378Z] restoreNudgeCountFromHistory: found last write at idx=830 count=0
[2026-08-06T10:39:47.438Z] LiveUpdateForge: allowLiveUpdate = true (first real BeforeSend)
[2026-08-06T10:39:47.438Z] InitialReadForge.onBeforeSend: SKIP (fr=false syn=false hasRead=true)
[2026-08-06T10:39:53.648Z] LiveUpdateForge: EndTurn fallback flush
[2026-08-06T10:39:53.648Z] onEndTurn: naturalStop=false toolCalls=0 nudgeMsg=no
[2026-08-06T10:39:53.659Z] LiveUpdateForge: AfterToolExec flush
[2026-08-06T10:39:53.797Z] InitialReadForge.onBeforeSend: SKIP (fr=true syn=false hasRead=true)
[2026-08-06T10:40:01.168Z] LiveUpdateForge: EndTurn fallback flush
[2026-08-06T10:40:01.168Z] onEndTurn: naturalStop=false toolCalls=1 nudgeMsg=no
[2026-08-06T10:40:01.175Z] LiveUpdateForge: AfterToolExec flush
[2026-08-06T10:40:01.312Z] InitialReadForge.onBeforeSend: SKIP (fr=true syn=false hasRead=true)
[2026-08-06T10:40:10.964Z] LiveUpdateForge: EndTurn fallback flush
[2026-08-06T10:40:10.964Z] onEndTurn: naturalStop=false toolCalls=2 nudgeMsg=no
[2026-08-06T10:40:11.135Z] LiveUpdateForge: AfterToolExec flush
[2026-08-06T10:40:11.276Z] InitialReadForge.onBeforeSend: SKIP (fr=true syn=false hasRead=true)
[2026-08-06T10:40:16.811Z] LiveUpdateForge: EndTurn fallback flush
[2026-08-06T10:40:16.811Z] onEndTurn: naturalStop=false toolCalls=3 nudgeMsg=no
[2026-08-06T10:40:24.188Z] LiveUpdateForge: AfterToolExec flush
[2026-08-06T10:40:24.368Z] InitialReadForge.onBeforeSend: SKIP (fr=true syn=false hasRead=true)
[2026-08-06T10:40:29.935Z] LiveUpdateForge: EndTurn fallback flush
[2026-08-06T10:40:29.936Z] onEndTurn: naturalStop=true toolCalls=4 nudgeMsg=no
[2026-08-06T10:47:06.942Z] MemoryForge: attached 5 listener(s)
[2026-08-06T10:47:06.943Z] InitialReadForge: armed one-shot BeforeSend after NewSessionStart
[2026-08-06T10:47:06.943Z] LiveUpdateForge: session reset, allowLiveUpdate = false
[2026-08-06T10:47:08.280Z] LiveUpdateForge: session reset, allowLiveUpdate = false
[2026-08-06T10:47:09.327Z] ResumeDiffForge: running checkResumeConsistency
[2026-08-06T10:47:09.328Z] checkResumeConsistency: forgedTimestamps=[["project","1970-01-01T00:00:00.000Z"]]
[2026-08-06T10:47:09.343Z] checkResumeConsistency: injecting 1 diff notification(s)
[2026-08-06T10:47:09.344Z] injectForgedHistory: role=user preview="[agent-auto] [memory-update 2026-08-06 18:35:29] project memory file has been mo"
[2026-08-06T10:47:09.344Z] injectForgedHistory: recordMessage persisted
[2026-08-06T10:47:09.344Z] LiveUpdateForge: session reset, allowLiveUpdate = false
[2026-08-06T10:47:09.344Z] NudgeForge: ResumeComplete — restoring count from history
[2026-08-06T10:47:09.345Z] restoreNudgeCountFromHistory: found last write at idx=830 count=4
[2026-08-06T10:47:11.353Z] ResumeDiffForge: running checkResumeConsistency
[2026-08-06T10:47:11.354Z] checkResumeConsistency: forgedTimestamps=[["project","1970-01-01T00:00:00.000Z"]]
[2026-08-06T10:47:11.359Z] checkResumeConsistency: injecting 1 diff notification(s)
[2026-08-06T10:47:11.360Z] injectForgedHistory: role=user preview="[agent-auto] [memory-update 2026-08-06 18:35:29] project memory file has been mo"
[2026-08-06T10:47:11.884Z] injectForgedHistory: recordMessage persisted
[2026-08-06T10:47:11.884Z] LiveUpdateForge: session reset, allowLiveUpdate = false
[2026-08-06T10:47:11.885Z] NudgeForge: ResumeComplete — restoring count from history
[2026-08-06T10:47:11.885Z] restoreNudgeCountFromHistory: found last write at idx=830 count=4
[2026-08-06T10:47:12.152Z] ResumeDiffForge: running checkResumeConsistency
[2026-08-06T10:47:12.153Z] checkResumeConsistency: forgedTimestamps=[["project","1970-01-01T00:00:00.000Z"]]
[2026-08-06T10:47:12.160Z] checkResumeConsistency: injecting 1 diff notification(s)
[2026-08-06T10:47:12.160Z] injectForgedHistory: role=user preview="[agent-auto] [memory-update 2026-08-06 18:35:29] project memory file has been mo"
[2026-08-06T10:47:12.312Z] injectForgedHistory: recordMessage persisted
[2026-08-06T10:47:12.313Z] LiveUpdateForge: session reset, allowLiveUpdate = false
[2026-08-06T10:47:12.313Z] NudgeForge: ResumeComplete — restoring count from history
[2026-08-06T10:47:12.314Z] restoreNudgeCountFromHistory: found last write at idx=830 count=4
[2026-08-06T10:47:12.584Z] MemoryForge: attached 5 listener(s)
[2026-08-06T10:47:12.584Z] InitialReadForge: armed one-shot BeforeSend after NewSessionStart
[2026-08-06T10:47:12.585Z] LiveUpdateForge: session reset, allowLiveUpdate = false
[2026-08-06T10:47:12.594Z] MemoryForge: detached all listeners
[2026-08-06T10:47:12.594Z] ResumeDiffForge: running checkResumeConsistency
[2026-08-06T10:47:12.595Z] checkResumeConsistency: forgedTimestamps=[["project","1970-01-01T00:00:00.000Z"]]
[2026-08-06T10:47:12.753Z] checkResumeConsistency: injecting 1 diff notification(s)
[2026-08-06T10:47:12.753Z] injectForgedHistory: role=user preview="[agent-auto] [memory-update 2026-08-06 18:35:29] project memory file has been mo"
[2026-08-06T10:47:12.890Z] injectForgedHistory: recordMessage persisted
[2026-08-06T10:47:12.891Z] LiveUpdateForge: session reset, allowLiveUpdate = false
[2026-08-06T10:47:12.891Z] NudgeForge: ResumeComplete — restoring count from history
[2026-08-06T10:47:12.891Z] restoreNudgeCountFromHistory: found last write at idx=830 count=4
[2026-08-06T10:47:12.908Z] LiveUpdateForge: allowLiveUpdate = true (first real BeforeSend)
[2026-08-06T10:47:12.908Z] InitialReadForge.onBeforeSend: SKIP (fr=false syn=false hasRead=true)
[2026-08-06T10:47:33.331Z] LiveUpdateForge: EndTurn fallback flush
[2026-08-06T10:47:33.331Z] onEndTurn: naturalStop=false toolCalls=4 nudgeMsg=no
[2026-08-06T10:47:33.370Z] LiveUpdateForge: AfterToolExec flush
[2026-08-06T10:47:33.564Z] InitialReadForge.onBeforeSend: SKIP (fr=true syn=false hasRead=true)
[2026-08-06T10:47:40.329Z] LiveUpdateForge: EndTurn fallback flush
[2026-08-06T10:47:40.329Z] onEndTurn: naturalStop=false toolCalls=5 nudgeMsg=no
[2026-08-06T10:47:40.530Z] LiveUpdateForge: AfterToolExec flush
[2026-08-06T10:47:40.715Z] InitialReadForge.onBeforeSend: SKIP (fr=true syn=false hasRead=true)
[2026-08-06T10:48:23.919Z] LiveUpdateForge: EndTurn fallback flush
[2026-08-06T10:48:23.920Z] onEndTurn: naturalStop=false toolCalls=6 nudgeMsg=no
[2026-08-06T10:48:23.923Z] LiveUpdateForge: AfterToolExec flush
[2026-08-06T10:48:24.074Z] InitialReadForge.onBeforeSend: SKIP (fr=true syn=false hasRead=true)
[2026-08-06T10:48:30.292Z] LiveUpdateForge: EndTurn fallback flush
[2026-08-06T10:48:30.292Z] onEndTurn: naturalStop=false toolCalls=7 nudgeMsg=no
[2026-08-06T10:48:30.316Z] LiveUpdateForge: AfterToolExec flush
[2026-08-06T10:48:30.472Z] InitialReadForge.onBeforeSend: SKIP (fr=true syn=false hasRead=true)
[2026-08-06T10:48:35.794Z] LiveUpdateForge: EndTurn fallback flush
[2026-08-06T10:48:35.794Z] onEndTurn: naturalStop=false toolCalls=8 nudgeMsg=no
[2026-08-06T10:52:30.966Z] LiveUpdateForge: AfterToolExec flush
[2026-08-06T10:52:31.165Z] InitialReadForge.onBeforeSend: SKIP (fr=true syn=false hasRead=true)
[2026-08-06T10:52:38.779Z] LiveUpdateForge: EndTurn fallback flush
[2026-08-06T10:52:38.779Z] onEndTurn: naturalStop=true toolCalls=9 nudgeMsg=no
[2026-08-06T10:56:19.180Z] ResumeDiffForge: running checkResumeConsistency
[2026-08-06T10:56:19.181Z] checkResumeConsistency: forgedTimestamps=[["project","1970-01-01T00:00:00.000Z"]]
[2026-08-06T10:56:19.187Z] checkResumeConsistency: injecting 1 diff notification(s)
[2026-08-06T10:56:19.187Z] injectForgedHistory: role=user preview="[agent-auto] [memory-update 2026-08-06 18:35:29] project memory file has been mo"
[2026-08-06T10:56:19.326Z] injectForgedHistory: recordMessage persisted
[2026-08-06T10:56:19.326Z] LiveUpdateForge: session reset, allowLiveUpdate = false
[2026-08-06T10:56:19.326Z] NudgeForge: ResumeComplete — restoring count from history
[2026-08-06T10:56:19.327Z] restoreNudgeCountFromHistory: found last write at idx=830 count=9
[2026-08-06T10:56:19.393Z] LiveUpdateForge: allowLiveUpdate = true (first real BeforeSend)
[2026-08-06T10:56:19.394Z] InitialReadForge.onBeforeSend: SKIP (fr=false syn=false hasRead=true)
[2026-08-06T10:56:29.600Z] LiveUpdateForge: EndTurn fallback flush
[2026-08-06T10:56:29.601Z] onEndTurn: naturalStop=false toolCalls=9 nudgeMsg=no
[2026-08-06T10:56:29.610Z] LiveUpdateForge: AfterToolExec flush
[2026-08-06T10:56:29.757Z] InitialReadForge.onBeforeSend: SKIP (fr=true syn=false hasRead=true)
[2026-08-06T10:56:35.040Z] LiveUpdateForge: EndTurn fallback flush
[2026-08-06T10:56:35.041Z] onEndTurn: naturalStop=false toolCalls=10 nudgeMsg=no
[2026-08-06T10:56:35.044Z] LiveUpdateForge: AfterToolExec flush
[2026-08-06T10:56:35.195Z] InitialReadForge.onBeforeSend: SKIP (fr=true syn=false hasRead=true)
[2026-08-06T10:56:44.667Z] LiveUpdateForge: EndTurn fallback flush
[2026-08-06T10:56:44.668Z] onEndTurn: naturalStop=false toolCalls=11 nudgeMsg=no
[2026-08-06T10:56:44.828Z] LiveUpdateForge: AfterToolExec flush
[2026-08-06T10:56:44.966Z] InitialReadForge.onBeforeSend: SKIP (fr=true syn=false hasRead=true)
[2026-08-06T10:56:52.304Z] LiveUpdateForge: EndTurn fallback flush
[2026-08-06T10:56:52.305Z] onEndTurn: naturalStop=true toolCalls=12 nudgeMsg=no
[2026-08-06T11:00:46.564Z] ResumeDiffForge: running checkResumeConsistency
[2026-08-06T11:00:46.565Z] checkResumeConsistency: forgedTimestamps=[["project","1970-01-01T00:00:00.000Z"]]
[2026-08-06T11:00:46.572Z] checkResumeConsistency: injecting 1 diff notification(s)
[2026-08-06T11:00:46.572Z] injectForgedHistory: role=user preview="[agent-auto] [memory-update 2026-08-06 18:35:29] project memory file has been mo"
[2026-08-06T11:00:46.714Z] injectForgedHistory: recordMessage persisted
[2026-08-06T11:00:46.715Z] LiveUpdateForge: session reset, allowLiveUpdate = false
[2026-08-06T11:00:46.715Z] NudgeForge: ResumeComplete — restoring count from history
[2026-08-06T11:00:46.715Z] restoreNudgeCountFromHistory: found last write at idx=830 count=12
[2026-08-06T11:00:46.774Z] LiveUpdateForge: allowLiveUpdate = true (first real BeforeSend)
[2026-08-06T11:00:46.775Z] InitialReadForge.onBeforeSend: SKIP (fr=false syn=false hasRead=true)
[2026-08-06T11:00:55.854Z] LiveUpdateForge: EndTurn fallback flush
[2026-08-06T11:00:55.855Z] onEndTurn: naturalStop=false toolCalls=12 nudgeMsg=no
[2026-08-06T11:00:55.868Z] LiveUpdateForge: AfterToolExec flush
[2026-08-06T11:00:56.010Z] InitialReadForge.onBeforeSend: SKIP (fr=true syn=false hasRead=true)
[2026-08-06T11:01:02.938Z] LiveUpdateForge: EndTurn fallback flush
[2026-08-06T11:01:02.939Z] onEndTurn: naturalStop=false toolCalls=13 nudgeMsg=no
[2026-08-06T11:01:02.942Z] LiveUpdateForge: AfterToolExec flush
[2026-08-06T11:01:03.085Z] InitialReadForge.onBeforeSend: SKIP (fr=true syn=false hasRead=true)
[2026-08-06T11:01:10.511Z] LiveUpdateForge: EndTurn fallback flush
[2026-08-06T11:01:10.511Z] onEndTurn: naturalStop=false toolCalls=14 nudgeMsg=no
[2026-08-06T11:01:10.514Z] LiveUpdateForge: AfterToolExec flush
[2026-08-06T11:01:10.652Z] InitialReadForge.onBeforeSend: SKIP (fr=true syn=false hasRead=true)
[2026-08-06T11:01:18.602Z] LiveUpdateForge: EndTurn fallback flush
[2026-08-06T11:01:18.603Z] onEndTurn: naturalStop=false toolCalls=15 nudgeMsg=no
[2026-08-06T11:01:18.764Z] LiveUpdateForge: AfterToolExec flush
[2026-08-06T11:01:18.906Z] InitialReadForge.onBeforeSend: SKIP (fr=true syn=false hasRead=true)
[2026-08-06T11:01:36.373Z] LiveUpdateForge: EndTurn fallback flush
[2026-08-06T11:01:36.374Z] onEndTurn: naturalStop=false toolCalls=16 nudgeMsg=no
[2026-08-06T11:01:44.212Z] LiveUpdateForge: AfterToolExec flush
[2026-08-06T11:01:44.414Z] InitialReadForge.onBeforeSend: SKIP (fr=true syn=false hasRead=true)
[2026-08-06T11:01:50.370Z] LiveUpdateForge: EndTurn fallback flush
[2026-08-06T11:01:50.370Z] onEndTurn: naturalStop=true toolCalls=17 nudgeMsg=no
[2026-08-06T11:03:07.782Z] ResumeDiffForge: running checkResumeConsistency
[2026-08-06T11:03:07.783Z] checkResumeConsistency: forgedTimestamps=[["project","1970-01-01T00:00:00.000Z"]]
[2026-08-06T11:03:07.788Z] checkResumeConsistency: injecting 1 diff notification(s)
[2026-08-06T11:03:07.789Z] injectForgedHistory: role=user preview="[agent-auto] [memory-update 2026-08-06 18:35:29] project memory file has been mo"
[2026-08-06T11:03:07.940Z] injectForgedHistory: recordMessage persisted
[2026-08-06T11:03:07.940Z] LiveUpdateForge: session reset, allowLiveUpdate = false
[2026-08-06T11:03:07.940Z] NudgeForge: ResumeComplete — restoring count from history
[2026-08-06T11:03:07.941Z] restoreNudgeCountFromHistory: found last write at idx=830 count=17
[2026-08-06T11:03:08.001Z] LiveUpdateForge: allowLiveUpdate = true (first real BeforeSend)
[2026-08-06T11:03:08.002Z] InitialReadForge.onBeforeSend: SKIP (fr=false syn=false hasRead=true)
[2026-08-06T11:03:14.928Z] LiveUpdateForge: EndTurn fallback flush
[2026-08-06T11:03:14.928Z] onEndTurn: naturalStop=false toolCalls=17 nudgeMsg=no
[2026-08-06T11:03:14.938Z] LiveUpdateForge: AfterToolExec flush
[2026-08-06T11:03:15.083Z] InitialReadForge.onBeforeSend: SKIP (fr=true syn=false hasRead=true)
[2026-08-06T11:03:21.273Z] LiveUpdateForge: EndTurn fallback flush
[2026-08-06T11:03:21.274Z] onEndTurn: naturalStop=false toolCalls=18 nudgeMsg=no
[2026-08-06T11:03:21.277Z] LiveUpdateForge: AfterToolExec flush
[2026-08-06T11:03:21.422Z] InitialReadForge.onBeforeSend: SKIP (fr=true syn=false hasRead=true)
[2026-08-06T11:03:37.241Z] LiveUpdateForge: EndTurn fallback flush
[2026-08-06T11:03:37.241Z] onEndTurn: naturalStop=false toolCalls=19 nudgeMsg=no
[2026-08-06T11:03:37.412Z] LiveUpdateForge: AfterToolExec flush
[2026-08-06T11:03:37.561Z] InitialReadForge.onBeforeSend: SKIP (fr=true syn=false hasRead=true)
[2026-08-06T11:03:44.624Z] LiveUpdateForge: EndTurn fallback flush
[2026-08-06T11:03:44.624Z] onEndTurn: naturalStop=false toolCalls=20 nudgeMsg=no
[2026-08-06T11:03:44.631Z] LiveUpdateForge: AfterToolExec flush
[2026-08-06T11:03:44.769Z] InitialReadForge.onBeforeSend: SKIP (fr=true syn=false hasRead=true)
[2026-08-06T11:03:53.223Z] LiveUpdateForge: EndTurn fallback flush
[2026-08-06T11:03:53.224Z] onEndTurn: naturalStop=false toolCalls=21 nudgeMsg=no
[2026-08-06T11:03:53.232Z] LiveUpdateForge: AfterToolExec flush
[2026-08-06T11:03:53.389Z] InitialReadForge.onBeforeSend: SKIP (fr=true syn=false hasRead=true)
[2026-08-06T11:04:04.406Z] LiveUpdateForge: EndTurn fallback flush
[2026-08-06T11:04:04.406Z] onEndTurn: naturalStop=false toolCalls=22 nudgeMsg=no
[2026-08-06T11:04:04.439Z] LiveUpdateForge: AfterToolExec flush
[2026-08-06T11:04:04.587Z] InitialReadForge.onBeforeSend: SKIP (fr=true syn=false hasRead=true)
[2026-08-06T11:04:13.808Z] LiveUpdateForge: EndTurn fallback flush
[2026-08-06T11:04:13.809Z] onEndTurn: naturalStop=false toolCalls=23 nudgeMsg=no
[2026-08-06T11:04:13.980Z] LiveUpdateForge: AfterToolExec flush
[2026-08-06T11:04:14.130Z] InitialReadForge.onBeforeSend: SKIP (fr=true syn=false hasRead=true)
[2026-08-06T11:04:21.908Z] LiveUpdateForge: EndTurn fallback flush
[2026-08-06T11:04:21.909Z] onEndTurn: naturalStop=false toolCalls=24 nudgeMsg=no
[2026-08-06T11:04:21.915Z] LiveUpdateForge: AfterToolExec flush
[2026-08-06T11:04:22.053Z] InitialReadForge.onBeforeSend: SKIP (fr=true syn=false hasRead=true)
[2026-08-06T11:04:29.282Z] LiveUpdateForge: EndTurn fallback flush
[2026-08-06T11:04:29.282Z] onEndTurn: naturalStop=false toolCalls=25 nudgeMsg=no
[2026-08-06T11:04:29.291Z] LiveUpdateForge: AfterToolExec flush
[2026-08-06T11:04:29.461Z] InitialReadForge.onBeforeSend: SKIP (fr=true syn=false hasRead=true)
[2026-08-06T11:04:36.702Z] LiveUpdateForge: EndTurn fallback flush
[2026-08-06T11:04:36.703Z] onEndTurn: naturalStop=false toolCalls=26 nudgeMsg=no
[2026-08-06T11:04:36.862Z] LiveUpdateForge: AfterToolExec flush
[2026-08-06T11:04:37.006Z] InitialReadForge.onBeforeSend: SKIP (fr=true syn=false hasRead=true)
[2026-08-06T11:04:44.350Z] LiveUpdateForge: EndTurn fallback flush
[2026-08-06T11:04:44.350Z] onEndTurn: naturalStop=false toolCalls=27 nudgeMsg=no
[2026-08-06T11:04:51.885Z] LiveUpdateForge: AfterToolExec flush
[2026-08-06T11:04:52.111Z] InitialReadForge.onBeforeSend: SKIP (fr=true syn=false hasRead=true)
[2026-08-06T11:05:00.829Z] LiveUpdateForge: EndTurn fallback flush
[2026-08-06T11:05:00.829Z] onEndTurn: naturalStop=true toolCalls=28 nudgeMsg=no
[2026-08-06T12:02:05.549Z] MemoryForge: attached 5 listener(s)
[2026-08-06T12:02:05.549Z] InitialReadForge: armed one-shot BeforeSend after NewSessionStart
[2026-08-06T12:02:05.549Z] LiveUpdateForge: session reset, allowLiveUpdate = false
[2026-08-06T12:02:07.337Z] LiveUpdateForge: session reset, allowLiveUpdate = false
[2026-08-06T12:02:07.386Z] ResumeDiffForge: running checkResumeConsistency
[2026-08-06T12:02:07.386Z] checkResumeConsistency: forgedTimestamps=[["project","1970-01-01T00:00:00.000Z"]]
[2026-08-06T12:02:07.394Z] checkResumeConsistency: injecting 1 diff notification(s)
[2026-08-06T12:02:07.394Z] injectForgedHistory: role=user preview="[agent-auto] [memory-update 2026-08-06 18:35:29] project memory file has been mo"
[2026-08-06T12:02:07.395Z] injectForgedHistory: recordMessage persisted
[2026-08-06T12:02:07.395Z] LiveUpdateForge: session reset, allowLiveUpdate = false
[2026-08-06T12:02:07.395Z] NudgeForge: ResumeComplete — restoring count from history
[2026-08-06T12:02:07.396Z] restoreNudgeCountFromHistory: found last write at idx=830 count=28
[2026-08-06T12:02:08.979Z] ResumeDiffForge: running checkResumeConsistency
[2026-08-06T12:02:08.980Z] checkResumeConsistency: forgedTimestamps=[["project","1970-01-01T00:00:00.000Z"]]
[2026-08-06T12:02:08.989Z] checkResumeConsistency: injecting 1 diff notification(s)
[2026-08-06T12:02:08.989Z] injectForgedHistory: role=user preview="[agent-auto] [memory-update 2026-08-06 18:35:29] project memory file has been mo"
[2026-08-06T12:02:09.138Z] injectForgedHistory: recordMessage persisted
[2026-08-06T12:02:09.138Z] LiveUpdateForge: session reset, allowLiveUpdate = false
[2026-08-06T12:02:09.138Z] NudgeForge: ResumeComplete — restoring count from history
[2026-08-06T12:02:09.139Z] restoreNudgeCountFromHistory: found last write at idx=830 count=28
[2026-08-06T12:02:09.426Z] ResumeDiffForge: running checkResumeConsistency
[2026-08-06T12:02:09.426Z] checkResumeConsistency: forgedTimestamps=[["project","1970-01-01T00:00:00.000Z"]]
[2026-08-06T12:02:09.434Z] checkResumeConsistency: injecting 1 diff notification(s)
[2026-08-06T12:02:09.434Z] injectForgedHistory: role=user preview="[agent-auto] [memory-update 2026-08-06 18:35:29] project memory file has been mo"
[2026-08-06T12:02:09.612Z] injectForgedHistory: recordMessage persisted
[2026-08-06T12:02:09.613Z] LiveUpdateForge: session reset, allowLiveUpdate = false
[2026-08-06T12:02:09.613Z] NudgeForge: ResumeComplete — restoring count from history
[2026-08-06T12:02:09.614Z] restoreNudgeCountFromHistory: found last write at idx=830 count=28
[2026-08-06T12:02:11.005Z] MemoryForge: attached 5 listener(s)
[2026-08-06T12:02:11.006Z] InitialReadForge: armed one-shot BeforeSend after NewSessionStart
[2026-08-06T12:02:11.006Z] LiveUpdateForge: session reset, allowLiveUpdate = false
[2026-08-06T12:02:11.016Z] MemoryForge: detached all listeners
[2026-08-06T12:02:11.017Z] ResumeDiffForge: running checkResumeConsistency
[2026-08-06T12:02:11.018Z] checkResumeConsistency: forgedTimestamps=[["project","1970-01-01T00:00:00.000Z"]]
[2026-08-06T12:02:11.199Z] checkResumeConsistency: injecting 1 diff notification(s)
[2026-08-06T12:02:11.199Z] injectForgedHistory: role=user preview="[agent-auto] [memory-update 2026-08-06 18:35:29] project memory file has been mo"
[2026-08-06T12:02:11.370Z] injectForgedHistory: recordMessage persisted
[2026-08-06T12:02:11.370Z] LiveUpdateForge: session reset, allowLiveUpdate = false
[2026-08-06T12:02:11.370Z] NudgeForge: ResumeComplete — restoring count from history
[2026-08-06T12:02:11.371Z] restoreNudgeCountFromHistory: found last write at idx=830 count=28
[2026-08-06T12:02:11.389Z] LiveUpdateForge: allowLiveUpdate = true (first real BeforeSend)
[2026-08-06T12:02:11.390Z] InitialReadForge.onBeforeSend: SKIP (fr=false syn=false hasRead=true)
[2026-08-06T12:02:59.319Z] LiveUpdateForge: EndTurn fallback flush
[2026-08-06T12:02:59.320Z] onEndTurn: naturalStop=true toolCalls=28 nudgeMsg=no
[2026-08-06T12:07:52.907Z] ResumeDiffForge: running checkResumeConsistency
[2026-08-06T12:07:52.908Z] checkResumeConsistency: forgedTimestamps=[["project","1970-01-01T00:00:00.000Z"]]
[2026-08-06T12:07:52.916Z] checkResumeConsistency: injecting 1 diff notification(s)
[2026-08-06T12:07:52.916Z] injectForgedHistory: role=user preview="[agent-auto] [memory-update 2026-08-06 18:35:29] project memory file has been mo"
[2026-08-06T12:07:53.057Z] injectForgedHistory: recordMessage persisted
[2026-08-06T12:07:53.058Z] LiveUpdateForge: session reset, allowLiveUpdate = false
[2026-08-06T12:07:53.058Z] NudgeForge: ResumeComplete — restoring count from history
[2026-08-06T12:07:53.059Z] restoreNudgeCountFromHistory: found last write at idx=830 count=28
[2026-08-06T12:07:53.122Z] LiveUpdateForge: allowLiveUpdate = true (first real BeforeSend)
[2026-08-06T12:07:53.123Z] InitialReadForge.onBeforeSend: SKIP (fr=false syn=false hasRead=true)
[2026-08-06T12:08:50.892Z] LiveUpdateForge: EndTurn fallback flush
[2026-08-06T12:08:50.892Z] onEndTurn: naturalStop=false toolCalls=28 nudgeMsg=no
[2026-08-06T12:08:50.933Z] LiveUpdateForge: AfterToolExec flush
[2026-08-06T12:08:51.076Z] InitialReadForge.onBeforeSend: SKIP (fr=true syn=false hasRead=true)
[2026-08-06T12:09:27.129Z] LiveUpdateForge: EndTurn fallback flush
[2026-08-06T12:09:27.129Z] onEndTurn: naturalStop=false toolCalls=29 nudgeMsg=no
[2026-08-06T12:09:27.137Z] LiveUpdateForge: AfterToolExec flush
[2026-08-06T12:09:27.281Z] InitialReadForge.onBeforeSend: SKIP (fr=true syn=false hasRead=true)
[2026-08-06T12:09:46.975Z] LiveUpdateForge: EndTurn fallback flush
[2026-08-06T12:09:46.975Z] onEndTurn: naturalStop=false toolCalls=30 nudgeMsg=no
[2026-08-06T12:09:47.186Z] LiveUpdateForge: AfterToolExec flush
[2026-08-06T12:09:47.337Z] InitialReadForge.onBeforeSend: SKIP (fr=true syn=false hasRead=true)
[2026-08-06T12:10:12.482Z] LiveUpdateForge: EndTurn fallback flush
[2026-08-06T12:10:12.483Z] onEndTurn: naturalStop=false toolCalls=31 nudgeMsg=no
[2026-08-06T12:10:12.686Z] LiveUpdateForge: AfterToolExec flush
[2026-08-06T12:10:12.896Z] InitialReadForge.onBeforeSend: SKIP (fr=true syn=false hasRead=true)
[2026-08-06T12:10:28.264Z] LiveUpdateForge: EndTurn fallback flush
[2026-08-06T12:10:28.265Z] onEndTurn: naturalStop=false toolCalls=32 nudgeMsg=no
[2026-08-06T12:10:28.274Z] LiveUpdateForge: AfterToolExec flush
[2026-08-06T12:10:28.450Z] InitialReadForge.onBeforeSend: SKIP (fr=true syn=false hasRead=true)
[2026-08-06T12:10:47.300Z] LiveUpdateForge: EndTurn fallback flush
[2026-08-06T12:10:47.300Z] onEndTurn: naturalStop=false toolCalls=33 nudgeMsg=no
[2026-08-06T12:10:47.309Z] LiveUpdateForge: AfterToolExec flush
[2026-08-06T12:10:47.454Z] InitialReadForge.onBeforeSend: SKIP (fr=true syn=false hasRead=true)
[2026-08-06T12:10:55.072Z] LiveUpdateForge: EndTurn fallback flush
[2026-08-06T12:10:55.072Z] onEndTurn: naturalStop=false toolCalls=34 nudgeMsg=no
[2026-08-06T12:10:55.075Z] LiveUpdateForge: AfterToolExec flush
[2026-08-06T12:10:55.222Z] InitialReadForge.onBeforeSend: SKIP (fr=true syn=false hasRead=true)
[2026-08-06T12:11:05.116Z] LiveUpdateForge: EndTurn fallback flush
[2026-08-06T12:11:05.116Z] onEndTurn: naturalStop=false toolCalls=35 nudgeMsg=no
[2026-08-06T12:11:14.382Z] LiveUpdateForge: AfterToolExec flush
[2026-08-06T12:11:14.655Z] InitialReadForge.onBeforeSend: SKIP (fr=true syn=false hasRead=true)
[2026-08-06T12:11:43.468Z] LiveUpdateForge: EndTurn fallback flush
[2026-08-06T12:11:43.468Z] onEndTurn: naturalStop=true toolCalls=36 nudgeMsg=no
[2026-08-06T12:12:09.214Z] ResumeDiffForge: running checkResumeConsistency
[2026-08-06T12:12:09.214Z] checkResumeConsistency: forgedTimestamps=[["project","1970-01-01T00:00:00.000Z"]]
[2026-08-06T12:12:09.220Z] checkResumeConsistency: injecting 1 diff notification(s)
[2026-08-06T12:12:09.220Z] injectForgedHistory: role=user preview="[agent-auto] [memory-update 2026-08-06 18:35:29] project memory file has been mo"
[2026-08-06T12:12:09.388Z] injectForgedHistory: recordMessage persisted
[2026-08-06T12:12:09.388Z] LiveUpdateForge: session reset, allowLiveUpdate = false
[2026-08-06T12:12:09.389Z] NudgeForge: ResumeComplete — restoring count from history
[2026-08-06T12:12:09.389Z] restoreNudgeCountFromHistory: found last write at idx=830 count=36
[2026-08-06T12:12:09.453Z] LiveUpdateForge: allowLiveUpdate = true (first real BeforeSend)
[2026-08-06T12:12:09.454Z] InitialReadForge.onBeforeSend: SKIP (fr=false syn=false hasRead=true)
[2026-08-06T12:13:27.957Z] LiveUpdateForge: EndTurn fallback flush
[2026-08-06T12:13:27.957Z] onEndTurn: naturalStop=false toolCalls=36 nudgeMsg=no
[2026-08-06T12:13:31.345Z] LiveUpdateForge: AfterToolExec flush
[2026-08-06T12:13:31.505Z] InitialReadForge.onBeforeSend: SKIP (fr=true syn=false hasRead=true)
[2026-08-06T12:13:39.699Z] LiveUpdateForge: EndTurn fallback flush
[2026-08-06T12:13:39.699Z] onEndTurn: naturalStop=true toolCalls=37 nudgeMsg=no
[2026-08-06T12:15:20.903Z] ResumeDiffForge: running checkResumeConsistency
[2026-08-06T12:15:20.904Z] checkResumeConsistency: forgedTimestamps=[["project","1970-01-01T00:00:00.000Z"]]
[2026-08-06T12:15:20.911Z] checkResumeConsistency: injecting 1 diff notification(s)
[2026-08-06T12:15:20.911Z] injectForgedHistory: role=user preview="[agent-auto] [memory-update 2026-08-06 18:35:29] project memory file has been mo"
[2026-08-06T12:15:21.049Z] injectForgedHistory: recordMessage persisted
[2026-08-06T12:15:21.049Z] LiveUpdateForge: session reset, allowLiveUpdate = false
[2026-08-06T12:15:21.050Z] NudgeForge: ResumeComplete — restoring count from history
[2026-08-06T12:15:21.050Z] restoreNudgeCountFromHistory: found last write at idx=830 count=37
[2026-08-06T12:15:21.116Z] LiveUpdateForge: allowLiveUpdate = true (first real BeforeSend)
[2026-08-06T12:15:21.117Z] InitialReadForge.onBeforeSend: SKIP (fr=false syn=false hasRead=true)
[2026-08-06T12:16:51.121Z] LiveUpdateForge: EndTurn fallback flush
[2026-08-06T12:16:51.122Z] onEndTurn: naturalStop=false toolCalls=37 nudgeMsg=no
[2026-08-06T12:16:54.039Z] LiveUpdateForge: AfterToolExec flush
[2026-08-06T12:16:54.187Z] InitialReadForge.onBeforeSend: SKIP (fr=true syn=false hasRead=true)
[2026-08-06T12:18:57.027Z] LiveUpdateForge: EndTurn fallback flush
[2026-08-06T12:18:57.028Z] onEndTurn: naturalStop=false toolCalls=38 nudgeMsg=no
[2026-08-06T12:18:58.372Z] LiveUpdateForge: AfterToolExec flush
[2026-08-06T12:18:58.521Z] InitialReadForge.onBeforeSend: SKIP (fr=true syn=false hasRead=true)
[2026-08-06T12:19:08.790Z] LiveUpdateForge: EndTurn fallback flush
[2026-08-06T12:19:08.791Z] onEndTurn: naturalStop=true toolCalls=39 nudgeMsg=no
[2026-08-06T12:20:36.484Z] ResumeDiffForge: running checkResumeConsistency
[2026-08-06T12:20:36.485Z] checkResumeConsistency: forgedTimestamps=[["project","1970-01-01T00:00:00.000Z"]]
[2026-08-06T12:20:36.490Z] checkResumeConsistency: injecting 1 diff notification(s)
[2026-08-06T12:20:36.491Z] injectForgedHistory: role=user preview="[agent-auto] [memory-update 2026-08-06 18:35:29] project memory file has been mo"
[2026-08-06T12:20:36.635Z] injectForgedHistory: recordMessage persisted
[2026-08-06T12:20:36.636Z] LiveUpdateForge: session reset, allowLiveUpdate = false
[2026-08-06T12:20:36.636Z] NudgeForge: ResumeComplete — restoring count from history
[2026-08-06T12:20:36.636Z] restoreNudgeCountFromHistory: found last write at idx=830 count=39
[2026-08-06T12:20:36.694Z] LiveUpdateForge: allowLiveUpdate = true (first real BeforeSend)
[2026-08-06T12:20:36.695Z] InitialReadForge.onBeforeSend: SKIP (fr=false syn=false hasRead=true)
[2026-08-06T12:23:24.401Z] ResumeDiffForge: running checkResumeConsistency
[2026-08-06T12:23:24.401Z] checkResumeConsistency: forgedTimestamps=[["project","1970-01-01T00:00:00.000Z"]]
[2026-08-06T12:23:24.408Z] checkResumeConsistency: injecting 1 diff notification(s)
[2026-08-06T12:23:24.408Z] injectForgedHistory: role=user preview="[agent-auto] [memory-update 2026-08-06 18:35:29] project memory file has been mo"
[2026-08-06T12:23:24.589Z] injectForgedHistory: recordMessage persisted
[2026-08-06T12:23:24.590Z] LiveUpdateForge: session reset, allowLiveUpdate = false
[2026-08-06T12:23:24.590Z] NudgeForge: ResumeComplete — restoring count from history
[2026-08-06T12:23:24.591Z] restoreNudgeCountFromHistory: found last write at idx=830 count=39
[2026-08-06T12:23:24.653Z] LiveUpdateForge: allowLiveUpdate = true (first real BeforeSend)
[2026-08-06T12:23:24.653Z] InitialReadForge.onBeforeSend: SKIP (fr=false syn=false hasRead=true)
[2026-08-06T12:23:46.911Z] LiveUpdateForge: EndTurn fallback flush
[2026-08-06T12:23:46.911Z] onEndTurn: naturalStop=false toolCalls=39 nudgeMsg=no
[2026-08-06T12:23:46.924Z] LiveUpdateForge: AfterToolExec flush
[2026-08-06T12:23:47.064Z] InitialReadForge.onBeforeSend: SKIP (fr=true syn=false hasRead=true)
[2026-08-06T12:24:17.811Z] LiveUpdateForge: EndTurn fallback flush
[2026-08-06T12:24:17.811Z] onEndTurn: naturalStop=false toolCalls=40 nudgeMsg=no
[2026-08-06T12:24:18.015Z] LiveUpdateForge: AfterToolExec flush
[2026-08-06T12:24:18.185Z] InitialReadForge.onBeforeSend: SKIP (fr=true syn=false hasRead=true)
[2026-08-06T12:24:25.895Z] LiveUpdateForge: EndTurn fallback flush
[2026-08-06T12:24:25.895Z] onEndTurn: naturalStop=false toolCalls=41 nudgeMsg=no
[2026-08-06T12:24:34.481Z] LiveUpdateForge: AfterToolExec flush
[2026-08-06T12:24:34.781Z] InitialReadForge.onBeforeSend: SKIP (fr=true syn=false hasRead=true)
[2026-08-06T12:24:45.623Z] LiveUpdateForge: EndTurn fallback flush
[2026-08-06T12:24:45.624Z] onEndTurn: naturalStop=true toolCalls=42 nudgeMsg=no
[2026-08-06T12:29:50.145Z] ResumeDiffForge: running checkResumeConsistency
[2026-08-06T12:29:50.145Z] checkResumeConsistency: forgedTimestamps=[["project","1970-01-01T00:00:00.000Z"]]
[2026-08-06T12:29:50.154Z] checkResumeConsistency: injecting 1 diff notification(s)
[2026-08-06T12:29:50.154Z] injectForgedHistory: role=user preview="[agent-auto] [memory-update 2026-08-06 18:35:29] project memory file has been mo"
[2026-08-06T12:29:50.298Z] injectForgedHistory: recordMessage persisted
[2026-08-06T12:29:50.298Z] LiveUpdateForge: session reset, allowLiveUpdate = false
[2026-08-06T12:29:50.298Z] NudgeForge: ResumeComplete — restoring count from history
[2026-08-06T12:29:50.299Z] restoreNudgeCountFromHistory: found last write at idx=830 count=42
[2026-08-06T12:29:50.361Z] LiveUpdateForge: allowLiveUpdate = true (first real BeforeSend)
[2026-08-06T12:29:50.362Z] InitialReadForge.onBeforeSend: SKIP (fr=false syn=false hasRead=true)
[2026-08-06T12:30:01.738Z] LiveUpdateForge: EndTurn fallback flush
[2026-08-06T12:30:01.739Z] onEndTurn: naturalStop=false toolCalls=42 nudgeMsg=no
[2026-08-06T12:30:01.745Z] InitialReadForge.onBeforeSend: SKIP (fr=false syn=false hasRead=true)
[2026-08-06T12:30:02.067Z] LiveUpdateForge: EndTurn fallback flush
[2026-08-06T12:30:02.068Z] onEndTurn: naturalStop=false toolCalls=42 nudgeMsg=no
[2026-08-06T12:30:02.074Z] InitialReadForge.onBeforeSend: SKIP (fr=false syn=false hasRead=true)
[2026-08-06T12:30:29.219Z] LiveUpdateForge: EndTurn fallback flush
[2026-08-06T12:30:29.220Z] onEndTurn: naturalStop=false toolCalls=42 nudgeMsg=no
[2026-08-06T12:30:29.233Z] LiveUpdateForge: AfterToolExec flush
[2026-08-06T12:30:29.385Z] InitialReadForge.onBeforeSend: SKIP (fr=true syn=false hasRead=true)
[2026-08-06T12:30:34.441Z] LiveUpdateForge: EndTurn fallback flush
[2026-08-06T12:30:34.441Z] onEndTurn: naturalStop=false toolCalls=43 nudgeMsg=no
[2026-08-06T12:30:34.444Z] LiveUpdateForge: AfterToolExec flush
[2026-08-06T12:30:34.582Z] InitialReadForge.onBeforeSend: SKIP (fr=true syn=false hasRead=true)
[2026-08-06T12:30:39.886Z] LiveUpdateForge: EndTurn fallback flush
[2026-08-06T12:30:39.886Z] onEndTurn: naturalStop=false toolCalls=44 nudgeMsg=no
[2026-08-06T12:30:39.892Z] LiveUpdateForge: AfterToolExec flush
[2026-08-06T12:30:40.044Z] InitialReadForge.onBeforeSend: SKIP (fr=true syn=false hasRead=true)
[2026-08-06T12:31:02.229Z] LiveUpdateForge: EndTurn fallback flush
[2026-08-06T12:31:02.229Z] onEndTurn: naturalStop=false toolCalls=45 nudgeMsg=no
[2026-08-06T12:31:02.397Z] LiveUpdateForge: AfterToolExec flush
[2026-08-06T12:31:02.539Z] InitialReadForge.onBeforeSend: SKIP (fr=true syn=false hasRead=true)
[2026-08-06T12:31:08.853Z] LiveUpdateForge: EndTurn fallback flush
[2026-08-06T12:31:08.853Z] onEndTurn: naturalStop=false toolCalls=46 nudgeMsg=no
[2026-08-06T12:31:08.862Z] LiveUpdateForge: AfterToolExec flush
[2026-08-06T12:31:09.004Z] InitialReadForge.onBeforeSend: SKIP (fr=true syn=false hasRead=true)
[2026-08-06T12:31:14.972Z] LiveUpdateForge: EndTurn fallback flush
[2026-08-06T12:31:14.973Z] onEndTurn: naturalStop=false toolCalls=47 nudgeMsg=no
[2026-08-06T12:31:14.992Z] LiveUpdateForge: AfterToolExec flush
[2026-08-06T12:31:15.139Z] InitialReadForge.onBeforeSend: SKIP (fr=true syn=false hasRead=true)
[2026-08-06T12:31:20.638Z] LiveUpdateForge: EndTurn fallback flush
[2026-08-06T12:31:20.638Z] onEndTurn: naturalStop=false toolCalls=48 nudgeMsg=no
[2026-08-06T12:31:28.993Z] LiveUpdateForge: AfterToolExec flush
[2026-08-06T12:31:29.146Z] InitialReadForge.onBeforeSend: SKIP (fr=true syn=false hasRead=true)
[2026-08-06T12:31:52.929Z] LiveUpdateForge: EndTurn fallback flush
[2026-08-06T12:31:52.929Z] onEndTurn: naturalStop=true toolCalls=49 nudgeMsg=no
[2026-08-06T12:36:45.124Z] ResumeDiffForge: running checkResumeConsistency
[2026-08-06T12:36:45.125Z] checkResumeConsistency: forgedTimestamps=[["project","1970-01-01T00:00:00.000Z"]]
[2026-08-06T12:36:45.134Z] checkResumeConsistency: injecting 1 diff notification(s)
[2026-08-06T12:36:45.134Z] injectForgedHistory: role=user preview="[agent-auto] [memory-update 2026-08-06 18:35:29] project memory file has been mo"
[2026-08-06T12:36:45.293Z] injectForgedHistory: recordMessage persisted
[2026-08-06T12:36:45.293Z] LiveUpdateForge: session reset, allowLiveUpdate = false
[2026-08-06T12:36:45.293Z] NudgeForge: ResumeComplete — restoring count from history
[2026-08-06T12:36:45.294Z] restoreNudgeCountFromHistory: found last write at idx=830 count=49
[2026-08-06T12:36:45.357Z] LiveUpdateForge: allowLiveUpdate = true (first real BeforeSend)
[2026-08-06T12:36:45.357Z] InitialReadForge.onBeforeSend: SKIP (fr=false syn=false hasRead=true)
[2026-08-06T12:36:57.565Z] LiveUpdateForge: EndTurn fallback flush
[2026-08-06T12:36:57.565Z] onEndTurn: naturalStop=false toolCalls=49 nudgeMsg=no
[2026-08-06T12:36:57.578Z] LiveUpdateForge: AfterToolExec flush
[2026-08-06T12:36:57.742Z] InitialReadForge.onBeforeSend: SKIP (fr=true syn=false hasRead=true)
[2026-08-06T12:37:10.697Z] LiveUpdateForge: EndTurn fallback flush
[2026-08-06T12:37:10.697Z] onEndTurn: naturalStop=false toolCalls=50 nudgeMsg=no
[2026-08-06T12:37:10.878Z] LiveUpdateForge: AfterToolExec flush
[2026-08-06T12:37:11.033Z] InitialReadForge.onBeforeSend: SKIP (fr=true syn=false hasRead=true)
[2026-08-06T12:37:39.841Z] LiveUpdateForge: EndTurn fallback flush
[2026-08-06T12:37:39.841Z] onEndTurn: naturalStop=false toolCalls=51 nudgeMsg=no
[2026-08-06T12:37:48.249Z] LiveUpdateForge: AfterToolExec flush
[2026-08-06T12:37:48.400Z] InitialReadForge.onBeforeSend: SKIP (fr=true syn=false hasRead=true)
[2026-08-06T12:38:22.762Z] LiveUpdateForge: EndTurn fallback flush
[2026-08-06T12:38:22.763Z] onEndTurn: naturalStop=true toolCalls=0 nudgeMsg=YES
[2026-08-06T12:38:22.766Z] InitialReadForge.onBeforeSend: SKIP (fr=false syn=false hasRead=true)
[2026-08-06T12:38:38.502Z] LiveUpdateForge: EndTurn fallback flush
[2026-08-06T12:38:38.502Z] onEndTurn: naturalStop=false toolCalls=0 nudgeMsg=no
[2026-08-06T12:38:38.517Z] LiveUpdateForge: self-write on D:\Unity\E1\CODELY.md, baseline aligned
[2026-08-06T12:38:38.518Z] LiveUpdateForge: AfterToolExec flush
[2026-08-06T12:38:38.664Z] InitialReadForge.onBeforeSend: SKIP (fr=true syn=false hasRead=true)
[2026-08-06T12:39:17.435Z] LiveUpdateForge: EndTurn fallback flush
[2026-08-06T12:39:17.435Z] onEndTurn: naturalStop=true toolCalls=0 nudgeMsg=no
[2026-08-06T12:40:30.861Z] ResumeDiffForge: running checkResumeConsistency
[2026-08-06T12:40:30.861Z] checkResumeConsistency: forgedTimestamps=[["project","1970-01-01T00:00:00.000Z"]]
[2026-08-06T12:40:30.867Z] checkResumeConsistency: injecting 1 diff notification(s)
[2026-08-06T12:40:30.867Z] injectForgedHistory: role=user preview="[agent-auto] [memory-update 2026-08-06 20:38:38] project memory file has been mo"
[2026-08-06T12:40:31.007Z] injectForgedHistory: recordMessage persisted
[2026-08-06T12:40:31.008Z] LiveUpdateForge: session reset, allowLiveUpdate = false
[2026-08-06T12:40:31.008Z] NudgeForge: ResumeComplete — restoring count from history
[2026-08-06T12:40:31.009Z] restoreNudgeCountFromHistory: found last write at idx=982 count=0
[2026-08-06T12:40:31.072Z] LiveUpdateForge: allowLiveUpdate = true (first real BeforeSend)
[2026-08-06T12:40:31.073Z] InitialReadForge.onBeforeSend: SKIP (fr=false syn=false hasRead=true)
[2026-08-06T12:40:54.534Z] LiveUpdateForge: EndTurn fallback flush
[2026-08-06T12:40:54.535Z] onEndTurn: naturalStop=false toolCalls=0 nudgeMsg=no
[2026-08-06T12:40:54.556Z] LiveUpdateForge: AfterToolExec flush
[2026-08-06T12:40:54.704Z] InitialReadForge.onBeforeSend: SKIP (fr=true syn=false hasRead=true)
[2026-08-06T12:41:02.773Z] LiveUpdateForge: EndTurn fallback flush
[2026-08-06T12:41:02.773Z] onEndTurn: naturalStop=false toolCalls=1 nudgeMsg=no
[2026-08-06T12:41:02.781Z] LiveUpdateForge: AfterToolExec flush
[2026-08-06T12:41:02.933Z] InitialReadForge.onBeforeSend: SKIP (fr=true syn=false hasRead=true)
[2026-08-06T12:41:15.924Z] LiveUpdateForge: EndTurn fallback flush
[2026-08-06T12:41:15.925Z] onEndTurn: naturalStop=false toolCalls=2 nudgeMsg=no
[2026-08-06T12:41:16.090Z] LiveUpdateForge: AfterToolExec flush
[2026-08-06T12:41:16.238Z] InitialReadForge.onBeforeSend: SKIP (fr=true syn=false hasRead=true)
[2026-08-06T12:41:23.183Z] LiveUpdateForge: EndTurn fallback flush
[2026-08-06T12:41:23.183Z] onEndTurn: naturalStop=false toolCalls=3 nudgeMsg=no
[2026-08-06T12:41:32.961Z] LiveUpdateForge: AfterToolExec flush
[2026-08-06T12:41:33.250Z] InitialReadForge.onBeforeSend: SKIP (fr=true syn=false hasRead=true)
[2026-08-06T12:41:44.666Z] LiveUpdateForge: EndTurn fallback flush
[2026-08-06T12:41:44.667Z] onEndTurn: naturalStop=false toolCalls=4 nudgeMsg=no
[2026-08-06T12:41:49.208Z] LiveUpdateForge: AfterToolExec flush
[2026-08-06T12:41:49.421Z] InitialReadForge.onBeforeSend: SKIP (fr=true syn=false hasRead=true)
[2026-08-06T12:42:11.478Z] LiveUpdateForge: EndTurn fallback flush
[2026-08-06T12:42:11.478Z] onEndTurn: naturalStop=true toolCalls=5 nudgeMsg=no
[2026-08-06T12:45:14.716Z] ResumeDiffForge: running checkResumeConsistency
[2026-08-06T12:45:14.717Z] checkResumeConsistency: forgedTimestamps=[["project","1970-01-01T00:00:00.000Z"]]
[2026-08-06T12:45:14.724Z] checkResumeConsistency: injecting 1 diff notification(s)
[2026-08-06T12:45:14.725Z] injectForgedHistory: role=user preview="[agent-auto] [memory-update 2026-08-06 20:38:38] project memory file has been mo"
[2026-08-06T12:45:14.871Z] injectForgedHistory: recordMessage persisted
[2026-08-06T12:45:14.872Z] LiveUpdateForge: session reset, allowLiveUpdate = false
[2026-08-06T12:45:14.872Z] NudgeForge: ResumeComplete — restoring count from history
[2026-08-06T12:45:14.872Z] restoreNudgeCountFromHistory: found last write at idx=982 count=5
[2026-08-06T12:45:14.933Z] LiveUpdateForge: allowLiveUpdate = true (first real BeforeSend)
[2026-08-06T12:45:14.933Z] InitialReadForge.onBeforeSend: SKIP (fr=false syn=false hasRead=true)
[2026-08-06T12:45:24.406Z] LiveUpdateForge: EndTurn fallback flush
[2026-08-06T12:45:24.406Z] onEndTurn: naturalStop=false toolCalls=5 nudgeMsg=no
[2026-08-06T12:45:24.418Z] LiveUpdateForge: AfterToolExec flush
[2026-08-06T12:45:24.574Z] InitialReadForge.onBeforeSend: SKIP (fr=true syn=false hasRead=true)
[2026-08-06T12:45:38.133Z] LiveUpdateForge: EndTurn fallback flush
[2026-08-06T12:45:38.134Z] onEndTurn: naturalStop=false toolCalls=6 nudgeMsg=no
[2026-08-06T12:45:38.306Z] LiveUpdateForge: AfterToolExec flush
[2026-08-06T12:45:38.448Z] InitialReadForge.onBeforeSend: SKIP (fr=true syn=false hasRead=true)
[2026-08-06T12:45:58.808Z] LiveUpdateForge: EndTurn fallback flush
[2026-08-06T12:45:58.809Z] onEndTurn: naturalStop=false toolCalls=7 nudgeMsg=no
[2026-08-06T12:46:07.376Z] LiveUpdateForge: AfterToolExec flush
[2026-08-06T12:46:07.548Z] InitialReadForge.onBeforeSend: SKIP (fr=true syn=false hasRead=true)
[2026-08-06T12:46:34.090Z] LiveUpdateForge: EndTurn fallback flush
[2026-08-06T12:46:34.090Z] onEndTurn: naturalStop=true toolCalls=8 nudgeMsg=no
[2026-08-06T12:48:00.150Z] ResumeDiffForge: running checkResumeConsistency
[2026-08-06T12:48:00.151Z] checkResumeConsistency: forgedTimestamps=[["project","1970-01-01T00:00:00.000Z"]]
[2026-08-06T12:48:00.160Z] checkResumeConsistency: injecting 1 diff notification(s)
[2026-08-06T12:48:00.160Z] injectForgedHistory: role=user preview="[agent-auto] [memory-update 2026-08-06 20:38:38] project memory file has been mo"
[2026-08-06T12:48:00.306Z] injectForgedHistory: recordMessage persisted
[2026-08-06T12:48:00.307Z] LiveUpdateForge: session reset, allowLiveUpdate = false
[2026-08-06T12:48:00.307Z] NudgeForge: ResumeComplete — restoring count from history
[2026-08-06T12:48:00.308Z] restoreNudgeCountFromHistory: found last write at idx=982 count=8
[2026-08-06T12:48:00.371Z] LiveUpdateForge: allowLiveUpdate = true (first real BeforeSend)
[2026-08-06T12:48:00.372Z] InitialReadForge.onBeforeSend: SKIP (fr=false syn=false hasRead=true)
[2026-08-06T12:48:12.497Z] LiveUpdateForge: EndTurn fallback flush
[2026-08-06T12:48:12.497Z] onEndTurn: naturalStop=false toolCalls=8 nudgeMsg=no
[2026-08-06T12:48:12.668Z] LiveUpdateForge: AfterToolExec flush
[2026-08-06T12:48:12.823Z] InitialReadForge.onBeforeSend: SKIP (fr=true syn=false hasRead=true)
[2026-08-06T12:48:25.388Z] LiveUpdateForge: EndTurn fallback flush
[2026-08-06T12:48:25.389Z] onEndTurn: naturalStop=false toolCalls=9 nudgeMsg=no
[2026-08-06T12:48:25.397Z] LiveUpdateForge: AfterToolExec flush
[2026-08-06T12:48:25.601Z] InitialReadForge.onBeforeSend: SKIP (fr=true syn=false hasRead=true)
[2026-08-06T12:48:41.207Z] LiveUpdateForge: EndTurn fallback flush
[2026-08-06T12:48:41.208Z] onEndTurn: naturalStop=false toolCalls=10 nudgeMsg=no
[2026-08-06T12:48:41.217Z] LiveUpdateForge: AfterToolExec flush
[2026-08-06T12:48:41.387Z] InitialReadForge.onBeforeSend: SKIP (fr=true syn=false hasRead=true)
[2026-08-06T12:49:16.834Z] LiveUpdateForge: EndTurn fallback flush
[2026-08-06T12:49:16.835Z] onEndTurn: naturalStop=false toolCalls=11 nudgeMsg=no
[2026-08-06T12:49:17.056Z] LiveUpdateForge: AfterToolExec flush
[2026-08-06T12:49:17.245Z] InitialReadForge.onBeforeSend: SKIP (fr=true syn=false hasRead=true)
[2026-08-06T12:49:24.073Z] LiveUpdateForge: EndTurn fallback flush
[2026-08-06T12:49:24.073Z] onEndTurn: naturalStop=false toolCalls=12 nudgeMsg=no
[2026-08-06T12:49:24.081Z] LiveUpdateForge: AfterToolExec flush
[2026-08-06T12:49:24.231Z] InitialReadForge.onBeforeSend: SKIP (fr=true syn=false hasRead=true)
[2026-08-06T12:49:29.997Z] LiveUpdateForge: EndTurn fallback flush
[2026-08-06T12:49:29.998Z] onEndTurn: naturalStop=false toolCalls=13 nudgeMsg=no
[2026-08-06T12:49:30.002Z] LiveUpdateForge: AfterToolExec flush
[2026-08-06T12:49:30.146Z] InitialReadForge.onBeforeSend: SKIP (fr=true syn=false hasRead=true)
[2026-08-06T12:49:37.426Z] LiveUpdateForge: EndTurn fallback flush
[2026-08-06T12:49:37.426Z] onEndTurn: naturalStop=false toolCalls=14 nudgeMsg=no
[2026-08-06T12:49:37.594Z] LiveUpdateForge: AfterToolExec flush
[2026-08-06T12:49:37.741Z] InitialReadForge.onBeforeSend: SKIP (fr=true syn=false hasRead=true)
[2026-08-06T12:49:43.952Z] LiveUpdateForge: EndTurn fallback flush
[2026-08-06T12:49:43.953Z] onEndTurn: naturalStop=false toolCalls=15 nudgeMsg=no
[2026-08-06T12:49:44.050Z] LiveUpdateForge: AfterToolExec flush
[2026-08-06T12:49:44.385Z] InitialReadForge.onBeforeSend: SKIP (fr=true syn=false hasRead=true)
[2026-08-06T12:49:50.970Z] LiveUpdateForge: EndTurn fallback flush
[2026-08-06T12:49:50.971Z] onEndTurn: naturalStop=false toolCalls=16 nudgeMsg=no
[2026-08-06T12:49:51.131Z] LiveUpdateForge: AfterToolExec flush
[2026-08-06T12:49:51.276Z] InitialReadForge.onBeforeSend: SKIP (fr=true syn=false hasRead=true)
[2026-08-06T12:50:15.735Z] LiveUpdateForge: EndTurn fallback flush
[2026-08-06T12:50:15.736Z] onEndTurn: naturalStop=false toolCalls=17 nudgeMsg=no
[2026-08-06T12:50:15.756Z] LiveUpdateForge: AfterToolExec flush
[2026-08-06T12:50:15.919Z] InitialReadForge.onBeforeSend: SKIP (fr=true syn=false hasRead=true)
[2026-08-06T12:50:22.619Z] LiveUpdateForge: EndTurn fallback flush
[2026-08-06T12:50:22.619Z] onEndTurn: naturalStop=false toolCalls=18 nudgeMsg=no
[2026-08-06T12:50:22.641Z] LiveUpdateForge: AfterToolExec flush
[2026-08-06T12:50:22.805Z] InitialReadForge.onBeforeSend: SKIP (fr=true syn=false hasRead=true)
[2026-08-06T12:50:29.361Z] LiveUpdateForge: EndTurn fallback flush
[2026-08-06T12:50:29.362Z] onEndTurn: naturalStop=false toolCalls=19 nudgeMsg=no
[2026-08-06T12:50:42.111Z] LiveUpdateForge: AfterToolExec flush
[2026-08-06T12:50:42.327Z] InitialReadForge.onBeforeSend: SKIP (fr=true syn=false hasRead=true)
[2026-08-06T12:50:50.528Z] LiveUpdateForge: EndTurn fallback flush
[2026-08-06T12:50:50.528Z] onEndTurn: naturalStop=true toolCalls=20 nudgeMsg=no
[2026-08-06T12:53:27.540Z] ResumeDiffForge: running checkResumeConsistency
[2026-08-06T12:53:27.541Z] checkResumeConsistency: forgedTimestamps=[["project","1970-01-01T00:00:00.000Z"]]
[2026-08-06T12:53:27.547Z] checkResumeConsistency: injecting 1 diff notification(s)
[2026-08-06T12:53:27.547Z] injectForgedHistory: role=user preview="[agent-auto] [memory-update 2026-08-06 20:38:38] project memory file has been mo"
[2026-08-06T12:53:27.689Z] injectForgedHistory: recordMessage persisted
[2026-08-06T12:53:27.689Z] LiveUpdateForge: session reset, allowLiveUpdate = false
[2026-08-06T12:53:27.689Z] NudgeForge: ResumeComplete — restoring count from history
[2026-08-06T12:53:27.690Z] restoreNudgeCountFromHistory: found last write at idx=982 count=20
[2026-08-06T12:53:27.753Z] LiveUpdateForge: allowLiveUpdate = true (first real BeforeSend)
[2026-08-06T12:53:27.754Z] InitialReadForge.onBeforeSend: SKIP (fr=false syn=false hasRead=true)
[2026-08-06T12:53:39.053Z] LiveUpdateForge: EndTurn fallback flush
[2026-08-06T12:53:39.053Z] onEndTurn: naturalStop=false toolCalls=20 nudgeMsg=no
[2026-08-06T12:53:39.068Z] LiveUpdateForge: AfterToolExec flush
[2026-08-06T12:53:39.211Z] InitialReadForge.onBeforeSend: SKIP (fr=true syn=false hasRead=true)
[2026-08-06T12:53:47.501Z] LiveUpdateForge: EndTurn fallback flush
[2026-08-06T12:53:47.501Z] onEndTurn: naturalStop=false toolCalls=21 nudgeMsg=no
[2026-08-06T12:53:47.509Z] LiveUpdateForge: AfterToolExec flush
[2026-08-06T12:53:47.653Z] InitialReadForge.onBeforeSend: SKIP (fr=true syn=false hasRead=true)
[2026-08-06T12:53:58.040Z] LiveUpdateForge: EndTurn fallback flush
[2026-08-06T12:53:58.041Z] onEndTurn: naturalStop=false toolCalls=22 nudgeMsg=no
[2026-08-06T12:53:58.211Z] LiveUpdateForge: AfterToolExec flush
[2026-08-06T12:53:58.358Z] InitialReadForge.onBeforeSend: SKIP (fr=true syn=false hasRead=true)
[2026-08-06T12:54:15.885Z] LiveUpdateForge: EndTurn fallback flush
[2026-08-06T12:54:15.885Z] onEndTurn: naturalStop=false toolCalls=23 nudgeMsg=no
[2026-08-06T12:54:24.386Z] LiveUpdateForge: AfterToolExec flush
[2026-08-06T12:54:24.584Z] InitialReadForge.onBeforeSend: SKIP (fr=true syn=false hasRead=true)
[2026-08-06T12:54:30.404Z] LiveUpdateForge: EndTurn fallback flush
[2026-08-06T12:54:30.404Z] onEndTurn: naturalStop=true toolCalls=24 nudgeMsg=no
[2026-08-06T13:00:48.329Z] ResumeDiffForge: running checkResumeConsistency
[2026-08-06T13:00:48.330Z] checkResumeConsistency: forgedTimestamps=[["project","1970-01-01T00:00:00.000Z"]]
[2026-08-06T13:00:48.336Z] checkResumeConsistency: injecting 1 diff notification(s)
[2026-08-06T13:00:48.337Z] injectForgedHistory: role=user preview="[agent-auto] [memory-update 2026-08-06 20:38:38] project memory file has been mo"
[2026-08-06T13:00:48.486Z] injectForgedHistory: recordMessage persisted
[2026-08-06T13:00:48.486Z] LiveUpdateForge: session reset, allowLiveUpdate = false
[2026-08-06T13:00:48.487Z] NudgeForge: ResumeComplete — restoring count from history
[2026-08-06T13:00:48.488Z] restoreNudgeCountFromHistory: found last write at idx=982 count=24
[2026-08-06T13:00:48.549Z] LiveUpdateForge: allowLiveUpdate = true (first real BeforeSend)
[2026-08-06T13:00:48.550Z] InitialReadForge.onBeforeSend: SKIP (fr=false syn=false hasRead=true)
[2026-08-06T13:01:16.653Z] LiveUpdateForge: EndTurn fallback flush
[2026-08-06T13:01:16.653Z] onEndTurn: naturalStop=false toolCalls=24 nudgeMsg=no
[2026-08-06T13:01:16.756Z] LiveUpdateForge: AfterToolExec flush
[2026-08-06T13:01:16.901Z] InitialReadForge.onBeforeSend: SKIP (fr=true syn=false hasRead=true)
[2026-08-06T13:01:23.318Z] LiveUpdateForge: EndTurn fallback flush
[2026-08-06T13:01:23.318Z] onEndTurn: naturalStop=false toolCalls=25 nudgeMsg=no
[2026-08-06T13:01:23.409Z] LiveUpdateForge: AfterToolExec flush
[2026-08-06T13:01:23.553Z] InitialReadForge.onBeforeSend: SKIP (fr=true syn=false hasRead=true)
[2026-08-06T13:01:44.845Z] LiveUpdateForge: EndTurn fallback flush
[2026-08-06T13:01:44.845Z] onEndTurn: naturalStop=false toolCalls=26 nudgeMsg=no
[2026-08-06T13:01:44.852Z] LiveUpdateForge: AfterToolExec flush
[2026-08-06T13:01:44.997Z] InitialReadForge.onBeforeSend: SKIP (fr=true syn=false hasRead=true)
[2026-08-06T13:01:54.386Z] LiveUpdateForge: EndTurn fallback flush
[2026-08-06T13:01:54.386Z] onEndTurn: naturalStop=false toolCalls=27 nudgeMsg=no
[2026-08-06T13:01:54.393Z] LiveUpdateForge: AfterToolExec flush
[2026-08-06T13:01:54.536Z] InitialReadForge.onBeforeSend: SKIP (fr=true syn=false hasRead=true)
[2026-08-06T13:02:00.973Z] LiveUpdateForge: EndTurn fallback flush
[2026-08-06T13:02:00.974Z] onEndTurn: naturalStop=false toolCalls=28 nudgeMsg=no
[2026-08-06T13:02:00.980Z] LiveUpdateForge: AfterToolExec flush
[2026-08-06T13:02:01.120Z] InitialReadForge.onBeforeSend: SKIP (fr=true syn=false hasRead=true)
[2026-08-06T13:02:12.050Z] LiveUpdateForge: EndTurn fallback flush
[2026-08-06T13:02:12.051Z] onEndTurn: naturalStop=false toolCalls=29 nudgeMsg=no
[2026-08-06T13:02:12.220Z] LiveUpdateForge: AfterToolExec flush
[2026-08-06T13:02:12.364Z] InitialReadForge.onBeforeSend: SKIP (fr=true syn=false hasRead=true)
[2026-08-06T13:02:54.721Z] LiveUpdateForge: EndTurn fallback flush
[2026-08-06T13:02:54.721Z] onEndTurn: naturalStop=false toolCalls=30 nudgeMsg=no
[2026-08-06T13:03:03.796Z] LiveUpdateForge: AfterToolExec flush
[2026-08-06T13:03:03.952Z] InitialReadForge.onBeforeSend: SKIP (fr=true syn=false hasRead=true)
[2026-08-06T13:04:09.424Z] LiveUpdateForge: EndTurn fallback flush
[2026-08-06T13:04:09.424Z] onEndTurn: naturalStop=true toolCalls=31 nudgeMsg=no
[2026-08-06T13:05:32.947Z] ResumeDiffForge: running checkResumeConsistency
[2026-08-06T13:05:32.948Z] checkResumeConsistency: forgedTimestamps=[["project","1970-01-01T00:00:00.000Z"]]
[2026-08-06T13:05:32.957Z] checkResumeConsistency: injecting 1 diff notification(s)
[2026-08-06T13:05:32.957Z] injectForgedHistory: role=user preview="[agent-auto] [memory-update 2026-08-06 20:38:38] project memory file has been mo"
[2026-08-06T13:05:33.101Z] injectForgedHistory: recordMessage persisted
[2026-08-06T13:05:33.102Z] LiveUpdateForge: session reset, allowLiveUpdate = false
[2026-08-06T13:05:33.102Z] NudgeForge: ResumeComplete — restoring count from history
[2026-08-06T13:05:33.103Z] restoreNudgeCountFromHistory: found last write at idx=982 count=31
[2026-08-06T13:05:33.167Z] LiveUpdateForge: allowLiveUpdate = true (first real BeforeSend)
[2026-08-06T13:05:33.168Z] InitialReadForge.onBeforeSend: SKIP (fr=false syn=false hasRead=true)
[2026-08-06T13:05:55.572Z] LiveUpdateForge: EndTurn fallback flush
[2026-08-06T13:05:55.572Z] onEndTurn: naturalStop=false toolCalls=31 nudgeMsg=no
[2026-08-06T13:05:55.659Z] LiveUpdateForge: AfterToolExec flush
[2026-08-06T13:05:55.819Z] InitialReadForge.onBeforeSend: SKIP (fr=true syn=false hasRead=true)
[2026-08-06T13:06:20.213Z] LiveUpdateForge: EndTurn fallback flush
[2026-08-06T13:06:20.214Z] onEndTurn: naturalStop=false toolCalls=32 nudgeMsg=no
[2026-08-06T13:06:20.393Z] LiveUpdateForge: AfterToolExec flush
[2026-08-06T13:06:20.538Z] InitialReadForge.onBeforeSend: SKIP (fr=true syn=false hasRead=true)
[2026-08-06T13:06:30.313Z] LiveUpdateForge: EndTurn fallback flush
[2026-08-06T13:06:30.314Z] onEndTurn: naturalStop=false toolCalls=33 nudgeMsg=no
[2026-08-06T13:06:30.515Z] LiveUpdateForge: AfterToolExec flush
[2026-08-06T13:06:30.661Z] InitialReadForge.onBeforeSend: SKIP (fr=true syn=false hasRead=true)
[2026-08-06T13:06:39.400Z] LiveUpdateForge: EndTurn fallback flush
[2026-08-06T13:06:39.400Z] onEndTurn: naturalStop=false toolCalls=34 nudgeMsg=no
[2026-08-06T13:06:39.423Z] LiveUpdateForge: AfterToolExec flush
[2026-08-06T13:06:39.589Z] InitialReadForge.onBeforeSend: SKIP (fr=true syn=false hasRead=true)
[2026-08-06T13:06:47.663Z] LiveUpdateForge: EndTurn fallback flush
[2026-08-06T13:06:47.664Z] onEndTurn: naturalStop=false toolCalls=35 nudgeMsg=no
[2026-08-06T13:06:47.731Z] LiveUpdateForge: AfterToolExec flush
[2026-08-06T13:06:47.876Z] InitialReadForge.onBeforeSend: SKIP (fr=true syn=false hasRead=true)
[2026-08-06T13:06:54.372Z] LiveUpdateForge: EndTurn fallback flush
[2026-08-06T13:06:54.372Z] onEndTurn: naturalStop=false toolCalls=36 nudgeMsg=no
[2026-08-06T13:06:54.536Z] LiveUpdateForge: AfterToolExec flush
[2026-08-06T13:06:54.685Z] InitialReadForge.onBeforeSend: SKIP (fr=true syn=false hasRead=true)
[2026-08-06T13:07:02.418Z] LiveUpdateForge: EndTurn fallback flush
[2026-08-06T13:07:02.418Z] onEndTurn: naturalStop=false toolCalls=37 nudgeMsg=no
[2026-08-06T13:07:02.486Z] LiveUpdateForge: AfterToolExec flush
[2026-08-06T13:07:02.639Z] InitialReadForge.onBeforeSend: SKIP (fr=true syn=false hasRead=true)
[2026-08-06T13:07:37.014Z] LiveUpdateForge: EndTurn fallback flush
[2026-08-06T13:07:37.014Z] onEndTurn: naturalStop=false toolCalls=38 nudgeMsg=no
[2026-08-06T13:07:37.038Z] LiveUpdateForge: AfterToolExec flush
[2026-08-06T13:07:37.181Z] InitialReadForge.onBeforeSend: SKIP (fr=true syn=false hasRead=true)
[2026-08-06T13:07:43.168Z] LiveUpdateForge: EndTurn fallback flush
[2026-08-06T13:07:43.168Z] onEndTurn: naturalStop=false toolCalls=39 nudgeMsg=no
[2026-08-06T13:07:52.243Z] LiveUpdateForge: AfterToolExec flush
[2026-08-06T13:07:52.430Z] InitialReadForge.onBeforeSend: SKIP (fr=true syn=false hasRead=true)
[2026-08-06T13:07:57.928Z] LiveUpdateForge: EndTurn fallback flush
[2026-08-06T13:07:57.928Z] onEndTurn: naturalStop=true toolCalls=40 nudgeMsg=no
[2026-08-06T13:12:39.081Z] ResumeDiffForge: running checkResumeConsistency
[2026-08-06T13:12:39.081Z] checkResumeConsistency: forgedTimestamps=[["project","1970-01-01T00:00:00.000Z"]]
[2026-08-06T13:12:39.089Z] checkResumeConsistency: injecting 1 diff notification(s)
[2026-08-06T13:12:39.089Z] injectForgedHistory: role=user preview="[agent-auto] [memory-update 2026-08-06 20:38:38] project memory file has been mo"
[2026-08-06T13:12:39.233Z] injectForgedHistory: recordMessage persisted
[2026-08-06T13:12:39.234Z] LiveUpdateForge: session reset, allowLiveUpdate = false
[2026-08-06T13:12:39.234Z] NudgeForge: ResumeComplete — restoring count from history
[2026-08-06T13:12:39.235Z] restoreNudgeCountFromHistory: found last write at idx=982 count=40
[2026-08-06T13:12:39.297Z] LiveUpdateForge: allowLiveUpdate = true (first real BeforeSend)
[2026-08-06T13:12:39.298Z] InitialReadForge.onBeforeSend: SKIP (fr=false syn=false hasRead=true)
[2026-08-06T13:15:08.308Z] LiveUpdateForge: EndTurn fallback flush
[2026-08-06T13:15:08.309Z] onEndTurn: naturalStop=false toolCalls=40 nudgeMsg=no
[2026-08-06T13:15:08.326Z] LiveUpdateForge: AfterToolExec flush
[2026-08-06T13:15:08.478Z] InitialReadForge.onBeforeSend: SKIP (fr=true syn=false hasRead=true)
[2026-08-06T13:15:23.081Z] LiveUpdateForge: EndTurn fallback flush
[2026-08-06T13:15:23.081Z] onEndTurn: naturalStop=false toolCalls=41 nudgeMsg=no
[2026-08-06T13:15:26.835Z] LiveUpdateForge: AfterToolExec flush
[2026-08-06T13:15:27.017Z] InitialReadForge.onBeforeSend: SKIP (fr=true syn=false hasRead=true)
[2026-08-06T13:15:34.284Z] LiveUpdateForge: EndTurn fallback flush
[2026-08-06T13:15:34.285Z] onEndTurn: naturalStop=false toolCalls=42 nudgeMsg=no
[2026-08-06T13:15:34.293Z] LiveUpdateForge: AfterToolExec flush
[2026-08-06T13:15:34.440Z] InitialReadForge.onBeforeSend: SKIP (fr=true syn=false hasRead=true)
[2026-08-06T13:15:40.919Z] LiveUpdateForge: EndTurn fallback flush
[2026-08-06T13:15:40.919Z] onEndTurn: naturalStop=false toolCalls=43 nudgeMsg=no
[2026-08-06T13:15:40.928Z] LiveUpdateForge: AfterToolExec flush
[2026-08-06T13:15:41.087Z] InitialReadForge.onBeforeSend: SKIP (fr=true syn=false hasRead=true)
[2026-08-06T13:16:31.239Z] LiveUpdateForge: EndTurn fallback flush
[2026-08-06T13:16:31.240Z] onEndTurn: naturalStop=false toolCalls=44 nudgeMsg=no
[2026-08-06T13:16:31.253Z] LiveUpdateForge: AfterToolExec flush
[2026-08-06T13:16:31.422Z] InitialReadForge.onBeforeSend: SKIP (fr=true syn=false hasRead=true)
[2026-08-06T13:16:39.438Z] LiveUpdateForge: EndTurn fallback flush
[2026-08-06T13:16:39.438Z] onEndTurn: naturalStop=false toolCalls=45 nudgeMsg=no
[2026-08-06T13:16:48.003Z] LiveUpdateForge: AfterToolExec flush
[2026-08-06T13:16:48.151Z] InitialReadForge.onBeforeSend: SKIP (fr=true syn=false hasRead=true)
[2026-08-06T13:16:55.635Z] LiveUpdateForge: EndTurn fallback flush
[2026-08-06T13:16:55.636Z] onEndTurn: naturalStop=false toolCalls=46 nudgeMsg=no
[2026-08-06T13:16:58.787Z] LiveUpdateForge: AfterToolExec flush
[2026-08-06T13:16:58.945Z] InitialReadForge.onBeforeSend: SKIP (fr=true syn=false hasRead=true)
[2026-08-06T13:17:07.372Z] LiveUpdateForge: EndTurn fallback flush
[2026-08-06T13:17:07.373Z] onEndTurn: naturalStop=false toolCalls=47 nudgeMsg=no
[2026-08-06T13:17:07.903Z] LiveUpdateForge: AfterToolExec flush
[2026-08-06T13:17:08.053Z] InitialReadForge.onBeforeSend: SKIP (fr=true syn=false hasRead=true)
[2026-08-06T13:17:21.661Z] LiveUpdateForge: EndTurn fallback flush
[2026-08-06T13:17:21.661Z] onEndTurn: naturalStop=false toolCalls=48 nudgeMsg=no
[2026-08-06T13:17:21.964Z] LiveUpdateForge: AfterToolExec flush
[2026-08-06T13:17:22.113Z] InitialReadForge.onBeforeSend: SKIP (fr=true syn=false hasRead=true)
[2026-08-06T13:17:32.178Z] LiveUpdateForge: EndTurn fallback flush
[2026-08-06T13:17:32.178Z] onEndTurn: naturalStop=false toolCalls=49 nudgeMsg=no
[2026-08-06T13:17:32.723Z] LiveUpdateForge: AfterToolExec flush
[2026-08-06T13:17:32.874Z] InitialReadForge.onBeforeSend: SKIP (fr=true syn=false hasRead=true)
[2026-08-06T13:17:40.055Z] LiveUpdateForge: EndTurn fallback flush
[2026-08-06T13:17:40.055Z] onEndTurn: naturalStop=false toolCalls=50 nudgeMsg=no
[2026-08-06T13:17:40.063Z] LiveUpdateForge: AfterToolExec flush
[2026-08-06T13:17:40.212Z] InitialReadForge.onBeforeSend: SKIP (fr=true syn=false hasRead=true)
[2026-08-06T13:17:49.057Z] LiveUpdateForge: EndTurn fallback flush
[2026-08-06T13:17:49.057Z] onEndTurn: naturalStop=false toolCalls=51 nudgeMsg=no
[2026-08-06T13:17:49.237Z] LiveUpdateForge: AfterToolExec flush
[2026-08-06T13:17:49.400Z] InitialReadForge.onBeforeSend: SKIP (fr=true syn=false hasRead=true)
[2026-08-06T13:18:05.131Z] LiveUpdateForge: EndTurn fallback flush
[2026-08-06T13:18:05.131Z] onEndTurn: naturalStop=false toolCalls=52 nudgeMsg=no
[2026-08-06T13:18:15.463Z] LiveUpdateForge: AfterToolExec flush
[2026-08-06T13:18:15.621Z] InitialReadForge.onBeforeSend: SKIP (fr=true syn=false hasRead=true)
[2026-08-06T13:18:21.481Z] LiveUpdateForge: EndTurn fallback flush
[2026-08-06T13:18:21.482Z] onEndTurn: naturalStop=false toolCalls=53 nudgeMsg=no
[2026-08-06T13:18:30.238Z] LiveUpdateForge: AfterToolExec flush
[2026-08-06T13:18:30.416Z] InitialReadForge.onBeforeSend: SKIP (fr=true syn=false hasRead=true)
[2026-08-06T13:18:46.230Z] LiveUpdateForge: EndTurn fallback flush
[2026-08-06T13:18:46.231Z] onEndTurn: naturalStop=false toolCalls=54 nudgeMsg=no
[2026-08-06T13:18:49.644Z] LiveUpdateForge: AfterToolExec flush
[2026-08-06T13:18:49.868Z] InitialReadForge.onBeforeSend: SKIP (fr=true syn=false hasRead=true)
[2026-08-06T13:18:56.593Z] LiveUpdateForge: EndTurn fallback flush
[2026-08-06T13:18:56.593Z] onEndTurn: naturalStop=false toolCalls=55 nudgeMsg=no
[2026-08-06T13:18:56.606Z] LiveUpdateForge: AfterToolExec flush
[2026-08-06T13:18:56.806Z] InitialReadForge.onBeforeSend: SKIP (fr=true syn=false hasRead=true)
[2026-08-06T13:23:25.015Z] ResumeDiffForge: running checkResumeConsistency
[2026-08-06T13:23:25.016Z] checkResumeConsistency: forgedTimestamps=[["project","1970-01-01T00:00:00.000Z"]]
[2026-08-06T13:23:25.023Z] checkResumeConsistency: injecting 1 diff notification(s)
[2026-08-06T13:23:25.023Z] injectForgedHistory: role=user preview="[agent-auto] [memory-update 2026-08-06 20:38:38] project memory file has been mo"
[2026-08-06T13:23:25.167Z] injectForgedHistory: recordMessage persisted
[2026-08-06T13:23:25.167Z] LiveUpdateForge: session reset, allowLiveUpdate = false
[2026-08-06T13:23:25.168Z] NudgeForge: ResumeComplete — restoring count from history
[2026-08-06T13:23:25.168Z] restoreNudgeCountFromHistory: found last write at idx=982 count=56
[2026-08-06T13:23:25.232Z] LiveUpdateForge: allowLiveUpdate = true (first real BeforeSend)
[2026-08-06T13:23:25.232Z] InitialReadForge.onBeforeSend: SKIP (fr=false syn=false hasRead=true)
[2026-08-06T13:23:33.435Z] ResumeDiffForge: running checkResumeConsistency
[2026-08-06T13:23:33.435Z] checkResumeConsistency: forgedTimestamps=[["project","1970-01-01T00:00:00.000Z"]]
[2026-08-06T13:23:33.443Z] checkResumeConsistency: injecting 1 diff notification(s)
[2026-08-06T13:23:33.443Z] injectForgedHistory: role=user preview="[agent-auto] [memory-update 2026-08-06 20:38:38] project memory file has been mo"
[2026-08-06T13:23:33.579Z] injectForgedHistory: recordMessage persisted
[2026-08-06T13:23:33.579Z] LiveUpdateForge: session reset, allowLiveUpdate = false
[2026-08-06T13:23:33.580Z] NudgeForge: ResumeComplete — restoring count from history
[2026-08-06T13:23:33.580Z] restoreNudgeCountFromHistory: found last write at idx=982 count=56
[2026-08-06T13:23:33.639Z] LiveUpdateForge: allowLiveUpdate = true (first real BeforeSend)
[2026-08-06T13:23:33.640Z] InitialReadForge.onBeforeSend: SKIP (fr=false syn=false hasRead=true)
[2026-08-06T13:24:44.860Z] LiveUpdateForge: EndTurn fallback flush
[2026-08-06T13:24:44.860Z] onEndTurn: naturalStop=false toolCalls=56 nudgeMsg=no
[2026-08-06T13:24:45.091Z] LiveUpdateForge: AfterToolExec flush
[2026-08-06T13:24:45.292Z] InitialReadForge.onBeforeSend: SKIP (fr=true syn=false hasRead=true)
[2026-08-06T13:24:52.669Z] LiveUpdateForge: EndTurn fallback flush
[2026-08-06T13:24:52.670Z] onEndTurn: naturalStop=false toolCalls=57 nudgeMsg=no
[2026-08-06T13:24:52.890Z] LiveUpdateForge: AfterToolExec flush
[2026-08-06T13:24:53.063Z] InitialReadForge.onBeforeSend: SKIP (fr=true syn=false hasRead=true)
[2026-08-06T13:25:03.376Z] LiveUpdateForge: EndTurn fallback flush
[2026-08-06T13:25:03.376Z] onEndTurn: naturalStop=false toolCalls=58 nudgeMsg=no
[2026-08-06T13:25:03.383Z] LiveUpdateForge: AfterToolExec flush
[2026-08-06T13:25:03.527Z] InitialReadForge.onBeforeSend: SKIP (fr=true syn=false hasRead=true)
[2026-08-06T13:26:07.664Z] LiveUpdateForge: EndTurn fallback flush
[2026-08-06T13:26:07.664Z] onEndTurn: naturalStop=false toolCalls=59 nudgeMsg=no
[2026-08-06T13:26:07.673Z] LiveUpdateForge: AfterToolExec flush
[2026-08-06T13:26:07.873Z] InitialReadForge.onBeforeSend: SKIP (fr=true syn=false hasRead=true)
[2026-08-06T13:26:29.361Z] LiveUpdateForge: EndTurn fallback flush
[2026-08-06T13:26:29.361Z] onEndTurn: naturalStop=false toolCalls=60 nudgeMsg=no
[2026-08-06T13:26:33.126Z] LiveUpdateForge: AfterToolExec flush
[2026-08-06T13:26:33.301Z] InitialReadForge.onBeforeSend: SKIP (fr=true syn=false hasRead=true)
[2026-08-06T13:26:57.561Z] LiveUpdateForge: EndTurn fallback flush
[2026-08-06T13:26:57.561Z] onEndTurn: naturalStop=true toolCalls=0 nudgeMsg=YES
[2026-08-06T13:26:57.567Z] InitialReadForge.onBeforeSend: SKIP (fr=false syn=false hasRead=true)
[2026-08-06T13:27:15.673Z] LiveUpdateForge: EndTurn fallback flush
[2026-08-06T13:27:15.674Z] onEndTurn: naturalStop=false toolCalls=0 nudgeMsg=no
[2026-08-06T13:27:15.690Z] LiveUpdateForge: self-write on D:\Unity\E1\CODELY.md, baseline aligned
[2026-08-06T13:27:15.690Z] LiveUpdateForge: AfterToolExec flush
[2026-08-06T13:27:15.868Z] InitialReadForge.onBeforeSend: SKIP (fr=true syn=false hasRead=true)
[2026-08-06T13:27:45.086Z] LiveUpdateForge: EndTurn fallback flush
[2026-08-06T13:27:45.087Z] onEndTurn: naturalStop=true toolCalls=0 nudgeMsg=no
[2026-08-06T13:32:52.291Z] ResumeDiffForge: running checkResumeConsistency
[2026-08-06T13:32:52.291Z] checkResumeConsistency: forgedTimestamps=[["project","1970-01-01T00:00:00.000Z"]]
[2026-08-06T13:32:52.297Z] checkResumeConsistency: injecting 1 diff notification(s)
[2026-08-06T13:32:52.298Z] injectForgedHistory: role=user preview="[agent-auto] [memory-update 2026-08-06 21:27:15] project memory file has been mo"
[2026-08-06T13:32:52.449Z] injectForgedHistory: recordMessage persisted
[2026-08-06T13:32:52.449Z] LiveUpdateForge: session reset, allowLiveUpdate = false
[2026-08-06T13:32:52.450Z] NudgeForge: ResumeComplete — restoring count from history
[2026-08-06T13:32:52.450Z] restoreNudgeCountFromHistory: found last write at idx=1133 count=0
[2026-08-06T13:32:52.516Z] LiveUpdateForge: allowLiveUpdate = true (first real BeforeSend)
[2026-08-06T13:32:52.517Z] InitialReadForge.onBeforeSend: SKIP (fr=false syn=false hasRead=true)
[2026-08-06T13:33:59.185Z] LiveUpdateForge: EndTurn fallback flush
[2026-08-06T13:33:59.185Z] onEndTurn: naturalStop=false toolCalls=0 nudgeMsg=no
[2026-08-06T13:33:59.198Z] LiveUpdateForge: AfterToolExec flush
[2026-08-06T13:33:59.351Z] InitialReadForge.onBeforeSend: SKIP (fr=true syn=false hasRead=true)
[2026-08-06T13:34:09.103Z] LiveUpdateForge: EndTurn fallback flush
[2026-08-06T13:34:09.103Z] onEndTurn: naturalStop=false toolCalls=1 nudgeMsg=no
[2026-08-06T13:34:09.273Z] LiveUpdateForge: AfterToolExec flush
[2026-08-06T13:34:09.423Z] InitialReadForge.onBeforeSend: SKIP (fr=true syn=false hasRead=true)
[2026-08-06T13:34:17.019Z] LiveUpdateForge: EndTurn fallback flush
[2026-08-06T13:34:17.019Z] onEndTurn: naturalStop=false toolCalls=2 nudgeMsg=no
[2026-08-06T13:34:17.028Z] LiveUpdateForge: AfterToolExec flush
[2026-08-06T13:34:17.257Z] InitialReadForge.onBeforeSend: SKIP (fr=true syn=false hasRead=true)
[2026-08-06T13:34:24.729Z] LiveUpdateForge: EndTurn fallback flush
[2026-08-06T13:34:24.730Z] onEndTurn: naturalStop=false toolCalls=3 nudgeMsg=no
[2026-08-06T13:34:24.962Z] LiveUpdateForge: AfterToolExec flush
[2026-08-06T13:34:25.138Z] InitialReadForge.onBeforeSend: SKIP (fr=true syn=false hasRead=true)
[2026-08-06T13:34:31.843Z] LiveUpdateForge: EndTurn fallback flush
[2026-08-06T13:34:31.844Z] onEndTurn: naturalStop=false toolCalls=4 nudgeMsg=no
[2026-08-06T13:34:31.852Z] LiveUpdateForge: AfterToolExec flush
[2026-08-06T13:34:32.073Z] InitialReadForge.onBeforeSend: SKIP (fr=true syn=false hasRead=true)
[2026-08-06T13:34:39.413Z] LiveUpdateForge: EndTurn fallback flush
[2026-08-06T13:34:39.414Z] onEndTurn: naturalStop=false toolCalls=5 nudgeMsg=no
[2026-08-06T13:34:39.618Z] InitialReadForge.onBeforeSend: SKIP (fr=true syn=false hasRead=true)
[2026-08-06T13:34:47.483Z] LiveUpdateForge: EndTurn fallback flush
[2026-08-06T13:34:47.484Z] onEndTurn: naturalStop=false toolCalls=5 nudgeMsg=no
[2026-08-06T13:34:47.487Z] LiveUpdateForge: AfterToolExec flush
[2026-08-06T13:34:47.687Z] InitialReadForge.onBeforeSend: SKIP (fr=true syn=false hasRead=true)
[2026-08-06T13:34:54.305Z] LiveUpdateForge: EndTurn fallback flush
[2026-08-06T13:34:54.305Z] onEndTurn: naturalStop=false toolCalls=6 nudgeMsg=no
[2026-08-06T13:34:54.518Z] LiveUpdateForge: AfterToolExec flush
[2026-08-06T13:34:54.683Z] InitialReadForge.onBeforeSend: SKIP (fr=true syn=false hasRead=true)
[2026-08-06T13:35:02.332Z] LiveUpdateForge: EndTurn fallback flush
[2026-08-06T13:35:02.333Z] onEndTurn: naturalStop=false toolCalls=7 nudgeMsg=no
[2026-08-06T13:35:02.339Z] LiveUpdateForge: AfterToolExec flush
[2026-08-06T13:35:02.482Z] InitialReadForge.onBeforeSend: SKIP (fr=true syn=false hasRead=true)
[2026-08-06T13:35:10.301Z] LiveUpdateForge: EndTurn fallback flush
[2026-08-06T13:35:10.301Z] onEndTurn: naturalStop=false toolCalls=8 nudgeMsg=no
[2026-08-06T13:35:10.477Z] LiveUpdateForge: AfterToolExec flush
[2026-08-06T13:35:10.630Z] InitialReadForge.onBeforeSend: SKIP (fr=true syn=false hasRead=true)
[2026-08-06T13:35:17.603Z] LiveUpdateForge: EndTurn fallback flush
[2026-08-06T13:35:17.603Z] onEndTurn: naturalStop=false toolCalls=9 nudgeMsg=no
[2026-08-06T13:35:27.045Z] LiveUpdateForge: AfterToolExec flush
[2026-08-06T13:35:27.235Z] InitialReadForge.onBeforeSend: SKIP (fr=true syn=false hasRead=true)
[2026-08-06T13:35:38.551Z] LiveUpdateForge: EndTurn fallback flush
[2026-08-06T13:35:38.552Z] onEndTurn: naturalStop=true toolCalls=10 nudgeMsg=no
[2026-08-06T13:43:28.624Z] MemoryForge: attached 5 listener(s)
[2026-08-06T13:43:28.625Z] InitialReadForge: armed one-shot BeforeSend after NewSessionStart
[2026-08-06T13:43:28.625Z] LiveUpdateForge: session reset, allowLiveUpdate = false
[2026-08-06T13:43:30.658Z] LiveUpdateForge: session reset, allowLiveUpdate = false
[2026-08-06T13:43:30.696Z] ResumeDiffForge: running checkResumeConsistency
[2026-08-06T13:43:30.697Z] checkResumeConsistency: forgedTimestamps=[["project","1970-01-01T00:00:00.000Z"]]
[2026-08-06T13:43:30.703Z] checkResumeConsistency: injecting 1 diff notification(s)
[2026-08-06T13:43:30.703Z] injectForgedHistory: role=user preview="[agent-auto] [memory-update 2026-08-06 21:27:15] project memory file has been mo"
[2026-08-06T13:43:30.704Z] injectForgedHistory: recordMessage persisted
[2026-08-06T13:43:30.704Z] LiveUpdateForge: session reset, allowLiveUpdate = false
[2026-08-06T13:43:30.704Z] NudgeForge: ResumeComplete — restoring count from history
[2026-08-06T13:43:30.704Z] restoreNudgeCountFromHistory: found last write at idx=1133 count=11
[2026-08-06T13:43:32.205Z] ResumeDiffForge: running checkResumeConsistency
[2026-08-06T13:43:32.205Z] checkResumeConsistency: forgedTimestamps=[["project","1970-01-01T00:00:00.000Z"]]
[2026-08-06T13:43:32.216Z] checkResumeConsistency: injecting 1 diff notification(s)
[2026-08-06T13:43:32.216Z] injectForgedHistory: role=user preview="[agent-auto] [memory-update 2026-08-06 21:27:15] project memory file has been mo"
[2026-08-06T13:43:32.368Z] injectForgedHistory: recordMessage persisted
[2026-08-06T13:43:32.368Z] LiveUpdateForge: session reset, allowLiveUpdate = false
[2026-08-06T13:43:32.369Z] NudgeForge: ResumeComplete — restoring count from history
[2026-08-06T13:43:32.369Z] restoreNudgeCountFromHistory: found last write at idx=1133 count=11
[2026-08-06T13:43:32.642Z] ResumeDiffForge: running checkResumeConsistency
[2026-08-06T13:43:32.643Z] checkResumeConsistency: forgedTimestamps=[["project","1970-01-01T00:00:00.000Z"]]
[2026-08-06T13:43:32.648Z] checkResumeConsistency: injecting 1 diff notification(s)
[2026-08-06T13:43:32.649Z] injectForgedHistory: role=user preview="[agent-auto] [memory-update 2026-08-06 21:27:15] project memory file has been mo"
[2026-08-06T13:43:32.800Z] injectForgedHistory: recordMessage persisted
[2026-08-06T13:43:32.800Z] LiveUpdateForge: session reset, allowLiveUpdate = false
[2026-08-06T13:43:32.801Z] NudgeForge: ResumeComplete — restoring count from history
[2026-08-06T13:43:32.801Z] restoreNudgeCountFromHistory: found last write at idx=1133 count=11
[2026-08-06T13:43:36.258Z] MemoryForge: attached 5 listener(s)
[2026-08-06T13:43:36.259Z] InitialReadForge: armed one-shot BeforeSend after NewSessionStart
[2026-08-06T13:43:36.259Z] LiveUpdateForge: session reset, allowLiveUpdate = false
[2026-08-06T13:43:36.269Z] MemoryForge: detached all listeners
[2026-08-06T13:43:36.269Z] ResumeDiffForge: running checkResumeConsistency
[2026-08-06T13:43:36.270Z] checkResumeConsistency: forgedTimestamps=[["project","1970-01-01T00:00:00.000Z"]]
[2026-08-06T13:43:36.449Z] checkResumeConsistency: injecting 1 diff notification(s)
[2026-08-06T13:43:36.449Z] injectForgedHistory: role=user preview="[agent-auto] [memory-update 2026-08-06 21:27:15] project memory file has been mo"
[2026-08-06T13:43:36.595Z] injectForgedHistory: recordMessage persisted
[2026-08-06T13:43:36.595Z] LiveUpdateForge: session reset, allowLiveUpdate = false
[2026-08-06T13:43:36.595Z] NudgeForge: ResumeComplete — restoring count from history
[2026-08-06T13:43:36.596Z] restoreNudgeCountFromHistory: found last write at idx=1133 count=11
[2026-08-06T13:43:36.611Z] LiveUpdateForge: allowLiveUpdate = true (first real BeforeSend)
[2026-08-06T13:43:36.612Z] InitialReadForge.onBeforeSend: SKIP (fr=false syn=false hasRead=true)
[2026-08-06T13:44:22.012Z] ResumeDiffForge: running checkResumeConsistency
[2026-08-06T13:44:22.013Z] checkResumeConsistency: forgedTimestamps=[["project","1970-01-01T00:00:00.000Z"]]
[2026-08-06T13:44:22.020Z] checkResumeConsistency: injecting 1 diff notification(s)
[2026-08-06T13:44:22.020Z] injectForgedHistory: role=user preview="[agent-auto] [memory-update 2026-08-06 21:27:15] project memory file has been mo"
[2026-08-06T13:44:22.181Z] injectForgedHistory: recordMessage persisted
[2026-08-06T13:44:22.182Z] LiveUpdateForge: session reset, allowLiveUpdate = false
[2026-08-06T13:44:22.182Z] NudgeForge: ResumeComplete — restoring count from history
[2026-08-06T13:44:22.183Z] restoreNudgeCountFromHistory: found last write at idx=1133 count=11
[2026-08-06T13:44:22.257Z] LiveUpdateForge: allowLiveUpdate = true (first real BeforeSend)
[2026-08-06T13:44:22.257Z] InitialReadForge.onBeforeSend: SKIP (fr=false syn=false hasRead=true)
[2026-08-06T13:44:32.831Z] ResumeDiffForge: running checkResumeConsistency
[2026-08-06T13:44:32.832Z] checkResumeConsistency: forgedTimestamps=[["project","1970-01-01T00:00:00.000Z"]]
[2026-08-06T13:44:32.839Z] checkResumeConsistency: injecting 1 diff notification(s)
[2026-08-06T13:44:32.840Z] injectForgedHistory: role=user preview="[agent-auto] [memory-update 2026-08-06 21:27:15] project memory file has been mo"
[2026-08-06T13:44:33.059Z] injectForgedHistory: recordMessage persisted
[2026-08-06T13:44:33.059Z] LiveUpdateForge: session reset, allowLiveUpdate = false
[2026-08-06T13:44:33.059Z] NudgeForge: ResumeComplete — restoring count from history
[2026-08-06T13:44:33.060Z] restoreNudgeCountFromHistory: found last write at idx=1133 count=11
[2026-08-06T13:44:33.133Z] LiveUpdateForge: allowLiveUpdate = true (first real BeforeSend)
[2026-08-06T13:44:33.134Z] InitialReadForge.onBeforeSend: SKIP (fr=false syn=false hasRead=true)
[2026-08-06T13:45:20.796Z] LiveUpdateForge: EndTurn fallback flush
[2026-08-06T13:45:20.796Z] onEndTurn: naturalStop=true toolCalls=11 nudgeMsg=no
[2026-08-06T13:57:12.242Z] MemoryForge: attached 5 listener(s)
[2026-08-06T13:57:12.243Z] InitialReadForge: armed one-shot BeforeSend after NewSessionStart
[2026-08-06T13:57:12.243Z] LiveUpdateForge: session reset, allowLiveUpdate = false
[2026-08-06T13:57:14.789Z] LiveUpdateForge: session reset, allowLiveUpdate = false
[2026-08-06T13:57:14.839Z] ResumeDiffForge: running checkResumeConsistency
[2026-08-06T13:57:14.840Z] checkResumeConsistency: forgedTimestamps=[["project","1970-01-01T00:00:00.000Z"]]
[2026-08-06T13:57:14.846Z] checkResumeConsistency: injecting 1 diff notification(s)
[2026-08-06T13:57:14.847Z] injectForgedHistory: role=user preview="[agent-auto] [memory-update 2026-08-06 21:27:15] project memory file has been mo"
[2026-08-06T13:57:14.847Z] injectForgedHistory: recordMessage persisted
[2026-08-06T13:57:14.848Z] LiveUpdateForge: session reset, allowLiveUpdate = false
[2026-08-06T13:57:14.848Z] NudgeForge: ResumeComplete — restoring count from history
[2026-08-06T13:57:14.849Z] restoreNudgeCountFromHistory: found last write at idx=1133 count=11
[2026-08-06T13:57:15.395Z] ResumeDiffForge: running checkResumeConsistency
[2026-08-06T13:57:15.395Z] checkResumeConsistency: forgedTimestamps=[["project","1970-01-01T00:00:00.000Z"]]
[2026-08-06T13:57:15.414Z] checkResumeConsistency: injecting 1 diff notification(s)
[2026-08-06T13:57:15.414Z] injectForgedHistory: role=user preview="[agent-auto] [memory-update 2026-08-06 21:27:15] project memory file has been mo"
[2026-08-06T13:57:15.588Z] injectForgedHistory: recordMessage persisted
[2026-08-06T13:57:15.589Z] LiveUpdateForge: session reset, allowLiveUpdate = false
[2026-08-06T13:57:15.589Z] NudgeForge: ResumeComplete — restoring count from history
[2026-08-06T13:57:15.590Z] restoreNudgeCountFromHistory: found last write at idx=1133 count=11
[2026-08-06T13:57:15.902Z] ResumeDiffForge: running checkResumeConsistency
[2026-08-06T13:57:15.903Z] checkResumeConsistency: forgedTimestamps=[["project","1970-01-01T00:00:00.000Z"]]
[2026-08-06T13:57:15.917Z] checkResumeConsistency: injecting 1 diff notification(s)
[2026-08-06T13:57:15.917Z] injectForgedHistory: role=user preview="[agent-auto] [memory-update 2026-08-06 21:27:15] project memory file has been mo"
[2026-08-06T13:57:16.087Z] injectForgedHistory: recordMessage persisted
[2026-08-06T13:57:16.088Z] LiveUpdateForge: session reset, allowLiveUpdate = false
[2026-08-06T13:57:16.088Z] NudgeForge: ResumeComplete — restoring count from history
[2026-08-06T13:57:16.089Z] restoreNudgeCountFromHistory: found last write at idx=1133 count=11
[2026-08-06T13:57:20.710Z] MemoryForge: attached 5 listener(s)
[2026-08-06T13:57:20.710Z] InitialReadForge: armed one-shot BeforeSend after NewSessionStart
[2026-08-06T13:57:20.711Z] LiveUpdateForge: session reset, allowLiveUpdate = false
[2026-08-06T13:57:20.720Z] MemoryForge: detached all listeners
[2026-08-06T13:57:20.720Z] ResumeDiffForge: running checkResumeConsistency
[2026-08-06T13:57:20.721Z] checkResumeConsistency: forgedTimestamps=[["project","1970-01-01T00:00:00.000Z"]]
[2026-08-06T13:57:20.891Z] checkResumeConsistency: injecting 1 diff notification(s)
[2026-08-06T13:57:20.891Z] injectForgedHistory: role=user preview="[agent-auto] [memory-update 2026-08-06 21:27:15] project memory file has been mo"
[2026-08-06T13:57:21.094Z] injectForgedHistory: recordMessage persisted
[2026-08-06T13:57:21.095Z] LiveUpdateForge: session reset, allowLiveUpdate = false
[2026-08-06T13:57:21.095Z] NudgeForge: ResumeComplete — restoring count from history
[2026-08-06T13:57:21.096Z] restoreNudgeCountFromHistory: found last write at idx=1133 count=11
[2026-08-06T13:57:21.128Z] LiveUpdateForge: allowLiveUpdate = true (first real BeforeSend)
[2026-08-06T13:57:21.129Z] InitialReadForge.onBeforeSend: SKIP (fr=false syn=false hasRead=true)
[2026-08-06T13:57:52.974Z] LiveUpdateForge: EndTurn fallback flush
[2026-08-06T13:57:52.975Z] onEndTurn: naturalStop=false toolCalls=11 nudgeMsg=no
[2026-08-06T13:57:52.989Z] InitialReadForge.onBeforeSend: SKIP (fr=false syn=false hasRead=true)
[2026-08-06T13:58:05.926Z] LiveUpdateForge: EndTurn fallback flush
[2026-08-06T13:58:05.927Z] onEndTurn: naturalStop=false toolCalls=11 nudgeMsg=no
[2026-08-06T13:58:05.965Z] LiveUpdateForge: AfterToolExec flush
[2026-08-06T13:58:06.120Z] InitialReadForge.onBeforeSend: SKIP (fr=true syn=false hasRead=true)
[2026-08-06T13:58:15.400Z] LiveUpdateForge: EndTurn fallback flush
[2026-08-06T13:58:15.401Z] onEndTurn: naturalStop=false toolCalls=12 nudgeMsg=no
[2026-08-06T13:58:15.410Z] LiveUpdateForge: AfterToolExec flush
[2026-08-06T13:58:15.562Z] InitialReadForge.onBeforeSend: SKIP (fr=true syn=false hasRead=true)
[2026-08-06T13:58:33.134Z] LiveUpdateForge: EndTurn fallback flush
[2026-08-06T13:58:33.135Z] onEndTurn: naturalStop=false toolCalls=13 nudgeMsg=no
[2026-08-06T13:58:33.317Z] LiveUpdateForge: AfterToolExec flush
[2026-08-06T13:58:33.472Z] InitialReadForge.onBeforeSend: SKIP (fr=true syn=false hasRead=true)
[2026-08-06T13:59:17.369Z] LiveUpdateForge: EndTurn fallback flush
[2026-08-06T13:59:17.369Z] onEndTurn: naturalStop=false toolCalls=14 nudgeMsg=no
[2026-08-06T13:59:17.545Z] LiveUpdateForge: AfterToolExec flush
[2026-08-06T13:59:17.699Z] InitialReadForge.onBeforeSend: SKIP (fr=true syn=false hasRead=true)
[2026-08-06T14:00:52.892Z] LiveUpdateForge: EndTurn fallback flush
[2026-08-06T14:00:52.892Z] onEndTurn: naturalStop=false toolCalls=15 nudgeMsg=no
[2026-08-06T14:00:52.899Z] LiveUpdateForge: AfterToolExec flush
[2026-08-06T14:00:53.051Z] InitialReadForge.onBeforeSend: SKIP (fr=true syn=false hasRead=true)
[2026-08-06T14:01:06.281Z] LiveUpdateForge: EndTurn fallback flush
[2026-08-06T14:01:06.282Z] onEndTurn: naturalStop=false toolCalls=16 nudgeMsg=no
[2026-08-06T14:01:06.465Z] LiveUpdateForge: AfterToolExec flush
[2026-08-06T14:01:06.619Z] InitialReadForge.onBeforeSend: SKIP (fr=true syn=false hasRead=true)
[2026-08-06T14:02:16.899Z] LiveUpdateForge: EndTurn fallback flush
[2026-08-06T14:02:16.899Z] onEndTurn: naturalStop=false toolCalls=17 nudgeMsg=no
[2026-08-06T14:02:31.716Z] LiveUpdateForge: AfterToolExec flush
[2026-08-06T14:02:31.898Z] InitialReadForge.onBeforeSend: SKIP (fr=true syn=false hasRead=true)
[2026-08-06T14:02:47.700Z] LiveUpdateForge: EndTurn fallback flush
[2026-08-06T14:02:47.700Z] onEndTurn: naturalStop=false toolCalls=18 nudgeMsg=no
[2026-08-06T14:02:52.069Z] LiveUpdateForge: AfterToolExec flush
[2026-08-06T14:02:52.285Z] InitialReadForge.onBeforeSend: SKIP (fr=true syn=false hasRead=true)
[2026-08-06T14:03:05.849Z] LiveUpdateForge: EndTurn fallback flush
[2026-08-06T14:03:05.849Z] onEndTurn: naturalStop=false toolCalls=19 nudgeMsg=no
[2026-08-06T14:03:06.171Z] LiveUpdateForge: AfterToolExec flush
[2026-08-06T14:03:06.369Z] InitialReadForge.onBeforeSend: SKIP (fr=true syn=false hasRead=true)
[2026-08-06T14:03:29.817Z] LiveUpdateForge: EndTurn fallback flush
[2026-08-06T14:03:29.817Z] onEndTurn: naturalStop=false toolCalls=20 nudgeMsg=no
[2026-08-06T14:04:22.978Z] LiveUpdateForge: AfterToolExec flush
[2026-08-06T14:04:23.184Z] InitialReadForge.onBeforeSend: SKIP (fr=true syn=false hasRead=true)
[2026-08-06T14:05:02.457Z] LiveUpdateForge: EndTurn fallback flush
[2026-08-06T14:05:02.458Z] onEndTurn: naturalStop=false toolCalls=21 nudgeMsg=no
[2026-08-06T14:05:02.840Z] LiveUpdateForge: AfterToolExec flush
[2026-08-06T14:05:02.999Z] InitialReadForge.onBeforeSend: SKIP (fr=true syn=false hasRead=true)
[2026-08-06T14:05:11.170Z] LiveUpdateForge: EndTurn fallback flush
[2026-08-06T14:05:11.170Z] onEndTurn: naturalStop=false toolCalls=22 nudgeMsg=no
[2026-08-06T14:05:22.505Z] LiveUpdateForge: AfterToolExec flush
[2026-08-06T14:05:22.676Z] InitialReadForge.onBeforeSend: SKIP (fr=true syn=false hasRead=true)
[2026-08-06T14:05:50.696Z] LiveUpdateForge: EndTurn fallback flush
[2026-08-06T14:05:50.696Z] onEndTurn: naturalStop=false toolCalls=23 nudgeMsg=no
[2026-08-06T14:06:14.992Z] LiveUpdateForge: AfterToolExec flush
[2026-08-06T14:06:15.165Z] InitialReadForge.onBeforeSend: SKIP (fr=true syn=false hasRead=true)
[2026-08-06T14:06:26.953Z] LiveUpdateForge: EndTurn fallback flush
[2026-08-06T14:06:26.953Z] onEndTurn: naturalStop=false toolCalls=24 nudgeMsg=no
[2026-08-06T14:06:27.232Z] LiveUpdateForge: AfterToolExec flush
[2026-08-06T14:06:27.386Z] InitialReadForge.onBeforeSend: SKIP (fr=true syn=false hasRead=true)
[2026-08-06T14:06:46.501Z] LiveUpdateForge: EndTurn fallback flush
[2026-08-06T14:06:46.502Z] onEndTurn: naturalStop=false toolCalls=25 nudgeMsg=no
[2026-08-06T14:06:46.874Z] LiveUpdateForge: AfterToolExec flush
[2026-08-06T14:06:47.102Z] InitialReadForge.onBeforeSend: SKIP (fr=true syn=false hasRead=true)
[2026-08-06T14:06:59.975Z] LiveUpdateForge: EndTurn fallback flush
[2026-08-06T14:06:59.976Z] onEndTurn: naturalStop=false toolCalls=26 nudgeMsg=no
[2026-08-06T14:07:00.428Z] LiveUpdateForge: AfterToolExec flush
[2026-08-06T14:07:00.592Z] InitialReadForge.onBeforeSend: SKIP (fr=true syn=false hasRead=true)
[2026-08-06T14:07:10.865Z] LiveUpdateForge: EndTurn fallback flush
[2026-08-06T14:07:10.865Z] onEndTurn: naturalStop=false toolCalls=27 nudgeMsg=no
[2026-08-06T14:07:11.515Z] LiveUpdateForge: AfterToolExec flush
[2026-08-06T14:07:11.718Z] InitialReadForge.onBeforeSend: SKIP (fr=true syn=false hasRead=true)
[2026-08-06T14:07:22.831Z] LiveUpdateForge: EndTurn fallback flush
[2026-08-06T14:07:22.831Z] onEndTurn: naturalStop=true toolCalls=28 nudgeMsg=no
[2026-08-06T14:10:31.594Z] ResumeDiffForge: running checkResumeConsistency
[2026-08-06T14:10:31.595Z] checkResumeConsistency: forgedTimestamps=[["project","1970-01-01T00:00:00.000Z"]]
[2026-08-06T14:10:31.603Z] checkResumeConsistency: injecting 1 diff notification(s)
[2026-08-06T14:10:31.603Z] injectForgedHistory: role=user preview="[agent-auto] [memory-update 2026-08-06 21:27:15] project memory file has been mo"
[2026-08-06T14:10:31.748Z] injectForgedHistory: recordMessage persisted
[2026-08-06T14:10:31.748Z] LiveUpdateForge: session reset, allowLiveUpdate = false
[2026-08-06T14:10:31.748Z] NudgeForge: ResumeComplete — restoring count from history
[2026-08-06T14:10:31.749Z] restoreNudgeCountFromHistory: found last write at idx=1133 count=28
[2026-08-06T14:10:31.813Z] LiveUpdateForge: allowLiveUpdate = true (first real BeforeSend)
[2026-08-06T14:10:31.814Z] InitialReadForge.onBeforeSend: SKIP (fr=false syn=false hasRead=true)
[2026-08-06T14:10:52.370Z] LiveUpdateForge: EndTurn fallback flush
[2026-08-06T14:10:52.371Z] onEndTurn: naturalStop=false toolCalls=28 nudgeMsg=no
[2026-08-06T14:10:52.388Z] LiveUpdateForge: AfterToolExec flush
[2026-08-06T14:10:52.550Z] InitialReadForge.onBeforeSend: SKIP (fr=true syn=false hasRead=true)
[2026-08-06T14:11:04.834Z] LiveUpdateForge: EndTurn fallback flush
[2026-08-06T14:11:04.834Z] onEndTurn: naturalStop=false toolCalls=29 nudgeMsg=no
[2026-08-06T14:11:05.016Z] LiveUpdateForge: AfterToolExec flush
[2026-08-06T14:11:05.194Z] InitialReadForge.onBeforeSend: SKIP (fr=true syn=false hasRead=true)
[2026-08-06T14:11:13.505Z] LiveUpdateForge: EndTurn fallback flush
[2026-08-06T14:11:13.506Z] onEndTurn: naturalStop=false toolCalls=30 nudgeMsg=no
[2026-08-06T14:11:13.513Z] LiveUpdateForge: AfterToolExec flush
[2026-08-06T14:11:13.667Z] InitialReadForge.onBeforeSend: SKIP (fr=true syn=false hasRead=true)
[2026-08-06T14:11:23.744Z] LiveUpdateForge: EndTurn fallback flush
[2026-08-06T14:11:23.745Z] onEndTurn: naturalStop=false toolCalls=31 nudgeMsg=no
[2026-08-06T14:11:23.761Z] LiveUpdateForge: AfterToolExec flush
[2026-08-06T14:11:23.922Z] InitialReadForge.onBeforeSend: SKIP (fr=true syn=false hasRead=true)
[2026-08-06T14:11:53.041Z] LiveUpdateForge: EndTurn fallback flush
[2026-08-06T14:11:53.041Z] onEndTurn: naturalStop=false toolCalls=32 nudgeMsg=no
[2026-08-06T14:11:53.044Z] LiveUpdateForge: AfterToolExec flush
[2026-08-06T14:11:53.203Z] InitialReadForge.onBeforeSend: SKIP (fr=true syn=false hasRead=true)
[2026-08-06T14:12:09.741Z] LiveUpdateForge: EndTurn fallback flush
[2026-08-06T14:12:09.742Z] onEndTurn: naturalStop=false toolCalls=33 nudgeMsg=no
[2026-08-06T14:12:09.767Z] LiveUpdateForge: AfterToolExec flush
[2026-08-06T14:12:09.929Z] InitialReadForge.onBeforeSend: SKIP (fr=true syn=false hasRead=true)
[2026-08-06T14:12:21.557Z] LiveUpdateForge: EndTurn fallback flush
[2026-08-06T14:12:21.557Z] onEndTurn: naturalStop=false toolCalls=34 nudgeMsg=no
[2026-08-06T14:12:31.306Z] LiveUpdateForge: AfterToolExec flush
[2026-08-06T14:12:31.491Z] InitialReadForge.onBeforeSend: SKIP (fr=true syn=false hasRead=true)
[2026-08-06T14:12:41.831Z] LiveUpdateForge: EndTurn fallback flush
[2026-08-06T14:12:41.831Z] onEndTurn: naturalStop=true toolCalls=35 nudgeMsg=no
[2026-08-06T14:19:58.711Z] MemoryForge: attached 5 listener(s)
[2026-08-06T14:19:58.711Z] InitialReadForge: armed one-shot BeforeSend after NewSessionStart
[2026-08-06T14:19:58.712Z] LiveUpdateForge: session reset, allowLiveUpdate = false
[2026-08-06T14:20:01.110Z] LiveUpdateForge: session reset, allowLiveUpdate = false
[2026-08-06T14:20:01.153Z] ResumeDiffForge: running checkResumeConsistency
[2026-08-06T14:20:01.154Z] checkResumeConsistency: forgedTimestamps=[["project","1970-01-01T00:00:00.000Z"]]
[2026-08-06T14:20:01.160Z] checkResumeConsistency: injecting 1 diff notification(s)
[2026-08-06T14:20:01.160Z] injectForgedHistory: role=user preview="[agent-auto] [memory-update 2026-08-06 21:27:15] project memory file has been mo"
[2026-08-06T14:20:01.160Z] injectForgedHistory: recordMessage persisted
[2026-08-06T14:20:01.160Z] LiveUpdateForge: session reset, allowLiveUpdate = false
[2026-08-06T14:20:01.161Z] NudgeForge: ResumeComplete — restoring count from history
[2026-08-06T14:20:01.161Z] restoreNudgeCountFromHistory: found last write at idx=1133 count=35
[2026-08-06T14:20:03.683Z] ResumeDiffForge: running checkResumeConsistency
[2026-08-06T14:20:03.684Z] checkResumeConsistency: forgedTimestamps=[["project","1970-01-01T00:00:00.000Z"]]
[2026-08-06T14:20:03.689Z] checkResumeConsistency: injecting 1 diff notification(s)
[2026-08-06T14:20:03.690Z] injectForgedHistory: role=user preview="[agent-auto] [memory-update 2026-08-06 21:27:15] project memory file has been mo"
[2026-08-06T14:20:03.881Z] injectForgedHistory: recordMessage persisted
[2026-08-06T14:20:03.882Z] LiveUpdateForge: session reset, allowLiveUpdate = false
[2026-08-06T14:20:03.882Z] NudgeForge: ResumeComplete — restoring count from history
[2026-08-06T14:20:03.883Z] restoreNudgeCountFromHistory: found last write at idx=1133 count=35
[2026-08-06T14:20:04.179Z] ResumeDiffForge: running checkResumeConsistency
[2026-08-06T14:20:04.179Z] checkResumeConsistency: forgedTimestamps=[["project","1970-01-01T00:00:00.000Z"]]
[2026-08-06T14:20:04.185Z] checkResumeConsistency: injecting 1 diff notification(s)
[2026-08-06T14:20:04.186Z] injectForgedHistory: role=user preview="[agent-auto] [memory-update 2026-08-06 21:27:15] project memory file has been mo"
[2026-08-06T14:20:04.358Z] injectForgedHistory: recordMessage persisted
[2026-08-06T14:20:04.359Z] LiveUpdateForge: session reset, allowLiveUpdate = false
[2026-08-06T14:20:04.359Z] NudgeForge: ResumeComplete — restoring count from history
[2026-08-06T14:20:04.360Z] restoreNudgeCountFromHistory: found last write at idx=1133 count=35
[2026-08-06T14:20:04.880Z] MemoryForge: attached 5 listener(s)
[2026-08-06T14:20:04.881Z] InitialReadForge: armed one-shot BeforeSend after NewSessionStart
[2026-08-06T14:20:04.881Z] LiveUpdateForge: session reset, allowLiveUpdate = false
[2026-08-06T14:20:04.892Z] MemoryForge: detached all listeners
[2026-08-06T14:20:04.892Z] ResumeDiffForge: running checkResumeConsistency
[2026-08-06T14:20:04.893Z] checkResumeConsistency: forgedTimestamps=[["project","1970-01-01T00:00:00.000Z"]]
[2026-08-06T14:20:05.052Z] checkResumeConsistency: injecting 1 diff notification(s)
[2026-08-06T14:20:05.052Z] injectForgedHistory: role=user preview="[agent-auto] [memory-update 2026-08-06 21:27:15] project memory file has been mo"
[2026-08-06T14:20:05.224Z] injectForgedHistory: recordMessage persisted
[2026-08-06T14:20:05.225Z] LiveUpdateForge: session reset, allowLiveUpdate = false
[2026-08-06T14:20:05.225Z] NudgeForge: ResumeComplete — restoring count from history
[2026-08-06T14:20:05.226Z] restoreNudgeCountFromHistory: found last write at idx=1133 count=35
[2026-08-06T14:20:05.246Z] LiveUpdateForge: allowLiveUpdate = true (first real BeforeSend)
[2026-08-06T14:20:05.247Z] InitialReadForge.onBeforeSend: SKIP (fr=false syn=false hasRead=true)
[2026-08-06T14:20:58.652Z] LiveUpdateForge: EndTurn fallback flush
[2026-08-06T14:20:58.653Z] onEndTurn: naturalStop=false toolCalls=35 nudgeMsg=no
[2026-08-06T14:20:58.685Z] LiveUpdateForge: AfterToolExec flush
[2026-08-06T14:20:58.837Z] InitialReadForge.onBeforeSend: SKIP (fr=true syn=false hasRead=true)
[2026-08-06T14:21:12.087Z] LiveUpdateForge: EndTurn fallback flush
[2026-08-06T14:21:12.087Z] onEndTurn: naturalStop=false toolCalls=36 nudgeMsg=no
[2026-08-06T14:21:12.094Z] LiveUpdateForge: AfterToolExec flush
[2026-08-06T14:21:12.251Z] InitialReadForge.onBeforeSend: SKIP (fr=true syn=false hasRead=true)
[2026-08-06T14:21:27.175Z] LiveUpdateForge: EndTurn fallback flush
[2026-08-06T14:21:27.176Z] onEndTurn: naturalStop=false toolCalls=37 nudgeMsg=no
[2026-08-06T14:21:27.355Z] LiveUpdateForge: AfterToolExec flush
[2026-08-06T14:21:27.520Z] InitialReadForge.onBeforeSend: SKIP (fr=true syn=false hasRead=true)
[2026-08-06T14:21:42.074Z] LiveUpdateForge: EndTurn fallback flush
[2026-08-06T14:21:42.075Z] onEndTurn: naturalStop=false toolCalls=38 nudgeMsg=no
[2026-08-06T14:21:42.277Z] LiveUpdateForge: AfterToolExec flush
[2026-08-06T14:21:42.430Z] InitialReadForge.onBeforeSend: SKIP (fr=true syn=false hasRead=true)
[2026-08-06T14:21:58.152Z] LiveUpdateForge: EndTurn fallback flush
[2026-08-06T14:21:58.153Z] onEndTurn: naturalStop=false toolCalls=39 nudgeMsg=no
[2026-08-06T14:22:07.757Z] LiveUpdateForge: AfterToolExec flush
[2026-08-06T14:22:07.978Z] InitialReadForge.onBeforeSend: SKIP (fr=true syn=false hasRead=true)
[2026-08-06T14:22:17.876Z] LiveUpdateForge: EndTurn fallback flush
[2026-08-06T14:22:17.876Z] onEndTurn: naturalStop=true toolCalls=40 nudgeMsg=no
[2026-08-06T14:24:33.431Z] ResumeDiffForge: running checkResumeConsistency
[2026-08-06T14:24:33.432Z] checkResumeConsistency: forgedTimestamps=[["project","1970-01-01T00:00:00.000Z"]]
[2026-08-06T14:24:33.438Z] checkResumeConsistency: injecting 1 diff notification(s)
[2026-08-06T14:24:33.439Z] injectForgedHistory: role=user preview="[agent-auto] [memory-update 2026-08-06 21:27:15] project memory file has been mo"
[2026-08-06T14:24:33.600Z] injectForgedHistory: recordMessage persisted
[2026-08-06T14:24:33.601Z] LiveUpdateForge: session reset, allowLiveUpdate = false
[2026-08-06T14:24:33.601Z] NudgeForge: ResumeComplete — restoring count from history
[2026-08-06T14:24:33.602Z] restoreNudgeCountFromHistory: found last write at idx=1133 count=40
[2026-08-06T14:24:33.666Z] LiveUpdateForge: allowLiveUpdate = true (first real BeforeSend)
[2026-08-06T14:24:33.667Z] InitialReadForge.onBeforeSend: SKIP (fr=false syn=false hasRead=true)
[2026-08-06T14:24:43.111Z] ResumeDiffForge: running checkResumeConsistency
[2026-08-06T14:24:43.111Z] checkResumeConsistency: forgedTimestamps=[["project","1970-01-01T00:00:00.000Z"]]
[2026-08-06T14:24:43.119Z] checkResumeConsistency: injecting 1 diff notification(s)
[2026-08-06T14:24:43.119Z] injectForgedHistory: role=user preview="[agent-auto] [memory-update 2026-08-06 21:27:15] project memory file has been mo"
[2026-08-06T14:24:43.275Z] injectForgedHistory: recordMessage persisted
[2026-08-06T14:24:43.276Z] LiveUpdateForge: session reset, allowLiveUpdate = false
[2026-08-06T14:24:43.276Z] NudgeForge: ResumeComplete — restoring count from history
[2026-08-06T14:24:43.276Z] restoreNudgeCountFromHistory: found last write at idx=1133 count=40
[2026-08-06T14:24:43.340Z] LiveUpdateForge: allowLiveUpdate = true (first real BeforeSend)
[2026-08-06T14:24:43.341Z] InitialReadForge.onBeforeSend: SKIP (fr=false syn=false hasRead=true)
[2026-08-06T14:24:52.837Z] LiveUpdateForge: EndTurn fallback flush
[2026-08-06T14:24:52.837Z] onEndTurn: naturalStop=false toolCalls=40 nudgeMsg=no
[2026-08-06T14:24:52.852Z] LiveUpdateForge: AfterToolExec flush
[2026-08-06T14:24:53.009Z] InitialReadForge.onBeforeSend: SKIP (fr=true syn=false hasRead=true)
[2026-08-06T14:25:05.896Z] LiveUpdateForge: EndTurn fallback flush
[2026-08-06T14:25:05.896Z] onEndTurn: naturalStop=false toolCalls=41 nudgeMsg=no
[2026-08-06T14:25:06.100Z] LiveUpdateForge: AfterToolExec flush
[2026-08-06T14:25:06.295Z] InitialReadForge.onBeforeSend: SKIP (fr=true syn=false hasRead=true)
[2026-08-06T14:25:20.041Z] LiveUpdateForge: EndTurn fallback flush
[2026-08-06T14:25:20.041Z] onEndTurn: naturalStop=false toolCalls=42 nudgeMsg=no
[2026-08-06T14:25:20.046Z] LiveUpdateForge: AfterToolExec flush
[2026-08-06T14:25:20.244Z] InitialReadForge.onBeforeSend: SKIP (fr=true syn=false hasRead=true)
[2026-08-06T14:25:29.861Z] LiveUpdateForge: EndTurn fallback flush
[2026-08-06T14:25:29.862Z] onEndTurn: naturalStop=false toolCalls=43 nudgeMsg=no
[2026-08-06T14:25:30.103Z] LiveUpdateForge: AfterToolExec flush
[2026-08-06T14:25:30.300Z] InitialReadForge.onBeforeSend: SKIP (fr=true syn=false hasRead=true)
[2026-08-06T14:25:39.364Z] LiveUpdateForge: EndTurn fallback flush
[2026-08-06T14:25:39.365Z] onEndTurn: naturalStop=false toolCalls=44 nudgeMsg=no
[2026-08-06T14:25:39.630Z] LiveUpdateForge: AfterToolExec flush
[2026-08-06T14:25:39.795Z] InitialReadForge.onBeforeSend: SKIP (fr=true syn=false hasRead=true)
[2026-08-06T14:25:47.887Z] LiveUpdateForge: EndTurn fallback flush
[2026-08-06T14:25:47.888Z] onEndTurn: naturalStop=false toolCalls=45 nudgeMsg=no
[2026-08-06T14:25:48.428Z] LiveUpdateForge: AfterToolExec flush
[2026-08-06T14:25:48.607Z] InitialReadForge.onBeforeSend: SKIP (fr=true syn=false hasRead=true)
[2026-08-06T14:25:57.926Z] LiveUpdateForge: EndTurn fallback flush
[2026-08-06T14:25:57.927Z] onEndTurn: naturalStop=false toolCalls=46 nudgeMsg=no
[2026-08-06T14:26:08.013Z] LiveUpdateForge: AfterToolExec flush
[2026-08-06T14:26:08.253Z] InitialReadForge.onBeforeSend: SKIP (fr=true syn=false hasRead=true)
[2026-08-06T14:26:21.563Z] LiveUpdateForge: EndTurn fallback flush
[2026-08-06T14:26:21.564Z] onEndTurn: naturalStop=true toolCalls=47 nudgeMsg=no
[2026-08-06T14:27:54.521Z] ResumeDiffForge: running checkResumeConsistency
[2026-08-06T14:27:54.521Z] checkResumeConsistency: forgedTimestamps=[["project","1970-01-01T00:00:00.000Z"]]
[2026-08-06T14:27:54.529Z] checkResumeConsistency: injecting 1 diff notification(s)
[2026-08-06T14:27:54.529Z] injectForgedHistory: role=user preview="[agent-auto] [memory-update 2026-08-06 21:27:15] project memory file has been mo"
[2026-08-06T14:27:54.687Z] injectForgedHistory: recordMessage persisted
[2026-08-06T14:27:54.687Z] LiveUpdateForge: session reset, allowLiveUpdate = false
[2026-08-06T14:27:54.687Z] NudgeForge: ResumeComplete — restoring count from history
[2026-08-06T14:27:54.688Z] restoreNudgeCountFromHistory: found last write at idx=1133 count=47
[2026-08-06T14:27:54.750Z] LiveUpdateForge: allowLiveUpdate = true (first real BeforeSend)
[2026-08-06T14:27:54.750Z] InitialReadForge.onBeforeSend: SKIP (fr=false syn=false hasRead=true)
[2026-08-06T14:28:39.237Z] LiveUpdateForge: EndTurn fallback flush
[2026-08-06T14:28:39.238Z] onEndTurn: naturalStop=true toolCalls=47 nudgeMsg=no
[2026-08-06T14:31:13.439Z] ResumeDiffForge: running checkResumeConsistency
[2026-08-06T14:31:13.440Z] checkResumeConsistency: forgedTimestamps=[["project","1970-01-01T00:00:00.000Z"]]
[2026-08-06T14:31:13.448Z] checkResumeConsistency: injecting 1 diff notification(s)
[2026-08-06T14:31:13.449Z] injectForgedHistory: role=user preview="[agent-auto] [memory-update 2026-08-06 21:27:15] project memory file has been mo"
[2026-08-06T14:31:13.597Z] injectForgedHistory: recordMessage persisted
[2026-08-06T14:31:13.598Z] LiveUpdateForge: session reset, allowLiveUpdate = false
[2026-08-06T14:31:13.598Z] NudgeForge: ResumeComplete — restoring count from history
[2026-08-06T14:31:13.599Z] restoreNudgeCountFromHistory: found last write at idx=1133 count=47
[2026-08-06T14:31:13.661Z] LiveUpdateForge: allowLiveUpdate = true (first real BeforeSend)
[2026-08-06T14:31:13.662Z] InitialReadForge.onBeforeSend: SKIP (fr=false syn=false hasRead=true)
[2026-08-06T14:31:59.271Z] LiveUpdateForge: EndTurn fallback flush
[2026-08-06T14:31:59.271Z] onEndTurn: naturalStop=false toolCalls=47 nudgeMsg=no
[2026-08-06T14:31:59.293Z] LiveUpdateForge: AfterToolExec flush
[2026-08-06T14:31:59.444Z] InitialReadForge.onBeforeSend: SKIP (fr=true syn=false hasRead=true)
[2026-08-06T14:32:13.740Z] LiveUpdateForge: EndTurn fallback flush
[2026-08-06T14:32:13.741Z] onEndTurn: naturalStop=false toolCalls=48 nudgeMsg=no
[2026-08-06T14:32:13.749Z] LiveUpdateForge: AfterToolExec flush
[2026-08-06T14:32:13.899Z] InitialReadForge.onBeforeSend: SKIP (fr=true syn=false hasRead=true)
[2026-08-06T14:32:21.924Z] LiveUpdateForge: EndTurn fallback flush
[2026-08-06T14:32:21.924Z] onEndTurn: naturalStop=false toolCalls=49 nudgeMsg=no
[2026-08-06T14:32:21.935Z] LiveUpdateForge: AfterToolExec flush
[2026-08-06T14:32:22.091Z] InitialReadForge.onBeforeSend: SKIP (fr=true syn=false hasRead=true)
[2026-08-06T14:32:35.450Z] LiveUpdateForge: EndTurn fallback flush
[2026-08-06T14:32:35.450Z] onEndTurn: naturalStop=false toolCalls=50 nudgeMsg=no
[2026-08-06T14:32:35.458Z] LiveUpdateForge: AfterToolExec flush
[2026-08-06T14:32:35.612Z] InitialReadForge.onBeforeSend: SKIP (fr=true syn=false hasRead=true)
[2026-08-06T14:33:43.043Z] LiveUpdateForge: EndTurn fallback flush
[2026-08-06T14:33:43.043Z] onEndTurn: naturalStop=false toolCalls=51 nudgeMsg=no
[2026-08-06T14:33:43.052Z] LiveUpdateForge: AfterToolExec flush
[2026-08-06T14:33:43.219Z] InitialReadForge.onBeforeSend: SKIP (fr=true syn=false hasRead=true)
[2026-08-06T14:33:59.208Z] LiveUpdateForge: EndTurn fallback flush
[2026-08-06T14:33:59.208Z] onEndTurn: naturalStop=false toolCalls=52 nudgeMsg=no
[2026-08-06T14:33:59.404Z] LiveUpdateForge: AfterToolExec flush
[2026-08-06T14:33:59.563Z] InitialReadForge.onBeforeSend: SKIP (fr=true syn=false hasRead=true)
[2026-08-06T14:34:09.284Z] LiveUpdateForge: EndTurn fallback flush
[2026-08-06T14:34:09.284Z] onEndTurn: naturalStop=false toolCalls=53 nudgeMsg=no
[2026-08-06T14:34:09.293Z] LiveUpdateForge: AfterToolExec flush
[2026-08-06T14:34:09.501Z] InitialReadForge.onBeforeSend: SKIP (fr=true syn=false hasRead=true)
[2026-08-06T14:34:22.898Z] LiveUpdateForge: EndTurn fallback flush
[2026-08-06T14:34:22.899Z] onEndTurn: naturalStop=false toolCalls=54 nudgeMsg=no
[2026-08-06T14:34:23.120Z] LiveUpdateForge: AfterToolExec flush
[2026-08-06T14:34:23.314Z] InitialReadForge.onBeforeSend: SKIP (fr=true syn=false hasRead=true)
[2026-08-06T14:34:33.262Z] LiveUpdateForge: EndTurn fallback flush
[2026-08-06T14:34:33.263Z] onEndTurn: naturalStop=false toolCalls=55 nudgeMsg=no
[2026-08-06T14:34:33.270Z] LiveUpdateForge: AfterToolExec flush
[2026-08-06T14:34:33.438Z] InitialReadForge.onBeforeSend: SKIP (fr=true syn=false hasRead=true)
[2026-08-06T14:34:47.702Z] LiveUpdateForge: EndTurn fallback flush
[2026-08-06T14:34:47.702Z] onEndTurn: naturalStop=false toolCalls=56 nudgeMsg=no
[2026-08-06T14:34:47.889Z] LiveUpdateForge: AfterToolExec flush
[2026-08-06T14:34:48.047Z] InitialReadForge.onBeforeSend: SKIP (fr=true syn=false hasRead=true)
[2026-08-06T14:35:20.183Z] LiveUpdateForge: EndTurn fallback flush
[2026-08-06T14:35:20.184Z] onEndTurn: naturalStop=false toolCalls=57 nudgeMsg=no
[2026-08-06T14:35:20.191Z] LiveUpdateForge: AfterToolExec flush
[2026-08-06T14:35:20.364Z] InitialReadForge.onBeforeSend: SKIP (fr=true syn=false hasRead=true)
[2026-08-06T14:35:30.655Z] LiveUpdateForge: EndTurn fallback flush
[2026-08-06T14:35:30.655Z] onEndTurn: naturalStop=false toolCalls=58 nudgeMsg=no
[2026-08-06T14:35:30.840Z] LiveUpdateForge: AfterToolExec flush
[2026-08-06T14:35:30.996Z] InitialReadForge.onBeforeSend: SKIP (fr=true syn=false hasRead=true)
[2026-08-06T14:35:40.924Z] LiveUpdateForge: EndTurn fallback flush
[2026-08-06T14:35:40.925Z] onEndTurn: naturalStop=false toolCalls=59 nudgeMsg=no
[2026-08-06T14:35:40.931Z] LiveUpdateForge: AfterToolExec flush
[2026-08-06T14:35:41.084Z] InitialReadForge.onBeforeSend: SKIP (fr=true syn=false hasRead=true)
[2026-08-06T14:35:55.706Z] LiveUpdateForge: EndTurn fallback flush
[2026-08-06T14:35:55.707Z] onEndTurn: naturalStop=false toolCalls=60 nudgeMsg=no
[2026-08-06T14:35:55.713Z] LiveUpdateForge: AfterToolExec flush
[2026-08-06T14:35:55.865Z] InitialReadForge.onBeforeSend: SKIP (fr=true syn=false hasRead=true)
[2026-08-06T14:36:24.358Z] LiveUpdateForge: EndTurn fallback flush
[2026-08-06T14:36:24.358Z] onEndTurn: naturalStop=false toolCalls=61 nudgeMsg=no
[2026-08-06T14:36:24.365Z] LiveUpdateForge: AfterToolExec flush
[2026-08-06T14:36:24.519Z] InitialReadForge.onBeforeSend: SKIP (fr=true syn=false hasRead=true)
[2026-08-06T14:36:45.284Z] LiveUpdateForge: EndTurn fallback flush
[2026-08-06T14:36:45.284Z] onEndTurn: naturalStop=false toolCalls=62 nudgeMsg=no
[2026-08-06T14:36:45.305Z] LiveUpdateForge: AfterToolExec flush
[2026-08-06T14:36:45.468Z] InitialReadForge.onBeforeSend: SKIP (fr=true syn=false hasRead=true)
[2026-08-06T14:37:40.496Z] LiveUpdateForge: EndTurn fallback flush
[2026-08-06T14:37:40.497Z] onEndTurn: naturalStop=false toolCalls=63 nudgeMsg=no
[2026-08-06T14:37:40.503Z] LiveUpdateForge: AfterToolExec flush
[2026-08-06T14:37:40.657Z] InitialReadForge.onBeforeSend: SKIP (fr=true syn=false hasRead=true)
[2026-08-06T14:38:00.226Z] LiveUpdateForge: EndTurn fallback flush
[2026-08-06T14:38:00.226Z] onEndTurn: naturalStop=false toolCalls=64 nudgeMsg=no
[2026-08-06T14:38:00.245Z] LiveUpdateForge: AfterToolExec flush
[2026-08-06T14:38:00.402Z] InitialReadForge.onBeforeSend: SKIP (fr=true syn=false hasRead=true)
[2026-08-06T14:38:14.268Z] LiveUpdateForge: EndTurn fallback flush
[2026-08-06T14:38:14.269Z] onEndTurn: naturalStop=false toolCalls=65 nudgeMsg=no
[2026-08-06T14:38:26.718Z] LiveUpdateForge: AfterToolExec flush
[2026-08-06T14:38:26.977Z] InitialReadForge.onBeforeSend: SKIP (fr=true syn=false hasRead=true)
[2026-08-06T14:38:38.212Z] LiveUpdateForge: EndTurn fallback flush
[2026-08-06T14:38:38.212Z] onEndTurn: naturalStop=false toolCalls=66 nudgeMsg=no
[2026-08-06T14:38:43.360Z] LiveUpdateForge: AfterToolExec flush
[2026-08-06T14:38:43.590Z] InitialReadForge.onBeforeSend: SKIP (fr=true syn=false hasRead=true)
[2026-08-06T14:39:23.619Z] LiveUpdateForge: EndTurn fallback flush
[2026-08-06T14:39:23.620Z] onEndTurn: naturalStop=true toolCalls=0 nudgeMsg=YES
[2026-08-06T14:39:23.625Z] InitialReadForge.onBeforeSend: SKIP (fr=false syn=false hasRead=true)
[2026-08-06T14:39:51.506Z] LiveUpdateForge: EndTurn fallback flush
[2026-08-06T14:39:51.506Z] onEndTurn: naturalStop=false toolCalls=0 nudgeMsg=no
[2026-08-06T14:39:51.764Z] InitialReadForge.onBeforeSend: SKIP (fr=true syn=false hasRead=true)
[2026-08-06T14:40:00.385Z] LiveUpdateForge: EndTurn fallback flush
[2026-08-06T14:40:00.385Z] onEndTurn: naturalStop=false toolCalls=0 nudgeMsg=no
[2026-08-06T14:40:00.389Z] LiveUpdateForge: AfterToolExec flush
[2026-08-06T14:40:00.396Z] nudge: read_memory called (does NOT reset counter)
[2026-08-06T14:40:20.339Z] LiveUpdateForge: EndTurn fallback flush
[2026-08-06T14:40:20.339Z] onEndTurn: naturalStop=false toolCalls=1 nudgeMsg=no
[2026-08-06T14:40:20.349Z] LiveUpdateForge: self-write on D:\Unity\E1\CODELY.md, baseline aligned
[2026-08-06T14:40:20.350Z] LiveUpdateForge: AfterToolExec flush
[2026-08-06T14:40:29.485Z] LiveUpdateForge: EndTurn fallback flush
[2026-08-06T14:40:29.485Z] onEndTurn: naturalStop=true toolCalls=0 nudgeMsg=no
[2026-08-06T14:47:43.110Z] MemoryForge: attached 5 listener(s)
[2026-08-06T14:47:43.110Z] InitialReadForge: armed one-shot BeforeSend after NewSessionStart
[2026-08-06T14:47:43.111Z] LiveUpdateForge: session reset, allowLiveUpdate = false
[2026-08-06T14:47:45.644Z] LiveUpdateForge: session reset, allowLiveUpdate = false
[2026-08-06T14:47:45.685Z] ResumeDiffForge: running checkResumeConsistency
[2026-08-06T14:47:45.686Z] checkResumeConsistency: forgedTimestamps=[["project","1970-01-01T00:00:00.000Z"]]
[2026-08-06T14:47:45.691Z] checkResumeConsistency: injecting 1 diff notification(s)
[2026-08-06T14:47:45.692Z] injectForgedHistory: role=user preview="[agent-auto] [memory-update 2026-08-06 22:40:20] project memory file has been mo"
[2026-08-06T14:47:45.692Z] injectForgedHistory: recordMessage persisted
[2026-08-06T14:47:45.692Z] LiveUpdateForge: session reset, allowLiveUpdate = false
[2026-08-06T14:47:45.693Z] NudgeForge: ResumeComplete — restoring count from history
[2026-08-06T14:47:45.693Z] restoreNudgeCountFromHistory: found last write at idx=1312 count=0
[2026-08-06T14:47:58.180Z] ResumeDiffForge: running checkResumeConsistency
[2026-08-06T14:47:58.181Z] checkResumeConsistency: forgedTimestamps=[["project","1970-01-01T00:00:00.000Z"]]
[2026-08-06T14:47:58.193Z] checkResumeConsistency: injecting 1 diff notification(s)
[2026-08-06T14:47:58.193Z] injectForgedHistory: role=user preview="[agent-auto] [memory-update 2026-08-06 22:40:20] project memory file has been mo"
[2026-08-06T14:47:58.346Z] injectForgedHistory: recordMessage persisted
[2026-08-06T14:47:58.347Z] LiveUpdateForge: session reset, allowLiveUpdate = false
[2026-08-06T14:47:58.347Z] NudgeForge: ResumeComplete — restoring count from history
[2026-08-06T14:47:58.348Z] restoreNudgeCountFromHistory: found last write at idx=1312 count=0
[2026-08-06T14:47:58.636Z] ResumeDiffForge: running checkResumeConsistency
[2026-08-06T14:47:58.636Z] checkResumeConsistency: forgedTimestamps=[["project","1970-01-01T00:00:00.000Z"]]
[2026-08-06T14:47:58.647Z] checkResumeConsistency: injecting 1 diff notification(s)
[2026-08-06T14:47:58.647Z] injectForgedHistory: role=user preview="[agent-auto] [memory-update 2026-08-06 22:40:20] project memory file has been mo"
[2026-08-06T14:47:58.799Z] injectForgedHistory: recordMessage persisted
[2026-08-06T14:47:58.799Z] LiveUpdateForge: session reset, allowLiveUpdate = false
[2026-08-06T14:47:58.799Z] NudgeForge: ResumeComplete — restoring count from history
[2026-08-06T14:47:58.800Z] restoreNudgeCountFromHistory: found last write at idx=1312 count=0
[2026-08-06T14:48:08.874Z] LiveUpdateForge: allowLiveUpdate = true (first real BeforeSend)
[2026-08-06T14:48:08.875Z] InitialReadForge.onBeforeSend: SKIP (fr=false syn=false hasRead=true)
[2026-08-06T14:52:06.912Z] LiveUpdateForge: EndTurn fallback flush
[2026-08-06T14:52:06.912Z] onEndTurn: naturalStop=true toolCalls=0 nudgeMsg=no
[2026-08-06T15:30:45.627Z] MemoryForge: attached 5 listener(s)
[2026-08-06T15:30:45.628Z] InitialReadForge: armed one-shot BeforeSend after NewSessionStart
[2026-08-06T15:30:45.628Z] LiveUpdateForge: session reset, allowLiveUpdate = false
[2026-08-06T15:30:48.472Z] LiveUpdateForge: session reset, allowLiveUpdate = false
[2026-08-06T15:30:48.515Z] ResumeDiffForge: running checkResumeConsistency
[2026-08-06T15:30:48.515Z] checkResumeConsistency: forgedTimestamps=[["project","1970-01-01T00:00:00.000Z"]]
[2026-08-06T15:30:48.520Z] checkResumeConsistency: injecting 1 diff notification(s)
[2026-08-06T15:30:48.521Z] injectForgedHistory: role=user preview="[agent-auto] [memory-update 2026-08-06 22:40:20] project memory file has been mo"
[2026-08-06T15:30:48.521Z] injectForgedHistory: recordMessage persisted
[2026-08-06T15:30:48.521Z] LiveUpdateForge: session reset, allowLiveUpdate = false
[2026-08-06T15:30:48.522Z] NudgeForge: ResumeComplete — restoring count from history
[2026-08-06T15:30:48.522Z] restoreNudgeCountFromHistory: found last write at idx=1312 count=0
[2026-08-06T15:30:49.564Z] ResumeDiffForge: running checkResumeConsistency
[2026-08-06T15:30:49.565Z] checkResumeConsistency: forgedTimestamps=[["project","1970-01-01T00:00:00.000Z"]]
[2026-08-06T15:30:49.575Z] checkResumeConsistency: injecting 1 diff notification(s)
[2026-08-06T15:30:49.575Z] injectForgedHistory: role=user preview="[agent-auto] [memory-update 2026-08-06 22:40:20] project memory file has been mo"
[2026-08-06T15:30:49.725Z] injectForgedHistory: recordMessage persisted
[2026-08-06T15:30:49.726Z] LiveUpdateForge: session reset, allowLiveUpdate = false
[2026-08-06T15:30:49.726Z] NudgeForge: ResumeComplete — restoring count from history
[2026-08-06T15:30:49.727Z] restoreNudgeCountFromHistory: found last write at idx=1312 count=0
[2026-08-06T15:30:50.010Z] ResumeDiffForge: running checkResumeConsistency
[2026-08-06T15:30:50.011Z] checkResumeConsistency: forgedTimestamps=[["project","1970-01-01T00:00:00.000Z"]]
[2026-08-06T15:30:50.028Z] checkResumeConsistency: injecting 1 diff notification(s)
[2026-08-06T15:30:50.029Z] injectForgedHistory: role=user preview="[agent-auto] [memory-update 2026-08-06 22:40:20] project memory file has been mo"
[2026-08-06T15:30:50.216Z] injectForgedHistory: recordMessage persisted
[2026-08-06T15:30:50.216Z] LiveUpdateForge: session reset, allowLiveUpdate = false
[2026-08-06T15:30:50.217Z] NudgeForge: ResumeComplete — restoring count from history
[2026-08-06T15:30:50.217Z] restoreNudgeCountFromHistory: found last write at idx=1312 count=0
[2026-08-06T15:30:51.751Z] MemoryForge: attached 5 listener(s)
[2026-08-06T15:30:51.752Z] InitialReadForge: armed one-shot BeforeSend after NewSessionStart
[2026-08-06T15:30:51.752Z] LiveUpdateForge: session reset, allowLiveUpdate = false
[2026-08-06T15:30:51.777Z] MemoryForge: detached all listeners
[2026-08-06T15:30:51.778Z] ResumeDiffForge: running checkResumeConsistency
[2026-08-06T15:30:51.779Z] checkResumeConsistency: forgedTimestamps=[["project","1970-01-01T00:00:00.000Z"]]
[2026-08-06T15:30:51.958Z] checkResumeConsistency: injecting 1 diff notification(s)
[2026-08-06T15:30:51.958Z] injectForgedHistory: role=user preview="[agent-auto] [memory-update 2026-08-06 22:40:20] project memory file has been mo"
[2026-08-06T15:30:52.107Z] injectForgedHistory: recordMessage persisted
[2026-08-06T15:30:52.107Z] LiveUpdateForge: session reset, allowLiveUpdate = false
[2026-08-06T15:30:52.107Z] NudgeForge: ResumeComplete — restoring count from history
[2026-08-06T15:30:52.108Z] restoreNudgeCountFromHistory: found last write at idx=1312 count=0
[2026-08-06T15:30:52.127Z] LiveUpdateForge: allowLiveUpdate = true (first real BeforeSend)
[2026-08-06T15:30:52.128Z] InitialReadForge.onBeforeSend: SKIP (fr=false syn=false hasRead=true)
[2026-08-06T15:31:59.859Z] LiveUpdateForge: EndTurn fallback flush
[2026-08-06T15:31:59.859Z] onEndTurn: naturalStop=false toolCalls=0 nudgeMsg=no
[2026-08-06T15:31:59.897Z] LiveUpdateForge: AfterToolExec flush
[2026-08-06T15:32:00.068Z] InitialReadForge.onBeforeSend: SKIP (fr=true syn=false hasRead=true)
[2026-08-06T15:32:22.798Z] LiveUpdateForge: EndTurn fallback flush
[2026-08-06T15:32:22.799Z] onEndTurn: naturalStop=false toolCalls=1 nudgeMsg=no
[2026-08-06T15:32:22.997Z] LiveUpdateForge: AfterToolExec flush
[2026-08-06T15:32:23.164Z] InitialReadForge.onBeforeSend: SKIP (fr=true syn=false hasRead=true)
[2026-08-06T15:33:26.052Z] LiveUpdateForge: EndTurn fallback flush
[2026-08-06T15:33:26.053Z] onEndTurn: naturalStop=false toolCalls=2 nudgeMsg=no
[2026-08-06T15:33:38.311Z] LiveUpdateForge: AfterToolExec flush
[2026-08-06T15:33:38.480Z] InitialReadForge.onBeforeSend: SKIP (fr=true syn=false hasRead=true)
[2026-08-06T15:33:57.692Z] LiveUpdateForge: EndTurn fallback flush
[2026-08-06T15:33:57.692Z] onEndTurn: naturalStop=true toolCalls=3 nudgeMsg=no
[2026-08-06T15:51:45.046Z] MemoryForge: attached 5 listener(s)
[2026-08-06T15:51:45.047Z] InitialReadForge: armed one-shot BeforeSend after NewSessionStart
[2026-08-06T15:51:45.047Z] LiveUpdateForge: session reset, allowLiveUpdate = false
[2026-08-06T15:51:48.473Z] LiveUpdateForge: session reset, allowLiveUpdate = false
[2026-08-06T15:51:48.524Z] ResumeDiffForge: running checkResumeConsistency
[2026-08-06T15:51:48.525Z] checkResumeConsistency: forgedTimestamps=[["project","1970-01-01T00:00:00.000Z"]]
[2026-08-06T15:51:48.531Z] checkResumeConsistency: injecting 1 diff notification(s)
[2026-08-06T15:51:48.532Z] injectForgedHistory: role=user preview="[agent-auto] [memory-update 2026-08-06 22:40:20] project memory file has been mo"
[2026-08-06T15:51:48.532Z] injectForgedHistory: recordMessage persisted
[2026-08-06T15:51:48.532Z] LiveUpdateForge: session reset, allowLiveUpdate = false
[2026-08-06T15:51:48.532Z] NudgeForge: ResumeComplete — restoring count from history
[2026-08-06T15:51:48.533Z] restoreNudgeCountFromHistory: found last write at idx=1312 count=3
[2026-08-06T15:51:50.798Z] ResumeDiffForge: running checkResumeConsistency
[2026-08-06T15:51:50.799Z] checkResumeConsistency: forgedTimestamps=[["project","1970-01-01T00:00:00.000Z"]]
[2026-08-06T15:51:50.804Z] checkResumeConsistency: injecting 1 diff notification(s)
[2026-08-06T15:51:50.804Z] injectForgedHistory: role=user preview="[agent-auto] [memory-update 2026-08-06 22:40:20] project memory file has been mo"
[2026-08-06T15:51:50.979Z] injectForgedHistory: recordMessage persisted
[2026-08-06T15:51:50.979Z] LiveUpdateForge: session reset, allowLiveUpdate = false
[2026-08-06T15:51:50.980Z] NudgeForge: ResumeComplete — restoring count from history
[2026-08-06T15:51:50.981Z] restoreNudgeCountFromHistory: found last write at idx=1312 count=3
[2026-08-06T15:51:51.296Z] ResumeDiffForge: running checkResumeConsistency
[2026-08-06T15:51:51.296Z] checkResumeConsistency: forgedTimestamps=[["project","1970-01-01T00:00:00.000Z"]]
[2026-08-06T15:51:51.303Z] checkResumeConsistency: injecting 1 diff notification(s)
[2026-08-06T15:51:51.303Z] injectForgedHistory: role=user preview="[agent-auto] [memory-update 2026-08-06 22:40:20] project memory file has been mo"
[2026-08-06T15:51:51.491Z] injectForgedHistory: recordMessage persisted
[2026-08-06T15:51:51.491Z] LiveUpdateForge: session reset, allowLiveUpdate = false
[2026-08-06T15:51:51.491Z] NudgeForge: ResumeComplete — restoring count from history
[2026-08-06T15:51:51.492Z] restoreNudgeCountFromHistory: found last write at idx=1312 count=3
[2026-08-06T15:51:53.399Z] MemoryForge: attached 5 listener(s)
[2026-08-06T15:51:53.399Z] InitialReadForge: armed one-shot BeforeSend after NewSessionStart
[2026-08-06T15:51:53.399Z] LiveUpdateForge: session reset, allowLiveUpdate = false
[2026-08-06T15:51:53.412Z] MemoryForge: detached all listeners
[2026-08-06T15:51:53.412Z] ResumeDiffForge: running checkResumeConsistency
[2026-08-06T15:51:53.413Z] checkResumeConsistency: forgedTimestamps=[["project","1970-01-01T00:00:00.000Z"]]
[2026-08-06T15:51:53.631Z] checkResumeConsistency: injecting 1 diff notification(s)
[2026-08-06T15:51:53.632Z] injectForgedHistory: role=user preview="[agent-auto] [memory-update 2026-08-06 22:40:20] project memory file has been mo"
[2026-08-06T15:51:53.795Z] injectForgedHistory: recordMessage persisted
[2026-08-06T15:51:53.795Z] LiveUpdateForge: session reset, allowLiveUpdate = false
[2026-08-06T15:51:53.795Z] NudgeForge: ResumeComplete — restoring count from history
[2026-08-06T15:51:53.796Z] restoreNudgeCountFromHistory: found last write at idx=1312 count=3
[2026-08-06T15:51:53.815Z] LiveUpdateForge: allowLiveUpdate = true (first real BeforeSend)
[2026-08-06T15:51:53.815Z] InitialReadForge.onBeforeSend: SKIP (fr=false syn=false hasRead=true)
[2026-08-06T15:53:02.372Z] LiveUpdateForge: EndTurn fallback flush
[2026-08-06T15:53:02.372Z] onEndTurn: naturalStop=false toolCalls=3 nudgeMsg=no
[2026-08-06T15:53:31.184Z] LiveUpdateForge: AfterToolExec flush
[2026-08-06T15:53:31.412Z] InitialReadForge.onBeforeSend: SKIP (fr=true syn=false hasRead=true)
[2026-08-06T15:53:54.862Z] LiveUpdateForge: EndTurn fallback flush
[2026-08-06T15:53:54.862Z] onEndTurn: naturalStop=false toolCalls=4 nudgeMsg=no
[2026-08-06T15:53:54.870Z] InitialReadForge.onBeforeSend: SKIP (fr=true syn=false hasRead=true)
[2026-08-06T15:54:06.354Z] LiveUpdateForge: EndTurn fallback flush
[2026-08-06T15:54:06.354Z] onEndTurn: naturalStop=false toolCalls=4 nudgeMsg=no
[2026-08-06T15:54:06.360Z] InitialReadForge.onBeforeSend: SKIP (fr=true syn=false hasRead=true)
