[2026-08-01T04:07:16.759Z] MemoryForge: attached 5 listener(s)
[2026-08-01T04:07:16.760Z] InitialReadForge: armed one-shot BeforeSend after NewSessionStart
[2026-08-01T04:07:16.761Z] LiveUpdateForge: session reset, allowLiveUpdate = false
[2026-08-01T04:07:20.090Z] MemoryForge: attached 5 listener(s)
[2026-08-01T04:07:20.091Z] InitialReadForge: armed one-shot BeforeSend after NewSessionStart
[2026-08-01T04:07:20.092Z] LiveUpdateForge: session reset, allowLiveUpdate = false
[2026-08-01T04:09:27.218Z] MemoryForge: attached 5 listener(s)
[2026-08-01T04:09:27.219Z] InitialReadForge: armed one-shot BeforeSend after NewSessionStart
[2026-08-01T04:09:27.220Z] LiveUpdateForge: session reset, allowLiveUpdate = false
[2026-08-01T04:11:42.226Z] MemoryForge: attached 5 listener(s)
[2026-08-01T04:11:42.227Z] InitialReadForge: armed one-shot BeforeSend after NewSessionStart
[2026-08-01T04:11:42.227Z] LiveUpdateForge: session reset, allowLiveUpdate = false
[2026-08-01T04:11:42.228Z] MemoryForge: detached all listeners
[2026-08-01T04:11:42.229Z] ResumeDiffForge: no read_memory in history, backfilling forge
[2026-08-01T04:11:42.318Z] recordForgedToolExchange: toolName=read_memory callId=resume-forge-read-memory-backfill
[2026-08-01T04:11:42.393Z] recordForgedToolExchange: recordMessage + recordToolCalls persisted
[2026-08-01T04:11:42.394Z] injectForgedHistory: role=user preview=""
[2026-08-01T04:11:42.449Z] injectForgedHistory: recordMessage persisted
[2026-08-01T04:11:42.454Z] ResumeDiffForge: backfilled read_memory and baseline for 2 raw + 2 provider file(s)
[2026-08-01T04:11:42.454Z] LiveUpdateForge: session reset, allowLiveUpdate = false
[2026-08-01T04:11:42.455Z] NudgeForge: ResumeComplete — restoring count from history
[2026-08-01T04:11:42.456Z] restoreNudgeCountFromHistory: no reset point found, count=0
[2026-08-01T04:11:42.481Z] LiveUpdateForge: allowLiveUpdate = true (first real BeforeSend)
[2026-08-01T04:11:42.481Z] InitialReadForge.onBeforeSend: SKIP (fr=false syn=false hasRead=true)
[2026-08-01T04:11:45.443Z] LiveUpdateForge: EndTurn fallback flush
[2026-08-01T04:11:45.444Z] onEndTurn: naturalStop=false toolCalls=0 nudgeMsg=no
[2026-08-01T04:11:45.501Z] LiveUpdateForge: AfterToolExec flush
[2026-08-01T04:11:45.516Z] LiveUpdateForge: AfterToolExec flush
[2026-08-01T04:11:45.597Z] InitialReadForge.onBeforeSend: SKIP (fr=true syn=false hasRead=true)
[2026-08-01T04:12:06.423Z] LiveUpdateForge: EndTurn fallback flush
[2026-08-01T04:12:06.424Z] onEndTurn: naturalStop=false toolCalls=2 nudgeMsg=no
[2026-08-01T04:12:23.663Z] LiveUpdateForge: AfterToolExec flush
[2026-08-01T04:12:23.678Z] LiveUpdateForge: AfterToolExec flush
[2026-08-01T04:12:23.727Z] InitialReadForge.onBeforeSend: SKIP (fr=true syn=false hasRead=true)
[2026-08-01T04:12:30.277Z] LiveUpdateForge: EndTurn fallback flush
[2026-08-01T04:12:30.277Z] onEndTurn: naturalStop=false toolCalls=4 nudgeMsg=no
[2026-08-01T04:12:37.805Z] LiveUpdateForge: AfterToolExec flush
[2026-08-01T04:12:38.311Z] LiveUpdateForge: AfterToolExec flush
[2026-08-01T04:12:38.356Z] LiveUpdateForge: AfterToolExec flush
[2026-08-01T04:12:38.424Z] InitialReadForge.onBeforeSend: SKIP (fr=true syn=false hasRead=true)
[2026-08-01T04:12:50.075Z] LiveUpdateForge: EndTurn fallback flush
[2026-08-01T04:12:50.075Z] onEndTurn: naturalStop=false toolCalls=7 nudgeMsg=no
[2026-08-01T04:12:50.172Z] LiveUpdateForge: AfterToolExec flush
[2026-08-01T04:12:50.236Z] InitialReadForge.onBeforeSend: SKIP (fr=true syn=false hasRead=true)
[2026-08-01T04:12:54.741Z] LiveUpdateForge: EndTurn fallback flush
[2026-08-01T04:12:54.742Z] onEndTurn: naturalStop=false toolCalls=8 nudgeMsg=no
[2026-08-01T04:12:59.129Z] LiveUpdateForge: AfterToolExec flush
[2026-08-01T04:12:59.204Z] InitialReadForge.onBeforeSend: SKIP (fr=true syn=false hasRead=true)
[2026-08-01T04:13:02.179Z] LiveUpdateForge: EndTurn fallback flush
[2026-08-01T04:13:02.179Z] onEndTurn: naturalStop=false toolCalls=9 nudgeMsg=no
[2026-08-01T04:13:04.055Z] LiveUpdateForge: AfterToolExec flush
[2026-08-01T04:13:04.116Z] InitialReadForge.onBeforeSend: SKIP (fr=true syn=false hasRead=true)
[2026-08-01T04:13:09.616Z] LiveUpdateForge: EndTurn fallback flush
[2026-08-01T04:13:09.617Z] onEndTurn: naturalStop=false toolCalls=10 nudgeMsg=no
[2026-08-01T04:13:09.627Z] LiveUpdateForge: AfterToolExec flush
[2026-08-01T04:13:09.689Z] InitialReadForge.onBeforeSend: SKIP (fr=true syn=false hasRead=true)
[2026-08-01T04:13:10.912Z] LiveUpdateForge: EndTurn fallback flush
[2026-08-01T04:13:10.912Z] onEndTurn: naturalStop=false toolCalls=11 nudgeMsg=no
[2026-08-01T04:13:20.143Z] LiveUpdateForge: AfterToolExec flush
[2026-08-01T04:13:20.214Z] InitialReadForge.onBeforeSend: SKIP (fr=true syn=false hasRead=true)
[2026-08-01T04:13:23.758Z] LiveUpdateForge: EndTurn fallback flush
[2026-08-01T04:13:23.758Z] onEndTurn: naturalStop=false toolCalls=12 nudgeMsg=no
[2026-08-01T04:13:23.760Z] LiveUpdateForge: AfterToolExec flush
[2026-08-01T04:13:23.837Z] InitialReadForge.onBeforeSend: SKIP (fr=true syn=false hasRead=true)
[2026-08-01T04:13:28.123Z] LiveUpdateForge: EndTurn fallback flush
[2026-08-01T04:13:28.123Z] onEndTurn: naturalStop=true toolCalls=13 nudgeMsg=no
[2026-08-01T04:14:03.783Z] ResumeDiffForge: running checkResumeConsistency
[2026-08-01T04:14:03.783Z] checkResumeConsistency: forgedTimestamps=[]
[2026-08-01T04:14:03.795Z] checkResumeConsistency: no changes detected
[2026-08-01T04:14:03.795Z] LiveUpdateForge: session reset, allowLiveUpdate = false
[2026-08-01T04:14:03.796Z] NudgeForge: ResumeComplete — restoring count from history
[2026-08-01T04:14:03.796Z] restoreNudgeCountFromHistory: no reset point found, count=13
[2026-08-01T04:15:33.536Z] ResumeDiffForge: running checkResumeConsistency
[2026-08-01T04:15:33.537Z] checkResumeConsistency: forgedTimestamps=[]
[2026-08-01T04:15:33.542Z] checkResumeConsistency: no changes detected
[2026-08-01T04:15:33.542Z] LiveUpdateForge: session reset, allowLiveUpdate = false
[2026-08-01T04:15:33.542Z] NudgeForge: ResumeComplete — restoring count from history
[2026-08-01T04:15:33.543Z] restoreNudgeCountFromHistory: no reset point found, count=13
[2026-08-01T04:18:56.378Z] ResumeDiffForge: running checkResumeConsistency
[2026-08-01T04:18:56.378Z] checkResumeConsistency: forgedTimestamps=[]
[2026-08-01T04:18:56.384Z] checkResumeConsistency: no changes detected
[2026-08-01T04:18:56.384Z] LiveUpdateForge: session reset, allowLiveUpdate = false
[2026-08-01T04:18:56.385Z] NudgeForge: ResumeComplete — restoring count from history
[2026-08-01T04:18:56.385Z] restoreNudgeCountFromHistory: no reset point found, count=13
[2026-08-01T04:18:56.390Z] LiveUpdateForge: allowLiveUpdate = true (first real BeforeSend)
[2026-08-01T04:18:56.391Z] InitialReadForge.onBeforeSend: SKIP (fr=false syn=false hasRead=true)
[2026-08-01T04:19:06.107Z] LiveUpdateForge: EndTurn fallback flush
[2026-08-01T04:19:06.107Z] onEndTurn: naturalStop=true toolCalls=13 nudgeMsg=no
[2026-08-01T04:26:48.605Z] MemoryForge: attached 5 listener(s)
[2026-08-01T04:26:48.605Z] InitialReadForge: armed one-shot BeforeSend after NewSessionStart
[2026-08-01T04:26:48.605Z] LiveUpdateForge: session reset, allowLiveUpdate = false
[2026-08-01T04:26:48.689Z] LiveUpdateForge: session reset, allowLiveUpdate = false
[2026-08-01T04:26:48.691Z] ResumeDiffForge: running checkResumeConsistency
[2026-08-01T04:26:48.692Z] checkResumeConsistency: forgedTimestamps=[]
[2026-08-01T04:26:48.694Z] checkResumeConsistency: no changes detected
[2026-08-01T04:26:48.694Z] LiveUpdateForge: session reset, allowLiveUpdate = false
[2026-08-01T04:26:48.695Z] NudgeForge: ResumeComplete — restoring count from history
[2026-08-01T04:26:48.695Z] restoreNudgeCountFromHistory: no reset point found, count=13
[2026-08-01T04:26:49.892Z] ResumeDiffForge: running checkResumeConsistency
[2026-08-01T04:26:49.892Z] checkResumeConsistency: forgedTimestamps=[]
[2026-08-01T04:26:49.899Z] checkResumeConsistency: no changes detected
[2026-08-01T04:26:49.899Z] LiveUpdateForge: session reset, allowLiveUpdate = false
[2026-08-01T04:26:49.899Z] NudgeForge: ResumeComplete — restoring count from history
[2026-08-01T04:26:49.900Z] restoreNudgeCountFromHistory: no reset point found, count=13
[2026-08-01T04:26:49.960Z] ResumeDiffForge: running checkResumeConsistency
[2026-08-01T04:26:49.960Z] checkResumeConsistency: forgedTimestamps=[]
[2026-08-01T04:26:49.964Z] checkResumeConsistency: no changes detected
[2026-08-01T04:26:49.964Z] LiveUpdateForge: session reset, allowLiveUpdate = false
[2026-08-01T04:26:49.965Z] NudgeForge: ResumeComplete — restoring count from history
[2026-08-01T04:26:49.965Z] restoreNudgeCountFromHistory: no reset point found, count=13
[2026-08-01T04:26:50.089Z] MemoryForge: attached 5 listener(s)
[2026-08-01T04:26:50.089Z] InitialReadForge: armed one-shot BeforeSend after NewSessionStart
[2026-08-01T04:26:50.089Z] LiveUpdateForge: session reset, allowLiveUpdate = false
[2026-08-01T04:26:50.091Z] MemoryForge: detached all listeners
[2026-08-01T04:26:50.091Z] ResumeDiffForge: running checkResumeConsistency
[2026-08-01T04:26:50.091Z] checkResumeConsistency: forgedTimestamps=[]
[2026-08-01T04:26:50.142Z] checkResumeConsistency: no changes detected
[2026-08-01T04:26:50.142Z] LiveUpdateForge: session reset, allowLiveUpdate = false
[2026-08-01T04:26:50.142Z] NudgeForge: ResumeComplete — restoring count from history
[2026-08-01T04:26:50.142Z] restoreNudgeCountFromHistory: no reset point found, count=13
[2026-08-01T04:26:50.153Z] LiveUpdateForge: allowLiveUpdate = true (first real BeforeSend)
[2026-08-01T04:26:50.153Z] InitialReadForge.onBeforeSend: SKIP (fr=false syn=false hasRead=true)
[2026-08-01T04:26:59.265Z] LiveUpdateForge: EndTurn fallback flush
[2026-08-01T04:26:59.266Z] onEndTurn: naturalStop=false toolCalls=13 nudgeMsg=no
[2026-08-01T04:28:32.939Z] LiveUpdateForge: AfterToolExec flush
[2026-08-01T04:28:33.017Z] InitialReadForge.onBeforeSend: SKIP (fr=true syn=false hasRead=true)
[2026-08-01T04:28:39.637Z] LiveUpdateForge: EndTurn fallback flush
[2026-08-01T04:28:39.637Z] onEndTurn: naturalStop=false toolCalls=14 nudgeMsg=no
[2026-08-01T04:28:39.645Z] LiveUpdateForge: AfterToolExec flush
[2026-08-01T04:28:39.719Z] InitialReadForge.onBeforeSend: SKIP (fr=true syn=false hasRead=true)
[2026-08-01T04:28:56.178Z] LiveUpdateForge: EndTurn fallback flush
[2026-08-01T04:28:56.178Z] onEndTurn: naturalStop=true toolCalls=15 nudgeMsg=no
[2026-08-01T04:32:28.924Z] ResumeDiffForge: running checkResumeConsistency
[2026-08-01T04:32:28.925Z] checkResumeConsistency: forgedTimestamps=[]
[2026-08-01T04:32:28.932Z] checkResumeConsistency: no changes detected
[2026-08-01T04:32:28.932Z] LiveUpdateForge: session reset, allowLiveUpdate = false
[2026-08-01T04:32:28.932Z] NudgeForge: ResumeComplete — restoring count from history
[2026-08-01T04:32:28.933Z] restoreNudgeCountFromHistory: no reset point found, count=15
[2026-08-01T04:32:28.954Z] LiveUpdateForge: allowLiveUpdate = true (first real BeforeSend)
[2026-08-01T04:32:28.954Z] InitialReadForge.onBeforeSend: SKIP (fr=false syn=false hasRead=true)
[2026-08-01T04:32:42.619Z] LiveUpdateForge: EndTurn fallback flush
[2026-08-01T04:32:42.619Z] onEndTurn: naturalStop=true toolCalls=15 nudgeMsg=no
[2026-08-01T04:34:49.236Z] ResumeDiffForge: running checkResumeConsistency
[2026-08-01T04:34:49.237Z] checkResumeConsistency: forgedTimestamps=[]
[2026-08-01T04:34:49.243Z] checkResumeConsistency: no changes detected
[2026-08-01T04:34:49.243Z] LiveUpdateForge: session reset, allowLiveUpdate = false
[2026-08-01T04:34:49.243Z] NudgeForge: ResumeComplete — restoring count from history
[2026-08-01T04:34:49.244Z] restoreNudgeCountFromHistory: no reset point found, count=15
[2026-08-01T04:34:49.253Z] LiveUpdateForge: allowLiveUpdate = true (first real BeforeSend)
[2026-08-01T04:34:49.253Z] InitialReadForge.onBeforeSend: SKIP (fr=false syn=false hasRead=true)
[2026-08-01T04:34:59.251Z] LiveUpdateForge: EndTurn fallback flush
[2026-08-01T04:34:59.252Z] onEndTurn: naturalStop=false toolCalls=15 nudgeMsg=no
[2026-08-01T04:34:59.284Z] LiveUpdateForge: AfterToolExec flush
[2026-08-01T04:34:59.352Z] InitialReadForge.onBeforeSend: SKIP (fr=true syn=false hasRead=true)
[2026-08-01T04:35:01.130Z] LiveUpdateForge: EndTurn fallback flush
[2026-08-01T04:35:01.131Z] onEndTurn: naturalStop=false toolCalls=16 nudgeMsg=no
[2026-08-01T04:35:01.161Z] LiveUpdateForge: AfterToolExec flush
[2026-08-01T04:35:01.227Z] InitialReadForge.onBeforeSend: SKIP (fr=true syn=false hasRead=true)
[2026-08-01T04:35:02.469Z] LiveUpdateForge: EndTurn fallback flush
[2026-08-01T04:35:02.470Z] onEndTurn: naturalStop=false toolCalls=17 nudgeMsg=no
[2026-08-01T04:35:02.483Z] LiveUpdateForge: AfterToolExec flush
[2026-08-01T04:35:02.546Z] InitialReadForge.onBeforeSend: SKIP (fr=true syn=false hasRead=true)
[2026-08-01T04:35:04.023Z] LiveUpdateForge: EndTurn fallback flush
[2026-08-01T04:35:04.024Z] onEndTurn: naturalStop=false toolCalls=18 nudgeMsg=no
[2026-08-01T04:35:04.081Z] LiveUpdateForge: AfterToolExec flush
[2026-08-01T04:35:04.144Z] InitialReadForge.onBeforeSend: SKIP (fr=true syn=false hasRead=true)
[2026-08-01T04:35:46.440Z] LiveUpdateForge: EndTurn fallback flush
[2026-08-01T04:35:46.440Z] onEndTurn: naturalStop=false toolCalls=19 nudgeMsg=no
[2026-08-01T04:35:46.530Z] LiveUpdateForge: AfterToolExec flush
[2026-08-01T04:35:46.597Z] InitialReadForge.onBeforeSend: SKIP (fr=true syn=false hasRead=true)
[2026-08-01T04:35:50.731Z] LiveUpdateForge: EndTurn fallback flush
[2026-08-01T04:35:50.732Z] onEndTurn: naturalStop=true toolCalls=20 nudgeMsg=no
[2026-08-01T04:38:12.747Z] ResumeDiffForge: running checkResumeConsistency
[2026-08-01T04:38:12.747Z] checkResumeConsistency: forgedTimestamps=[]
[2026-08-01T04:38:12.755Z] checkResumeConsistency: no changes detected
[2026-08-01T04:38:12.755Z] LiveUpdateForge: session reset, allowLiveUpdate = false
[2026-08-01T04:38:12.755Z] NudgeForge: ResumeComplete — restoring count from history
[2026-08-01T04:38:12.756Z] restoreNudgeCountFromHistory: no reset point found, count=20
[2026-08-01T04:38:12.779Z] LiveUpdateForge: allowLiveUpdate = true (first real BeforeSend)
[2026-08-01T04:38:12.780Z] InitialReadForge.onBeforeSend: SKIP (fr=false syn=false hasRead=true)
[2026-08-01T04:38:14.967Z] LiveUpdateForge: EndTurn fallback flush
[2026-08-01T04:38:14.967Z] onEndTurn: naturalStop=false toolCalls=20 nudgeMsg=no
[2026-08-01T04:38:15.205Z] LiveUpdateForge: AfterToolExec flush
[2026-08-01T04:38:15.269Z] InitialReadForge.onBeforeSend: SKIP (fr=true syn=false hasRead=true)
[2026-08-01T04:38:17.429Z] LiveUpdateForge: EndTurn fallback flush
[2026-08-01T04:38:17.429Z] onEndTurn: naturalStop=true toolCalls=21 nudgeMsg=no
[2026-08-01T04:58:54.651Z] MemoryForge: attached 5 listener(s)
[2026-08-01T04:58:54.651Z] InitialReadForge: armed one-shot BeforeSend after NewSessionStart
[2026-08-01T04:58:54.652Z] LiveUpdateForge: session reset, allowLiveUpdate = false
[2026-08-01T04:58:54.732Z] LiveUpdateForge: session reset, allowLiveUpdate = false
[2026-08-01T04:58:54.737Z] ResumeDiffForge: running checkResumeConsistency
[2026-08-01T04:58:54.738Z] checkResumeConsistency: forgedTimestamps=[]
[2026-08-01T04:58:54.739Z] checkResumeConsistency: no changes detected
[2026-08-01T04:58:54.740Z] LiveUpdateForge: session reset, allowLiveUpdate = false
[2026-08-01T04:58:54.740Z] NudgeForge: ResumeComplete — restoring count from history
[2026-08-01T04:58:54.740Z] restoreNudgeCountFromHistory: no reset point found, count=21
[2026-08-01T04:58:54.957Z] ResumeDiffForge: running checkResumeConsistency
[2026-08-01T04:58:54.958Z] checkResumeConsistency: forgedTimestamps=[]
[2026-08-01T04:58:54.977Z] checkResumeConsistency: no changes detected
[2026-08-01T04:58:54.978Z] LiveUpdateForge: session reset, allowLiveUpdate = false
[2026-08-01T04:58:54.978Z] NudgeForge: ResumeComplete — restoring count from history
[2026-08-01T04:58:54.979Z] restoreNudgeCountFromHistory: no reset point found, count=21
[2026-08-01T04:58:55.081Z] ResumeDiffForge: running checkResumeConsistency
[2026-08-01T04:58:55.081Z] checkResumeConsistency: forgedTimestamps=[]
[2026-08-01T04:58:55.086Z] checkResumeConsistency: no changes detected
[2026-08-01T04:58:55.086Z] LiveUpdateForge: session reset, allowLiveUpdate = false
[2026-08-01T04:58:55.086Z] NudgeForge: ResumeComplete — restoring count from history
[2026-08-01T04:58:55.087Z] restoreNudgeCountFromHistory: no reset point found, count=21
[2026-08-01T04:58:55.187Z] MemoryForge: attached 5 listener(s)
[2026-08-01T04:58:55.187Z] InitialReadForge: armed one-shot BeforeSend after NewSessionStart
[2026-08-01T04:58:55.188Z] LiveUpdateForge: session reset, allowLiveUpdate = false
[2026-08-01T04:58:55.190Z] MemoryForge: detached all listeners
[2026-08-01T04:58:55.191Z] ResumeDiffForge: running checkResumeConsistency
[2026-08-01T04:58:55.191Z] checkResumeConsistency: forgedTimestamps=[]
[2026-08-01T04:58:55.287Z] checkResumeConsistency: no changes detected
[2026-08-01T04:58:55.287Z] LiveUpdateForge: session reset, allowLiveUpdate = false
[2026-08-01T04:58:55.288Z] NudgeForge: ResumeComplete — restoring count from history
[2026-08-01T04:58:55.288Z] restoreNudgeCountFromHistory: no reset point found, count=21
[2026-08-01T04:58:55.306Z] LiveUpdateForge: allowLiveUpdate = true (first real BeforeSend)
[2026-08-01T04:58:55.307Z] InitialReadForge.onBeforeSend: SKIP (fr=false syn=false hasRead=true)
[2026-08-01T04:59:05.768Z] LiveUpdateForge: EndTurn fallback flush
[2026-08-01T04:59:05.769Z] onEndTurn: naturalStop=true toolCalls=21 nudgeMsg=no
[2026-08-01T05:02:15.894Z] ResumeDiffForge: running checkResumeConsistency
[2026-08-01T05:02:15.895Z] checkResumeConsistency: forgedTimestamps=[]
[2026-08-01T05:02:15.900Z] checkResumeConsistency: no changes detected
[2026-08-01T05:02:15.900Z] LiveUpdateForge: session reset, allowLiveUpdate = false
[2026-08-01T05:02:15.900Z] NudgeForge: ResumeComplete — restoring count from history
[2026-08-01T05:02:15.900Z] restoreNudgeCountFromHistory: no reset point found, count=21
[2026-08-01T05:02:15.912Z] LiveUpdateForge: allowLiveUpdate = true (first real BeforeSend)
[2026-08-01T05:02:15.913Z] InitialReadForge.onBeforeSend: SKIP (fr=false syn=false hasRead=true)
[2026-08-01T05:02:24.763Z] LiveUpdateForge: EndTurn fallback flush
[2026-08-01T05:02:24.764Z] onEndTurn: naturalStop=false toolCalls=21 nudgeMsg=no
[2026-08-01T05:02:24.803Z] LiveUpdateForge: AfterToolExec flush
[2026-08-01T05:02:24.880Z] InitialReadForge.onBeforeSend: SKIP (fr=true syn=false hasRead=true)
[2026-08-01T05:02:26.135Z] LiveUpdateForge: EndTurn fallback flush
[2026-08-01T05:02:26.135Z] onEndTurn: naturalStop=false toolCalls=22 nudgeMsg=no
[2026-08-01T05:02:26.149Z] LiveUpdateForge: AfterToolExec flush
[2026-08-01T05:02:26.217Z] InitialReadForge.onBeforeSend: SKIP (fr=true syn=false hasRead=true)
[2026-08-01T05:02:28.118Z] LiveUpdateForge: EndTurn fallback flush
[2026-08-01T05:02:28.119Z] onEndTurn: naturalStop=false toolCalls=23 nudgeMsg=no
[2026-08-01T05:02:28.129Z] LiveUpdateForge: AfterToolExec flush
[2026-08-01T05:02:28.201Z] InitialReadForge.onBeforeSend: SKIP (fr=true syn=false hasRead=true)
[2026-08-01T05:02:31.155Z] LiveUpdateForge: EndTurn fallback flush
[2026-08-01T05:02:31.155Z] onEndTurn: naturalStop=false toolCalls=24 nudgeMsg=no
[2026-08-01T05:02:38.187Z] LiveUpdateForge: AfterToolExec flush
[2026-08-01T05:02:38.254Z] InitialReadForge.onBeforeSend: SKIP (fr=true syn=false hasRead=true)
[2026-08-01T05:02:42.269Z] LiveUpdateForge: EndTurn fallback flush
[2026-08-01T05:02:42.269Z] onEndTurn: naturalStop=true toolCalls=25 nudgeMsg=no
[2026-08-01T05:20:02.922Z] MemoryForge: attached 5 listener(s)
[2026-08-01T05:20:02.923Z] InitialReadForge: armed one-shot BeforeSend after NewSessionStart
[2026-08-01T05:20:02.923Z] LiveUpdateForge: session reset, allowLiveUpdate = false
[2026-08-01T05:20:03.012Z] LiveUpdateForge: session reset, allowLiveUpdate = false
[2026-08-01T05:20:03.016Z] ResumeDiffForge: running checkResumeConsistency
[2026-08-01T05:20:03.017Z] checkResumeConsistency: forgedTimestamps=[]
[2026-08-01T05:20:03.019Z] checkResumeConsistency: no changes detected
[2026-08-01T05:20:03.019Z] LiveUpdateForge: session reset, allowLiveUpdate = false
[2026-08-01T05:20:03.019Z] NudgeForge: ResumeComplete — restoring count from history
[2026-08-01T05:20:03.020Z] restoreNudgeCountFromHistory: no reset point found, count=25
[2026-08-01T05:20:04.245Z] ResumeDiffForge: running checkResumeConsistency
[2026-08-01T05:20:04.246Z] checkResumeConsistency: forgedTimestamps=[]
[2026-08-01T05:20:04.252Z] checkResumeConsistency: no changes detected
[2026-08-01T05:20:04.252Z] LiveUpdateForge: session reset, allowLiveUpdate = false
[2026-08-01T05:20:04.252Z] NudgeForge: ResumeComplete — restoring count from history
[2026-08-01T05:20:04.253Z] restoreNudgeCountFromHistory: no reset point found, count=25
[2026-08-01T05:20:04.348Z] ResumeDiffForge: running checkResumeConsistency
[2026-08-01T05:20:04.348Z] checkResumeConsistency: forgedTimestamps=[]
[2026-08-01T05:20:04.354Z] checkResumeConsistency: no changes detected
[2026-08-01T05:20:04.354Z] LiveUpdateForge: session reset, allowLiveUpdate = false
[2026-08-01T05:20:04.354Z] NudgeForge: ResumeComplete — restoring count from history
[2026-08-01T05:20:04.355Z] restoreNudgeCountFromHistory: no reset point found, count=25
[2026-08-01T05:20:04.457Z] MemoryForge: attached 5 listener(s)
[2026-08-01T05:20:04.458Z] InitialReadForge: armed one-shot BeforeSend after NewSessionStart
[2026-08-01T05:20:04.458Z] LiveUpdateForge: session reset, allowLiveUpdate = false
[2026-08-01T05:20:04.461Z] MemoryForge: detached all listeners
[2026-08-01T05:20:04.461Z] ResumeDiffForge: running checkResumeConsistency
[2026-08-01T05:20:04.461Z] checkResumeConsistency: forgedTimestamps=[]
[2026-08-01T05:20:04.536Z] checkResumeConsistency: no changes detected
[2026-08-01T05:20:04.536Z] LiveUpdateForge: session reset, allowLiveUpdate = false
[2026-08-01T05:20:04.537Z] NudgeForge: ResumeComplete — restoring count from history
[2026-08-01T05:20:04.537Z] restoreNudgeCountFromHistory: no reset point found, count=25
[2026-08-01T05:20:04.548Z] LiveUpdateForge: allowLiveUpdate = true (first real BeforeSend)
[2026-08-01T05:20:04.548Z] InitialReadForge.onBeforeSend: SKIP (fr=false syn=false hasRead=true)
[2026-08-01T05:20:11.375Z] LiveUpdateForge: EndTurn fallback flush
[2026-08-01T05:20:11.375Z] onEndTurn: naturalStop=false toolCalls=25 nudgeMsg=no
[2026-08-01T05:20:11.520Z] LiveUpdateForge: AfterToolExec flush
[2026-08-01T05:20:11.609Z] InitialReadForge.onBeforeSend: SKIP (fr=true syn=false hasRead=true)
[2026-08-01T05:20:13.013Z] LiveUpdateForge: EndTurn fallback flush
[2026-08-01T05:20:13.013Z] onEndTurn: naturalStop=false toolCalls=26 nudgeMsg=no
[2026-08-01T05:20:13.023Z] LiveUpdateForge: AfterToolExec flush
[2026-08-01T05:20:13.048Z] LiveUpdateForge: AfterToolExec flush
[2026-08-01T05:20:13.116Z] InitialReadForge.onBeforeSend: SKIP (fr=true syn=false hasRead=true)
[2026-08-01T05:20:15.792Z] LiveUpdateForge: EndTurn fallback flush
[2026-08-01T05:20:15.792Z] onEndTurn: naturalStop=false toolCalls=28 nudgeMsg=no
[2026-08-01T05:20:15.828Z] LiveUpdateForge: AfterToolExec flush
[2026-08-01T05:20:15.898Z] LiveUpdateForge: AfterToolExec flush
[2026-08-01T05:20:15.966Z] InitialReadForge.onBeforeSend: SKIP (fr=true syn=false hasRead=true)
[2026-08-01T05:20:18.636Z] LiveUpdateForge: EndTurn fallback flush
[2026-08-01T05:20:18.636Z] onEndTurn: naturalStop=false toolCalls=30 nudgeMsg=no
[2026-08-01T05:20:18.639Z] LiveUpdateForge: AfterToolExec flush
[2026-08-01T05:20:18.640Z] LiveUpdateForge: AfterToolExec flush
[2026-08-01T05:20:18.649Z] LiveUpdateForge: AfterToolExec flush
[2026-08-01T05:20:18.724Z] InitialReadForge.onBeforeSend: SKIP (fr=true syn=false hasRead=true)
[2026-08-01T05:20:21.247Z] LiveUpdateForge: EndTurn fallback flush
[2026-08-01T05:20:21.248Z] onEndTurn: naturalStop=false toolCalls=33 nudgeMsg=no
[2026-08-01T05:20:21.307Z] LiveUpdateForge: AfterToolExec flush
[2026-08-01T05:20:21.308Z] LiveUpdateForge: AfterToolExec flush
[2026-08-01T05:20:21.382Z] InitialReadForge.onBeforeSend: SKIP (fr=true syn=false hasRead=true)
[2026-08-01T05:20:32.159Z] LiveUpdateForge: EndTurn fallback flush
[2026-08-01T05:20:32.160Z] onEndTurn: naturalStop=false toolCalls=35 nudgeMsg=no
[2026-08-01T05:20:32.170Z] LiveUpdateForge: AfterToolExec flush
[2026-08-01T05:20:32.170Z] LiveUpdateForge: AfterToolExec flush
[2026-08-01T05:20:32.172Z] LiveUpdateForge: AfterToolExec flush
[2026-08-01T05:20:32.249Z] InitialReadForge.onBeforeSend: SKIP (fr=true syn=false hasRead=true)
[2026-08-01T05:20:40.007Z] LiveUpdateForge: EndTurn fallback flush
[2026-08-01T05:20:40.008Z] onEndTurn: naturalStop=false toolCalls=38 nudgeMsg=no
[2026-08-01T05:20:40.022Z] LiveUpdateForge: AfterToolExec flush
[2026-08-01T05:20:40.077Z] LiveUpdateForge: AfterToolExec flush
[2026-08-01T05:20:40.146Z] InitialReadForge.onBeforeSend: SKIP (fr=true syn=false hasRead=true)
[2026-08-01T05:20:48.899Z] LiveUpdateForge: EndTurn fallback flush
[2026-08-01T05:20:48.900Z] onEndTurn: naturalStop=false toolCalls=40 nudgeMsg=no
[2026-08-01T05:21:56.512Z] LiveUpdateForge: AfterToolExec flush
[2026-08-01T05:21:56.526Z] LiveUpdateForge: AfterToolExec flush
[2026-08-01T05:21:56.620Z] InitialReadForge.onBeforeSend: SKIP (fr=true syn=false hasRead=true)
[2026-08-01T05:21:58.263Z] LiveUpdateForge: EndTurn fallback flush
[2026-08-01T05:21:58.263Z] onEndTurn: naturalStop=false toolCalls=42 nudgeMsg=no
[2026-08-01T05:22:00.194Z] LiveUpdateForge: AfterToolExec flush
[2026-08-01T05:22:00.284Z] InitialReadForge.onBeforeSend: SKIP (fr=true syn=false hasRead=true)
[2026-08-01T05:22:02.495Z] LiveUpdateForge: EndTurn fallback flush
[2026-08-01T05:22:02.496Z] onEndTurn: naturalStop=false toolCalls=43 nudgeMsg=no
[2026-08-01T05:22:04.368Z] LiveUpdateForge: AfterToolExec flush
[2026-08-01T05:22:04.461Z] InitialReadForge.onBeforeSend: SKIP (fr=true syn=false hasRead=true)
[2026-08-01T05:22:11.127Z] LiveUpdateForge: EndTurn fallback flush
[2026-08-01T05:22:11.127Z] onEndTurn: naturalStop=false toolCalls=44 nudgeMsg=no
[2026-08-01T05:22:11.197Z] LiveUpdateForge: AfterToolExec flush
[2026-08-01T05:22:11.279Z] InitialReadForge.onBeforeSend: SKIP (fr=true syn=false hasRead=true)
[2026-08-01T05:22:14.299Z] LiveUpdateForge: EndTurn fallback flush
[2026-08-01T05:22:14.299Z] onEndTurn: naturalStop=false toolCalls=45 nudgeMsg=no
[2026-08-01T05:22:14.408Z] LiveUpdateForge: AfterToolExec flush
[2026-08-01T05:22:14.491Z] InitialReadForge.onBeforeSend: SKIP (fr=true syn=false hasRead=true)
[2026-08-01T05:22:16.669Z] LiveUpdateForge: EndTurn fallback flush
[2026-08-01T05:22:16.669Z] onEndTurn: naturalStop=false toolCalls=46 nudgeMsg=no
[2026-08-01T05:22:18.702Z] LiveUpdateForge: AfterToolExec flush
[2026-08-01T05:22:18.810Z] InitialReadForge.onBeforeSend: SKIP (fr=true syn=false hasRead=true)
[2026-08-01T05:22:21.744Z] LiveUpdateForge: EndTurn fallback flush
[2026-08-01T05:22:21.745Z] onEndTurn: naturalStop=true toolCalls=47 nudgeMsg=no
[2026-08-01T05:37:22.345Z] MemoryForge: attached 5 listener(s)
[2026-08-01T05:37:22.346Z] InitialReadForge: armed one-shot BeforeSend after NewSessionStart
[2026-08-01T05:37:22.346Z] LiveUpdateForge: session reset, allowLiveUpdate = false
[2026-08-01T05:37:22.448Z] LiveUpdateForge: session reset, allowLiveUpdate = false
[2026-08-01T05:37:22.455Z] ResumeDiffForge: running checkResumeConsistency
[2026-08-01T05:37:22.456Z] checkResumeConsistency: forgedTimestamps=[]
[2026-08-01T05:37:22.461Z] checkResumeConsistency: no changes detected
[2026-08-01T05:37:22.461Z] LiveUpdateForge: session reset, allowLiveUpdate = false
[2026-08-01T05:37:22.461Z] NudgeForge: ResumeComplete — restoring count from history
[2026-08-01T05:37:22.462Z] restoreNudgeCountFromHistory: no reset point found, count=48
[2026-08-01T05:37:23.690Z] ResumeDiffForge: running checkResumeConsistency
[2026-08-01T05:37:23.690Z] checkResumeConsistency: forgedTimestamps=[]
[2026-08-01T05:37:23.701Z] checkResumeConsistency: no changes detected
[2026-08-01T05:37:23.701Z] LiveUpdateForge: session reset, allowLiveUpdate = false
[2026-08-01T05:37:23.701Z] NudgeForge: ResumeComplete — restoring count from history
[2026-08-01T05:37:23.702Z] restoreNudgeCountFromHistory: no reset point found, count=48
[2026-08-01T05:37:23.804Z] ResumeDiffForge: running checkResumeConsistency
[2026-08-01T05:37:23.804Z] checkResumeConsistency: forgedTimestamps=[]
[2026-08-01T05:37:23.809Z] checkResumeConsistency: no changes detected
[2026-08-01T05:37:23.810Z] LiveUpdateForge: session reset, allowLiveUpdate = false
[2026-08-01T05:37:23.810Z] NudgeForge: ResumeComplete — restoring count from history
[2026-08-01T05:37:23.810Z] restoreNudgeCountFromHistory: no reset point found, count=48
[2026-08-01T05:37:23.912Z] MemoryForge: attached 5 listener(s)
[2026-08-01T05:37:23.912Z] InitialReadForge: armed one-shot BeforeSend after NewSessionStart
[2026-08-01T05:37:23.912Z] LiveUpdateForge: session reset, allowLiveUpdate = false
[2026-08-01T05:37:23.915Z] MemoryForge: detached all listeners
[2026-08-01T05:37:23.915Z] ResumeDiffForge: running checkResumeConsistency
[2026-08-01T05:37:23.915Z] checkResumeConsistency: forgedTimestamps=[]
[2026-08-01T05:37:23.996Z] checkResumeConsistency: no changes detected
[2026-08-01T05:37:23.997Z] LiveUpdateForge: session reset, allowLiveUpdate = false
[2026-08-01T05:37:23.997Z] NudgeForge: ResumeComplete — restoring count from history
[2026-08-01T05:37:23.998Z] restoreNudgeCountFromHistory: no reset point found, count=48
[2026-08-01T05:37:24.008Z] LiveUpdateForge: allowLiveUpdate = true (first real BeforeSend)
[2026-08-01T05:37:24.009Z] InitialReadForge.onBeforeSend: SKIP (fr=false syn=false hasRead=true)
[2026-08-01T05:37:37.908Z] LiveUpdateForge: EndTurn fallback flush
[2026-08-01T05:37:37.909Z] onEndTurn: naturalStop=true toolCalls=48 nudgeMsg=no
[2026-08-01T06:07:54.029Z] MemoryForge: attached 5 listener(s)
[2026-08-01T06:07:54.030Z] InitialReadForge: armed one-shot BeforeSend after NewSessionStart
[2026-08-01T06:07:54.030Z] LiveUpdateForge: session reset, allowLiveUpdate = false
[2026-08-01T06:07:54.152Z] LiveUpdateForge: session reset, allowLiveUpdate = false
[2026-08-01T06:07:54.158Z] ResumeDiffForge: running checkResumeConsistency
[2026-08-01T06:07:54.159Z] checkResumeConsistency: forgedTimestamps=[]
[2026-08-01T06:07:54.164Z] checkResumeConsistency: no changes detected
[2026-08-01T06:07:54.164Z] LiveUpdateForge: session reset, allowLiveUpdate = false
[2026-08-01T06:07:54.164Z] NudgeForge: ResumeComplete — restoring count from history
[2026-08-01T06:07:54.165Z] restoreNudgeCountFromHistory: no reset point found, count=48
[2026-08-01T06:07:54.380Z] ResumeDiffForge: running checkResumeConsistency
[2026-08-01T06:07:54.380Z] checkResumeConsistency: forgedTimestamps=[]
[2026-08-01T06:07:54.387Z] checkResumeConsistency: no changes detected
[2026-08-01T06:07:54.388Z] LiveUpdateForge: session reset, allowLiveUpdate = false
[2026-08-01T06:07:54.388Z] NudgeForge: ResumeComplete — restoring count from history
[2026-08-01T06:07:54.388Z] restoreNudgeCountFromHistory: no reset point found, count=48
[2026-08-01T06:07:54.506Z] ResumeDiffForge: running checkResumeConsistency
[2026-08-01T06:07:54.507Z] checkResumeConsistency: forgedTimestamps=[]
[2026-08-01T06:07:54.511Z] checkResumeConsistency: no changes detected
[2026-08-01T06:07:54.512Z] LiveUpdateForge: session reset, allowLiveUpdate = false
[2026-08-01T06:07:54.512Z] NudgeForge: ResumeComplete — restoring count from history
[2026-08-01T06:07:54.512Z] restoreNudgeCountFromHistory: no reset point found, count=48
[2026-08-01T06:07:54.605Z] MemoryForge: attached 5 listener(s)
[2026-08-01T06:07:54.606Z] InitialReadForge: armed one-shot BeforeSend after NewSessionStart
[2026-08-01T06:07:54.606Z] LiveUpdateForge: session reset, allowLiveUpdate = false
[2026-08-01T06:07:54.609Z] MemoryForge: detached all listeners
[2026-08-01T06:07:54.609Z] ResumeDiffForge: running checkResumeConsistency
[2026-08-01T06:07:54.610Z] checkResumeConsistency: forgedTimestamps=[]
[2026-08-01T06:07:54.707Z] checkResumeConsistency: no changes detected
[2026-08-01T06:07:54.708Z] LiveUpdateForge: session reset, allowLiveUpdate = false
[2026-08-01T06:07:54.708Z] NudgeForge: ResumeComplete — restoring count from history
[2026-08-01T06:07:54.708Z] restoreNudgeCountFromHistory: no reset point found, count=48
[2026-08-01T06:07:54.721Z] LiveUpdateForge: allowLiveUpdate = true (first real BeforeSend)
[2026-08-01T06:07:54.721Z] InitialReadForge.onBeforeSend: SKIP (fr=false syn=false hasRead=true)
[2026-08-01T06:08:29.414Z] LiveUpdateForge: EndTurn fallback flush
[2026-08-01T06:08:29.415Z] onEndTurn: naturalStop=false toolCalls=48 nudgeMsg=no
[2026-08-01T06:08:29.470Z] LiveUpdateForge: AfterToolExec flush
[2026-08-01T06:08:29.566Z] InitialReadForge.onBeforeSend: SKIP (fr=true syn=false hasRead=true)
[2026-08-01T06:08:34.214Z] LiveUpdateForge: EndTurn fallback flush
[2026-08-01T06:08:34.215Z] onEndTurn: naturalStop=false toolCalls=49 nudgeMsg=no
[2026-08-01T06:08:34.322Z] LiveUpdateForge: AfterToolExec flush
[2026-08-01T06:08:34.422Z] InitialReadForge.onBeforeSend: SKIP (fr=true syn=false hasRead=true)
[2026-08-01T06:09:18.625Z] LiveUpdateForge: EndTurn fallback flush
[2026-08-01T06:09:18.626Z] onEndTurn: naturalStop=false toolCalls=50 nudgeMsg=no
[2026-08-01T06:09:32.362Z] LiveUpdateForge: AfterToolExec flush
[2026-08-01T06:09:32.471Z] InitialReadForge.onBeforeSend: SKIP (fr=true syn=false hasRead=true)
[2026-08-01T06:10:47.240Z] LiveUpdateForge: EndTurn fallback flush
[2026-08-01T06:10:47.241Z] onEndTurn: naturalStop=false toolCalls=51 nudgeMsg=no
[2026-08-01T06:10:47.611Z] LiveUpdateForge: AfterToolExec flush
[2026-08-01T06:10:47.718Z] InitialReadForge.onBeforeSend: SKIP (fr=true syn=false hasRead=true)
[2026-08-01T06:11:24.747Z] LiveUpdateForge: EndTurn fallback flush
[2026-08-01T06:11:24.747Z] onEndTurn: naturalStop=true toolCalls=0 nudgeMsg=YES
[2026-08-01T06:11:24.753Z] InitialReadForge.onBeforeSend: SKIP (fr=false syn=false hasRead=true)
[2026-08-01T06:11:36.769Z] LiveUpdateForge: EndTurn fallback flush
[2026-08-01T06:11:36.769Z] onEndTurn: naturalStop=false toolCalls=0 nudgeMsg=no
[2026-08-01T06:11:36.799Z] LiveUpdateForge: self-write on D:\Unity\E1\CODELY.md, baseline aligned
[2026-08-01T06:11:36.800Z] LiveUpdateForge: AfterToolExec flush
[2026-08-01T06:11:36.815Z] LiveUpdateForge: self-write on D:\Unity\E1\CODELY.md, baseline aligned
[2026-08-01T06:11:36.816Z] LiveUpdateForge: AfterToolExec flush
[2026-08-01T06:11:36.833Z] LiveUpdateForge: self-write on D:\Unity\E1\CODELY.md, baseline aligned
[2026-08-01T06:11:36.834Z] LiveUpdateForge: AfterToolExec flush
[2026-08-01T06:11:36.948Z] InitialReadForge.onBeforeSend: SKIP (fr=true syn=false hasRead=true)
[2026-08-01T06:11:40.893Z] LiveUpdateForge: EndTurn fallback flush
[2026-08-01T06:11:40.894Z] onEndTurn: naturalStop=true toolCalls=0 nudgeMsg=no
[2026-08-01T06:20:24.341Z] MemoryForge: attached 5 listener(s)
[2026-08-01T06:20:24.342Z] InitialReadForge: armed one-shot BeforeSend after NewSessionStart
[2026-08-01T06:20:24.342Z] LiveUpdateForge: session reset, allowLiveUpdate = false
[2026-08-01T06:20:24.578Z] LiveUpdateForge: session reset, allowLiveUpdate = false
[2026-08-01T06:20:24.591Z] ResumeDiffForge: running checkResumeConsistency
[2026-08-01T06:20:24.592Z] checkResumeConsistency: forgedTimestamps=[]
[2026-08-01T06:20:24.598Z] checkResumeConsistency: no changes detected
[2026-08-01T06:20:24.599Z] LiveUpdateForge: session reset, allowLiveUpdate = false
[2026-08-01T06:20:24.599Z] NudgeForge: ResumeComplete — restoring count from history
[2026-08-01T06:20:24.600Z] restoreNudgeCountFromHistory: found last write at idx=110 count=0
[2026-08-01T06:20:25.834Z] ResumeDiffForge: running checkResumeConsistency
[2026-08-01T06:20:25.835Z] checkResumeConsistency: forgedTimestamps=[]
[2026-08-01T06:20:25.840Z] checkResumeConsistency: no changes detected
[2026-08-01T06:20:25.840Z] LiveUpdateForge: session reset, allowLiveUpdate = false
[2026-08-01T06:20:25.840Z] NudgeForge: ResumeComplete — restoring count from history
[2026-08-01T06:20:25.841Z] restoreNudgeCountFromHistory: found last write at idx=110 count=0
[2026-08-01T06:20:25.970Z] ResumeDiffForge: running checkResumeConsistency
[2026-08-01T06:20:25.970Z] checkResumeConsistency: forgedTimestamps=[]
[2026-08-01T06:20:25.975Z] checkResumeConsistency: no changes detected
[2026-08-01T06:20:25.975Z] LiveUpdateForge: session reset, allowLiveUpdate = false
[2026-08-01T06:20:25.976Z] NudgeForge: ResumeComplete — restoring count from history
[2026-08-01T06:20:25.976Z] restoreNudgeCountFromHistory: found last write at idx=110 count=0
[2026-08-01T06:20:26.077Z] MemoryForge: attached 5 listener(s)
[2026-08-01T06:20:26.077Z] InitialReadForge: armed one-shot BeforeSend after NewSessionStart
[2026-08-01T06:20:26.078Z] LiveUpdateForge: session reset, allowLiveUpdate = false
[2026-08-01T06:20:26.081Z] MemoryForge: detached all listeners
[2026-08-01T06:20:26.082Z] ResumeDiffForge: running checkResumeConsistency
[2026-08-01T06:20:26.082Z] checkResumeConsistency: forgedTimestamps=[]
[2026-08-01T06:20:26.176Z] checkResumeConsistency: no changes detected
[2026-08-01T06:20:26.177Z] LiveUpdateForge: session reset, allowLiveUpdate = false
[2026-08-01T06:20:26.177Z] NudgeForge: ResumeComplete — restoring count from history
[2026-08-01T06:20:26.177Z] restoreNudgeCountFromHistory: found last write at idx=110 count=0
[2026-08-01T06:20:26.189Z] LiveUpdateForge: allowLiveUpdate = true (first real BeforeSend)
[2026-08-01T06:20:26.189Z] InitialReadForge.onBeforeSend: SKIP (fr=false syn=false hasRead=true)
[2026-08-01T06:20:52.764Z] LiveUpdateForge: EndTurn fallback flush
[2026-08-01T06:20:52.765Z] onEndTurn: naturalStop=true toolCalls=0 nudgeMsg=no
[2026-08-01T06:23:46.086Z] ResumeDiffForge: running checkResumeConsistency
[2026-08-01T06:23:46.087Z] checkResumeConsistency: forgedTimestamps=[]
[2026-08-01T06:23:46.092Z] checkResumeConsistency: no changes detected
[2026-08-01T06:23:46.092Z] LiveUpdateForge: session reset, allowLiveUpdate = false
[2026-08-01T06:23:46.093Z] NudgeForge: ResumeComplete — restoring count from history
[2026-08-01T06:23:46.093Z] restoreNudgeCountFromHistory: found last write at idx=110 count=0
[2026-08-01T06:23:46.112Z] LiveUpdateForge: allowLiveUpdate = true (first real BeforeSend)
[2026-08-01T06:23:46.112Z] InitialReadForge.onBeforeSend: SKIP (fr=false syn=false hasRead=true)
[2026-08-01T06:24:15.478Z] LiveUpdateForge: EndTurn fallback flush
[2026-08-01T06:24:15.479Z] onEndTurn: naturalStop=true toolCalls=0 nudgeMsg=no
[2026-08-01T06:28:30.988Z] ResumeDiffForge: running checkResumeConsistency
[2026-08-01T06:28:30.988Z] checkResumeConsistency: forgedTimestamps=[]
[2026-08-01T06:28:30.993Z] checkResumeConsistency: no changes detected
[2026-08-01T06:28:30.993Z] LiveUpdateForge: session reset, allowLiveUpdate = false
[2026-08-01T06:28:30.993Z] NudgeForge: ResumeComplete — restoring count from history
[2026-08-01T06:28:30.994Z] restoreNudgeCountFromHistory: found last write at idx=110 count=0
[2026-08-01T06:28:31.011Z] LiveUpdateForge: allowLiveUpdate = true (first real BeforeSend)
[2026-08-01T06:28:31.012Z] InitialReadForge.onBeforeSend: SKIP (fr=false syn=false hasRead=true)
[2026-08-01T06:29:08.757Z] LiveUpdateForge: EndTurn fallback flush
[2026-08-01T06:29:08.758Z] onEndTurn: naturalStop=true toolCalls=0 nudgeMsg=no
[2026-08-01T06:30:36.995Z] ResumeDiffForge: running checkResumeConsistency
[2026-08-01T06:30:36.995Z] checkResumeConsistency: forgedTimestamps=[]
[2026-08-01T06:30:37.001Z] checkResumeConsistency: no changes detected
[2026-08-01T06:30:37.001Z] LiveUpdateForge: session reset, allowLiveUpdate = false
[2026-08-01T06:30:37.002Z] NudgeForge: ResumeComplete — restoring count from history
[2026-08-01T06:30:37.002Z] restoreNudgeCountFromHistory: found last write at idx=110 count=0
[2026-08-01T06:30:37.024Z] LiveUpdateForge: allowLiveUpdate = true (first real BeforeSend)
[2026-08-01T06:30:37.024Z] InitialReadForge.onBeforeSend: SKIP (fr=false syn=false hasRead=true)
[2026-08-01T06:30:47.888Z] LiveUpdateForge: EndTurn fallback flush
[2026-08-01T06:30:47.889Z] onEndTurn: naturalStop=false toolCalls=0 nudgeMsg=no
[2026-08-01T06:30:47.924Z] LiveUpdateForge: AfterToolExec flush
[2026-08-01T06:30:48.006Z] InitialReadForge.onBeforeSend: SKIP (fr=true syn=false hasRead=true)
[2026-08-01T06:31:03.881Z] LiveUpdateForge: EndTurn fallback flush
[2026-08-01T06:31:03.882Z] onEndTurn: naturalStop=false toolCalls=1 nudgeMsg=no
[2026-08-01T06:31:03.996Z] LiveUpdateForge: AfterToolExec flush
[2026-08-01T06:31:04.083Z] InitialReadForge.onBeforeSend: SKIP (fr=true syn=false hasRead=true)
[2026-08-01T06:31:17.680Z] LiveUpdateForge: EndTurn fallback flush
[2026-08-01T06:31:17.680Z] onEndTurn: naturalStop=false toolCalls=2 nudgeMsg=no
[2026-08-01T06:31:17.708Z] LiveUpdateForge: AfterToolExec flush
[2026-08-01T06:31:17.791Z] InitialReadForge.onBeforeSend: SKIP (fr=true syn=false hasRead=true)
[2026-08-01T06:31:26.036Z] LiveUpdateForge: EndTurn fallback flush
[2026-08-01T06:31:26.037Z] onEndTurn: naturalStop=false toolCalls=3 nudgeMsg=no
[2026-08-01T06:31:26.062Z] LiveUpdateForge: AfterToolExec flush
[2026-08-01T06:31:26.144Z] InitialReadForge.onBeforeSend: SKIP (fr=true syn=false hasRead=true)
[2026-08-01T06:31:31.372Z] LiveUpdateForge: EndTurn fallback flush
[2026-08-01T06:31:31.373Z] onEndTurn: naturalStop=false toolCalls=4 nudgeMsg=no
[2026-08-01T06:31:31.381Z] LiveUpdateForge: AfterToolExec flush
[2026-08-01T06:31:31.471Z] InitialReadForge.onBeforeSend: SKIP (fr=true syn=false hasRead=true)
[2026-08-01T06:31:37.454Z] LiveUpdateForge: EndTurn fallback flush
[2026-08-01T06:31:37.455Z] onEndTurn: naturalStop=false toolCalls=5 nudgeMsg=no
[2026-08-01T06:31:56.466Z] LiveUpdateForge: AfterToolExec flush
[2026-08-01T06:31:56.578Z] InitialReadForge.onBeforeSend: SKIP (fr=true syn=false hasRead=true)
[2026-08-01T06:32:01.133Z] LiveUpdateForge: EndTurn fallback flush
[2026-08-01T06:32:01.133Z] onEndTurn: naturalStop=false toolCalls=6 nudgeMsg=no
[2026-08-01T06:32:01.158Z] LiveUpdateForge: AfterToolExec flush
[2026-08-01T06:32:01.262Z] InitialReadForge.onBeforeSend: SKIP (fr=true syn=false hasRead=true)
[2026-08-01T06:32:11.477Z] LiveUpdateForge: EndTurn fallback flush
[2026-08-01T06:32:11.477Z] onEndTurn: naturalStop=true toolCalls=7 nudgeMsg=no
[2026-08-01T06:34:19.513Z] ResumeDiffForge: running checkResumeConsistency
[2026-08-01T06:34:19.514Z] checkResumeConsistency: forgedTimestamps=[]
[2026-08-01T06:34:19.519Z] checkResumeConsistency: no changes detected
[2026-08-01T06:34:19.519Z] LiveUpdateForge: session reset, allowLiveUpdate = false
[2026-08-01T06:34:19.519Z] NudgeForge: ResumeComplete — restoring count from history
[2026-08-01T06:34:19.520Z] restoreNudgeCountFromHistory: found last write at idx=110 count=7
[2026-08-01T06:34:19.539Z] LiveUpdateForge: allowLiveUpdate = true (first real BeforeSend)
[2026-08-01T06:34:19.540Z] InitialReadForge.onBeforeSend: SKIP (fr=false syn=false hasRead=true)
[2026-08-01T06:34:33.255Z] LiveUpdateForge: EndTurn fallback flush
[2026-08-01T06:34:33.255Z] onEndTurn: naturalStop=true toolCalls=7 nudgeMsg=no
[2026-08-01T06:38:55.187Z] ResumeDiffForge: running checkResumeConsistency
[2026-08-01T06:38:55.188Z] checkResumeConsistency: forgedTimestamps=[]
[2026-08-01T06:38:55.193Z] checkResumeConsistency: no changes detected
[2026-08-01T06:38:55.193Z] LiveUpdateForge: session reset, allowLiveUpdate = false
[2026-08-01T06:38:55.194Z] NudgeForge: ResumeComplete — restoring count from history
[2026-08-01T06:38:55.194Z] restoreNudgeCountFromHistory: found last write at idx=110 count=7
[2026-08-01T06:38:55.218Z] LiveUpdateForge: allowLiveUpdate = true (first real BeforeSend)
[2026-08-01T06:38:55.218Z] InitialReadForge.onBeforeSend: SKIP (fr=false syn=false hasRead=true)
[2026-08-01T06:39:09.025Z] LiveUpdateForge: EndTurn fallback flush
[2026-08-01T06:39:09.025Z] onEndTurn: naturalStop=false toolCalls=7 nudgeMsg=no
[2026-08-01T06:39:10.488Z] LiveUpdateForge: AfterToolExec flush
[2026-08-01T06:39:10.567Z] InitialReadForge.onBeforeSend: SKIP (fr=true syn=false hasRead=true)
[2026-08-01T06:39:17.972Z] LiveUpdateForge: EndTurn fallback flush
[2026-08-01T06:39:17.972Z] onEndTurn: naturalStop=false toolCalls=8 nudgeMsg=no
[2026-08-01T06:39:18.464Z] LiveUpdateForge: AfterToolExec flush
[2026-08-01T06:39:18.552Z] InitialReadForge.onBeforeSend: SKIP (fr=true syn=false hasRead=true)
[2026-08-01T06:39:31.831Z] LiveUpdateForge: EndTurn fallback flush
[2026-08-01T06:39:31.831Z] onEndTurn: naturalStop=false toolCalls=9 nudgeMsg=no
[2026-08-01T06:39:32.116Z] LiveUpdateForge: AfterToolExec flush
[2026-08-01T06:39:32.201Z] InitialReadForge.onBeforeSend: SKIP (fr=true syn=false hasRead=true)
[2026-08-01T06:39:40.375Z] LiveUpdateForge: EndTurn fallback flush
[2026-08-01T06:39:40.375Z] onEndTurn: naturalStop=false toolCalls=10 nudgeMsg=no
[2026-08-01T06:39:40.720Z] LiveUpdateForge: AfterToolExec flush
[2026-08-01T06:39:40.800Z] InitialReadForge.onBeforeSend: SKIP (fr=true syn=false hasRead=true)
[2026-08-01T06:39:46.218Z] LiveUpdateForge: EndTurn fallback flush
[2026-08-01T06:39:46.219Z] onEndTurn: naturalStop=false toolCalls=11 nudgeMsg=no
[2026-08-01T06:39:46.534Z] LiveUpdateForge: AfterToolExec flush
[2026-08-01T06:39:46.612Z] InitialReadForge.onBeforeSend: SKIP (fr=true syn=false hasRead=true)
[2026-08-01T06:39:55.923Z] LiveUpdateForge: EndTurn fallback flush
[2026-08-01T06:39:55.924Z] onEndTurn: naturalStop=true toolCalls=12 nudgeMsg=no
[2026-08-01T06:42:02.576Z] ResumeDiffForge: running checkResumeConsistency
[2026-08-01T06:42:02.577Z] checkResumeConsistency: forgedTimestamps=[]
[2026-08-01T06:42:02.582Z] checkResumeConsistency: no changes detected
[2026-08-01T06:42:02.582Z] LiveUpdateForge: session reset, allowLiveUpdate = false
[2026-08-01T06:42:02.582Z] NudgeForge: ResumeComplete — restoring count from history
[2026-08-01T06:42:02.583Z] restoreNudgeCountFromHistory: found last write at idx=110 count=12
[2026-08-01T06:42:02.600Z] LiveUpdateForge: allowLiveUpdate = true (first real BeforeSend)
[2026-08-01T06:42:02.601Z] InitialReadForge.onBeforeSend: SKIP (fr=false syn=false hasRead=true)
[2026-08-01T06:42:07.633Z] LiveUpdateForge: EndTurn fallback flush
[2026-08-01T06:42:07.633Z] onEndTurn: naturalStop=false toolCalls=12 nudgeMsg=no
[2026-08-01T06:42:07.642Z] LiveUpdateForge: AfterToolExec flush
[2026-08-01T06:42:07.730Z] InitialReadForge.onBeforeSend: SKIP (fr=true syn=false hasRead=true)
[2026-08-01T06:42:17.679Z] LiveUpdateForge: EndTurn fallback flush
[2026-08-01T06:42:17.679Z] onEndTurn: naturalStop=false toolCalls=13 nudgeMsg=no
[2026-08-01T06:42:18.688Z] LiveUpdateForge: AfterToolExec flush
[2026-08-01T06:42:18.764Z] InitialReadForge.onBeforeSend: SKIP (fr=true syn=false hasRead=true)
[2026-08-01T06:42:26.378Z] LiveUpdateForge: EndTurn fallback flush
[2026-08-01T06:42:26.378Z] onEndTurn: naturalStop=false toolCalls=14 nudgeMsg=no
[2026-08-01T06:42:26.832Z] LiveUpdateForge: AfterToolExec flush
[2026-08-01T06:42:26.913Z] InitialReadForge.onBeforeSend: SKIP (fr=true syn=false hasRead=true)
[2026-08-01T06:42:36.411Z] LiveUpdateForge: EndTurn fallback flush
[2026-08-01T06:42:36.411Z] onEndTurn: naturalStop=false toolCalls=15 nudgeMsg=no
[2026-08-01T06:42:36.417Z] LiveUpdateForge: AfterToolExec flush
[2026-08-01T06:42:36.498Z] InitialReadForge.onBeforeSend: SKIP (fr=true syn=false hasRead=true)
[2026-08-01T06:42:50.775Z] LiveUpdateForge: EndTurn fallback flush
[2026-08-01T06:42:50.775Z] onEndTurn: naturalStop=false toolCalls=16 nudgeMsg=no
[2026-08-01T06:42:50.887Z] LiveUpdateForge: AfterToolExec flush
[2026-08-01T06:42:50.975Z] InitialReadForge.onBeforeSend: SKIP (fr=true syn=false hasRead=true)
[2026-08-01T06:42:57.941Z] LiveUpdateForge: EndTurn fallback flush
[2026-08-01T06:42:57.941Z] onEndTurn: naturalStop=false toolCalls=17 nudgeMsg=no
[2026-08-01T06:42:57.948Z] LiveUpdateForge: AfterToolExec flush
[2026-08-01T06:42:58.032Z] InitialReadForge.onBeforeSend: SKIP (fr=true syn=false hasRead=true)
[2026-08-01T06:43:05.971Z] LiveUpdateForge: EndTurn fallback flush
[2026-08-01T06:43:05.971Z] onEndTurn: naturalStop=false toolCalls=18 nudgeMsg=no
[2026-08-01T06:43:05.996Z] LiveUpdateForge: AfterToolExec flush
[2026-08-01T06:43:06.080Z] InitialReadForge.onBeforeSend: SKIP (fr=true syn=false hasRead=true)
[2026-08-01T06:43:14.496Z] LiveUpdateForge: EndTurn fallback flush
[2026-08-01T06:43:14.497Z] onEndTurn: naturalStop=false toolCalls=19 nudgeMsg=no
[2026-08-01T06:43:14.589Z] LiveUpdateForge: AfterToolExec flush
[2026-08-01T06:43:14.666Z] InitialReadForge.onBeforeSend: SKIP (fr=true syn=false hasRead=true)
[2026-08-01T06:43:25.459Z] LiveUpdateForge: EndTurn fallback flush
[2026-08-01T06:43:25.459Z] onEndTurn: naturalStop=false toolCalls=20 nudgeMsg=no
[2026-08-01T06:43:25.487Z] LiveUpdateForge: AfterToolExec flush
[2026-08-01T06:43:25.570Z] InitialReadForge.onBeforeSend: SKIP (fr=true syn=false hasRead=true)
[2026-08-01T06:43:37.533Z] LiveUpdateForge: EndTurn fallback flush
[2026-08-01T06:43:37.534Z] onEndTurn: naturalStop=false toolCalls=21 nudgeMsg=no
[2026-08-01T06:43:37.559Z] LiveUpdateForge: AfterToolExec flush
[2026-08-01T06:43:37.641Z] InitialReadForge.onBeforeSend: SKIP (fr=true syn=false hasRead=true)
[2026-08-01T06:43:41.895Z] LiveUpdateForge: EndTurn fallback flush
[2026-08-01T06:43:41.895Z] onEndTurn: naturalStop=false toolCalls=22 nudgeMsg=no
[2026-08-01T06:43:48.336Z] LiveUpdateForge: AfterToolExec flush
[2026-08-01T06:43:48.415Z] InitialReadForge.onBeforeSend: SKIP (fr=true syn=false hasRead=true)
[2026-08-01T06:43:59.456Z] LiveUpdateForge: EndTurn fallback flush
[2026-08-01T06:43:59.457Z] onEndTurn: naturalStop=true toolCalls=23 nudgeMsg=no
[2026-08-01T06:45:08.673Z] ResumeDiffForge: running checkResumeConsistency
[2026-08-01T06:45:08.673Z] checkResumeConsistency: forgedTimestamps=[]
[2026-08-01T06:45:08.677Z] checkResumeConsistency: no changes detected
[2026-08-01T06:45:08.677Z] LiveUpdateForge: session reset, allowLiveUpdate = false
[2026-08-01T06:45:08.677Z] NudgeForge: ResumeComplete — restoring count from history
[2026-08-01T06:45:08.678Z] restoreNudgeCountFromHistory: found last write at idx=110 count=23
[2026-08-01T06:45:08.708Z] LiveUpdateForge: allowLiveUpdate = true (first real BeforeSend)
[2026-08-01T06:45:08.709Z] InitialReadForge.onBeforeSend: SKIP (fr=false syn=false hasRead=true)
[2026-08-01T06:45:13.189Z] LiveUpdateForge: EndTurn fallback flush
[2026-08-01T06:45:13.190Z] onEndTurn: naturalStop=false toolCalls=23 nudgeMsg=no
[2026-08-01T06:45:13.198Z] LiveUpdateForge: AfterToolExec flush
[2026-08-01T06:45:13.278Z] InitialReadForge.onBeforeSend: SKIP (fr=true syn=false hasRead=true)
[2026-08-01T06:45:29.271Z] LiveUpdateForge: EndTurn fallback flush
[2026-08-01T06:45:29.272Z] onEndTurn: naturalStop=false toolCalls=24 nudgeMsg=no
[2026-08-01T06:45:30.772Z] LiveUpdateForge: AfterToolExec flush
[2026-08-01T06:45:30.856Z] InitialReadForge.onBeforeSend: SKIP (fr=true syn=false hasRead=true)
[2026-08-01T06:45:46.735Z] ResumeDiffForge: running checkResumeConsistency
[2026-08-01T06:45:46.736Z] checkResumeConsistency: forgedTimestamps=[]
[2026-08-01T06:45:46.740Z] checkResumeConsistency: no changes detected
[2026-08-01T06:45:46.741Z] LiveUpdateForge: session reset, allowLiveUpdate = false
[2026-08-01T06:45:46.741Z] NudgeForge: ResumeComplete — restoring count from history
[2026-08-01T06:45:46.741Z] restoreNudgeCountFromHistory: found last write at idx=110 count=25
[2026-08-01T06:45:46.763Z] LiveUpdateForge: allowLiveUpdate = true (first real BeforeSend)
[2026-08-01T06:45:46.764Z] InitialReadForge.onBeforeSend: SKIP (fr=false syn=false hasRead=true)
[2026-08-01T06:46:40.136Z] LiveUpdateForge: EndTurn fallback flush
[2026-08-01T06:46:40.136Z] onEndTurn: naturalStop=true toolCalls=25 nudgeMsg=no
[2026-08-01T06:48:20.704Z] ResumeDiffForge: running checkResumeConsistency
[2026-08-01T06:48:20.704Z] checkResumeConsistency: forgedTimestamps=[]
[2026-08-01T06:48:20.709Z] checkResumeConsistency: no changes detected
[2026-08-01T06:48:20.709Z] LiveUpdateForge: session reset, allowLiveUpdate = false
[2026-08-01T06:48:20.710Z] NudgeForge: ResumeComplete — restoring count from history
[2026-08-01T06:48:20.710Z] restoreNudgeCountFromHistory: found last write at idx=110 count=25
[2026-08-01T06:48:20.729Z] LiveUpdateForge: allowLiveUpdate = true (first real BeforeSend)
[2026-08-01T06:48:20.730Z] InitialReadForge.onBeforeSend: SKIP (fr=false syn=false hasRead=true)
[2026-08-01T06:48:35.160Z] ResumeDiffForge: running checkResumeConsistency
[2026-08-01T06:48:35.161Z] checkResumeConsistency: forgedTimestamps=[]
[2026-08-01T06:48:35.165Z] checkResumeConsistency: no changes detected
[2026-08-01T06:48:35.165Z] LiveUpdateForge: session reset, allowLiveUpdate = false
[2026-08-01T06:48:35.166Z] NudgeForge: ResumeComplete — restoring count from history
[2026-08-01T06:48:35.166Z] restoreNudgeCountFromHistory: found last write at idx=110 count=25
[2026-08-01T06:48:35.183Z] LiveUpdateForge: allowLiveUpdate = true (first real BeforeSend)
[2026-08-01T06:48:35.184Z] InitialReadForge.onBeforeSend: SKIP (fr=false syn=false hasRead=true)
[2026-08-01T06:48:40.783Z] LiveUpdateForge: EndTurn fallback flush
[2026-08-01T06:48:40.783Z] onEndTurn: naturalStop=false toolCalls=25 nudgeMsg=no
[2026-08-01T06:48:40.887Z] LiveUpdateForge: AfterToolExec flush
[2026-08-01T06:48:40.965Z] InitialReadForge.onBeforeSend: SKIP (fr=true syn=false hasRead=true)
[2026-08-01T06:48:46.286Z] LiveUpdateForge: EndTurn fallback flush
[2026-08-01T06:48:46.287Z] onEndTurn: naturalStop=false toolCalls=26 nudgeMsg=no
[2026-08-01T06:49:06.199Z] LiveUpdateForge: AfterToolExec flush
[2026-08-01T06:49:06.282Z] InitialReadForge.onBeforeSend: SKIP (fr=true syn=false hasRead=true)
[2026-08-01T06:49:18.750Z] LiveUpdateForge: EndTurn fallback flush
[2026-08-01T06:49:18.750Z] onEndTurn: naturalStop=true toolCalls=27 nudgeMsg=no
[2026-08-01T07:01:01.053Z] ResumeDiffForge: running checkResumeConsistency
[2026-08-01T07:01:01.053Z] checkResumeConsistency: forgedTimestamps=[]
[2026-08-01T07:01:01.059Z] checkResumeConsistency: no changes detected
[2026-08-01T07:01:01.059Z] LiveUpdateForge: session reset, allowLiveUpdate = false
[2026-08-01T07:01:01.059Z] NudgeForge: ResumeComplete — restoring count from history
[2026-08-01T07:01:01.060Z] restoreNudgeCountFromHistory: found last write at idx=110 count=27
[2026-08-01T07:01:01.083Z] LiveUpdateForge: allowLiveUpdate = true (first real BeforeSend)
[2026-08-01T07:01:01.083Z] InitialReadForge.onBeforeSend: SKIP (fr=false syn=false hasRead=true)
[2026-08-01T07:01:53.548Z] LiveUpdateForge: EndTurn fallback flush
[2026-08-01T07:01:53.548Z] onEndTurn: naturalStop=true toolCalls=27 nudgeMsg=no
[2026-08-01T07:03:26.251Z] ResumeDiffForge: running checkResumeConsistency
[2026-08-01T07:03:26.251Z] checkResumeConsistency: forgedTimestamps=[]
[2026-08-01T07:03:26.255Z] checkResumeConsistency: no changes detected
[2026-08-01T07:03:26.255Z] LiveUpdateForge: session reset, allowLiveUpdate = false
[2026-08-01T07:03:26.255Z] NudgeForge: ResumeComplete — restoring count from history
[2026-08-01T07:03:26.255Z] restoreNudgeCountFromHistory: found last write at idx=110 count=27
[2026-08-01T07:03:26.284Z] LiveUpdateForge: allowLiveUpdate = true (first real BeforeSend)
[2026-08-01T07:03:26.285Z] InitialReadForge.onBeforeSend: SKIP (fr=false syn=false hasRead=true)
[2026-08-01T07:04:24.181Z] LiveUpdateForge: EndTurn fallback flush
[2026-08-01T07:04:24.181Z] onEndTurn: naturalStop=true toolCalls=27 nudgeMsg=no
[2026-08-01T07:09:46.505Z] ResumeDiffForge: running checkResumeConsistency
[2026-08-01T07:09:46.506Z] checkResumeConsistency: forgedTimestamps=[]
[2026-08-01T07:09:46.511Z] checkResumeConsistency: no changes detected
[2026-08-01T07:09:46.512Z] LiveUpdateForge: session reset, allowLiveUpdate = false
[2026-08-01T07:09:46.512Z] NudgeForge: ResumeComplete — restoring count from history
[2026-08-01T07:09:46.512Z] restoreNudgeCountFromHistory: found last write at idx=110 count=27
[2026-08-01T07:09:46.542Z] LiveUpdateForge: allowLiveUpdate = true (first real BeforeSend)
[2026-08-01T07:09:46.542Z] InitialReadForge.onBeforeSend: SKIP (fr=false syn=false hasRead=true)
[2026-08-01T07:09:59.970Z] LiveUpdateForge: EndTurn fallback flush
[2026-08-01T07:09:59.971Z] onEndTurn: naturalStop=true toolCalls=27 nudgeMsg=no
[2026-08-01T07:20:55.426Z] MemoryForge: attached 5 listener(s)
[2026-08-01T07:20:55.426Z] InitialReadForge: armed one-shot BeforeSend after NewSessionStart
[2026-08-01T07:20:55.427Z] LiveUpdateForge: session reset, allowLiveUpdate = false
[2026-08-01T07:20:55.733Z] LiveUpdateForge: session reset, allowLiveUpdate = false
[2026-08-01T07:20:55.751Z] ResumeDiffForge: running checkResumeConsistency
[2026-08-01T07:20:55.751Z] checkResumeConsistency: forgedTimestamps=[]
[2026-08-01T07:20:55.755Z] checkResumeConsistency: no changes detected
[2026-08-01T07:20:55.755Z] LiveUpdateForge: session reset, allowLiveUpdate = false
[2026-08-01T07:20:55.755Z] NudgeForge: ResumeComplete — restoring count from history
[2026-08-01T07:20:55.755Z] restoreNudgeCountFromHistory: found last write at idx=110 count=27
[2026-08-01T07:20:56.018Z] ResumeDiffForge: running checkResumeConsistency
[2026-08-01T07:20:56.018Z] checkResumeConsistency: forgedTimestamps=[]
[2026-08-01T07:20:56.025Z] checkResumeConsistency: no changes detected
[2026-08-01T07:20:56.025Z] LiveUpdateForge: session reset, allowLiveUpdate = false
[2026-08-01T07:20:56.025Z] NudgeForge: ResumeComplete — restoring count from history
[2026-08-01T07:20:56.026Z] restoreNudgeCountFromHistory: found last write at idx=110 count=27
[2026-08-01T07:20:56.161Z] ResumeDiffForge: running checkResumeConsistency
[2026-08-01T07:20:56.161Z] checkResumeConsistency: forgedTimestamps=[]
[2026-08-01T07:20:56.167Z] checkResumeConsistency: no changes detected
[2026-08-01T07:20:56.167Z] LiveUpdateForge: session reset, allowLiveUpdate = false
[2026-08-01T07:20:56.167Z] NudgeForge: ResumeComplete — restoring count from history
[2026-08-01T07:20:56.168Z] restoreNudgeCountFromHistory: found last write at idx=110 count=27
[2026-08-01T07:20:56.285Z] MemoryForge: attached 5 listener(s)
[2026-08-01T07:20:56.285Z] InitialReadForge: armed one-shot BeforeSend after NewSessionStart
[2026-08-01T07:20:56.285Z] LiveUpdateForge: session reset, allowLiveUpdate = false
[2026-08-01T07:20:56.290Z] MemoryForge: detached all listeners
[2026-08-01T07:20:56.290Z] ResumeDiffForge: running checkResumeConsistency
[2026-08-01T07:20:56.291Z] checkResumeConsistency: forgedTimestamps=[]
[2026-08-01T07:20:56.394Z] checkResumeConsistency: no changes detected
[2026-08-01T07:20:56.395Z] LiveUpdateForge: session reset, allowLiveUpdate = false
[2026-08-01T07:20:56.395Z] NudgeForge: ResumeComplete — restoring count from history
[2026-08-01T07:20:56.395Z] restoreNudgeCountFromHistory: found last write at idx=110 count=27
[2026-08-01T07:20:56.407Z] LiveUpdateForge: allowLiveUpdate = true (first real BeforeSend)
[2026-08-01T07:20:56.408Z] InitialReadForge.onBeforeSend: SKIP (fr=false syn=false hasRead=true)
[2026-08-01T07:21:11.177Z] LiveUpdateForge: EndTurn fallback flush
[2026-08-01T07:21:11.178Z] onEndTurn: naturalStop=false toolCalls=27 nudgeMsg=no
[2026-08-01T07:21:13.005Z] LiveUpdateForge: AfterToolExec flush
[2026-08-01T07:21:13.105Z] InitialReadForge.onBeforeSend: SKIP (fr=true syn=false hasRead=true)
[2026-08-01T07:21:25.930Z] LiveUpdateForge: EndTurn fallback flush
[2026-08-01T07:21:25.930Z] onEndTurn: naturalStop=false toolCalls=28 nudgeMsg=no
[2026-08-01T07:21:26.296Z] LiveUpdateForge: AfterToolExec flush
[2026-08-01T07:21:26.400Z] InitialReadForge.onBeforeSend: SKIP (fr=true syn=false hasRead=true)
[2026-08-01T07:21:35.509Z] LiveUpdateForge: EndTurn fallback flush
[2026-08-01T07:21:35.510Z] onEndTurn: naturalStop=true toolCalls=29 nudgeMsg=no
[2026-08-01T07:23:18.980Z] ResumeDiffForge: running checkResumeConsistency
[2026-08-01T07:23:18.981Z] checkResumeConsistency: forgedTimestamps=[]
[2026-08-01T07:23:18.986Z] checkResumeConsistency: no changes detected
[2026-08-01T07:23:18.986Z] LiveUpdateForge: session reset, allowLiveUpdate = false
[2026-08-01T07:23:18.986Z] NudgeForge: ResumeComplete — restoring count from history
[2026-08-01T07:23:18.987Z] restoreNudgeCountFromHistory: found last write at idx=110 count=29
[2026-08-01T07:23:19.018Z] LiveUpdateForge: allowLiveUpdate = true (first real BeforeSend)
[2026-08-01T07:23:19.018Z] InitialReadForge.onBeforeSend: SKIP (fr=false syn=false hasRead=true)
[2026-08-01T07:23:59.315Z] LiveUpdateForge: EndTurn fallback flush
[2026-08-01T07:23:59.316Z] onEndTurn: naturalStop=false toolCalls=29 nudgeMsg=no
[2026-08-01T07:23:59.351Z] LiveUpdateForge: AfterToolExec flush
[2026-08-01T07:23:59.439Z] InitialReadForge.onBeforeSend: SKIP (fr=true syn=false hasRead=true)
[2026-08-01T07:24:07.688Z] LiveUpdateForge: EndTurn fallback flush
[2026-08-01T07:24:07.689Z] onEndTurn: naturalStop=false toolCalls=30 nudgeMsg=no
[2026-08-01T07:24:07.816Z] LiveUpdateForge: AfterToolExec flush
[2026-08-01T07:24:07.913Z] InitialReadForge.onBeforeSend: SKIP (fr=true syn=false hasRead=true)
[2026-08-01T07:24:13.246Z] LiveUpdateForge: EndTurn fallback flush
[2026-08-01T07:24:13.246Z] onEndTurn: naturalStop=false toolCalls=31 nudgeMsg=no
[2026-08-01T07:24:20.738Z] LiveUpdateForge: AfterToolExec flush
[2026-08-01T07:24:20.836Z] InitialReadForge.onBeforeSend: SKIP (fr=true syn=false hasRead=true)
[2026-08-01T07:24:27.822Z] LiveUpdateForge: EndTurn fallback flush
[2026-08-01T07:24:27.823Z] onEndTurn: naturalStop=true toolCalls=32 nudgeMsg=no
[2026-08-01T07:25:19.518Z] ResumeDiffForge: running checkResumeConsistency
[2026-08-01T07:25:19.518Z] checkResumeConsistency: forgedTimestamps=[]
[2026-08-01T07:25:19.524Z] checkResumeConsistency: no changes detected
[2026-08-01T07:25:19.524Z] LiveUpdateForge: session reset, allowLiveUpdate = false
[2026-08-01T07:25:19.524Z] NudgeForge: ResumeComplete — restoring count from history
[2026-08-01T07:25:19.525Z] restoreNudgeCountFromHistory: found last write at idx=110 count=32
[2026-08-01T07:25:19.544Z] LiveUpdateForge: allowLiveUpdate = true (first real BeforeSend)
[2026-08-01T07:25:19.545Z] InitialReadForge.onBeforeSend: SKIP (fr=false syn=false hasRead=true)
[2026-08-01T07:26:03.014Z] LiveUpdateForge: EndTurn fallback flush
[2026-08-01T07:26:03.014Z] onEndTurn: naturalStop=false toolCalls=32 nudgeMsg=no
[2026-08-01T07:26:04.290Z] LiveUpdateForge: AfterToolExec flush
[2026-08-01T07:26:04.384Z] InitialReadForge.onBeforeSend: SKIP (fr=true syn=false hasRead=true)
[2026-08-01T07:26:16.422Z] LiveUpdateForge: EndTurn fallback flush
[2026-08-01T07:26:16.422Z] onEndTurn: naturalStop=false toolCalls=33 nudgeMsg=no
[2026-08-01T07:26:16.537Z] LiveUpdateForge: AfterToolExec flush
[2026-08-01T07:26:16.630Z] InitialReadForge.onBeforeSend: SKIP (fr=true syn=false hasRead=true)
[2026-08-01T07:26:22.368Z] LiveUpdateForge: EndTurn fallback flush
[2026-08-01T07:26:22.368Z] onEndTurn: naturalStop=false toolCalls=34 nudgeMsg=no
[2026-08-01T07:26:28.589Z] LiveUpdateForge: AfterToolExec flush
[2026-08-01T07:26:28.697Z] InitialReadForge.onBeforeSend: SKIP (fr=true syn=false hasRead=true)
[2026-08-01T07:26:36.750Z] LiveUpdateForge: EndTurn fallback flush
[2026-08-01T07:26:36.751Z] onEndTurn: naturalStop=true toolCalls=35 nudgeMsg=no
[2026-08-01T07:27:45.783Z] ResumeDiffForge: running checkResumeConsistency
[2026-08-01T07:27:45.783Z] checkResumeConsistency: forgedTimestamps=[]
[2026-08-01T07:27:45.789Z] checkResumeConsistency: no changes detected
[2026-08-01T07:27:45.789Z] LiveUpdateForge: session reset, allowLiveUpdate = false
[2026-08-01T07:27:45.790Z] NudgeForge: ResumeComplete — restoring count from history
[2026-08-01T07:27:45.790Z] restoreNudgeCountFromHistory: found last write at idx=110 count=35
[2026-08-01T07:27:45.817Z] LiveUpdateForge: allowLiveUpdate = true (first real BeforeSend)
[2026-08-01T07:27:45.818Z] InitialReadForge.onBeforeSend: SKIP (fr=false syn=false hasRead=true)
[2026-08-01T07:28:30.624Z] LiveUpdateForge: EndTurn fallback flush
[2026-08-01T07:28:30.625Z] onEndTurn: naturalStop=true toolCalls=35 nudgeMsg=no
[2026-08-01T07:31:48.873Z] ResumeDiffForge: running checkResumeConsistency
[2026-08-01T07:31:48.873Z] checkResumeConsistency: forgedTimestamps=[]
[2026-08-01T07:31:48.878Z] checkResumeConsistency: no changes detected
[2026-08-01T07:31:48.879Z] LiveUpdateForge: session reset, allowLiveUpdate = false
[2026-08-01T07:31:48.879Z] NudgeForge: ResumeComplete — restoring count from history
[2026-08-01T07:31:48.879Z] restoreNudgeCountFromHistory: found last write at idx=110 count=35
[2026-08-01T07:31:48.899Z] LiveUpdateForge: allowLiveUpdate = true (first real BeforeSend)
[2026-08-01T07:31:48.899Z] InitialReadForge.onBeforeSend: SKIP (fr=false syn=false hasRead=true)
[2026-08-01T07:32:05.372Z] LiveUpdateForge: EndTurn fallback flush
[2026-08-01T07:32:05.372Z] onEndTurn: naturalStop=false toolCalls=35 nudgeMsg=no
[2026-08-01T07:32:05.492Z] LiveUpdateForge: AfterToolExec flush
[2026-08-01T07:32:05.589Z] InitialReadForge.onBeforeSend: SKIP (fr=true syn=false hasRead=true)
[2026-08-01T07:32:10.006Z] LiveUpdateForge: EndTurn fallback flush
[2026-08-01T07:32:10.006Z] onEndTurn: naturalStop=false toolCalls=36 nudgeMsg=no
[2026-08-01T07:32:16.511Z] LiveUpdateForge: AfterToolExec flush
[2026-08-01T07:32:16.604Z] InitialReadForge.onBeforeSend: SKIP (fr=true syn=false hasRead=true)
[2026-08-01T07:32:26.598Z] LiveUpdateForge: EndTurn fallback flush
[2026-08-01T07:32:26.599Z] onEndTurn: naturalStop=true toolCalls=37 nudgeMsg=no
[2026-08-01T07:33:30.552Z] ResumeDiffForge: running checkResumeConsistency
[2026-08-01T07:33:30.553Z] checkResumeConsistency: forgedTimestamps=[]
[2026-08-01T07:33:30.558Z] checkResumeConsistency: no changes detected
[2026-08-01T07:33:30.558Z] LiveUpdateForge: session reset, allowLiveUpdate = false
[2026-08-01T07:33:30.558Z] NudgeForge: ResumeComplete — restoring count from history
[2026-08-01T07:33:30.559Z] restoreNudgeCountFromHistory: found last write at idx=110 count=37
[2026-08-01T07:33:30.587Z] LiveUpdateForge: allowLiveUpdate = true (first real BeforeSend)
[2026-08-01T07:33:30.588Z] InitialReadForge.onBeforeSend: SKIP (fr=false syn=false hasRead=true)
[2026-08-01T07:35:07.877Z] LiveUpdateForge: EndTurn fallback flush
[2026-08-01T07:35:07.877Z] onEndTurn: naturalStop=false toolCalls=37 nudgeMsg=no
[2026-08-01T07:35:08.016Z] LiveUpdateForge: AfterToolExec flush
[2026-08-01T07:35:08.121Z] InitialReadForge.onBeforeSend: SKIP (fr=true syn=false hasRead=true)
[2026-08-01T07:35:16.584Z] LiveUpdateForge: EndTurn fallback flush
[2026-08-01T07:35:16.584Z] onEndTurn: naturalStop=false toolCalls=38 nudgeMsg=no
[2026-08-01T07:35:22.638Z] LiveUpdateForge: AfterToolExec flush
[2026-08-01T07:35:22.769Z] InitialReadForge.onBeforeSend: SKIP (fr=true syn=false hasRead=true)
[2026-08-01T07:35:28.304Z] LiveUpdateForge: EndTurn fallback flush
[2026-08-01T07:35:28.304Z] onEndTurn: naturalStop=true toolCalls=39 nudgeMsg=no
[2026-08-01T08:38:39.669Z] MemoryForge: attached 5 listener(s)
[2026-08-01T08:38:39.669Z] InitialReadForge: armed one-shot BeforeSend after NewSessionStart
[2026-08-01T08:38:39.669Z] LiveUpdateForge: session reset, allowLiveUpdate = false
[2026-08-01T08:38:40.042Z] LiveUpdateForge: session reset, allowLiveUpdate = false
[2026-08-01T08:38:40.061Z] ResumeDiffForge: running checkResumeConsistency
[2026-08-01T08:38:40.062Z] checkResumeConsistency: forgedTimestamps=[]
[2026-08-01T08:38:40.068Z] checkResumeConsistency: no changes detected
[2026-08-01T08:38:40.068Z] LiveUpdateForge: session reset, allowLiveUpdate = false
[2026-08-01T08:38:40.068Z] NudgeForge: ResumeComplete — restoring count from history
[2026-08-01T08:38:40.069Z] restoreNudgeCountFromHistory: found last write at idx=110 count=39
[2026-08-01T08:38:41.357Z] ResumeDiffForge: running checkResumeConsistency
[2026-08-01T08:38:41.357Z] checkResumeConsistency: forgedTimestamps=[]
[2026-08-01T08:38:41.363Z] checkResumeConsistency: no changes detected
[2026-08-01T08:38:41.364Z] LiveUpdateForge: session reset, allowLiveUpdate = false
[2026-08-01T08:38:41.364Z] NudgeForge: ResumeComplete — restoring count from history
[2026-08-01T08:38:41.364Z] restoreNudgeCountFromHistory: found last write at idx=110 count=39
[2026-08-01T08:38:41.496Z] ResumeDiffForge: running checkResumeConsistency
[2026-08-01T08:38:41.497Z] checkResumeConsistency: forgedTimestamps=[]
[2026-08-01T08:38:41.503Z] checkResumeConsistency: no changes detected
[2026-08-01T08:38:41.503Z] LiveUpdateForge: session reset, allowLiveUpdate = false
[2026-08-01T08:38:41.503Z] NudgeForge: ResumeComplete — restoring count from history
[2026-08-01T08:38:41.504Z] restoreNudgeCountFromHistory: found last write at idx=110 count=39
[2026-08-01T08:38:41.620Z] MemoryForge: attached 5 listener(s)
[2026-08-01T08:38:41.620Z] InitialReadForge: armed one-shot BeforeSend after NewSessionStart
[2026-08-01T08:38:41.621Z] LiveUpdateForge: session reset, allowLiveUpdate = false
[2026-08-01T08:38:41.628Z] MemoryForge: detached all listeners
[2026-08-01T08:38:41.628Z] ResumeDiffForge: running checkResumeConsistency
[2026-08-01T08:38:41.629Z] checkResumeConsistency: forgedTimestamps=[]
[2026-08-01T08:38:41.730Z] checkResumeConsistency: no changes detected
[2026-08-01T08:38:41.730Z] LiveUpdateForge: session reset, allowLiveUpdate = false
[2026-08-01T08:38:41.730Z] NudgeForge: ResumeComplete — restoring count from history
[2026-08-01T08:38:41.731Z] restoreNudgeCountFromHistory: found last write at idx=110 count=39
[2026-08-01T08:38:41.749Z] LiveUpdateForge: allowLiveUpdate = true (first real BeforeSend)
[2026-08-01T08:38:41.749Z] InitialReadForge.onBeforeSend: SKIP (fr=false syn=false hasRead=true)
[2026-08-01T08:39:01.573Z] LiveUpdateForge: EndTurn fallback flush
[2026-08-01T08:39:01.573Z] onEndTurn: naturalStop=false toolCalls=39 nudgeMsg=no
[2026-08-01T08:39:03.082Z] LiveUpdateForge: AfterToolExec flush
[2026-08-01T08:39:03.179Z] InitialReadForge.onBeforeSend: SKIP (fr=true syn=false hasRead=true)
[2026-08-01T08:39:08.181Z] LiveUpdateForge: EndTurn fallback flush
[2026-08-01T08:39:08.182Z] onEndTurn: naturalStop=false toolCalls=40 nudgeMsg=no
[2026-08-01T08:39:08.815Z] LiveUpdateForge: AfterToolExec flush
[2026-08-01T08:39:08.902Z] InitialReadForge.onBeforeSend: SKIP (fr=true syn=false hasRead=true)
[2026-08-01T08:39:12.000Z] LiveUpdateForge: EndTurn fallback flush
[2026-08-01T08:39:12.001Z] onEndTurn: naturalStop=false toolCalls=41 nudgeMsg=no
[2026-08-01T08:39:12.035Z] LiveUpdateForge: AfterToolExec flush
[2026-08-01T08:39:12.165Z] InitialReadForge.onBeforeSend: SKIP (fr=true syn=false hasRead=true)
[2026-08-01T08:39:15.360Z] LiveUpdateForge: EndTurn fallback flush
[2026-08-01T08:39:15.360Z] onEndTurn: naturalStop=false toolCalls=42 nudgeMsg=no
[2026-08-01T08:39:15.491Z] LiveUpdateForge: AfterToolExec flush
[2026-08-01T08:39:15.589Z] InitialReadForge.onBeforeSend: SKIP (fr=true syn=false hasRead=true)
[2026-08-01T08:39:17.894Z] LiveUpdateForge: EndTurn fallback flush
[2026-08-01T08:39:17.894Z] onEndTurn: naturalStop=false toolCalls=43 nudgeMsg=no
[2026-08-01T08:39:25.381Z] LiveUpdateForge: AfterToolExec flush
[2026-08-01T08:39:25.502Z] InitialReadForge.onBeforeSend: SKIP (fr=true syn=false hasRead=true)
[2026-08-01T08:39:28.989Z] LiveUpdateForge: EndTurn fallback flush
[2026-08-01T08:39:28.990Z] onEndTurn: naturalStop=true toolCalls=44 nudgeMsg=no
[2026-08-01T08:41:23.609Z] ResumeDiffForge: running checkResumeConsistency
[2026-08-01T08:41:23.610Z] checkResumeConsistency: forgedTimestamps=[]
[2026-08-01T08:41:23.614Z] checkResumeConsistency: no changes detected
[2026-08-01T08:41:23.615Z] LiveUpdateForge: session reset, allowLiveUpdate = false
[2026-08-01T08:41:23.615Z] NudgeForge: ResumeComplete — restoring count from history
[2026-08-01T08:41:23.615Z] restoreNudgeCountFromHistory: found last write at idx=110 count=44
[2026-08-01T08:41:23.639Z] LiveUpdateForge: allowLiveUpdate = true (first real BeforeSend)
[2026-08-01T08:41:23.639Z] InitialReadForge.onBeforeSend: SKIP (fr=false syn=false hasRead=true)
[2026-08-01T08:41:26.367Z] LiveUpdateForge: EndTurn fallback flush
[2026-08-01T08:41:26.367Z] onEndTurn: naturalStop=false toolCalls=44 nudgeMsg=no
[2026-08-01T08:41:26.373Z] LiveUpdateForge: AfterToolExec flush
[2026-08-01T08:41:26.466Z] InitialReadForge.onBeforeSend: SKIP (fr=true syn=false hasRead=true)
[2026-08-01T08:42:00.338Z] LiveUpdateForge: EndTurn fallback flush
[2026-08-01T08:42:00.338Z] onEndTurn: naturalStop=false toolCalls=45 nudgeMsg=no
[2026-08-01T08:42:00.463Z] LiveUpdateForge: AfterToolExec flush
[2026-08-01T08:42:00.563Z] InitialReadForge.onBeforeSend: SKIP (fr=true syn=false hasRead=true)
[2026-08-01T08:42:04.898Z] LiveUpdateForge: EndTurn fallback flush
[2026-08-01T08:42:04.898Z] onEndTurn: naturalStop=false toolCalls=46 nudgeMsg=no
[2026-08-01T08:42:04.919Z] LiveUpdateForge: AfterToolExec flush
[2026-08-01T08:42:05.040Z] InitialReadForge.onBeforeSend: SKIP (fr=true syn=false hasRead=true)
[2026-08-01T08:42:07.296Z] LiveUpdateForge: EndTurn fallback flush
[2026-08-01T08:42:07.296Z] onEndTurn: naturalStop=false toolCalls=47 nudgeMsg=no
[2026-08-01T08:42:13.876Z] LiveUpdateForge: AfterToolExec flush
[2026-08-01T08:42:13.993Z] InitialReadForge.onBeforeSend: SKIP (fr=true syn=false hasRead=true)
[2026-08-01T08:42:16.759Z] LiveUpdateForge: EndTurn fallback flush
[2026-08-01T08:42:16.760Z] onEndTurn: naturalStop=true toolCalls=48 nudgeMsg=no
[2026-08-01T08:44:07.484Z] ResumeDiffForge: running checkResumeConsistency
[2026-08-01T08:44:07.484Z] checkResumeConsistency: forgedTimestamps=[]
[2026-08-01T08:44:07.490Z] checkResumeConsistency: no changes detected
[2026-08-01T08:44:07.490Z] LiveUpdateForge: session reset, allowLiveUpdate = false
[2026-08-01T08:44:07.491Z] NudgeForge: ResumeComplete — restoring count from history
[2026-08-01T08:44:07.491Z] restoreNudgeCountFromHistory: found last write at idx=110 count=48
[2026-08-01T08:44:07.519Z] LiveUpdateForge: allowLiveUpdate = true (first real BeforeSend)
[2026-08-01T08:44:07.519Z] InitialReadForge.onBeforeSend: SKIP (fr=false syn=false hasRead=true)
[2026-08-01T08:44:18.167Z] LiveUpdateForge: EndTurn fallback flush
[2026-08-01T08:44:18.167Z] onEndTurn: naturalStop=false toolCalls=48 nudgeMsg=no
[2026-08-01T08:44:18.287Z] LiveUpdateForge: AfterToolExec flush
[2026-08-01T08:44:18.378Z] InitialReadForge.onBeforeSend: SKIP (fr=true syn=false hasRead=true)
[2026-08-01T08:44:24.912Z] LiveUpdateForge: EndTurn fallback flush
[2026-08-01T08:44:24.913Z] onEndTurn: naturalStop=false toolCalls=49 nudgeMsg=no
[2026-08-01T08:44:24.940Z] LiveUpdateForge: AfterToolExec flush
[2026-08-01T08:44:25.043Z] InitialReadForge.onBeforeSend: SKIP (fr=true syn=false hasRead=true)
[2026-08-01T08:44:33.714Z] LiveUpdateForge: EndTurn fallback flush
[2026-08-01T08:44:33.715Z] onEndTurn: naturalStop=false toolCalls=50 nudgeMsg=no
[2026-08-01T08:44:40.049Z] LiveUpdateForge: AfterToolExec flush
[2026-08-01T08:44:40.168Z] InitialReadForge.onBeforeSend: SKIP (fr=true syn=false hasRead=true)
[2026-08-01T08:44:43.175Z] LiveUpdateForge: EndTurn fallback flush
[2026-08-01T08:44:43.176Z] onEndTurn: naturalStop=true toolCalls=0 nudgeMsg=YES
[2026-08-01T08:44:43.178Z] InitialReadForge.onBeforeSend: SKIP (fr=false syn=false hasRead=true)
[2026-08-01T08:44:48.485Z] LiveUpdateForge: EndTurn fallback flush
[2026-08-01T08:44:48.486Z] onEndTurn: naturalStop=false toolCalls=0 nudgeMsg=no
[2026-08-01T08:44:48.497Z] LiveUpdateForge: self-write on D:\Unity\E1\CODELY.md, baseline aligned
[2026-08-01T08:44:48.498Z] LiveUpdateForge: AfterToolExec flush
[2026-08-01T08:44:48.602Z] InitialReadForge.onBeforeSend: SKIP (fr=true syn=false hasRead=true)
[2026-08-01T08:44:52.487Z] LiveUpdateForge: EndTurn fallback flush
[2026-08-01T08:44:52.487Z] onEndTurn: naturalStop=true toolCalls=0 nudgeMsg=no
[2026-08-01T08:46:08.202Z] ResumeDiffForge: running checkResumeConsistency
[2026-08-01T08:46:08.202Z] checkResumeConsistency: forgedTimestamps=[]
[2026-08-01T08:46:08.207Z] checkResumeConsistency: no changes detected
[2026-08-01T08:46:08.207Z] LiveUpdateForge: session reset, allowLiveUpdate = false
[2026-08-01T08:46:08.208Z] NudgeForge: ResumeComplete — restoring count from history
[2026-08-01T08:46:08.208Z] restoreNudgeCountFromHistory: found last write at idx=262 count=0
[2026-08-01T08:46:08.227Z] LiveUpdateForge: allowLiveUpdate = true (first real BeforeSend)
[2026-08-01T08:46:08.228Z] InitialReadForge.onBeforeSend: SKIP (fr=false syn=false hasRead=true)
[2026-08-01T08:46:28.105Z] LiveUpdateForge: EndTurn fallback flush
[2026-08-01T08:46:28.106Z] onEndTurn: naturalStop=false toolCalls=0 nudgeMsg=no
[2026-08-01T08:46:28.116Z] LiveUpdateForge: AfterToolExec flush
[2026-08-01T08:46:28.224Z] InitialReadForge.onBeforeSend: SKIP (fr=true syn=false hasRead=true)
[2026-08-01T08:46:32.447Z] LiveUpdateForge: EndTurn fallback flush
[2026-08-01T08:46:32.447Z] onEndTurn: naturalStop=false toolCalls=1 nudgeMsg=no
[2026-08-01T08:46:32.565Z] LiveUpdateForge: AfterToolExec flush
[2026-08-01T08:46:32.662Z] InitialReadForge.onBeforeSend: SKIP (fr=true syn=false hasRead=true)
[2026-08-01T08:46:39.855Z] LiveUpdateForge: EndTurn fallback flush
[2026-08-01T08:46:39.856Z] onEndTurn: naturalStop=false toolCalls=2 nudgeMsg=no
[2026-08-01T08:46:46.189Z] LiveUpdateForge: AfterToolExec flush
[2026-08-01T08:46:46.300Z] InitialReadForge.onBeforeSend: SKIP (fr=true syn=false hasRead=true)
[2026-08-01T08:46:50.133Z] LiveUpdateForge: EndTurn fallback flush
[2026-08-01T08:46:50.133Z] onEndTurn: naturalStop=true toolCalls=3 nudgeMsg=no
[2026-08-01T08:48:36.822Z] ResumeDiffForge: running checkResumeConsistency
[2026-08-01T08:48:36.822Z] checkResumeConsistency: forgedTimestamps=[]
[2026-08-01T08:48:36.828Z] checkResumeConsistency: no changes detected
[2026-08-01T08:48:36.828Z] LiveUpdateForge: session reset, allowLiveUpdate = false
[2026-08-01T08:48:36.829Z] NudgeForge: ResumeComplete — restoring count from history
[2026-08-01T08:48:36.829Z] restoreNudgeCountFromHistory: found last write at idx=262 count=3
[2026-08-01T08:48:36.862Z] LiveUpdateForge: allowLiveUpdate = true (first real BeforeSend)
[2026-08-01T08:48:36.863Z] InitialReadForge.onBeforeSend: SKIP (fr=false syn=false hasRead=true)
[2026-08-01T08:48:57.133Z] LiveUpdateForge: EndTurn fallback flush
[2026-08-01T08:48:57.133Z] onEndTurn: naturalStop=true toolCalls=3 nudgeMsg=no
[2026-08-01T09:01:07.120Z] MemoryForge: attached 5 listener(s)
[2026-08-01T09:01:07.120Z] InitialReadForge: armed one-shot BeforeSend after NewSessionStart
[2026-08-01T09:01:07.120Z] LiveUpdateForge: session reset, allowLiveUpdate = false
[2026-08-01T09:01:07.554Z] LiveUpdateForge: session reset, allowLiveUpdate = false
[2026-08-01T09:01:07.575Z] ResumeDiffForge: running checkResumeConsistency
[2026-08-01T09:01:07.575Z] checkResumeConsistency: forgedTimestamps=[]
[2026-08-01T09:01:07.580Z] checkResumeConsistency: no changes detected
[2026-08-01T09:01:07.580Z] LiveUpdateForge: session reset, allowLiveUpdate = false
[2026-08-01T09:01:07.581Z] NudgeForge: ResumeComplete — restoring count from history
[2026-08-01T09:01:07.581Z] restoreNudgeCountFromHistory: found last write at idx=262 count=3
[2026-08-01T09:01:07.853Z] ResumeDiffForge: running checkResumeConsistency
[2026-08-01T09:01:07.853Z] checkResumeConsistency: forgedTimestamps=[]
[2026-08-01T09:01:07.861Z] checkResumeConsistency: no changes detected
[2026-08-01T09:01:07.862Z] LiveUpdateForge: session reset, allowLiveUpdate = false
[2026-08-01T09:01:07.862Z] NudgeForge: ResumeComplete — restoring count from history
[2026-08-01T09:01:07.862Z] restoreNudgeCountFromHistory: found last write at idx=262 count=3
[2026-08-01T09:01:08.003Z] ResumeDiffForge: running checkResumeConsistency
[2026-08-01T09:01:08.003Z] checkResumeConsistency: forgedTimestamps=[]
[2026-08-01T09:01:08.017Z] checkResumeConsistency: no changes detected
[2026-08-01T09:01:08.017Z] LiveUpdateForge: session reset, allowLiveUpdate = false
[2026-08-01T09:01:08.018Z] NudgeForge: ResumeComplete — restoring count from history
[2026-08-01T09:01:08.018Z] restoreNudgeCountFromHistory: found last write at idx=262 count=3
[2026-08-01T09:01:08.155Z] MemoryForge: attached 5 listener(s)
[2026-08-01T09:01:08.155Z] InitialReadForge: armed one-shot BeforeSend after NewSessionStart
[2026-08-01T09:01:08.156Z] LiveUpdateForge: session reset, allowLiveUpdate = false
[2026-08-01T09:01:08.160Z] MemoryForge: detached all listeners
[2026-08-01T09:01:08.160Z] ResumeDiffForge: running checkResumeConsistency
[2026-08-01T09:01:08.160Z] checkResumeConsistency: forgedTimestamps=[]
[2026-08-01T09:01:08.263Z] checkResumeConsistency: no changes detected
[2026-08-01T09:01:08.263Z] LiveUpdateForge: session reset, allowLiveUpdate = false
[2026-08-01T09:01:08.263Z] NudgeForge: ResumeComplete — restoring count from history
[2026-08-01T09:01:08.264Z] restoreNudgeCountFromHistory: found last write at idx=262 count=3
[2026-08-01T09:01:08.276Z] LiveUpdateForge: allowLiveUpdate = true (first real BeforeSend)
[2026-08-01T09:01:08.276Z] InitialReadForge.onBeforeSend: SKIP (fr=false syn=false hasRead=true)
[2026-08-01T09:01:27.812Z] ResumeDiffForge: running checkResumeConsistency
[2026-08-01T09:01:27.812Z] checkResumeConsistency: forgedTimestamps=[]
[2026-08-01T09:01:27.817Z] checkResumeConsistency: no changes detected
[2026-08-01T09:01:27.817Z] LiveUpdateForge: session reset, allowLiveUpdate = false
[2026-08-01T09:01:27.818Z] NudgeForge: ResumeComplete — restoring count from history
[2026-08-01T09:01:27.818Z] restoreNudgeCountFromHistory: found last write at idx=262 count=3
[2026-08-01T09:01:27.837Z] LiveUpdateForge: allowLiveUpdate = true (first real BeforeSend)
[2026-08-01T09:01:27.838Z] InitialReadForge.onBeforeSend: SKIP (fr=false syn=false hasRead=true)
[2026-08-01T09:01:33.544Z] LiveUpdateForge: EndTurn fallback flush
[2026-08-01T09:01:33.544Z] onEndTurn: naturalStop=false toolCalls=3 nudgeMsg=no
[2026-08-01T09:01:35.155Z] LiveUpdateForge: AfterToolExec flush
[2026-08-01T09:01:35.254Z] InitialReadForge.onBeforeSend: SKIP (fr=true syn=false hasRead=true)
[2026-08-01T09:01:49.411Z] LiveUpdateForge: EndTurn fallback flush
[2026-08-01T09:01:49.411Z] onEndTurn: naturalStop=false toolCalls=4 nudgeMsg=no
[2026-08-01T09:01:50.145Z] LiveUpdateForge: AfterToolExec flush
[2026-08-01T09:01:50.257Z] InitialReadForge.onBeforeSend: SKIP (fr=true syn=false hasRead=true)
[2026-08-01T09:01:53.455Z] LiveUpdateForge: EndTurn fallback flush
[2026-08-01T09:01:53.456Z] onEndTurn: naturalStop=false toolCalls=5 nudgeMsg=no
[2026-08-01T09:01:53.492Z] LiveUpdateForge: AfterToolExec flush
[2026-08-01T09:01:53.617Z] InitialReadForge.onBeforeSend: SKIP (fr=true syn=false hasRead=true)
[2026-08-01T09:01:59.038Z] LiveUpdateForge: EndTurn fallback flush
[2026-08-01T09:01:59.038Z] onEndTurn: naturalStop=false toolCalls=6 nudgeMsg=no
[2026-08-01T09:01:59.167Z] LiveUpdateForge: AfterToolExec flush
[2026-08-01T09:01:59.259Z] InitialReadForge.onBeforeSend: SKIP (fr=true syn=false hasRead=true)
[2026-08-01T09:02:01.675Z] LiveUpdateForge: EndTurn fallback flush
[2026-08-01T09:02:01.676Z] onEndTurn: naturalStop=false toolCalls=7 nudgeMsg=no
[2026-08-01T09:02:01.682Z] LiveUpdateForge: AfterToolExec flush
[2026-08-01T09:02:01.805Z] InitialReadForge.onBeforeSend: SKIP (fr=true syn=false hasRead=true)
[2026-08-01T09:02:05.989Z] LiveUpdateForge: EndTurn fallback flush
[2026-08-01T09:02:05.989Z] onEndTurn: naturalStop=false toolCalls=8 nudgeMsg=no
[2026-08-01T09:02:06.008Z] LiveUpdateForge: AfterToolExec flush
[2026-08-01T09:02:06.104Z] InitialReadForge.onBeforeSend: SKIP (fr=true syn=false hasRead=true)
[2026-08-01T09:02:11.130Z] LiveUpdateForge: EndTurn fallback flush
[2026-08-01T09:02:11.131Z] onEndTurn: naturalStop=false toolCalls=9 nudgeMsg=no
[2026-08-01T09:02:11.133Z] LiveUpdateForge: AfterToolExec flush
[2026-08-01T09:02:11.222Z] InitialReadForge.onBeforeSend: SKIP (fr=true syn=false hasRead=true)
[2026-08-01T09:02:15.323Z] LiveUpdateForge: EndTurn fallback flush
[2026-08-01T09:02:15.324Z] onEndTurn: naturalStop=false toolCalls=10 nudgeMsg=no
[2026-08-01T09:02:15.329Z] LiveUpdateForge: AfterToolExec flush
[2026-08-01T09:02:15.422Z] InitialReadForge.onBeforeSend: SKIP (fr=true syn=false hasRead=true)
[2026-08-01T09:02:18.899Z] LiveUpdateForge: EndTurn fallback flush
[2026-08-01T09:02:18.899Z] onEndTurn: naturalStop=false toolCalls=11 nudgeMsg=no
[2026-08-01T09:02:18.904Z] LiveUpdateForge: AfterToolExec flush
[2026-08-01T09:02:18.993Z] InitialReadForge.onBeforeSend: SKIP (fr=true syn=false hasRead=true)
[2026-08-01T09:02:22.080Z] LiveUpdateForge: EndTurn fallback flush
[2026-08-01T09:02:22.080Z] onEndTurn: naturalStop=false toolCalls=12 nudgeMsg=no
[2026-08-01T09:02:22.085Z] LiveUpdateForge: AfterToolExec flush
[2026-08-01T09:02:22.177Z] InitialReadForge.onBeforeSend: SKIP (fr=true syn=false hasRead=true)
[2026-08-01T09:02:29.011Z] LiveUpdateForge: EndTurn fallback flush
[2026-08-01T09:02:29.011Z] onEndTurn: naturalStop=false toolCalls=13 nudgeMsg=no
[2026-08-01T09:02:29.038Z] LiveUpdateForge: AfterToolExec flush
[2026-08-01T09:02:29.136Z] InitialReadForge.onBeforeSend: SKIP (fr=true syn=false hasRead=true)
[2026-08-01T09:02:55.356Z] LiveUpdateForge: EndTurn fallback flush
[2026-08-01T09:02:55.357Z] onEndTurn: naturalStop=false toolCalls=14 nudgeMsg=no
[2026-08-01T09:02:55.454Z] LiveUpdateForge: AfterToolExec flush
[2026-08-01T09:02:55.545Z] InitialReadForge.onBeforeSend: SKIP (fr=true syn=false hasRead=true)
[2026-08-01T09:03:14.104Z] LiveUpdateForge: EndTurn fallback flush
[2026-08-01T09:03:14.104Z] onEndTurn: naturalStop=false toolCalls=15 nudgeMsg=no
[2026-08-01T09:03:14.129Z] LiveUpdateForge: AfterToolExec flush
[2026-08-01T09:03:14.228Z] InitialReadForge.onBeforeSend: SKIP (fr=true syn=false hasRead=true)
[2026-08-01T09:03:43.910Z] LiveUpdateForge: EndTurn fallback flush
[2026-08-01T09:03:43.910Z] onEndTurn: naturalStop=false toolCalls=16 nudgeMsg=no
[2026-08-01T09:03:52.026Z] LiveUpdateForge: AfterToolExec flush
[2026-08-01T09:03:52.151Z] InitialReadForge.onBeforeSend: SKIP (fr=true syn=false hasRead=true)
[2026-08-01T09:04:00.281Z] LiveUpdateForge: EndTurn fallback flush
[2026-08-01T09:04:00.281Z] onEndTurn: naturalStop=true toolCalls=17 nudgeMsg=no
[2026-08-01T09:05:26.694Z] ResumeDiffForge: running checkResumeConsistency
[2026-08-01T09:05:26.695Z] checkResumeConsistency: forgedTimestamps=[]
[2026-08-01T09:05:26.700Z] checkResumeConsistency: no changes detected
[2026-08-01T09:05:26.700Z] LiveUpdateForge: session reset, allowLiveUpdate = false
[2026-08-01T09:05:26.700Z] NudgeForge: ResumeComplete — restoring count from history
[2026-08-01T09:05:26.700Z] restoreNudgeCountFromHistory: found last write at idx=262 count=17
[2026-08-01T09:05:26.729Z] LiveUpdateForge: allowLiveUpdate = true (first real BeforeSend)
[2026-08-01T09:05:26.729Z] InitialReadForge.onBeforeSend: SKIP (fr=false syn=false hasRead=true)
[2026-08-01T09:06:12.390Z] LiveUpdateForge: EndTurn fallback flush
[2026-08-01T09:06:12.391Z] onEndTurn: naturalStop=false toolCalls=17 nudgeMsg=no
[2026-08-01T09:06:13.982Z] LiveUpdateForge: AfterToolExec flush
[2026-08-01T09:06:14.077Z] InitialReadForge.onBeforeSend: SKIP (fr=true syn=false hasRead=true)
[2026-08-01T09:06:35.019Z] LiveUpdateForge: EndTurn fallback flush
[2026-08-01T09:06:35.019Z] onEndTurn: naturalStop=true toolCalls=18 nudgeMsg=no
[2026-08-01T09:11:15.816Z] ResumeDiffForge: running checkResumeConsistency
[2026-08-01T09:11:15.816Z] checkResumeConsistency: forgedTimestamps=[]
[2026-08-01T09:11:15.821Z] checkResumeConsistency: no changes detected
[2026-08-01T09:11:15.821Z] LiveUpdateForge: session reset, allowLiveUpdate = false
[2026-08-01T09:11:15.822Z] NudgeForge: ResumeComplete — restoring count from history
[2026-08-01T09:11:15.822Z] restoreNudgeCountFromHistory: found last write at idx=262 count=18
[2026-08-01T09:11:15.847Z] LiveUpdateForge: allowLiveUpdate = true (first real BeforeSend)
[2026-08-01T09:11:15.848Z] InitialReadForge.onBeforeSend: SKIP (fr=false syn=false hasRead=true)
[2026-08-01T09:11:39.677Z] LiveUpdateForge: EndTurn fallback flush
[2026-08-01T09:11:39.677Z] onEndTurn: naturalStop=false toolCalls=18 nudgeMsg=no
[2026-08-01T09:11:41.127Z] LiveUpdateForge: AfterToolExec flush
[2026-08-01T09:11:41.225Z] InitialReadForge.onBeforeSend: SKIP (fr=true syn=false hasRead=true)
[2026-08-01T09:11:47.486Z] LiveUpdateForge: EndTurn fallback flush
[2026-08-01T09:11:47.486Z] onEndTurn: naturalStop=false toolCalls=19 nudgeMsg=no
[2026-08-01T09:11:47.604Z] LiveUpdateForge: AfterToolExec flush
[2026-08-01T09:11:47.696Z] InitialReadForge.onBeforeSend: SKIP (fr=true syn=false hasRead=true)
[2026-08-01T09:12:13.679Z] LiveUpdateForge: EndTurn fallback flush
[2026-08-01T09:12:13.679Z] onEndTurn: naturalStop=false toolCalls=20 nudgeMsg=no
[2026-08-01T09:12:13.989Z] LiveUpdateForge: AfterToolExec flush
[2026-08-01T09:12:14.086Z] InitialReadForge.onBeforeSend: SKIP (fr=true syn=false hasRead=true)
[2026-08-01T09:12:26.500Z] LiveUpdateForge: EndTurn fallback flush
[2026-08-01T09:12:26.500Z] onEndTurn: naturalStop=true toolCalls=21 nudgeMsg=no
[2026-08-01T09:15:00.154Z] ResumeDiffForge: running checkResumeConsistency
[2026-08-01T09:15:00.155Z] checkResumeConsistency: forgedTimestamps=[]
[2026-08-01T09:15:00.160Z] checkResumeConsistency: no changes detected
[2026-08-01T09:15:00.160Z] LiveUpdateForge: session reset, allowLiveUpdate = false
[2026-08-01T09:15:00.161Z] NudgeForge: ResumeComplete — restoring count from history
[2026-08-01T09:15:00.161Z] restoreNudgeCountFromHistory: found last write at idx=262 count=21
[2026-08-01T09:15:00.184Z] LiveUpdateForge: allowLiveUpdate = true (first real BeforeSend)
[2026-08-01T09:15:00.184Z] InitialReadForge.onBeforeSend: SKIP (fr=false syn=false hasRead=true)
[2026-08-01T09:15:07.552Z] LiveUpdateForge: EndTurn fallback flush
[2026-08-01T09:15:07.553Z] onEndTurn: naturalStop=false toolCalls=21 nudgeMsg=no
[2026-08-01T09:15:07.563Z] LiveUpdateForge: AfterToolExec flush
[2026-08-01T09:15:07.656Z] InitialReadForge.onBeforeSend: SKIP (fr=true syn=false hasRead=true)
[2026-08-01T09:15:24.390Z] LiveUpdateForge: EndTurn fallback flush
[2026-08-01T09:15:24.391Z] onEndTurn: naturalStop=false toolCalls=22 nudgeMsg=no
[2026-08-01T09:15:26.134Z] LiveUpdateForge: AfterToolExec flush
[2026-08-01T09:15:26.234Z] InitialReadForge.onBeforeSend: SKIP (fr=true syn=false hasRead=true)
[2026-08-01T09:15:39.219Z] LiveUpdateForge: EndTurn fallback flush
[2026-08-01T09:15:39.220Z] onEndTurn: naturalStop=false toolCalls=23 nudgeMsg=no
[2026-08-01T09:15:39.762Z] LiveUpdateForge: AfterToolExec flush
[2026-08-01T09:15:39.858Z] InitialReadForge.onBeforeSend: SKIP (fr=true syn=false hasRead=true)
[2026-08-01T09:15:51.686Z] LiveUpdateForge: EndTurn fallback flush
[2026-08-01T09:15:51.687Z] onEndTurn: naturalStop=true toolCalls=24 nudgeMsg=no
[2026-08-01T09:21:53.801Z] MemoryForge: attached 5 listener(s)
[2026-08-01T09:21:53.801Z] InitialReadForge: armed one-shot BeforeSend after NewSessionStart
[2026-08-01T09:21:53.801Z] LiveUpdateForge: session reset, allowLiveUpdate = false
[2026-08-01T09:21:54.375Z] LiveUpdateForge: session reset, allowLiveUpdate = false
[2026-08-01T09:21:54.392Z] ResumeDiffForge: running checkResumeConsistency
[2026-08-01T09:21:54.393Z] checkResumeConsistency: forgedTimestamps=[]
[2026-08-01T09:21:54.398Z] checkResumeConsistency: no changes detected
[2026-08-01T09:21:54.398Z] LiveUpdateForge: session reset, allowLiveUpdate = false
[2026-08-01T09:21:54.398Z] NudgeForge: ResumeComplete — restoring count from history
[2026-08-01T09:21:54.399Z] restoreNudgeCountFromHistory: found last write at idx=262 count=24
[2026-08-01T09:21:55.711Z] ResumeDiffForge: running checkResumeConsistency
[2026-08-01T09:21:55.712Z] checkResumeConsistency: forgedTimestamps=[]
[2026-08-01T09:21:55.718Z] checkResumeConsistency: no changes detected
[2026-08-01T09:21:55.719Z] LiveUpdateForge: session reset, allowLiveUpdate = false
[2026-08-01T09:21:55.719Z] NudgeForge: ResumeComplete — restoring count from history
[2026-08-01T09:21:55.719Z] restoreNudgeCountFromHistory: found last write at idx=262 count=24
[2026-08-01T09:21:55.889Z] ResumeDiffForge: running checkResumeConsistency
[2026-08-01T09:21:55.889Z] checkResumeConsistency: forgedTimestamps=[]
[2026-08-01T09:21:55.896Z] checkResumeConsistency: no changes detected
[2026-08-01T09:21:55.896Z] LiveUpdateForge: session reset, allowLiveUpdate = false
[2026-08-01T09:21:55.896Z] NudgeForge: ResumeComplete — restoring count from history
[2026-08-01T09:21:55.897Z] restoreNudgeCountFromHistory: found last write at idx=262 count=24
[2026-08-01T09:21:56.013Z] MemoryForge: attached 5 listener(s)
[2026-08-01T09:21:56.013Z] InitialReadForge: armed one-shot BeforeSend after NewSessionStart
[2026-08-01T09:21:56.013Z] LiveUpdateForge: session reset, allowLiveUpdate = false
[2026-08-01T09:21:56.019Z] MemoryForge: detached all listeners
[2026-08-01T09:21:56.020Z] ResumeDiffForge: running checkResumeConsistency
[2026-08-01T09:21:56.020Z] checkResumeConsistency: forgedTimestamps=[]
[2026-08-01T09:21:56.119Z] checkResumeConsistency: no changes detected
[2026-08-01T09:21:56.119Z] LiveUpdateForge: session reset, allowLiveUpdate = false
[2026-08-01T09:21:56.119Z] NudgeForge: ResumeComplete — restoring count from history
[2026-08-01T09:21:56.120Z] restoreNudgeCountFromHistory: found last write at idx=262 count=24
[2026-08-01T09:21:56.133Z] LiveUpdateForge: allowLiveUpdate = true (first real BeforeSend)
[2026-08-01T09:21:56.134Z] InitialReadForge.onBeforeSend: SKIP (fr=false syn=false hasRead=true)
[2026-08-01T09:23:33.203Z] LiveUpdateForge: EndTurn fallback flush
[2026-08-01T09:23:33.203Z] onEndTurn: naturalStop=false toolCalls=24 nudgeMsg=no
[2026-08-01T09:23:34.894Z] LiveUpdateForge: AfterToolExec flush
[2026-08-01T09:23:34.997Z] InitialReadForge.onBeforeSend: SKIP (fr=true syn=false hasRead=true)
[2026-08-01T09:24:08.758Z] LiveUpdateForge: EndTurn fallback flush
[2026-08-01T09:24:08.758Z] onEndTurn: naturalStop=false toolCalls=25 nudgeMsg=no
[2026-08-01T09:24:09.631Z] LiveUpdateForge: AfterToolExec flush
[2026-08-01T09:24:09.728Z] InitialReadForge.onBeforeSend: SKIP (fr=true syn=false hasRead=true)
[2026-08-01T09:24:30.869Z] LiveUpdateForge: EndTurn fallback flush
[2026-08-01T09:24:30.870Z] onEndTurn: naturalStop=true toolCalls=26 nudgeMsg=no
[2026-08-01T09:28:57.058Z] ResumeDiffForge: running checkResumeConsistency
[2026-08-01T09:28:57.059Z] checkResumeConsistency: forgedTimestamps=[]
[2026-08-01T09:28:57.064Z] checkResumeConsistency: no changes detected
[2026-08-01T09:28:57.064Z] LiveUpdateForge: session reset, allowLiveUpdate = false
[2026-08-01T09:28:57.064Z] NudgeForge: ResumeComplete — restoring count from history
[2026-08-01T09:28:57.065Z] restoreNudgeCountFromHistory: found last write at idx=262 count=26
[2026-08-01T09:28:57.103Z] LiveUpdateForge: allowLiveUpdate = true (first real BeforeSend)
[2026-08-01T09:28:57.103Z] InitialReadForge.onBeforeSend: SKIP (fr=false syn=false hasRead=true)
[2026-08-01T09:29:16.776Z] LiveUpdateForge: EndTurn fallback flush
[2026-08-01T09:29:16.776Z] onEndTurn: naturalStop=false toolCalls=26 nudgeMsg=no
[2026-08-01T09:29:16.810Z] LiveUpdateForge: AfterToolExec flush
[2026-08-01T09:29:16.897Z] InitialReadForge.onBeforeSend: SKIP (fr=true syn=false hasRead=true)
[2026-08-01T09:29:22.358Z] LiveUpdateForge: EndTurn fallback flush
[2026-08-01T09:29:22.358Z] onEndTurn: naturalStop=false toolCalls=27 nudgeMsg=no
[2026-08-01T09:29:22.490Z] LiveUpdateForge: AfterToolExec flush
[2026-08-01T09:29:22.583Z] InitialReadForge.onBeforeSend: SKIP (fr=true syn=false hasRead=true)
[2026-08-01T09:29:27.236Z] LiveUpdateForge: EndTurn fallback flush
[2026-08-01T09:29:27.236Z] onEndTurn: naturalStop=false toolCalls=28 nudgeMsg=no
[2026-08-01T09:29:27.243Z] LiveUpdateForge: AfterToolExec flush
[2026-08-01T09:29:27.363Z] InitialReadForge.onBeforeSend: SKIP (fr=true syn=false hasRead=true)
[2026-08-01T09:29:36.543Z] LiveUpdateForge: EndTurn fallback flush
[2026-08-01T09:29:36.544Z] onEndTurn: naturalStop=false toolCalls=29 nudgeMsg=no
[2026-08-01T09:29:36.563Z] LiveUpdateForge: AfterToolExec flush
[2026-08-01T09:29:36.671Z] InitialReadForge.onBeforeSend: SKIP (fr=true syn=false hasRead=true)
[2026-08-01T09:29:39.181Z] LiveUpdateForge: EndTurn fallback flush
[2026-08-01T09:29:39.182Z] onEndTurn: naturalStop=false toolCalls=30 nudgeMsg=no
[2026-08-01T09:29:39.269Z] LiveUpdateForge: AfterToolExec flush
[2026-08-01T09:29:39.406Z] InitialReadForge.onBeforeSend: SKIP (fr=true syn=false hasRead=true)
[2026-08-01T09:29:41.555Z] LiveUpdateForge: EndTurn fallback flush
[2026-08-01T09:29:41.556Z] onEndTurn: naturalStop=false toolCalls=31 nudgeMsg=no
[2026-08-01T09:29:41.563Z] LiveUpdateForge: AfterToolExec flush
[2026-08-01T09:29:41.687Z] InitialReadForge.onBeforeSend: SKIP (fr=true syn=false hasRead=true)
[2026-08-01T09:29:46.574Z] LiveUpdateForge: EndTurn fallback flush
[2026-08-01T09:29:46.575Z] onEndTurn: naturalStop=false toolCalls=32 nudgeMsg=no
[2026-08-01T09:29:46.599Z] LiveUpdateForge: AfterToolExec flush
[2026-08-01T09:29:46.699Z] InitialReadForge.onBeforeSend: SKIP (fr=true syn=false hasRead=true)
[2026-08-01T09:29:49.358Z] LiveUpdateForge: EndTurn fallback flush
[2026-08-01T09:29:49.358Z] onEndTurn: naturalStop=false toolCalls=33 nudgeMsg=no
[2026-08-01T09:29:57.592Z] LiveUpdateForge: AfterToolExec flush
[2026-08-01T09:29:57.714Z] InitialReadForge.onBeforeSend: SKIP (fr=true syn=false hasRead=true)
[2026-08-01T09:30:00.484Z] LiveUpdateForge: EndTurn fallback flush
[2026-08-01T09:30:00.484Z] onEndTurn: naturalStop=true toolCalls=34 nudgeMsg=no
[2026-08-01T09:34:41.604Z] ResumeDiffForge: running checkResumeConsistency
[2026-08-01T09:34:41.605Z] checkResumeConsistency: forgedTimestamps=[]
[2026-08-01T09:34:41.610Z] checkResumeConsistency: no changes detected
[2026-08-01T09:34:41.610Z] LiveUpdateForge: session reset, allowLiveUpdate = false
[2026-08-01T09:34:41.610Z] NudgeForge: ResumeComplete — restoring count from history
[2026-08-01T09:34:41.610Z] restoreNudgeCountFromHistory: found last write at idx=262 count=34
[2026-08-01T09:34:41.645Z] LiveUpdateForge: allowLiveUpdate = true (first real BeforeSend)
[2026-08-01T09:34:41.645Z] InitialReadForge.onBeforeSend: SKIP (fr=false syn=false hasRead=true)
[2026-08-01T09:34:46.922Z] LiveUpdateForge: EndTurn fallback flush
[2026-08-01T09:34:46.923Z] onEndTurn: naturalStop=false toolCalls=34 nudgeMsg=no
[2026-08-01T09:34:48.814Z] LiveUpdateForge: AfterToolExec flush
[2026-08-01T09:34:48.921Z] InitialReadForge.onBeforeSend: SKIP (fr=true syn=false hasRead=true)
[2026-08-01T09:35:01.971Z] LiveUpdateForge: EndTurn fallback flush
[2026-08-01T09:35:01.972Z] onEndTurn: naturalStop=true toolCalls=35 nudgeMsg=no
[2026-08-01T09:40:26.002Z] ResumeDiffForge: running checkResumeConsistency
[2026-08-01T09:40:26.003Z] checkResumeConsistency: forgedTimestamps=[]
[2026-08-01T09:40:26.011Z] checkResumeConsistency: no changes detected
[2026-08-01T09:40:26.012Z] LiveUpdateForge: session reset, allowLiveUpdate = false
[2026-08-01T09:40:26.012Z] NudgeForge: ResumeComplete — restoring count from history
[2026-08-01T09:40:26.012Z] restoreNudgeCountFromHistory: found last write at idx=262 count=35
[2026-08-01T09:40:26.045Z] LiveUpdateForge: allowLiveUpdate = true (first real BeforeSend)
[2026-08-01T09:40:26.045Z] InitialReadForge.onBeforeSend: SKIP (fr=false syn=false hasRead=true)
[2026-08-01T09:40:31.020Z] LiveUpdateForge: EndTurn fallback flush
[2026-08-01T09:40:31.020Z] onEndTurn: naturalStop=false toolCalls=35 nudgeMsg=no
[2026-08-01T09:40:31.063Z] LiveUpdateForge: AfterToolExec flush
[2026-08-01T09:40:31.160Z] InitialReadForge.onBeforeSend: SKIP (fr=true syn=false hasRead=true)
[2026-08-01T09:40:35.825Z] LiveUpdateForge: EndTurn fallback flush
[2026-08-01T09:40:35.826Z] onEndTurn: naturalStop=false toolCalls=36 nudgeMsg=no
[2026-08-01T09:40:37.553Z] LiveUpdateForge: AfterToolExec flush
[2026-08-01T09:40:37.666Z] InitialReadForge.onBeforeSend: SKIP (fr=true syn=false hasRead=true)
[2026-08-01T09:41:53.773Z] LiveUpdateForge: EndTurn fallback flush
[2026-08-01T09:41:53.773Z] onEndTurn: naturalStop=true toolCalls=37 nudgeMsg=no
[2026-08-01T09:42:20.757Z] ResumeDiffForge: running checkResumeConsistency
[2026-08-01T09:42:20.758Z] checkResumeConsistency: forgedTimestamps=[]
[2026-08-01T09:42:20.764Z] checkResumeConsistency: no changes detected
[2026-08-01T09:42:20.764Z] LiveUpdateForge: session reset, allowLiveUpdate = false
[2026-08-01T09:42:20.764Z] NudgeForge: ResumeComplete — restoring count from history
[2026-08-01T09:42:20.765Z] restoreNudgeCountFromHistory: found last write at idx=262 count=37
[2026-08-01T09:42:20.793Z] LiveUpdateForge: allowLiveUpdate = true (first real BeforeSend)
[2026-08-01T09:42:20.793Z] InitialReadForge.onBeforeSend: SKIP (fr=false syn=false hasRead=true)
[2026-08-01T09:42:25.894Z] LiveUpdateForge: EndTurn fallback flush
[2026-08-01T09:42:25.894Z] onEndTurn: naturalStop=false toolCalls=37 nudgeMsg=no
[2026-08-01T09:42:25.901Z] LiveUpdateForge: AfterToolExec flush
[2026-08-01T09:42:25.997Z] InitialReadForge.onBeforeSend: SKIP (fr=true syn=false hasRead=true)
[2026-08-01T09:42:29.068Z] LiveUpdateForge: EndTurn fallback flush
[2026-08-01T09:42:29.068Z] onEndTurn: naturalStop=false toolCalls=38 nudgeMsg=no
[2026-08-01T09:42:29.197Z] LiveUpdateForge: AfterToolExec flush
[2026-08-01T09:42:29.299Z] InitialReadForge.onBeforeSend: SKIP (fr=true syn=false hasRead=true)
[2026-08-01T09:42:31.749Z] LiveUpdateForge: EndTurn fallback flush
[2026-08-01T09:42:31.749Z] onEndTurn: naturalStop=false toolCalls=39 nudgeMsg=no
[2026-08-01T09:42:40.107Z] LiveUpdateForge: AfterToolExec flush
[2026-08-01T09:42:40.227Z] InitialReadForge.onBeforeSend: SKIP (fr=true syn=false hasRead=true)
[2026-08-01T09:42:56.216Z] LiveUpdateForge: EndTurn fallback flush
[2026-08-01T09:42:56.216Z] onEndTurn: naturalStop=true toolCalls=40 nudgeMsg=no
[2026-08-01T09:45:01.463Z] ResumeDiffForge: running checkResumeConsistency
[2026-08-01T09:45:01.463Z] checkResumeConsistency: forgedTimestamps=[]
[2026-08-01T09:45:01.469Z] checkResumeConsistency: no changes detected
[2026-08-01T09:45:01.470Z] LiveUpdateForge: session reset, allowLiveUpdate = false
[2026-08-01T09:45:01.470Z] NudgeForge: ResumeComplete — restoring count from history
[2026-08-01T09:45:01.471Z] restoreNudgeCountFromHistory: found last write at idx=262 count=40
[2026-08-01T09:45:01.502Z] LiveUpdateForge: allowLiveUpdate = true (first real BeforeSend)
[2026-08-01T09:45:01.503Z] InitialReadForge.onBeforeSend: SKIP (fr=false syn=false hasRead=true)
[2026-08-01T09:45:33.231Z] LiveUpdateForge: EndTurn fallback flush
[2026-08-01T09:45:33.231Z] onEndTurn: naturalStop=false toolCalls=40 nudgeMsg=no
[2026-08-01T09:45:33.334Z] LiveUpdateForge: AfterToolExec flush
[2026-08-01T09:45:33.426Z] InitialReadForge.onBeforeSend: SKIP (fr=true syn=false hasRead=true)
[2026-08-01T09:45:48.945Z] LiveUpdateForge: EndTurn fallback flush
[2026-08-01T09:45:48.945Z] onEndTurn: naturalStop=false toolCalls=41 nudgeMsg=no
[2026-08-01T09:45:50.871Z] LiveUpdateForge: AfterToolExec flush
[2026-08-01T09:45:50.971Z] InitialReadForge.onBeforeSend: SKIP (fr=true syn=false hasRead=true)
[2026-08-01T09:46:05.021Z] LiveUpdateForge: EndTurn fallback flush
[2026-08-01T09:46:05.021Z] onEndTurn: naturalStop=false toolCalls=42 nudgeMsg=no
[2026-08-01T09:46:05.473Z] LiveUpdateForge: AfterToolExec flush
[2026-08-01T09:46:05.575Z] InitialReadForge.onBeforeSend: SKIP (fr=true syn=false hasRead=true)
[2026-08-01T09:46:09.002Z] LiveUpdateForge: EndTurn fallback flush
[2026-08-01T09:46:09.003Z] onEndTurn: naturalStop=false toolCalls=43 nudgeMsg=no
[2026-08-01T09:46:09.011Z] LiveUpdateForge: AfterToolExec flush
[2026-08-01T09:46:09.151Z] InitialReadForge.onBeforeSend: SKIP (fr=true syn=false hasRead=true)
[2026-08-01T09:46:51.511Z] LiveUpdateForge: EndTurn fallback flush
[2026-08-01T09:46:51.511Z] onEndTurn: naturalStop=false toolCalls=44 nudgeMsg=no
[2026-08-01T09:46:51.641Z] LiveUpdateForge: AfterToolExec flush
[2026-08-01T09:46:51.747Z] InitialReadForge.onBeforeSend: SKIP (fr=true syn=false hasRead=true)
[2026-08-01T09:47:07.122Z] LiveUpdateForge: EndTurn fallback flush
[2026-08-01T09:47:07.122Z] onEndTurn: naturalStop=false toolCalls=45 nudgeMsg=no
[2026-08-01T09:47:14.444Z] LiveUpdateForge: AfterToolExec flush
[2026-08-01T09:47:14.574Z] InitialReadForge.onBeforeSend: SKIP (fr=true syn=false hasRead=true)
[2026-08-01T09:47:34.029Z] LiveUpdateForge: EndTurn fallback flush
[2026-08-01T09:47:34.030Z] onEndTurn: naturalStop=true toolCalls=46 nudgeMsg=no
[2026-08-01T09:48:07.525Z] ResumeDiffForge: running checkResumeConsistency
[2026-08-01T09:48:07.525Z] checkResumeConsistency: forgedTimestamps=[]
[2026-08-01T09:48:07.531Z] checkResumeConsistency: no changes detected
[2026-08-01T09:48:07.531Z] LiveUpdateForge: session reset, allowLiveUpdate = false
[2026-08-01T09:48:07.531Z] NudgeForge: ResumeComplete — restoring count from history
[2026-08-01T09:48:07.532Z] restoreNudgeCountFromHistory: found last write at idx=262 count=46
[2026-08-01T09:48:07.567Z] LiveUpdateForge: allowLiveUpdate = true (first real BeforeSend)
[2026-08-01T09:48:07.567Z] InitialReadForge.onBeforeSend: SKIP (fr=false syn=false hasRead=true)
[2026-08-01T09:48:14.611Z] LiveUpdateForge: EndTurn fallback flush
[2026-08-01T09:48:14.611Z] onEndTurn: naturalStop=false toolCalls=46 nudgeMsg=no
[2026-08-01T09:48:14.739Z] LiveUpdateForge: AfterToolExec flush
[2026-08-01T09:48:14.852Z] InitialReadForge.onBeforeSend: SKIP (fr=true syn=false hasRead=true)
[2026-08-01T09:48:30.186Z] LiveUpdateForge: EndTurn fallback flush
[2026-08-01T09:48:30.187Z] onEndTurn: naturalStop=false toolCalls=47 nudgeMsg=no
[2026-08-01T09:48:31.992Z] LiveUpdateForge: AfterToolExec flush
[2026-08-01T09:48:32.099Z] InitialReadForge.onBeforeSend: SKIP (fr=true syn=false hasRead=true)
[2026-08-01T09:48:59.423Z] LiveUpdateForge: EndTurn fallback flush
[2026-08-01T09:48:59.423Z] onEndTurn: naturalStop=false toolCalls=48 nudgeMsg=no
[2026-08-01T09:48:59.550Z] LiveUpdateForge: AfterToolExec flush
[2026-08-01T09:48:59.654Z] InitialReadForge.onBeforeSend: SKIP (fr=true syn=false hasRead=true)
[2026-08-01T09:49:09.153Z] LiveUpdateForge: EndTurn fallback flush
[2026-08-01T09:49:09.154Z] onEndTurn: naturalStop=false toolCalls=49 nudgeMsg=no
[2026-08-01T09:49:09.236Z] LiveUpdateForge: AfterToolExec flush
[2026-08-01T09:49:09.329Z] InitialReadForge.onBeforeSend: SKIP (fr=true syn=false hasRead=true)
[2026-08-01T09:49:51.764Z] LiveUpdateForge: EndTurn fallback flush
[2026-08-01T09:49:51.765Z] onEndTurn: naturalStop=false toolCalls=50 nudgeMsg=no
[2026-08-01T09:49:51.792Z] LiveUpdateForge: AfterToolExec flush
[2026-08-01T09:49:51.915Z] InitialReadForge.onBeforeSend: SKIP (fr=true syn=false hasRead=true)
[2026-08-01T09:49:57.390Z] LiveUpdateForge: EndTurn fallback flush
[2026-08-01T09:49:57.390Z] onEndTurn: naturalStop=false toolCalls=51 nudgeMsg=no
[2026-08-01T09:50:04.130Z] LiveUpdateForge: AfterToolExec flush
[2026-08-01T09:50:04.254Z] InitialReadForge.onBeforeSend: SKIP (fr=true syn=false hasRead=true)
[2026-08-01T09:50:13.903Z] LiveUpdateForge: EndTurn fallback flush
[2026-08-01T09:50:13.903Z] onEndTurn: naturalStop=true toolCalls=0 nudgeMsg=YES
[2026-08-01T09:50:13.906Z] InitialReadForge.onBeforeSend: SKIP (fr=false syn=false hasRead=true)
[2026-08-01T09:50:33.109Z] LiveUpdateForge: EndTurn fallback flush
[2026-08-01T09:50:33.109Z] onEndTurn: naturalStop=false toolCalls=0 nudgeMsg=no
[2026-08-01T09:50:33.122Z] LiveUpdateForge: self-write on D:\Unity\E1\CODELY.md, baseline aligned
[2026-08-01T09:50:33.122Z] LiveUpdateForge: AfterToolExec flush
[2026-08-01T09:50:33.245Z] InitialReadForge.onBeforeSend: SKIP (fr=true syn=false hasRead=true)
[2026-08-01T09:50:42.037Z] LiveUpdateForge: EndTurn fallback flush
[2026-08-01T09:50:42.037Z] onEndTurn: naturalStop=true toolCalls=0 nudgeMsg=no
[2026-08-01T09:52:43.149Z] ResumeDiffForge: running checkResumeConsistency
[2026-08-01T09:52:43.150Z] checkResumeConsistency: forgedTimestamps=[]
[2026-08-01T09:52:43.155Z] checkResumeConsistency: no changes detected
[2026-08-01T09:52:43.156Z] LiveUpdateForge: session reset, allowLiveUpdate = false
[2026-08-01T09:52:43.156Z] NudgeForge: ResumeComplete — restoring count from history
[2026-08-01T09:52:43.156Z] restoreNudgeCountFromHistory: found last write at idx=399 count=0
[2026-08-01T09:52:43.192Z] LiveUpdateForge: allowLiveUpdate = true (first real BeforeSend)
[2026-08-01T09:52:43.192Z] InitialReadForge.onBeforeSend: SKIP (fr=false syn=false hasRead=true)
[2026-08-01T09:53:18.560Z] LiveUpdateForge: EndTurn fallback flush
[2026-08-01T09:53:18.561Z] onEndTurn: naturalStop=false toolCalls=0 nudgeMsg=no
[2026-08-01T09:53:20.722Z] LiveUpdateForge: AfterToolExec flush
[2026-08-01T09:53:20.817Z] InitialReadForge.onBeforeSend: SKIP (fr=true syn=false hasRead=true)
[2026-08-01T09:53:54.282Z] LiveUpdateForge: EndTurn fallback flush
[2026-08-01T09:53:54.282Z] onEndTurn: naturalStop=false toolCalls=1 nudgeMsg=no
[2026-08-01T09:53:54.287Z] LiveUpdateForge: AfterToolExec flush
[2026-08-01T09:53:54.422Z] InitialReadForge.onBeforeSend: SKIP (fr=true syn=false hasRead=true)
[2026-08-01T09:54:12.171Z] LiveUpdateForge: EndTurn fallback flush
[2026-08-01T09:54:12.171Z] onEndTurn: naturalStop=false toolCalls=2 nudgeMsg=no
[2026-08-01T09:54:12.307Z] LiveUpdateForge: AfterToolExec flush
[2026-08-01T09:54:12.425Z] InitialReadForge.onBeforeSend: SKIP (fr=true syn=false hasRead=true)
[2026-08-01T09:54:48.636Z] LiveUpdateForge: EndTurn fallback flush
[2026-08-01T09:54:48.636Z] onEndTurn: naturalStop=false toolCalls=3 nudgeMsg=no
[2026-08-01T09:54:48.666Z] LiveUpdateForge: AfterToolExec flush
[2026-08-01T09:54:48.800Z] InitialReadForge.onBeforeSend: SKIP (fr=true syn=false hasRead=true)
[2026-08-01T09:55:00.835Z] LiveUpdateForge: EndTurn fallback flush
[2026-08-01T09:55:00.835Z] onEndTurn: naturalStop=false toolCalls=4 nudgeMsg=no
[2026-08-01T09:55:09.272Z] LiveUpdateForge: AfterToolExec flush
[2026-08-01T09:55:09.413Z] InitialReadForge.onBeforeSend: SKIP (fr=true syn=false hasRead=true)
[2026-08-01T09:55:16.623Z] LiveUpdateForge: EndTurn fallback flush
[2026-08-01T09:55:16.624Z] onEndTurn: naturalStop=true toolCalls=5 nudgeMsg=no
[2026-08-01T09:58:05.718Z] ResumeDiffForge: running checkResumeConsistency
[2026-08-01T09:58:05.718Z] checkResumeConsistency: forgedTimestamps=[]
[2026-08-01T09:58:05.738Z] checkResumeConsistency: no changes detected
[2026-08-01T09:58:05.738Z] LiveUpdateForge: session reset, allowLiveUpdate = false
[2026-08-01T09:58:05.739Z] NudgeForge: ResumeComplete — restoring count from history
[2026-08-01T09:58:05.739Z] restoreNudgeCountFromHistory: found last write at idx=399 count=5
[2026-08-01T09:58:05.779Z] LiveUpdateForge: allowLiveUpdate = true (first real BeforeSend)
[2026-08-01T09:58:05.780Z] InitialReadForge.onBeforeSend: SKIP (fr=false syn=false hasRead=true)
[2026-08-01T09:59:16.855Z] LiveUpdateForge: EndTurn fallback flush
[2026-08-01T09:59:16.855Z] onEndTurn: naturalStop=true toolCalls=5 nudgeMsg=no
[2026-08-01T10:04:00.769Z] ResumeDiffForge: running checkResumeConsistency
[2026-08-01T10:04:00.770Z] checkResumeConsistency: forgedTimestamps=[]
[2026-08-01T10:04:00.801Z] checkResumeConsistency: no changes detected
[2026-08-01T10:04:00.801Z] LiveUpdateForge: session reset, allowLiveUpdate = false
[2026-08-01T10:04:00.801Z] NudgeForge: ResumeComplete — restoring count from history
[2026-08-01T10:04:00.802Z] restoreNudgeCountFromHistory: found last write at idx=399 count=5
[2026-08-01T10:04:00.852Z] LiveUpdateForge: allowLiveUpdate = true (first real BeforeSend)
[2026-08-01T10:04:00.853Z] InitialReadForge.onBeforeSend: SKIP (fr=false syn=false hasRead=true)
[2026-08-01T10:05:25.787Z] LiveUpdateForge: EndTurn fallback flush
[2026-08-01T10:05:25.787Z] onEndTurn: naturalStop=true toolCalls=5 nudgeMsg=no
[2026-08-01T10:07:03.557Z] ResumeDiffForge: running checkResumeConsistency
[2026-08-01T10:07:03.558Z] checkResumeConsistency: forgedTimestamps=[]
[2026-08-01T10:07:03.566Z] checkResumeConsistency: no changes detected
[2026-08-01T10:07:03.566Z] LiveUpdateForge: session reset, allowLiveUpdate = false
[2026-08-01T10:07:03.566Z] NudgeForge: ResumeComplete — restoring count from history
[2026-08-01T10:07:03.567Z] restoreNudgeCountFromHistory: found last write at idx=399 count=5
[2026-08-01T10:07:53.928Z] ResumeDiffForge: running checkResumeConsistency
[2026-08-01T10:07:53.928Z] checkResumeConsistency: forgedTimestamps=[]
[2026-08-01T10:07:53.934Z] checkResumeConsistency: no changes detected
[2026-08-01T10:07:53.935Z] LiveUpdateForge: session reset, allowLiveUpdate = false
[2026-08-01T10:07:53.935Z] NudgeForge: ResumeComplete — restoring count from history
[2026-08-01T10:07:53.935Z] restoreNudgeCountFromHistory: found last write at idx=399 count=5
[2026-08-01T10:09:19.160Z] ResumeDiffForge: running checkResumeConsistency
[2026-08-01T10:09:19.161Z] checkResumeConsistency: forgedTimestamps=[]
[2026-08-01T10:09:19.167Z] checkResumeConsistency: no changes detected
[2026-08-01T10:09:19.168Z] LiveUpdateForge: session reset, allowLiveUpdate = false
[2026-08-01T10:09:19.168Z] NudgeForge: ResumeComplete — restoring count from history
[2026-08-01T10:09:19.168Z] restoreNudgeCountFromHistory: found last write at idx=399 count=5
[2026-08-01T10:09:19.208Z] LiveUpdateForge: allowLiveUpdate = true (first real BeforeSend)
[2026-08-01T10:09:19.209Z] InitialReadForge.onBeforeSend: SKIP (fr=false syn=false hasRead=true)
[2026-08-01T10:09:26.981Z] LiveUpdateForge: EndTurn fallback flush
[2026-08-01T10:09:26.981Z] onEndTurn: naturalStop=false toolCalls=5 nudgeMsg=no
[2026-08-01T10:09:26.989Z] LiveUpdateForge: AfterToolExec flush
[2026-08-01T10:09:27.109Z] InitialReadForge.onBeforeSend: SKIP (fr=true syn=false hasRead=true)
[2026-08-01T10:09:31.818Z] LiveUpdateForge: EndTurn fallback flush
[2026-08-01T10:09:31.818Z] onEndTurn: naturalStop=false toolCalls=6 nudgeMsg=no
[2026-08-01T10:09:31.822Z] LiveUpdateForge: AfterToolExec flush
[2026-08-01T10:09:31.957Z] InitialReadForge.onBeforeSend: SKIP (fr=true syn=false hasRead=true)
[2026-08-01T10:09:36.235Z] LiveUpdateForge: EndTurn fallback flush
[2026-08-01T10:09:36.236Z] onEndTurn: naturalStop=false toolCalls=7 nudgeMsg=no
[2026-08-01T10:09:36.370Z] LiveUpdateForge: AfterToolExec flush
[2026-08-01T10:09:36.504Z] InitialReadForge.onBeforeSend: SKIP (fr=true syn=false hasRead=true)
[2026-08-01T10:09:42.654Z] LiveUpdateForge: EndTurn fallback flush
[2026-08-01T10:09:42.654Z] onEndTurn: naturalStop=false toolCalls=8 nudgeMsg=no
[2026-08-01T10:09:42.689Z] LiveUpdateForge: AfterToolExec flush
[2026-08-01T10:09:42.818Z] InitialReadForge.onBeforeSend: SKIP (fr=true syn=false hasRead=true)
[2026-08-01T10:09:48.624Z] LiveUpdateForge: EndTurn fallback flush
[2026-08-01T10:09:48.624Z] onEndTurn: naturalStop=false toolCalls=9 nudgeMsg=no
[2026-08-01T10:09:48.655Z] LiveUpdateForge: AfterToolExec flush
[2026-08-01T10:09:48.784Z] InitialReadForge.onBeforeSend: SKIP (fr=true syn=false hasRead=true)
[2026-08-01T10:09:52.514Z] LiveUpdateForge: EndTurn fallback flush
[2026-08-01T10:09:52.515Z] onEndTurn: naturalStop=false toolCalls=10 nudgeMsg=no
[2026-08-01T10:10:11.376Z] LiveUpdateForge: AfterToolExec flush
[2026-08-01T10:10:11.529Z] InitialReadForge.onBeforeSend: SKIP (fr=true syn=false hasRead=true)
[2026-08-01T10:10:33.933Z] LiveUpdateForge: EndTurn fallback flush
[2026-08-01T10:10:33.934Z] onEndTurn: naturalStop=true toolCalls=11 nudgeMsg=no
[2026-08-01T10:15:10.915Z] ResumeDiffForge: running checkResumeConsistency
[2026-08-01T10:15:10.916Z] checkResumeConsistency: forgedTimestamps=[]
[2026-08-01T10:15:10.921Z] checkResumeConsistency: no changes detected
[2026-08-01T10:15:10.921Z] LiveUpdateForge: session reset, allowLiveUpdate = false
[2026-08-01T10:15:10.922Z] NudgeForge: ResumeComplete — restoring count from history
[2026-08-01T10:15:10.922Z] restoreNudgeCountFromHistory: found last write at idx=399 count=11
[2026-08-01T10:15:10.958Z] LiveUpdateForge: allowLiveUpdate = true (first real BeforeSend)
[2026-08-01T10:15:10.958Z] InitialReadForge.onBeforeSend: SKIP (fr=false syn=false hasRead=true)
[2026-08-01T10:15:33.962Z] LiveUpdateForge: EndTurn fallback flush
[2026-08-01T10:15:33.963Z] onEndTurn: naturalStop=false toolCalls=11 nudgeMsg=no
[2026-08-01T10:15:34.132Z] LiveUpdateForge: AfterToolExec flush
[2026-08-01T10:15:34.264Z] InitialReadForge.onBeforeSend: SKIP (fr=true syn=false hasRead=true)
[2026-08-01T10:15:37.060Z] LiveUpdateForge: EndTurn fallback flush
[2026-08-01T10:15:37.061Z] onEndTurn: naturalStop=false toolCalls=12 nudgeMsg=no
[2026-08-01T10:15:37.217Z] LiveUpdateForge: AfterToolExec flush
[2026-08-01T10:15:37.358Z] InitialReadForge.onBeforeSend: SKIP (fr=true syn=false hasRead=true)
[2026-08-01T10:15:48.686Z] LiveUpdateForge: EndTurn fallback flush
[2026-08-01T10:15:48.687Z] onEndTurn: naturalStop=false toolCalls=13 nudgeMsg=no
[2026-08-01T10:15:48.695Z] LiveUpdateForge: AfterToolExec flush
[2026-08-01T10:15:48.822Z] InitialReadForge.onBeforeSend: SKIP (fr=true syn=false hasRead=true)
[2026-08-01T10:16:02.839Z] LiveUpdateForge: EndTurn fallback flush
[2026-08-01T10:16:02.839Z] onEndTurn: naturalStop=false toolCalls=14 nudgeMsg=no
[2026-08-01T10:16:02.868Z] LiveUpdateForge: AfterToolExec flush
[2026-08-01T10:16:03.005Z] InitialReadForge.onBeforeSend: SKIP (fr=true syn=false hasRead=true)
[2026-08-01T10:16:08.204Z] LiveUpdateForge: EndTurn fallback flush
[2026-08-01T10:16:08.204Z] onEndTurn: naturalStop=false toolCalls=15 nudgeMsg=no
[2026-08-01T10:16:08.292Z] LiveUpdateForge: AfterToolExec flush
[2026-08-01T10:16:08.421Z] InitialReadForge.onBeforeSend: SKIP (fr=true syn=false hasRead=true)
[2026-08-01T10:16:12.041Z] LiveUpdateForge: EndTurn fallback flush
[2026-08-01T10:16:12.041Z] onEndTurn: naturalStop=false toolCalls=16 nudgeMsg=no
[2026-08-01T10:16:22.176Z] LiveUpdateForge: AfterToolExec flush
[2026-08-01T10:16:22.330Z] InitialReadForge.onBeforeSend: SKIP (fr=true syn=false hasRead=true)
[2026-08-01T10:17:04.521Z] LiveUpdateForge: EndTurn fallback flush
[2026-08-01T10:17:04.522Z] onEndTurn: naturalStop=true toolCalls=17 nudgeMsg=no
[2026-08-01T10:53:17.895Z] MemoryForge: attached 5 listener(s)
[2026-08-01T10:53:17.896Z] InitialReadForge: armed one-shot BeforeSend after NewSessionStart
[2026-08-01T10:53:17.896Z] LiveUpdateForge: session reset, allowLiveUpdate = false
[2026-08-01T10:53:18.929Z] LiveUpdateForge: session reset, allowLiveUpdate = false
[2026-08-01T10:53:18.953Z] ResumeDiffForge: running checkResumeConsistency
[2026-08-01T10:53:18.954Z] checkResumeConsistency: forgedTimestamps=[]
[2026-08-01T10:53:18.959Z] checkResumeConsistency: no changes detected
[2026-08-01T10:53:18.959Z] LiveUpdateForge: session reset, allowLiveUpdate = false
[2026-08-01T10:53:18.959Z] NudgeForge: ResumeComplete — restoring count from history
[2026-08-01T10:53:18.960Z] restoreNudgeCountFromHistory: found last write at idx=399 count=17
[2026-08-01T10:53:20.277Z] ResumeDiffForge: running checkResumeConsistency
[2026-08-01T10:53:20.278Z] checkResumeConsistency: forgedTimestamps=[]
[2026-08-01T10:53:20.285Z] checkResumeConsistency: no changes detected
[2026-08-01T10:53:20.286Z] LiveUpdateForge: session reset, allowLiveUpdate = false
[2026-08-01T10:53:20.286Z] NudgeForge: ResumeComplete — restoring count from history
[2026-08-01T10:53:20.286Z] restoreNudgeCountFromHistory: found last write at idx=399 count=17
[2026-08-01T10:53:20.470Z] ResumeDiffForge: running checkResumeConsistency
[2026-08-01T10:53:20.471Z] checkResumeConsistency: forgedTimestamps=[]
[2026-08-01T10:53:20.476Z] checkResumeConsistency: no changes detected
[2026-08-01T10:53:20.476Z] LiveUpdateForge: session reset, allowLiveUpdate = false
[2026-08-01T10:53:20.477Z] NudgeForge: ResumeComplete — restoring count from history
[2026-08-01T10:53:20.477Z] restoreNudgeCountFromHistory: found last write at idx=399 count=17
[2026-08-01T10:53:20.608Z] MemoryForge: attached 5 listener(s)
[2026-08-01T10:53:20.608Z] InitialReadForge: armed one-shot BeforeSend after NewSessionStart
[2026-08-01T10:53:20.609Z] LiveUpdateForge: session reset, allowLiveUpdate = false
[2026-08-01T10:53:20.615Z] MemoryForge: detached all listeners
[2026-08-01T10:53:20.616Z] ResumeDiffForge: running checkResumeConsistency
[2026-08-01T10:53:20.616Z] checkResumeConsistency: forgedTimestamps=[]
[2026-08-01T10:53:20.734Z] checkResumeConsistency: no changes detected
[2026-08-01T10:53:20.734Z] LiveUpdateForge: session reset, allowLiveUpdate = false
[2026-08-01T10:53:20.735Z] NudgeForge: ResumeComplete — restoring count from history
[2026-08-01T10:53:20.735Z] restoreNudgeCountFromHistory: found last write at idx=399 count=17
[2026-08-01T10:53:20.757Z] LiveUpdateForge: allowLiveUpdate = true (first real BeforeSend)
[2026-08-01T10:53:20.758Z] InitialReadForge.onBeforeSend: SKIP (fr=false syn=false hasRead=true)
[2026-08-01T10:53:58.004Z] LiveUpdateForge: EndTurn fallback flush
[2026-08-01T10:53:58.004Z] onEndTurn: naturalStop=false toolCalls=17 nudgeMsg=no
[2026-08-01T10:54:02.808Z] LiveUpdateForge: AfterToolExec flush
[2026-08-01T10:54:02.908Z] InitialReadForge.onBeforeSend: SKIP (fr=true syn=false hasRead=true)
[2026-08-01T10:54:12.338Z] LiveUpdateForge: EndTurn fallback flush
[2026-08-01T10:54:12.338Z] onEndTurn: naturalStop=true toolCalls=18 nudgeMsg=no
[2026-08-01T10:56:40.633Z] ResumeDiffForge: running checkResumeConsistency
[2026-08-01T10:56:40.633Z] checkResumeConsistency: forgedTimestamps=[]
[2026-08-01T10:56:40.639Z] checkResumeConsistency: no changes detected
[2026-08-01T10:56:40.640Z] LiveUpdateForge: session reset, allowLiveUpdate = false
[2026-08-01T10:56:40.640Z] NudgeForge: ResumeComplete — restoring count from history
[2026-08-01T10:56:40.640Z] restoreNudgeCountFromHistory: found last write at idx=399 count=18
[2026-08-01T10:56:40.678Z] LiveUpdateForge: allowLiveUpdate = true (first real BeforeSend)
[2026-08-01T10:56:40.679Z] InitialReadForge.onBeforeSend: SKIP (fr=false syn=false hasRead=true)
[2026-08-01T10:56:53.152Z] LiveUpdateForge: EndTurn fallback flush
[2026-08-01T10:56:53.152Z] onEndTurn: naturalStop=false toolCalls=18 nudgeMsg=no
[2026-08-01T10:56:55.796Z] LiveUpdateForge: AfterToolExec flush
[2026-08-01T10:56:55.914Z] InitialReadForge.onBeforeSend: SKIP (fr=true syn=false hasRead=true)
[2026-08-01T10:57:14.582Z] LiveUpdateForge: EndTurn fallback flush
[2026-08-01T10:57:14.582Z] onEndTurn: naturalStop=false toolCalls=19 nudgeMsg=no
[2026-08-01T10:57:15.183Z] LiveUpdateForge: AfterToolExec flush
[2026-08-01T10:57:15.290Z] InitialReadForge.onBeforeSend: SKIP (fr=true syn=false hasRead=true)
[2026-08-01T10:57:33.752Z] LiveUpdateForge: EndTurn fallback flush
[2026-08-01T10:57:33.752Z] onEndTurn: naturalStop=false toolCalls=20 nudgeMsg=no
[2026-08-01T10:57:34.533Z] LiveUpdateForge: AfterToolExec flush
[2026-08-01T10:57:34.641Z] InitialReadForge.onBeforeSend: SKIP (fr=true syn=false hasRead=true)
[2026-08-01T10:57:45.398Z] LiveUpdateForge: EndTurn fallback flush
[2026-08-01T10:57:45.399Z] onEndTurn: naturalStop=true toolCalls=21 nudgeMsg=no
[2026-08-01T11:14:52.626Z] MemoryForge: attached 5 listener(s)
[2026-08-01T11:14:52.626Z] InitialReadForge: armed one-shot BeforeSend after NewSessionStart
[2026-08-01T11:14:52.627Z] LiveUpdateForge: session reset, allowLiveUpdate = false
[2026-08-01T11:14:53.490Z] LiveUpdateForge: session reset, allowLiveUpdate = false
[2026-08-01T11:14:53.514Z] ResumeDiffForge: running checkResumeConsistency
[2026-08-01T11:14:53.514Z] checkResumeConsistency: forgedTimestamps=[]
[2026-08-01T11:14:53.520Z] checkResumeConsistency: no changes detected
[2026-08-01T11:14:53.520Z] LiveUpdateForge: session reset, allowLiveUpdate = false
[2026-08-01T11:14:53.521Z] NudgeForge: ResumeComplete — restoring count from history
[2026-08-01T11:14:53.521Z] restoreNudgeCountFromHistory: found last write at idx=399 count=21
[2026-08-01T11:14:54.840Z] ResumeDiffForge: running checkResumeConsistency
[2026-08-01T11:14:54.841Z] checkResumeConsistency: forgedTimestamps=[]
[2026-08-01T11:14:54.851Z] checkResumeConsistency: no changes detected
[2026-08-01T11:14:54.851Z] LiveUpdateForge: session reset, allowLiveUpdate = false
[2026-08-01T11:14:54.851Z] NudgeForge: ResumeComplete — restoring count from history
[2026-08-01T11:14:54.852Z] restoreNudgeCountFromHistory: found last write at idx=399 count=21
[2026-08-01T11:14:55.024Z] ResumeDiffForge: running checkResumeConsistency
[2026-08-01T11:14:55.025Z] checkResumeConsistency: forgedTimestamps=[]
[2026-08-01T11:14:55.039Z] checkResumeConsistency: no changes detected
[2026-08-01T11:14:55.039Z] LiveUpdateForge: session reset, allowLiveUpdate = false
[2026-08-01T11:14:55.039Z] NudgeForge: ResumeComplete — restoring count from history
[2026-08-01T11:14:55.040Z] restoreNudgeCountFromHistory: found last write at idx=399 count=21
[2026-08-01T11:14:55.150Z] MemoryForge: attached 5 listener(s)
[2026-08-01T11:14:55.150Z] InitialReadForge: armed one-shot BeforeSend after NewSessionStart
[2026-08-01T11:14:55.150Z] LiveUpdateForge: session reset, allowLiveUpdate = false
[2026-08-01T11:14:55.156Z] MemoryForge: detached all listeners
[2026-08-01T11:14:55.156Z] ResumeDiffForge: running checkResumeConsistency
[2026-08-01T11:14:55.156Z] checkResumeConsistency: forgedTimestamps=[]
[2026-08-01T11:14:55.260Z] checkResumeConsistency: no changes detected
[2026-08-01T11:14:55.261Z] LiveUpdateForge: session reset, allowLiveUpdate = false
[2026-08-01T11:14:55.261Z] NudgeForge: ResumeComplete — restoring count from history
[2026-08-01T11:14:55.261Z] restoreNudgeCountFromHistory: found last write at idx=399 count=21
[2026-08-01T11:14:55.272Z] LiveUpdateForge: allowLiveUpdate = true (first real BeforeSend)
[2026-08-01T11:14:55.273Z] InitialReadForge.onBeforeSend: SKIP (fr=false syn=false hasRead=true)
[2026-08-01T11:15:14.508Z] LiveUpdateForge: EndTurn fallback flush
[2026-08-01T11:15:14.509Z] onEndTurn: naturalStop=false toolCalls=21 nudgeMsg=no
[2026-08-01T11:15:14.633Z] LiveUpdateForge: AfterToolExec flush
[2026-08-01T11:15:14.761Z] InitialReadForge.onBeforeSend: SKIP (fr=true syn=false hasRead=true)
[2026-08-01T11:15:17.430Z] LiveUpdateForge: EndTurn fallback flush
[2026-08-01T11:15:17.430Z] onEndTurn: naturalStop=false toolCalls=22 nudgeMsg=no
[2026-08-01T11:15:24.834Z] LiveUpdateForge: AfterToolExec flush
[2026-08-01T11:15:24.956Z] InitialReadForge.onBeforeSend: SKIP (fr=true syn=false hasRead=true)
[2026-08-01T11:15:27.797Z] LiveUpdateForge: EndTurn fallback flush
[2026-08-01T11:15:27.797Z] onEndTurn: naturalStop=true toolCalls=23 nudgeMsg=no
[2026-08-01T11:16:07.036Z] ResumeDiffForge: running checkResumeConsistency
[2026-08-01T11:16:07.037Z] checkResumeConsistency: forgedTimestamps=[]
[2026-08-01T11:16:07.042Z] checkResumeConsistency: no changes detected
[2026-08-01T11:16:07.042Z] LiveUpdateForge: session reset, allowLiveUpdate = false
[2026-08-01T11:16:07.042Z] NudgeForge: ResumeComplete — restoring count from history
[2026-08-01T11:16:07.043Z] restoreNudgeCountFromHistory: found last write at idx=399 count=23
[2026-08-01T11:16:07.086Z] LiveUpdateForge: allowLiveUpdate = true (first real BeforeSend)
[2026-08-01T11:16:07.086Z] InitialReadForge.onBeforeSend: SKIP (fr=false syn=false hasRead=true)
[2026-08-01T11:16:12.805Z] LiveUpdateForge: EndTurn fallback flush
[2026-08-01T11:16:12.805Z] onEndTurn: naturalStop=false toolCalls=23 nudgeMsg=no
[2026-08-01T11:16:46.958Z] LiveUpdateForge: AfterToolExec flush
[2026-08-01T11:16:47.066Z] InitialReadForge.onBeforeSend: SKIP (fr=true syn=false hasRead=true)
[2026-08-01T11:16:50.649Z] LiveUpdateForge: EndTurn fallback flush
[2026-08-01T11:16:50.650Z] onEndTurn: naturalStop=true toolCalls=24 nudgeMsg=no
[2026-08-01T11:22:06.367Z] ResumeDiffForge: running checkResumeConsistency
[2026-08-01T11:22:06.368Z] checkResumeConsistency: forgedTimestamps=[]
[2026-08-01T11:22:06.373Z] checkResumeConsistency: no changes detected
[2026-08-01T11:22:06.373Z] LiveUpdateForge: session reset, allowLiveUpdate = false
[2026-08-01T11:22:06.373Z] NudgeForge: ResumeComplete — restoring count from history
[2026-08-01T11:22:06.374Z] restoreNudgeCountFromHistory: found last write at idx=399 count=24
[2026-08-01T11:22:06.411Z] LiveUpdateForge: allowLiveUpdate = true (first real BeforeSend)
[2026-08-01T11:22:06.411Z] InitialReadForge.onBeforeSend: SKIP (fr=false syn=false hasRead=true)
[2026-08-01T11:23:12.218Z] LiveUpdateForge: EndTurn fallback flush
[2026-08-01T11:23:12.219Z] onEndTurn: naturalStop=false toolCalls=24 nudgeMsg=no
[2026-08-01T11:25:19.806Z] LiveUpdateForge: AfterToolExec flush
[2026-08-01T11:25:19.850Z] LiveUpdateForge: AfterToolExec flush
[2026-08-01T11:25:19.991Z] InitialReadForge.onBeforeSend: SKIP (fr=true syn=false hasRead=true)
[2026-08-01T11:25:25.623Z] LiveUpdateForge: EndTurn fallback flush
[2026-08-01T11:25:25.624Z] onEndTurn: naturalStop=false toolCalls=26 nudgeMsg=no
[2026-08-01T11:25:28.054Z] LiveUpdateForge: AfterToolExec flush
[2026-08-01T11:25:28.181Z] InitialReadForge.onBeforeSend: SKIP (fr=true syn=false hasRead=true)
[2026-08-01T11:25:40.755Z] LiveUpdateForge: EndTurn fallback flush
[2026-08-01T11:25:40.755Z] onEndTurn: naturalStop=false toolCalls=27 nudgeMsg=no
[2026-08-01T11:25:47.028Z] LiveUpdateForge: AfterToolExec flush
[2026-08-01T11:25:47.172Z] InitialReadForge.onBeforeSend: SKIP (fr=true syn=false hasRead=true)
[2026-08-01T11:25:51.518Z] LiveUpdateForge: EndTurn fallback flush
[2026-08-01T11:25:51.518Z] onEndTurn: naturalStop=false toolCalls=28 nudgeMsg=no
[2026-08-01T11:25:55.127Z] LiveUpdateForge: AfterToolExec flush
[2026-08-01T11:25:55.267Z] InitialReadForge.onBeforeSend: SKIP (fr=true syn=false hasRead=true)
[2026-08-01T11:26:22.840Z] LiveUpdateForge: EndTurn fallback flush
[2026-08-01T11:26:22.840Z] onEndTurn: naturalStop=false toolCalls=29 nudgeMsg=no
[2026-08-01T11:26:47.930Z] LiveUpdateForge: AfterToolExec flush
[2026-08-01T11:26:48.071Z] InitialReadForge.onBeforeSend: SKIP (fr=true syn=false hasRead=true)
[2026-08-01T11:26:58.446Z] LiveUpdateForge: EndTurn fallback flush
[2026-08-01T11:26:58.446Z] onEndTurn: naturalStop=true toolCalls=30 nudgeMsg=no
[2026-08-01T11:28:53.984Z] ResumeDiffForge: running checkResumeConsistency
[2026-08-01T11:28:53.984Z] checkResumeConsistency: forgedTimestamps=[]
[2026-08-01T11:28:53.990Z] checkResumeConsistency: no changes detected
[2026-08-01T11:28:53.991Z] LiveUpdateForge: session reset, allowLiveUpdate = false
[2026-08-01T11:28:53.991Z] NudgeForge: ResumeComplete — restoring count from history
[2026-08-01T11:28:53.991Z] restoreNudgeCountFromHistory: found last write at idx=399 count=30
[2026-08-01T11:28:54.045Z] LiveUpdateForge: allowLiveUpdate = true (first real BeforeSend)
[2026-08-01T11:28:54.045Z] InitialReadForge.onBeforeSend: SKIP (fr=false syn=false hasRead=true)
[2026-08-01T11:29:43.990Z] LiveUpdateForge: EndTurn fallback flush
[2026-08-01T11:29:43.991Z] onEndTurn: naturalStop=false toolCalls=30 nudgeMsg=no
[2026-08-01T11:29:46.693Z] LiveUpdateForge: AfterToolExec flush
[2026-08-01T11:29:46.832Z] InitialReadForge.onBeforeSend: SKIP (fr=true syn=false hasRead=true)
[2026-08-01T11:30:57.772Z] LiveUpdateForge: EndTurn fallback flush
[2026-08-01T11:30:57.773Z] onEndTurn: naturalStop=true toolCalls=31 nudgeMsg=no
[2026-08-01T11:53:09.523Z] MemoryForge: attached 5 listener(s)
[2026-08-01T11:53:09.523Z] InitialReadForge: armed one-shot BeforeSend after NewSessionStart
[2026-08-01T11:53:09.524Z] LiveUpdateForge: session reset, allowLiveUpdate = false
[2026-08-01T11:53:10.841Z] LiveUpdateForge: session reset, allowLiveUpdate = false
[2026-08-01T11:53:10.872Z] ResumeDiffForge: running checkResumeConsistency
[2026-08-01T11:53:10.873Z] checkResumeConsistency: forgedTimestamps=[]
[2026-08-01T11:53:10.879Z] checkResumeConsistency: no changes detected
[2026-08-01T11:53:10.880Z] LiveUpdateForge: session reset, allowLiveUpdate = false
[2026-08-01T11:53:10.880Z] NudgeForge: ResumeComplete — restoring count from history
[2026-08-01T11:53:10.881Z] restoreNudgeCountFromHistory: found last write at idx=399 count=31
[2026-08-01T11:53:12.279Z] ResumeDiffForge: running checkResumeConsistency
[2026-08-01T11:53:12.279Z] checkResumeConsistency: forgedTimestamps=[]
[2026-08-01T11:53:12.286Z] checkResumeConsistency: no changes detected
[2026-08-01T11:53:12.287Z] LiveUpdateForge: session reset, allowLiveUpdate = false
[2026-08-01T11:53:12.287Z] NudgeForge: ResumeComplete — restoring count from history
[2026-08-01T11:53:12.288Z] restoreNudgeCountFromHistory: found last write at idx=399 count=31
[2026-08-01T11:53:12.502Z] ResumeDiffForge: running checkResumeConsistency
[2026-08-01T11:53:12.503Z] checkResumeConsistency: forgedTimestamps=[]
[2026-08-01T11:53:12.509Z] checkResumeConsistency: no changes detected
[2026-08-01T11:53:12.509Z] LiveUpdateForge: session reset, allowLiveUpdate = false
[2026-08-01T11:53:12.509Z] NudgeForge: ResumeComplete — restoring count from history
[2026-08-01T11:53:12.510Z] restoreNudgeCountFromHistory: found last write at idx=399 count=31
[2026-08-01T11:53:12.643Z] MemoryForge: attached 5 listener(s)
[2026-08-01T11:53:12.643Z] InitialReadForge: armed one-shot BeforeSend after NewSessionStart
[2026-08-01T11:53:12.644Z] LiveUpdateForge: session reset, allowLiveUpdate = false
[2026-08-01T11:53:12.650Z] MemoryForge: detached all listeners
[2026-08-01T11:53:12.651Z] ResumeDiffForge: running checkResumeConsistency
[2026-08-01T11:53:12.651Z] checkResumeConsistency: forgedTimestamps=[]
[2026-08-01T11:53:12.788Z] checkResumeConsistency: no changes detected
[2026-08-01T11:53:12.788Z] LiveUpdateForge: session reset, allowLiveUpdate = false
[2026-08-01T11:53:12.789Z] NudgeForge: ResumeComplete — restoring count from history
[2026-08-01T11:53:12.789Z] restoreNudgeCountFromHistory: found last write at idx=399 count=31
[2026-08-01T11:53:12.807Z] LiveUpdateForge: allowLiveUpdate = true (first real BeforeSend)
[2026-08-01T11:53:12.808Z] InitialReadForge.onBeforeSend: SKIP (fr=false syn=false hasRead=true)
[2026-08-01T11:54:15.551Z] LiveUpdateForge: EndTurn fallback flush
[2026-08-01T11:54:15.552Z] onEndTurn: naturalStop=true toolCalls=31 nudgeMsg=no
[2026-08-01T12:07:39.726Z] MemoryForge: attached 5 listener(s)
[2026-08-01T12:07:39.726Z] InitialReadForge: armed one-shot BeforeSend after NewSessionStart
[2026-08-01T12:07:39.726Z] LiveUpdateForge: session reset, allowLiveUpdate = false
[2026-08-01T12:07:41.056Z] LiveUpdateForge: session reset, allowLiveUpdate = false
[2026-08-01T12:07:41.080Z] ResumeDiffForge: running checkResumeConsistency
[2026-08-01T12:07:41.080Z] checkResumeConsistency: forgedTimestamps=[]
[2026-08-01T12:07:41.087Z] checkResumeConsistency: no changes detected
[2026-08-01T12:07:41.087Z] LiveUpdateForge: session reset, allowLiveUpdate = false
[2026-08-01T12:07:41.087Z] NudgeForge: ResumeComplete — restoring count from history
[2026-08-01T12:07:41.088Z] restoreNudgeCountFromHistory: found last write at idx=399 count=31
[2026-08-01T12:07:42.536Z] ResumeDiffForge: running checkResumeConsistency
[2026-08-01T12:07:42.537Z] checkResumeConsistency: forgedTimestamps=[]
[2026-08-01T12:07:42.560Z] checkResumeConsistency: no changes detected
[2026-08-01T12:07:42.560Z] LiveUpdateForge: session reset, allowLiveUpdate = false
[2026-08-01T12:07:42.560Z] NudgeForge: ResumeComplete — restoring count from history
[2026-08-01T12:07:42.561Z] restoreNudgeCountFromHistory: found last write at idx=399 count=31
[2026-08-01T12:07:42.781Z] ResumeDiffForge: running checkResumeConsistency
[2026-08-01T12:07:42.781Z] checkResumeConsistency: forgedTimestamps=[]
[2026-08-01T12:07:42.788Z] checkResumeConsistency: no changes detected
[2026-08-01T12:07:42.789Z] LiveUpdateForge: session reset, allowLiveUpdate = false
[2026-08-01T12:07:42.789Z] NudgeForge: ResumeComplete — restoring count from history
[2026-08-01T12:07:42.789Z] restoreNudgeCountFromHistory: found last write at idx=399 count=31
[2026-08-01T12:07:42.916Z] MemoryForge: attached 5 listener(s)
[2026-08-01T12:07:42.916Z] InitialReadForge: armed one-shot BeforeSend after NewSessionStart
[2026-08-01T12:07:42.916Z] LiveUpdateForge: session reset, allowLiveUpdate = false
[2026-08-01T12:07:42.923Z] MemoryForge: detached all listeners
[2026-08-01T12:07:42.924Z] ResumeDiffForge: running checkResumeConsistency
[2026-08-01T12:07:42.925Z] checkResumeConsistency: forgedTimestamps=[]
[2026-08-01T12:07:43.065Z] checkResumeConsistency: no changes detected
[2026-08-01T12:07:43.065Z] LiveUpdateForge: session reset, allowLiveUpdate = false
[2026-08-01T12:07:43.065Z] NudgeForge: ResumeComplete — restoring count from history
[2026-08-01T12:07:43.066Z] restoreNudgeCountFromHistory: found last write at idx=399 count=31
[2026-08-01T12:07:43.083Z] LiveUpdateForge: allowLiveUpdate = true (first real BeforeSend)
[2026-08-01T12:07:43.084Z] InitialReadForge.onBeforeSend: SKIP (fr=false syn=false hasRead=true)
[2026-08-01T12:08:23.991Z] LiveUpdateForge: EndTurn fallback flush
[2026-08-01T12:08:23.991Z] onEndTurn: naturalStop=true toolCalls=31 nudgeMsg=no
[2026-08-01T13:30:24.426Z] MemoryForge: attached 5 listener(s)
[2026-08-01T13:30:24.427Z] InitialReadForge: armed one-shot BeforeSend after NewSessionStart
[2026-08-01T13:30:24.427Z] LiveUpdateForge: session reset, allowLiveUpdate = false
[2026-08-01T13:30:26.470Z] MemoryForge: attached 5 listener(s)
[2026-08-01T13:30:26.471Z] InitialReadForge: armed one-shot BeforeSend after NewSessionStart
[2026-08-01T13:30:26.471Z] LiveUpdateForge: session reset, allowLiveUpdate = false
[2026-08-01T15:48:17.914Z] MemoryForge: attached 5 listener(s)
[2026-08-01T15:48:17.915Z] InitialReadForge: armed one-shot BeforeSend after NewSessionStart
[2026-08-01T15:48:17.916Z] LiveUpdateForge: session reset, allowLiveUpdate = false
[2026-08-01T15:48:19.229Z] MemoryForge: attached 5 listener(s)
[2026-08-01T15:48:19.229Z] InitialReadForge: armed one-shot BeforeSend after NewSessionStart
[2026-08-01T15:48:19.229Z] LiveUpdateForge: session reset, allowLiveUpdate = false
[2026-08-01T15:48:19.230Z] MemoryForge: detached all listeners
[2026-08-01T15:48:19.230Z] ResumeDiffForge: no read_memory in history, backfilling forge
[2026-08-01T15:48:19.284Z] recordForgedToolExchange: toolName=read_memory callId=resume-forge-read-memory-backfill
[2026-08-01T15:48:19.315Z] recordForgedToolExchange: recordMessage + recordToolCalls persisted
[2026-08-01T15:48:19.315Z] injectForgedHistory: role=user preview=""
[2026-08-01T15:48:19.331Z] injectForgedHistory: recordMessage persisted
[2026-08-01T15:48:19.334Z] ResumeDiffForge: backfilled read_memory and baseline for 2 raw + 2 provider file(s)
[2026-08-01T15:48:19.335Z] LiveUpdateForge: session reset, allowLiveUpdate = false
[2026-08-01T15:48:19.335Z] NudgeForge: ResumeComplete — restoring count from history
[2026-08-01T15:48:19.335Z] restoreNudgeCountFromHistory: no reset point found, count=0
[2026-08-01T15:48:19.350Z] LiveUpdateForge: allowLiveUpdate = true (first real BeforeSend)
[2026-08-01T15:48:19.350Z] InitialReadForge.onBeforeSend: SKIP (fr=false syn=false hasRead=true)
[2026-08-01T15:48:22.009Z] LiveUpdateForge: EndTurn fallback flush
[2026-08-01T15:48:22.009Z] onEndTurn: naturalStop=false toolCalls=0 nudgeMsg=no
[2026-08-01T15:48:22.055Z] LiveUpdateForge: AfterToolExec flush
[2026-08-01T15:48:22.167Z] LiveUpdateForge: AfterToolExec flush
[2026-08-01T15:48:22.193Z] InitialReadForge.onBeforeSend: SKIP (fr=true syn=false hasRead=true)
[2026-08-01T15:48:24.118Z] LiveUpdateForge: EndTurn fallback flush
[2026-08-01T15:48:24.118Z] onEndTurn: naturalStop=false toolCalls=2 nudgeMsg=no
[2026-08-01T15:48:24.121Z] LiveUpdateForge: AfterToolExec flush
[2026-08-01T15:48:24.122Z] LiveUpdateForge: AfterToolExec flush
[2026-08-01T15:48:24.149Z] InitialReadForge.onBeforeSend: SKIP (fr=true syn=false hasRead=true)
[2026-08-01T15:48:27.887Z] LiveUpdateForge: EndTurn fallback flush
[2026-08-01T15:48:27.888Z] onEndTurn: naturalStop=false toolCalls=4 nudgeMsg=no
[2026-08-01T15:48:28.003Z] LiveUpdateForge: AfterToolExec flush
[2026-08-01T15:48:28.047Z] InitialReadForge.onBeforeSend: SKIP (fr=true syn=false hasRead=true)
[2026-08-01T15:48:32.133Z] LiveUpdateForge: EndTurn fallback flush
[2026-08-01T15:48:32.133Z] onEndTurn: naturalStop=false toolCalls=5 nudgeMsg=no
[2026-08-01T15:48:32.234Z] LiveUpdateForge: AfterToolExec flush
[2026-08-01T15:48:32.298Z] InitialReadForge.onBeforeSend: SKIP (fr=true syn=false hasRead=true)
[2026-08-01T15:48:42.711Z] LiveUpdateForge: EndTurn fallback flush
[2026-08-01T15:48:42.712Z] onEndTurn: naturalStop=false toolCalls=6 nudgeMsg=no
[2026-08-01T15:48:42.718Z] LiveUpdateForge: AfterToolExec flush
[2026-08-01T15:48:42.820Z] InitialReadForge.onBeforeSend: SKIP (fr=true syn=false hasRead=true)
[2026-08-01T15:48:51.876Z] LiveUpdateForge: EndTurn fallback flush
[2026-08-01T15:48:51.876Z] onEndTurn: naturalStop=false toolCalls=7 nudgeMsg=no
[2026-08-01T15:48:52.012Z] LiveUpdateForge: AfterToolExec flush
[2026-08-01T15:48:52.108Z] InitialReadForge.onBeforeSend: SKIP (fr=true syn=false hasRead=true)
[2026-08-01T15:48:55.462Z] LiveUpdateForge: EndTurn fallback flush
[2026-08-01T15:48:55.462Z] onEndTurn: naturalStop=false toolCalls=8 nudgeMsg=no
[2026-08-01T15:48:55.476Z] LiveUpdateForge: AfterToolExec flush
[2026-08-01T15:48:55.611Z] InitialReadForge.onBeforeSend: SKIP (fr=true syn=false hasRead=true)
[2026-08-01T15:48:57.158Z] LiveUpdateForge: EndTurn fallback flush
[2026-08-01T15:48:57.159Z] onEndTurn: naturalStop=false toolCalls=9 nudgeMsg=no
[2026-08-01T15:49:10.873Z] LiveUpdateForge: AfterToolExec flush
[2026-08-01T15:49:10.962Z] InitialReadForge.onBeforeSend: SKIP (fr=true syn=false hasRead=true)
[2026-08-01T15:49:12.129Z] LiveUpdateForge: EndTurn fallback flush
[2026-08-01T15:49:12.129Z] onEndTurn: naturalStop=false toolCalls=10 nudgeMsg=no
[2026-08-01T15:49:12.156Z] LiveUpdateForge: AfterToolExec flush
[2026-08-01T15:49:12.249Z] InitialReadForge.onBeforeSend: SKIP (fr=true syn=false hasRead=true)
[2026-08-01T15:49:14.321Z] LiveUpdateForge: EndTurn fallback flush
[2026-08-01T15:49:14.322Z] onEndTurn: naturalStop=true toolCalls=11 nudgeMsg=no
[2026-08-01T15:50:22.410Z] ResumeDiffForge: running checkResumeConsistency
[2026-08-01T15:50:22.411Z] checkResumeConsistency: forgedTimestamps=[]
[2026-08-01T15:50:22.416Z] checkResumeConsistency: no changes detected
[2026-08-01T15:50:22.416Z] LiveUpdateForge: session reset, allowLiveUpdate = false
[2026-08-01T15:50:22.417Z] NudgeForge: ResumeComplete — restoring count from history
[2026-08-01T15:50:22.417Z] restoreNudgeCountFromHistory: no reset point found, count=11
[2026-08-01T15:50:22.430Z] LiveUpdateForge: allowLiveUpdate = true (first real BeforeSend)
[2026-08-01T15:50:22.430Z] InitialReadForge.onBeforeSend: SKIP (fr=false syn=false hasRead=true)
[2026-08-01T15:50:29.738Z] LiveUpdateForge: EndTurn fallback flush
[2026-08-01T15:50:29.738Z] onEndTurn: naturalStop=false toolCalls=11 nudgeMsg=no
[2026-08-01T15:50:29.875Z] LiveUpdateForge: AfterToolExec flush
[2026-08-01T15:50:29.984Z] InitialReadForge.onBeforeSend: SKIP (fr=true syn=false hasRead=true)
[2026-08-01T15:50:31.886Z] LiveUpdateForge: EndTurn fallback flush
[2026-08-01T15:50:31.887Z] onEndTurn: naturalStop=true toolCalls=12 nudgeMsg=no
[2026-08-01T15:59:24.705Z] MemoryForge: attached 5 listener(s)
[2026-08-01T15:59:24.705Z] InitialReadForge: armed one-shot BeforeSend after NewSessionStart
[2026-08-01T15:59:24.706Z] LiveUpdateForge: session reset, allowLiveUpdate = false
[2026-08-01T15:59:24.753Z] LiveUpdateForge: session reset, allowLiveUpdate = false
[2026-08-01T15:59:24.757Z] ResumeDiffForge: running checkResumeConsistency
[2026-08-01T15:59:24.757Z] checkResumeConsistency: forgedTimestamps=[]
[2026-08-01T15:59:24.759Z] checkResumeConsistency: no changes detected
[2026-08-01T15:59:24.759Z] LiveUpdateForge: session reset, allowLiveUpdate = false
[2026-08-01T15:59:24.760Z] NudgeForge: ResumeComplete — restoring count from history
[2026-08-01T15:59:24.760Z] restoreNudgeCountFromHistory: no reset point found, count=12
[2026-08-01T15:59:25.973Z] ResumeDiffForge: running checkResumeConsistency
[2026-08-01T15:59:25.974Z] checkResumeConsistency: forgedTimestamps=[]
[2026-08-01T15:59:25.983Z] checkResumeConsistency: no changes detected
[2026-08-01T15:59:25.983Z] LiveUpdateForge: session reset, allowLiveUpdate = false
[2026-08-01T15:59:25.983Z] NudgeForge: ResumeComplete — restoring count from history
[2026-08-01T15:59:25.984Z] restoreNudgeCountFromHistory: no reset point found, count=12
[2026-08-01T15:59:26.091Z] ResumeDiffForge: running checkResumeConsistency
[2026-08-01T15:59:26.092Z] checkResumeConsistency: forgedTimestamps=[]
[2026-08-01T15:59:26.097Z] checkResumeConsistency: no changes detected
[2026-08-01T15:59:26.097Z] LiveUpdateForge: session reset, allowLiveUpdate = false
[2026-08-01T15:59:26.098Z] NudgeForge: ResumeComplete — restoring count from history
[2026-08-01T15:59:26.098Z] restoreNudgeCountFromHistory: no reset point found, count=12
[2026-08-01T15:59:26.248Z] MemoryForge: attached 5 listener(s)
[2026-08-01T15:59:26.249Z] InitialReadForge: armed one-shot BeforeSend after NewSessionStart
[2026-08-01T15:59:26.249Z] LiveUpdateForge: session reset, allowLiveUpdate = false
[2026-08-01T15:59:26.250Z] MemoryForge: detached all listeners
[2026-08-01T15:59:26.251Z] ResumeDiffForge: running checkResumeConsistency
[2026-08-01T15:59:26.251Z] checkResumeConsistency: forgedTimestamps=[]
[2026-08-01T15:59:26.355Z] checkResumeConsistency: no changes detected
[2026-08-01T15:59:26.355Z] LiveUpdateForge: session reset, allowLiveUpdate = false
[2026-08-01T15:59:26.356Z] NudgeForge: ResumeComplete — restoring count from history
[2026-08-01T15:59:26.356Z] restoreNudgeCountFromHistory: no reset point found, count=12
[2026-08-01T15:59:26.367Z] LiveUpdateForge: allowLiveUpdate = true (first real BeforeSend)
[2026-08-01T15:59:26.368Z] InitialReadForge.onBeforeSend: SKIP (fr=false syn=false hasRead=true)
[2026-08-01T15:59:30.074Z] LiveUpdateForge: EndTurn fallback flush
[2026-08-01T15:59:30.074Z] onEndTurn: naturalStop=false toolCalls=12 nudgeMsg=no
[2026-08-01T15:59:30.114Z] LiveUpdateForge: AfterToolExec flush
[2026-08-01T15:59:30.167Z] LiveUpdateForge: AfterToolExec flush
[2026-08-01T15:59:30.247Z] InitialReadForge.onBeforeSend: SKIP (fr=true syn=false hasRead=true)
[2026-08-01T15:59:33.177Z] LiveUpdateForge: EndTurn fallback flush
[2026-08-01T15:59:33.177Z] onEndTurn: naturalStop=false toolCalls=14 nudgeMsg=no
[2026-08-01T15:59:33.185Z] LiveUpdateForge: AfterToolExec flush
[2026-08-01T15:59:33.272Z] LiveUpdateForge: AfterToolExec flush
[2026-08-01T15:59:33.353Z] InitialReadForge.onBeforeSend: SKIP (fr=true syn=false hasRead=true)
[2026-08-01T15:59:35.214Z] LiveUpdateForge: EndTurn fallback flush
[2026-08-01T15:59:35.214Z] onEndTurn: naturalStop=false toolCalls=16 nudgeMsg=no
[2026-08-01T15:59:35.226Z] LiveUpdateForge: AfterToolExec flush
[2026-08-01T15:59:35.305Z] LiveUpdateForge: AfterToolExec flush
[2026-08-01T15:59:35.383Z] InitialReadForge.onBeforeSend: SKIP (fr=true syn=false hasRead=true)
[2026-08-01T15:59:37.055Z] LiveUpdateForge: EndTurn fallback flush
[2026-08-01T15:59:37.056Z] onEndTurn: naturalStop=false toolCalls=18 nudgeMsg=no
[2026-08-01T15:59:37.062Z] LiveUpdateForge: AfterToolExec flush
[2026-08-01T15:59:37.149Z] InitialReadForge.onBeforeSend: SKIP (fr=true syn=false hasRead=true)
[2026-08-01T15:59:52.093Z] LiveUpdateForge: EndTurn fallback flush
[2026-08-01T15:59:52.094Z] onEndTurn: naturalStop=false toolCalls=19 nudgeMsg=no
[2026-08-01T15:59:52.099Z] LiveUpdateForge: AfterToolExec flush
[2026-08-01T15:59:52.186Z] InitialReadForge.onBeforeSend: SKIP (fr=true syn=false hasRead=true)
[2026-08-01T16:00:15.083Z] LiveUpdateForge: EndTurn fallback flush
[2026-08-01T16:00:15.083Z] onEndTurn: naturalStop=false toolCalls=20 nudgeMsg=no
[2026-08-01T16:00:15.202Z] LiveUpdateForge: AfterToolExec flush
[2026-08-01T16:00:15.295Z] InitialReadForge.onBeforeSend: SKIP (fr=true syn=false hasRead=true)
[2026-08-01T16:00:22.872Z] LiveUpdateForge: EndTurn fallback flush
[2026-08-01T16:00:22.872Z] onEndTurn: naturalStop=false toolCalls=21 nudgeMsg=no
[2026-08-01T16:00:22.981Z] LiveUpdateForge: AfterToolExec flush
[2026-08-01T16:00:23.074Z] InitialReadForge.onBeforeSend: SKIP (fr=true syn=false hasRead=true)
[2026-08-01T16:00:24.219Z] LiveUpdateForge: EndTurn fallback flush
[2026-08-01T16:00:24.220Z] onEndTurn: naturalStop=false toolCalls=22 nudgeMsg=no
[2026-08-01T16:00:31.592Z] LiveUpdateForge: AfterToolExec flush
[2026-08-01T16:00:31.689Z] InitialReadForge.onBeforeSend: SKIP (fr=true syn=false hasRead=true)
[2026-08-01T16:00:33.431Z] LiveUpdateForge: EndTurn fallback flush
[2026-08-01T16:00:33.432Z] onEndTurn: naturalStop=false toolCalls=23 nudgeMsg=no
[2026-08-01T16:00:33.460Z] LiveUpdateForge: AfterToolExec flush
[2026-08-01T16:00:33.547Z] InitialReadForge.onBeforeSend: SKIP (fr=true syn=false hasRead=true)
[2026-08-01T16:00:35.790Z] LiveUpdateForge: EndTurn fallback flush
[2026-08-01T16:00:35.790Z] onEndTurn: naturalStop=true toolCalls=24 nudgeMsg=no
[2026-08-01T16:01:12.379Z] ResumeDiffForge: running checkResumeConsistency
[2026-08-01T16:01:12.379Z] checkResumeConsistency: forgedTimestamps=[]
[2026-08-01T16:01:12.384Z] checkResumeConsistency: no changes detected
[2026-08-01T16:01:12.384Z] LiveUpdateForge: session reset, allowLiveUpdate = false
[2026-08-01T16:01:12.384Z] NudgeForge: ResumeComplete — restoring count from history
[2026-08-01T16:01:12.385Z] restoreNudgeCountFromHistory: no reset point found, count=24
[2026-08-01T16:01:12.390Z] LiveUpdateForge: allowLiveUpdate = true (first real BeforeSend)
[2026-08-01T16:01:12.391Z] InitialReadForge.onBeforeSend: SKIP (fr=false syn=false hasRead=true)
[2026-08-01T16:01:15.049Z] LiveUpdateForge: EndTurn fallback flush
[2026-08-01T16:01:15.049Z] onEndTurn: naturalStop=false toolCalls=24 nudgeMsg=no
[2026-08-01T16:01:15.153Z] LiveUpdateForge: AfterToolExec flush
[2026-08-01T16:01:15.236Z] InitialReadForge.onBeforeSend: SKIP (fr=true syn=false hasRead=true)
[2026-08-01T16:01:16.813Z] LiveUpdateForge: EndTurn fallback flush
[2026-08-01T16:01:16.814Z] onEndTurn: naturalStop=true toolCalls=25 nudgeMsg=no
[2026-08-01T16:02:59.424Z] ResumeDiffForge: running checkResumeConsistency
[2026-08-01T16:02:59.425Z] checkResumeConsistency: forgedTimestamps=[]
[2026-08-01T16:02:59.430Z] checkResumeConsistency: no changes detected
[2026-08-01T16:02:59.431Z] LiveUpdateForge: session reset, allowLiveUpdate = false
[2026-08-01T16:02:59.431Z] NudgeForge: ResumeComplete — restoring count from history
[2026-08-01T16:02:59.431Z] restoreNudgeCountFromHistory: no reset point found, count=25
[2026-08-01T16:02:59.438Z] LiveUpdateForge: allowLiveUpdate = true (first real BeforeSend)
[2026-08-01T16:02:59.438Z] InitialReadForge.onBeforeSend: SKIP (fr=false syn=false hasRead=true)
[2026-08-01T16:03:01.910Z] LiveUpdateForge: EndTurn fallback flush
[2026-08-01T16:03:01.910Z] onEndTurn: naturalStop=false toolCalls=25 nudgeMsg=no
[2026-08-01T16:03:02.137Z] LiveUpdateForge: AfterToolExec flush
[2026-08-01T16:03:02.195Z] LiveUpdateForge: AfterToolExec flush
[2026-08-01T16:03:02.279Z] InitialReadForge.onBeforeSend: SKIP (fr=true syn=false hasRead=true)
[2026-08-01T16:03:04.148Z] LiveUpdateForge: EndTurn fallback flush
[2026-08-01T16:03:04.148Z] onEndTurn: naturalStop=false toolCalls=27 nudgeMsg=no
[2026-08-01T16:03:04.154Z] LiveUpdateForge: AfterToolExec flush
[2026-08-01T16:03:04.154Z] LiveUpdateForge: AfterToolExec flush
[2026-08-01T16:03:04.155Z] LiveUpdateForge: AfterToolExec flush
[2026-08-01T16:03:04.245Z] InitialReadForge.onBeforeSend: SKIP (fr=true syn=false hasRead=true)
[2026-08-01T16:03:08.894Z] LiveUpdateForge: EndTurn fallback flush
[2026-08-01T16:03:08.894Z] onEndTurn: naturalStop=false toolCalls=30 nudgeMsg=no
[2026-08-01T16:03:08.983Z] LiveUpdateForge: AfterToolExec flush
[2026-08-01T16:03:09.065Z] InitialReadForge.onBeforeSend: SKIP (fr=true syn=false hasRead=true)
[2026-08-01T16:03:10.568Z] LiveUpdateForge: EndTurn fallback flush
[2026-08-01T16:03:10.568Z] onEndTurn: naturalStop=false toolCalls=31 nudgeMsg=no
[2026-08-01T16:03:10.657Z] LiveUpdateForge: AfterToolExec flush
[2026-08-01T16:03:10.658Z] LiveUpdateForge: AfterToolExec flush
[2026-08-01T16:03:10.743Z] InitialReadForge.onBeforeSend: SKIP (fr=true syn=false hasRead=true)
[2026-08-01T16:03:15.300Z] LiveUpdateForge: EndTurn fallback flush
[2026-08-01T16:03:15.301Z] onEndTurn: naturalStop=false toolCalls=33 nudgeMsg=no
[2026-08-01T16:03:15.315Z] LiveUpdateForge: AfterToolExec flush
[2026-08-01T16:03:15.367Z] LiveUpdateForge: AfterToolExec flush
[2026-08-01T16:03:15.451Z] InitialReadForge.onBeforeSend: SKIP (fr=true syn=false hasRead=true)
[2026-08-01T16:03:20.416Z] LiveUpdateForge: EndTurn fallback flush
[2026-08-01T16:03:20.417Z] onEndTurn: naturalStop=false toolCalls=35 nudgeMsg=no
[2026-08-01T16:03:20.424Z] LiveUpdateForge: AfterToolExec flush
[2026-08-01T16:03:20.424Z] LiveUpdateForge: AfterToolExec flush
[2026-08-01T16:03:20.514Z] InitialReadForge.onBeforeSend: SKIP (fr=true syn=false hasRead=true)
[2026-08-01T16:03:22.080Z] LiveUpdateForge: EndTurn fallback flush
[2026-08-01T16:03:22.081Z] onEndTurn: naturalStop=false toolCalls=37 nudgeMsg=no
[2026-08-01T16:03:22.147Z] LiveUpdateForge: AfterToolExec flush
[2026-08-01T16:03:22.227Z] InitialReadForge.onBeforeSend: SKIP (fr=true syn=false hasRead=true)
[2026-08-01T16:03:30.765Z] LiveUpdateForge: EndTurn fallback flush
[2026-08-01T16:03:30.765Z] onEndTurn: naturalStop=false toolCalls=38 nudgeMsg=no
[2026-08-01T16:03:30.772Z] LiveUpdateForge: AfterToolExec flush
[2026-08-01T16:03:30.773Z] LiveUpdateForge: AfterToolExec flush
[2026-08-01T16:03:30.861Z] InitialReadForge.onBeforeSend: SKIP (fr=true syn=false hasRead=true)
[2026-08-01T16:03:38.885Z] LiveUpdateForge: EndTurn fallback flush
[2026-08-01T16:03:38.885Z] onEndTurn: naturalStop=false toolCalls=40 nudgeMsg=no
[2026-08-01T16:03:38.892Z] LiveUpdateForge: AfterToolExec flush
[2026-08-01T16:03:38.894Z] LiveUpdateForge: AfterToolExec flush
[2026-08-01T16:03:38.982Z] InitialReadForge.onBeforeSend: SKIP (fr=true syn=false hasRead=true)
[2026-08-01T16:03:41.089Z] LiveUpdateForge: EndTurn fallback flush
[2026-08-01T16:03:41.090Z] onEndTurn: naturalStop=false toolCalls=42 nudgeMsg=no
[2026-08-01T16:03:41.092Z] LiveUpdateForge: AfterToolExec flush
[2026-08-01T16:03:41.093Z] LiveUpdateForge: AfterToolExec flush
[2026-08-01T16:03:41.093Z] LiveUpdateForge: AfterToolExec flush
[2026-08-01T16:03:41.184Z] InitialReadForge.onBeforeSend: SKIP (fr=true syn=false hasRead=true)
[2026-08-01T16:03:45.957Z] LiveUpdateForge: EndTurn fallback flush
[2026-08-01T16:03:45.958Z] onEndTurn: naturalStop=false toolCalls=45 nudgeMsg=no
[2026-08-01T16:03:45.963Z] LiveUpdateForge: AfterToolExec flush
[2026-08-01T16:03:45.964Z] LiveUpdateForge: AfterToolExec flush
[2026-08-01T16:03:45.965Z] LiveUpdateForge: AfterToolExec flush
[2026-08-01T16:03:46.068Z] InitialReadForge.onBeforeSend: SKIP (fr=true syn=false hasRead=true)
[2026-08-01T16:03:51.019Z] LiveUpdateForge: EndTurn fallback flush
[2026-08-01T16:03:51.020Z] onEndTurn: naturalStop=false toolCalls=48 nudgeMsg=no
[2026-08-01T16:03:51.028Z] LiveUpdateForge: AfterToolExec flush
[2026-08-01T16:03:51.115Z] InitialReadForge.onBeforeSend: SKIP (fr=true syn=false hasRead=true)
[2026-08-01T16:03:54.599Z] LiveUpdateForge: EndTurn fallback flush
[2026-08-01T16:03:54.600Z] onEndTurn: naturalStop=false toolCalls=49 nudgeMsg=no
[2026-08-01T16:03:54.606Z] LiveUpdateForge: AfterToolExec flush
[2026-08-01T16:03:54.607Z] LiveUpdateForge: AfterToolExec flush
[2026-08-01T16:03:54.607Z] LiveUpdateForge: AfterToolExec flush
[2026-08-01T16:03:54.699Z] InitialReadForge.onBeforeSend: SKIP (fr=true syn=false hasRead=true)
[2026-08-01T16:03:58.282Z] LiveUpdateForge: EndTurn fallback flush
[2026-08-01T16:03:58.283Z] onEndTurn: naturalStop=false toolCalls=52 nudgeMsg=no
[2026-08-01T16:03:58.285Z] LiveUpdateForge: AfterToolExec flush
[2026-08-01T16:03:58.285Z] LiveUpdateForge: AfterToolExec flush
[2026-08-01T16:03:58.375Z] InitialReadForge.onBeforeSend: SKIP (fr=true syn=false hasRead=true)
[2026-08-01T16:04:07.832Z] LiveUpdateForge: EndTurn fallback flush
[2026-08-01T16:04:07.832Z] onEndTurn: naturalStop=false toolCalls=54 nudgeMsg=no
[2026-08-01T16:04:07.841Z] LiveUpdateForge: AfterToolExec flush
[2026-08-01T16:04:07.899Z] LiveUpdateForge: AfterToolExec flush
[2026-08-01T16:04:07.991Z] InitialReadForge.onBeforeSend: SKIP (fr=true syn=false hasRead=true)
[2026-08-01T16:04:22.457Z] LiveUpdateForge: EndTurn fallback flush
[2026-08-01T16:04:22.457Z] onEndTurn: naturalStop=true toolCalls=0 nudgeMsg=YES
[2026-08-01T16:04:22.460Z] InitialReadForge.onBeforeSend: SKIP (fr=false syn=false hasRead=true)
[2026-08-01T16:04:28.637Z] LiveUpdateForge: EndTurn fallback flush
[2026-08-01T16:04:28.637Z] onEndTurn: naturalStop=false toolCalls=0 nudgeMsg=no
[2026-08-01T16:04:28.648Z] LiveUpdateForge: self-write on D:\Unity\E1\CODELY.md, baseline aligned
[2026-08-01T16:04:28.648Z] LiveUpdateForge: AfterToolExec flush
[2026-08-01T16:04:28.744Z] InitialReadForge.onBeforeSend: SKIP (fr=true syn=false hasRead=true)
[2026-08-01T16:04:30.835Z] LiveUpdateForge: EndTurn fallback flush
[2026-08-01T16:04:30.835Z] onEndTurn: naturalStop=true toolCalls=0 nudgeMsg=no
[2026-08-01T16:10:18.020Z] ResumeDiffForge: running checkResumeConsistency
[2026-08-01T16:10:18.020Z] checkResumeConsistency: forgedTimestamps=[]
[2026-08-01T16:10:18.027Z] checkResumeConsistency: no changes detected
[2026-08-01T16:10:18.027Z] LiveUpdateForge: session reset, allowLiveUpdate = false
[2026-08-01T16:10:18.028Z] NudgeForge: ResumeComplete — restoring count from history
[2026-08-01T16:10:18.028Z] restoreNudgeCountFromHistory: found last write at idx=88 count=0
[2026-08-01T16:10:18.039Z] LiveUpdateForge: allowLiveUpdate = true (first real BeforeSend)
[2026-08-01T16:10:18.039Z] InitialReadForge.onBeforeSend: SKIP (fr=false syn=false hasRead=true)
[2026-08-01T16:10:47.684Z] LiveUpdateForge: EndTurn fallback flush
[2026-08-01T16:10:47.684Z] onEndTurn: naturalStop=false toolCalls=0 nudgeMsg=no
[2026-08-01T16:10:52.115Z] LiveUpdateForge: AfterToolExec flush
[2026-08-01T16:10:52.209Z] InitialReadForge.onBeforeSend: SKIP (fr=true syn=false hasRead=true)
[2026-08-01T16:10:53.905Z] LiveUpdateForge: EndTurn fallback flush
[2026-08-01T16:10:53.905Z] onEndTurn: naturalStop=false toolCalls=1 nudgeMsg=no
[2026-08-01T16:10:54.024Z] LiveUpdateForge: AfterToolExec flush
[2026-08-01T16:10:54.143Z] InitialReadForge.onBeforeSend: SKIP (fr=true syn=false hasRead=true)
[2026-08-01T16:10:57.904Z] LiveUpdateForge: EndTurn fallback flush
[2026-08-01T16:10:57.904Z] onEndTurn: naturalStop=false toolCalls=2 nudgeMsg=no
[2026-08-01T16:10:57.998Z] LiveUpdateForge: AfterToolExec flush
[2026-08-01T16:10:58.085Z] InitialReadForge.onBeforeSend: SKIP (fr=true syn=false hasRead=true)
[2026-08-01T16:10:59.803Z] LiveUpdateForge: EndTurn fallback flush
[2026-08-01T16:10:59.804Z] onEndTurn: naturalStop=false toolCalls=0 nudgeMsg=no
[2026-08-01T16:10:59.810Z] LiveUpdateForge: AfterToolExec flush
[2026-08-01T16:10:59.812Z] nudge: read_memory called (does NOT reset counter)
[2026-08-01T16:11:03.204Z] LiveUpdateForge: EndTurn fallback flush
[2026-08-01T16:11:03.204Z] onEndTurn: naturalStop=false toolCalls=1 nudgeMsg=no
[2026-08-01T16:11:03.211Z] LiveUpdateForge: self-write on D:\Unity\E1\CODELY.md, baseline aligned
[2026-08-01T16:11:03.212Z] LiveUpdateForge: AfterToolExec flush
[2026-08-01T16:11:09.147Z] LiveUpdateForge: EndTurn fallback flush
[2026-08-01T16:11:09.147Z] onEndTurn: naturalStop=false toolCalls=0 nudgeMsg=no
[2026-08-01T16:11:09.153Z] LiveUpdateForge: self-write on D:\Unity\E1\CODELY.md, baseline aligned
[2026-08-01T16:11:09.153Z] LiveUpdateForge: AfterToolExec flush
[2026-08-01T16:11:11.630Z] LiveUpdateForge: EndTurn fallback flush
[2026-08-01T16:11:11.631Z] onEndTurn: naturalStop=true toolCalls=0 nudgeMsg=no
[2026-08-01T16:13:46.423Z] ResumeDiffForge: running checkResumeConsistency
[2026-08-01T16:13:46.424Z] checkResumeConsistency: forgedTimestamps=[["project","1970-01-01T00:00:00.000Z"]]
[2026-08-01T16:13:46.430Z] checkResumeConsistency: injecting 1 diff notification(s)
[2026-08-01T16:13:46.430Z] injectForgedHistory: role=user preview="[agent-auto] [memory-update 2026-08-02 00:11:09] project memory file has been mo"
[2026-08-01T16:13:46.512Z] injectForgedHistory: recordMessage persisted
[2026-08-01T16:13:46.513Z] LiveUpdateForge: session reset, allowLiveUpdate = false
[2026-08-01T16:13:46.513Z] NudgeForge: ResumeComplete — restoring count from history
[2026-08-01T16:13:46.514Z] restoreNudgeCountFromHistory: found last write at idx=102 count=0
[2026-08-01T16:13:46.526Z] LiveUpdateForge: allowLiveUpdate = true (first real BeforeSend)
[2026-08-01T16:13:52.590Z] LiveUpdateForge: EndTurn fallback flush
[2026-08-01T16:13:52.591Z] onEndTurn: naturalStop=false toolCalls=0 nudgeMsg=no
[2026-08-01T16:13:52.691Z] LiveUpdateForge: AfterToolExec flush
[2026-08-01T16:13:55.529Z] LiveUpdateForge: EndTurn fallback flush
[2026-08-01T16:13:55.529Z] onEndTurn: naturalStop=false toolCalls=1 nudgeMsg=no
[2026-08-01T16:13:56.656Z] LiveUpdateForge: AfterToolExec flush
[2026-08-01T16:14:00.158Z] LiveUpdateForge: EndTurn fallback flush
[2026-08-01T16:14:00.158Z] onEndTurn: naturalStop=false toolCalls=2 nudgeMsg=no
[2026-08-01T16:14:00.504Z] LiveUpdateForge: AfterToolExec flush
[2026-08-01T16:14:02.107Z] LiveUpdateForge: EndTurn fallback flush
[2026-08-01T16:14:02.107Z] onEndTurn: naturalStop=true toolCalls=3 nudgeMsg=no
[2026-08-01T16:14:14.878Z] ResumeDiffForge: running checkResumeConsistency
[2026-08-01T16:14:14.878Z] checkResumeConsistency: forgedTimestamps=[["project","1970-01-01T00:00:00.000Z"]]
[2026-08-01T16:14:14.885Z] checkResumeConsistency: injecting 1 diff notification(s)
[2026-08-01T16:14:14.885Z] injectForgedHistory: role=user preview="[agent-auto] [memory-update 2026-08-02 00:11:09] project memory file has been mo"
[2026-08-01T16:14:14.968Z] injectForgedHistory: recordMessage persisted
[2026-08-01T16:14:14.968Z] LiveUpdateForge: session reset, allowLiveUpdate = false
[2026-08-01T16:14:14.968Z] NudgeForge: ResumeComplete — restoring count from history
[2026-08-01T16:14:14.969Z] restoreNudgeCountFromHistory: found last write at idx=102 count=3
[2026-08-01T16:14:14.983Z] LiveUpdateForge: allowLiveUpdate = true (first real BeforeSend)
[2026-08-01T16:14:25.783Z] LiveUpdateForge: EndTurn fallback flush
[2026-08-01T16:14:25.783Z] onEndTurn: naturalStop=false toolCalls=3 nudgeMsg=no
[2026-08-01T16:14:27.645Z] LiveUpdateForge: AfterToolExec flush
[2026-08-01T16:14:29.900Z] LiveUpdateForge: EndTurn fallback flush
[2026-08-01T16:14:29.901Z] onEndTurn: naturalStop=true toolCalls=4 nudgeMsg=no
[2026-08-01T16:34:00.223Z] ResumeDiffForge: running checkResumeConsistency
[2026-08-01T16:34:00.224Z] checkResumeConsistency: forgedTimestamps=[["project","1970-01-01T00:00:00.000Z"]]
[2026-08-01T16:34:00.230Z] checkResumeConsistency: injecting 1 diff notification(s)
[2026-08-01T16:34:00.231Z] injectForgedHistory: role=user preview="[agent-auto] [memory-update 2026-08-02 00:11:09] project memory file has been mo"
[2026-08-01T16:34:00.315Z] injectForgedHistory: recordMessage persisted
[2026-08-01T16:34:00.316Z] LiveUpdateForge: session reset, allowLiveUpdate = false
[2026-08-01T16:34:00.316Z] NudgeForge: ResumeComplete — restoring count from history
[2026-08-01T16:34:00.317Z] restoreNudgeCountFromHistory: found last write at idx=102 count=4
[2026-08-01T16:34:00.331Z] LiveUpdateForge: allowLiveUpdate = true (first real BeforeSend)
[2026-08-01T16:34:34.048Z] LiveUpdateForge: EndTurn fallback flush
[2026-08-01T16:34:34.048Z] onEndTurn: naturalStop=false toolCalls=4 nudgeMsg=no
[2026-08-01T16:34:34.058Z] LiveUpdateForge: AfterToolExec flush
[2026-08-01T16:34:38.856Z] LiveUpdateForge: EndTurn fallback flush
[2026-08-01T16:34:38.856Z] onEndTurn: naturalStop=false toolCalls=5 nudgeMsg=no
[2026-08-01T16:34:38.973Z] LiveUpdateForge: AfterToolExec flush
[2026-08-01T16:34:41.641Z] LiveUpdateForge: EndTurn fallback flush
[2026-08-01T16:34:41.642Z] onEndTurn: naturalStop=false toolCalls=6 nudgeMsg=no
[2026-08-01T16:34:49.269Z] LiveUpdateForge: AfterToolExec flush
[2026-08-01T16:34:51.348Z] LiveUpdateForge: EndTurn fallback flush
[2026-08-01T16:34:51.349Z] onEndTurn: naturalStop=false toolCalls=7 nudgeMsg=no
[2026-08-01T16:34:51.374Z] LiveUpdateForge: AfterToolExec flush
[2026-08-01T16:34:53.491Z] LiveUpdateForge: EndTurn fallback flush
[2026-08-01T16:34:53.492Z] onEndTurn: naturalStop=true toolCalls=8 nudgeMsg=no
[2026-08-01T16:35:58.310Z] ResumeDiffForge: running checkResumeConsistency
[2026-08-01T16:35:58.310Z] checkResumeConsistency: forgedTimestamps=[["project","1970-01-01T00:00:00.000Z"]]
[2026-08-01T16:35:58.316Z] checkResumeConsistency: injecting 1 diff notification(s)
[2026-08-01T16:35:58.316Z] injectForgedHistory: role=user preview="[agent-auto] [memory-update 2026-08-02 00:11:09] project memory file has been mo"
[2026-08-01T16:35:58.399Z] injectForgedHistory: recordMessage persisted
[2026-08-01T16:35:58.399Z] LiveUpdateForge: session reset, allowLiveUpdate = false
[2026-08-01T16:35:58.400Z] NudgeForge: ResumeComplete — restoring count from history
[2026-08-01T16:35:58.400Z] restoreNudgeCountFromHistory: found last write at idx=102 count=8
[2026-08-01T16:35:58.413Z] LiveUpdateForge: allowLiveUpdate = true (first real BeforeSend)
[2026-08-01T16:36:48.942Z] LiveUpdateForge: EndTurn fallback flush
[2026-08-01T16:36:48.942Z] onEndTurn: naturalStop=false toolCalls=8 nudgeMsg=no
[2026-08-01T16:36:48.952Z] LiveUpdateForge: AfterToolExec flush
[2026-08-01T16:37:18.046Z] LiveUpdateForge: EndTurn fallback flush
[2026-08-01T16:37:18.046Z] onEndTurn: naturalStop=false toolCalls=9 nudgeMsg=no
[2026-08-01T16:37:18.185Z] LiveUpdateForge: AfterToolExec flush
[2026-08-01T16:37:20.615Z] LiveUpdateForge: EndTurn fallback flush
[2026-08-01T16:37:20.615Z] onEndTurn: naturalStop=false toolCalls=10 nudgeMsg=no
[2026-08-01T16:37:27.246Z] LiveUpdateForge: AfterToolExec flush
[2026-08-01T16:37:28.945Z] LiveUpdateForge: EndTurn fallback flush
[2026-08-01T16:37:28.946Z] onEndTurn: naturalStop=false toolCalls=11 nudgeMsg=no
[2026-08-01T16:37:28.976Z] LiveUpdateForge: AfterToolExec flush
[2026-08-01T16:37:31.151Z] LiveUpdateForge: EndTurn fallback flush
[2026-08-01T16:37:31.151Z] onEndTurn: naturalStop=true toolCalls=12 nudgeMsg=no
[2026-08-01T16:39:25.664Z] ResumeDiffForge: running checkResumeConsistency
[2026-08-01T16:39:25.664Z] checkResumeConsistency: forgedTimestamps=[["project","1970-01-01T00:00:00.000Z"]]
[2026-08-01T16:39:25.670Z] checkResumeConsistency: injecting 1 diff notification(s)
[2026-08-01T16:39:25.671Z] injectForgedHistory: role=user preview="[agent-auto] [memory-update 2026-08-02 00:11:09] project memory file has been mo"
[2026-08-01T16:39:25.757Z] injectForgedHistory: recordMessage persisted
[2026-08-01T16:39:25.757Z] LiveUpdateForge: session reset, allowLiveUpdate = false
[2026-08-01T16:39:25.757Z] NudgeForge: ResumeComplete — restoring count from history
[2026-08-01T16:39:25.758Z] restoreNudgeCountFromHistory: found last write at idx=102 count=12
[2026-08-01T16:39:25.774Z] LiveUpdateForge: allowLiveUpdate = true (first real BeforeSend)
[2026-08-01T16:40:07.626Z] LiveUpdateForge: EndTurn fallback flush
[2026-08-01T16:40:07.627Z] onEndTurn: naturalStop=false toolCalls=12 nudgeMsg=no
[2026-08-01T16:40:07.747Z] LiveUpdateForge: AfterToolExec flush
[2026-08-01T16:40:09.459Z] LiveUpdateForge: EndTurn fallback flush
[2026-08-01T16:40:09.459Z] onEndTurn: naturalStop=false toolCalls=13 nudgeMsg=no
[2026-08-01T16:40:15.878Z] LiveUpdateForge: AfterToolExec flush
[2026-08-01T16:40:19.552Z] LiveUpdateForge: EndTurn fallback flush
[2026-08-01T16:40:19.552Z] onEndTurn: naturalStop=true toolCalls=14 nudgeMsg=no
[2026-08-01T16:42:03.328Z] ResumeDiffForge: running checkResumeConsistency
[2026-08-01T16:42:03.328Z] checkResumeConsistency: forgedTimestamps=[["project","1970-01-01T00:00:00.000Z"]]
[2026-08-01T16:42:03.336Z] checkResumeConsistency: injecting 1 diff notification(s)
[2026-08-01T16:42:03.336Z] injectForgedHistory: role=user preview="[agent-auto] [memory-update 2026-08-02 00:11:09] project memory file has been mo"
[2026-08-01T16:42:03.427Z] injectForgedHistory: recordMessage persisted
[2026-08-01T16:42:03.436Z] LiveUpdateForge: session reset, allowLiveUpdate = false
[2026-08-01T16:42:03.437Z] NudgeForge: ResumeComplete — restoring count from history
[2026-08-01T16:42:03.437Z] restoreNudgeCountFromHistory: found last write at idx=102 count=14
[2026-08-01T16:42:03.454Z] LiveUpdateForge: allowLiveUpdate = true (first real BeforeSend)
[2026-08-01T16:42:51.564Z] LiveUpdateForge: EndTurn fallback flush
[2026-08-01T16:42:51.564Z] onEndTurn: naturalStop=false toolCalls=14 nudgeMsg=no
[2026-08-01T16:42:51.576Z] LiveUpdateForge: AfterToolExec flush
[2026-08-01T16:43:00.153Z] LiveUpdateForge: EndTurn fallback flush
[2026-08-01T16:43:00.153Z] onEndTurn: naturalStop=false toolCalls=15 nudgeMsg=no
[2026-08-01T16:43:00.276Z] LiveUpdateForge: AfterToolExec flush
[2026-08-01T16:43:02.331Z] LiveUpdateForge: EndTurn fallback flush
[2026-08-01T16:43:02.331Z] onEndTurn: naturalStop=false toolCalls=16 nudgeMsg=no
[2026-08-01T16:43:08.924Z] LiveUpdateForge: AfterToolExec flush
[2026-08-01T16:43:11.566Z] LiveUpdateForge: EndTurn fallback flush
[2026-08-01T16:43:11.566Z] onEndTurn: naturalStop=true toolCalls=17 nudgeMsg=no
[2026-08-01T16:44:10.887Z] ResumeDiffForge: running checkResumeConsistency
[2026-08-01T16:44:10.887Z] checkResumeConsistency: forgedTimestamps=[["project","1970-01-01T00:00:00.000Z"]]
[2026-08-01T16:44:10.893Z] checkResumeConsistency: injecting 1 diff notification(s)
[2026-08-01T16:44:10.893Z] injectForgedHistory: role=user preview="[agent-auto] [memory-update 2026-08-02 00:11:09] project memory file has been mo"
[2026-08-01T16:44:11.007Z] injectForgedHistory: recordMessage persisted
[2026-08-01T16:44:11.007Z] LiveUpdateForge: session reset, allowLiveUpdate = false
[2026-08-01T16:44:11.008Z] NudgeForge: ResumeComplete — restoring count from history
[2026-08-01T16:44:11.008Z] restoreNudgeCountFromHistory: found last write at idx=102 count=17
[2026-08-01T16:44:11.026Z] LiveUpdateForge: allowLiveUpdate = true (first real BeforeSend)
[2026-08-01T16:44:55.277Z] LiveUpdateForge: EndTurn fallback flush
[2026-08-01T16:44:55.278Z] onEndTurn: naturalStop=false toolCalls=17 nudgeMsg=no
[2026-08-01T16:44:56.947Z] LiveUpdateForge: AfterToolExec flush
[2026-08-01T16:45:00.576Z] LiveUpdateForge: EndTurn fallback flush
[2026-08-01T16:45:00.576Z] onEndTurn: naturalStop=false toolCalls=18 nudgeMsg=no
[2026-08-01T16:45:00.964Z] LiveUpdateForge: AfterToolExec flush
[2026-08-01T16:45:03.388Z] LiveUpdateForge: EndTurn fallback flush
[2026-08-01T16:45:03.388Z] onEndTurn: naturalStop=false toolCalls=19 nudgeMsg=no
[2026-08-01T16:45:03.401Z] LiveUpdateForge: AfterToolExec flush
[2026-08-01T16:45:05.170Z] LiveUpdateForge: EndTurn fallback flush
[2026-08-01T16:45:05.170Z] onEndTurn: naturalStop=false toolCalls=20 nudgeMsg=no
[2026-08-01T16:45:05.180Z] LiveUpdateForge: AfterToolExec flush
[2026-08-01T16:45:12.211Z] LiveUpdateForge: EndTurn fallback flush
[2026-08-01T16:45:12.211Z] onEndTurn: naturalStop=false toolCalls=21 nudgeMsg=no
[2026-08-01T16:45:12.219Z] LiveUpdateForge: AfterToolExec flush
[2026-08-01T16:45:12.220Z] LiveUpdateForge: AfterToolExec flush
[2026-08-01T16:45:12.220Z] LiveUpdateForge: AfterToolExec flush
[2026-08-01T16:45:12.221Z] LiveUpdateForge: AfterToolExec flush
[2026-08-01T16:45:12.221Z] LiveUpdateForge: AfterToolExec flush
[2026-08-01T16:45:12.222Z] LiveUpdateForge: AfterToolExec flush
[2026-08-01T16:45:17.571Z] LiveUpdateForge: EndTurn fallback flush
[2026-08-01T16:45:17.571Z] onEndTurn: naturalStop=false toolCalls=27 nudgeMsg=no
[2026-08-01T16:45:17.579Z] LiveUpdateForge: AfterToolExec flush
[2026-08-01T16:45:17.579Z] LiveUpdateForge: AfterToolExec flush
[2026-08-01T16:45:17.580Z] LiveUpdateForge: AfterToolExec flush
[2026-08-01T16:45:17.580Z] LiveUpdateForge: AfterToolExec flush
[2026-08-01T16:45:17.581Z] LiveUpdateForge: AfterToolExec flush
[2026-08-01T16:45:17.581Z] LiveUpdateForge: AfterToolExec flush
[2026-08-01T16:45:24.385Z] LiveUpdateForge: EndTurn fallback flush
[2026-08-01T16:45:24.385Z] onEndTurn: naturalStop=false toolCalls=33 nudgeMsg=no
[2026-08-01T16:45:26.327Z] LiveUpdateForge: AfterToolExec flush
[2026-08-01T16:45:30.320Z] LiveUpdateForge: EndTurn fallback flush
[2026-08-01T16:45:30.320Z] onEndTurn: naturalStop=true toolCalls=34 nudgeMsg=no
[2026-08-01T16:47:02.683Z] ResumeDiffForge: running checkResumeConsistency
[2026-08-01T16:47:02.683Z] checkResumeConsistency: forgedTimestamps=[["project","1970-01-01T00:00:00.000Z"]]
[2026-08-01T16:47:02.690Z] checkResumeConsistency: injecting 1 diff notification(s)
[2026-08-01T16:47:02.690Z] injectForgedHistory: role=user preview="[agent-auto] [memory-update 2026-08-02 00:11:09] project memory file has been mo"
[2026-08-01T16:47:02.777Z] injectForgedHistory: recordMessage persisted
[2026-08-01T16:47:02.777Z] LiveUpdateForge: session reset, allowLiveUpdate = false
[2026-08-01T16:47:02.777Z] NudgeForge: ResumeComplete — restoring count from history
[2026-08-01T16:47:02.778Z] restoreNudgeCountFromHistory: found last write at idx=102 count=34
[2026-08-01T16:47:02.794Z] LiveUpdateForge: allowLiveUpdate = true (first real BeforeSend)
[2026-08-01T16:47:30.161Z] LiveUpdateForge: EndTurn fallback flush
[2026-08-01T16:47:30.162Z] onEndTurn: naturalStop=false toolCalls=34 nudgeMsg=no
[2026-08-01T16:47:30.248Z] LiveUpdateForge: AfterToolExec flush
[2026-08-01T16:47:30.250Z] LiveUpdateForge: AfterToolExec flush
[2026-08-01T16:47:30.263Z] LiveUpdateForge: AfterToolExec flush
[2026-08-01T16:47:35.595Z] LiveUpdateForge: EndTurn fallback flush
[2026-08-01T16:47:35.595Z] onEndTurn: naturalStop=false toolCalls=37 nudgeMsg=no
[2026-08-01T16:47:35.599Z] LiveUpdateForge: AfterToolExec flush
[2026-08-01T16:47:35.601Z] LiveUpdateForge: AfterToolExec flush
[2026-08-01T16:47:35.602Z] LiveUpdateForge: AfterToolExec flush
[2026-08-01T16:48:01.243Z] LiveUpdateForge: EndTurn fallback flush
[2026-08-01T16:48:01.244Z] onEndTurn: naturalStop=false toolCalls=40 nudgeMsg=no
[2026-08-01T16:48:01.317Z] LiveUpdateForge: AfterToolExec flush
[2026-08-01T16:48:20.710Z] LiveUpdateForge: EndTurn fallback flush
[2026-08-01T16:48:20.711Z] onEndTurn: naturalStop=false toolCalls=41 nudgeMsg=no
[2026-08-01T16:48:20.778Z] LiveUpdateForge: AfterToolExec flush
[2026-08-01T16:48:29.746Z] LiveUpdateForge: EndTurn fallback flush
[2026-08-01T16:48:29.746Z] onEndTurn: naturalStop=false toolCalls=42 nudgeMsg=no
[2026-08-01T16:48:29.755Z] LiveUpdateForge: AfterToolExec flush
[2026-08-01T16:48:43.436Z] LiveUpdateForge: EndTurn fallback flush
[2026-08-01T16:48:43.436Z] onEndTurn: naturalStop=false toolCalls=43 nudgeMsg=no
[2026-08-01T16:48:43.443Z] LiveUpdateForge: AfterToolExec flush
[2026-08-01T16:48:50.568Z] LiveUpdateForge: EndTurn fallback flush
[2026-08-01T16:48:50.568Z] onEndTurn: naturalStop=false toolCalls=44 nudgeMsg=no
[2026-08-01T16:48:50.694Z] LiveUpdateForge: AfterToolExec flush
[2026-08-01T16:48:52.743Z] LiveUpdateForge: EndTurn fallback flush
[2026-08-01T16:48:52.743Z] onEndTurn: naturalStop=false toolCalls=45 nudgeMsg=no
[2026-08-01T16:48:52.842Z] LiveUpdateForge: AfterToolExec flush
[2026-08-01T16:48:55.730Z] LiveUpdateForge: EndTurn fallback flush
[2026-08-01T16:48:55.730Z] onEndTurn: naturalStop=false toolCalls=46 nudgeMsg=no
[2026-08-01T16:48:55.733Z] LiveUpdateForge: AfterToolExec flush
[2026-08-01T16:48:58.458Z] LiveUpdateForge: EndTurn fallback flush
[2026-08-01T16:48:58.459Z] onEndTurn: naturalStop=false toolCalls=47 nudgeMsg=no
[2026-08-01T16:48:58.477Z] LiveUpdateForge: AfterToolExec flush
[2026-08-01T16:49:00.230Z] LiveUpdateForge: EndTurn fallback flush
[2026-08-01T16:49:00.231Z] onEndTurn: naturalStop=false toolCalls=48 nudgeMsg=no
[2026-08-01T16:49:06.234Z] LiveUpdateForge: AfterToolExec flush
[2026-08-01T16:49:07.935Z] LiveUpdateForge: EndTurn fallback flush
[2026-08-01T16:49:07.936Z] onEndTurn: naturalStop=false toolCalls=49 nudgeMsg=no
[2026-08-01T16:49:07.960Z] LiveUpdateForge: AfterToolExec flush
[2026-08-01T16:49:09.728Z] LiveUpdateForge: EndTurn fallback flush
[2026-08-01T16:49:09.729Z] onEndTurn: naturalStop=false toolCalls=50 nudgeMsg=no
[2026-08-01T16:49:09.769Z] LiveUpdateForge: AfterToolExec flush
[2026-08-01T16:49:13.489Z] LiveUpdateForge: EndTurn fallback flush
[2026-08-01T16:49:13.489Z] onEndTurn: naturalStop=false toolCalls=51 nudgeMsg=no
[2026-08-01T16:49:17.970Z] LiveUpdateForge: AfterToolExec flush
[2026-08-01T16:49:19.943Z] LiveUpdateForge: EndTurn fallback flush
[2026-08-01T16:49:19.944Z] onEndTurn: naturalStop=false toolCalls=52 nudgeMsg=no
[2026-08-01T16:49:19.973Z] LiveUpdateForge: AfterToolExec flush
[2026-08-01T16:49:22.213Z] LiveUpdateForge: EndTurn fallback flush
[2026-08-01T16:49:22.213Z] onEndTurn: naturalStop=false toolCalls=53 nudgeMsg=no
[2026-08-01T16:49:22.323Z] LiveUpdateForge: AfterToolExec flush
[2026-08-01T16:49:26.206Z] LiveUpdateForge: EndTurn fallback flush
[2026-08-01T16:49:26.206Z] onEndTurn: naturalStop=false toolCalls=54 nudgeMsg=no
[2026-08-01T16:49:43.798Z] LiveUpdateForge: AfterToolExec flush
[2026-08-01T16:49:47.410Z] LiveUpdateForge: EndTurn fallback flush
[2026-08-01T16:49:47.410Z] onEndTurn: naturalStop=false toolCalls=55 nudgeMsg=no
[2026-08-01T16:49:47.451Z] LiveUpdateForge: AfterToolExec flush
[2026-08-01T16:49:51.417Z] LiveUpdateForge: EndTurn fallback flush
[2026-08-01T16:49:51.417Z] onEndTurn: naturalStop=false toolCalls=56 nudgeMsg=no
[2026-08-01T16:50:02.018Z] LiveUpdateForge: AfterToolExec flush
[2026-08-01T16:50:05.902Z] LiveUpdateForge: EndTurn fallback flush
[2026-08-01T16:50:05.902Z] onEndTurn: naturalStop=false toolCalls=57 nudgeMsg=no
[2026-08-01T16:50:05.909Z] LiveUpdateForge: AfterToolExec flush
[2026-08-01T16:50:10.243Z] LiveUpdateForge: EndTurn fallback flush
[2026-08-01T16:50:10.243Z] onEndTurn: naturalStop=false toolCalls=58 nudgeMsg=no
[2026-08-01T16:50:10.380Z] LiveUpdateForge: AfterToolExec flush
[2026-08-01T16:50:13.619Z] LiveUpdateForge: EndTurn fallback flush
[2026-08-01T16:50:13.620Z] onEndTurn: naturalStop=false toolCalls=59 nudgeMsg=no
[2026-08-01T16:50:43.436Z] LiveUpdateForge: AfterToolExec flush
[2026-08-01T16:50:58.900Z] LiveUpdateForge: EndTurn fallback flush
[2026-08-01T16:50:58.901Z] onEndTurn: naturalStop=false toolCalls=60 nudgeMsg=no
[2026-08-01T16:50:59.454Z] LiveUpdateForge: AfterToolExec flush
[2026-08-01T16:51:02.585Z] LiveUpdateForge: EndTurn fallback flush
[2026-08-01T16:51:02.585Z] onEndTurn: naturalStop=false toolCalls=61 nudgeMsg=no
[2026-08-01T16:51:02.595Z] LiveUpdateForge: AfterToolExec flush
[2026-08-01T16:51:05.879Z] LiveUpdateForge: EndTurn fallback flush
[2026-08-01T16:51:05.879Z] onEndTurn: naturalStop=false toolCalls=62 nudgeMsg=no
[2026-08-01T16:51:10.491Z] LiveUpdateForge: AfterToolExec flush
[2026-08-01T16:51:12.845Z] LiveUpdateForge: EndTurn fallback flush
[2026-08-01T16:51:12.845Z] onEndTurn: naturalStop=false toolCalls=63 nudgeMsg=no
[2026-08-01T16:51:22.406Z] LiveUpdateForge: AfterToolExec flush
[2026-08-01T16:51:28.442Z] LiveUpdateForge: EndTurn fallback flush
[2026-08-01T16:51:28.442Z] onEndTurn: naturalStop=false toolCalls=64 nudgeMsg=no
[2026-08-01T16:51:28.972Z] LiveUpdateForge: AfterToolExec flush
[2026-08-01T16:51:31.505Z] LiveUpdateForge: EndTurn fallback flush
[2026-08-01T16:51:31.505Z] onEndTurn: naturalStop=false toolCalls=65 nudgeMsg=no
[2026-08-01T16:51:31.537Z] LiveUpdateForge: AfterToolExec flush
[2026-08-01T16:51:37.898Z] LiveUpdateForge: EndTurn fallback flush
[2026-08-01T16:51:37.898Z] onEndTurn: naturalStop=false toolCalls=66 nudgeMsg=no
[2026-08-01T16:51:37.914Z] LiveUpdateForge: AfterToolExec flush
[2026-08-01T16:51:41.084Z] LiveUpdateForge: EndTurn fallback flush
[2026-08-01T16:51:41.085Z] onEndTurn: naturalStop=false toolCalls=67 nudgeMsg=no
[2026-08-01T16:51:45.495Z] LiveUpdateForge: AfterToolExec flush
[2026-08-01T16:51:49.474Z] LiveUpdateForge: EndTurn fallback flush
[2026-08-01T16:51:49.474Z] onEndTurn: naturalStop=false toolCalls=68 nudgeMsg=no
[2026-08-01T16:51:54.911Z] LiveUpdateForge: AfterToolExec flush
[2026-08-01T16:52:04.520Z] LiveUpdateForge: EndTurn fallback flush
[2026-08-01T16:52:04.520Z] onEndTurn: naturalStop=false toolCalls=69 nudgeMsg=no
[2026-08-01T16:52:09.921Z] LiveUpdateForge: AfterToolExec flush
[2026-08-01T16:52:12.222Z] LiveUpdateForge: EndTurn fallback flush
[2026-08-01T16:52:12.223Z] onEndTurn: naturalStop=false toolCalls=70 nudgeMsg=no
[2026-08-01T16:52:12.239Z] LiveUpdateForge: AfterToolExec flush
[2026-08-01T16:52:15.694Z] LiveUpdateForge: EndTurn fallback flush
[2026-08-01T16:52:15.695Z] onEndTurn: naturalStop=false toolCalls=71 nudgeMsg=no
[2026-08-01T16:52:15.704Z] LiveUpdateForge: AfterToolExec flush
[2026-08-01T16:52:19.483Z] LiveUpdateForge: EndTurn fallback flush
[2026-08-01T16:52:19.483Z] onEndTurn: naturalStop=false toolCalls=72 nudgeMsg=no
[2026-08-01T16:52:19.628Z] LiveUpdateForge: AfterToolExec flush
[2026-08-01T16:52:22.807Z] LiveUpdateForge: EndTurn fallback flush
[2026-08-01T16:52:22.808Z] onEndTurn: naturalStop=false toolCalls=73 nudgeMsg=no
[2026-08-01T16:52:56.729Z] LiveUpdateForge: AfterToolExec flush
[2026-08-01T16:53:08.696Z] LiveUpdateForge: EndTurn fallback flush
[2026-08-01T16:53:08.696Z] onEndTurn: naturalStop=false toolCalls=74 nudgeMsg=no
[2026-08-01T16:53:21.307Z] LiveUpdateForge: AfterToolExec flush
[2026-08-01T16:53:26.060Z] LiveUpdateForge: EndTurn fallback flush
[2026-08-01T16:53:26.060Z] onEndTurn: naturalStop=false toolCalls=75 nudgeMsg=no
[2026-08-01T16:53:26.645Z] LiveUpdateForge: AfterToolExec flush
[2026-08-01T16:53:28.698Z] LiveUpdateForge: EndTurn fallback flush
[2026-08-01T16:53:28.699Z] onEndTurn: naturalStop=false toolCalls=76 nudgeMsg=no
[2026-08-01T16:53:28.711Z] LiveUpdateForge: AfterToolExec flush
[2026-08-01T16:53:32.424Z] LiveUpdateForge: EndTurn fallback flush
[2026-08-01T16:53:32.424Z] onEndTurn: naturalStop=false toolCalls=77 nudgeMsg=no
[2026-08-01T16:53:37.144Z] LiveUpdateForge: AfterToolExec flush
[2026-08-01T16:53:42.923Z] LiveUpdateForge: EndTurn fallback flush
[2026-08-01T16:53:42.924Z] onEndTurn: naturalStop=false toolCalls=78 nudgeMsg=no
[2026-08-01T16:53:50.591Z] LiveUpdateForge: AfterToolExec flush
[2026-08-01T16:53:56.428Z] LiveUpdateForge: EndTurn fallback flush
[2026-08-01T16:53:56.429Z] onEndTurn: naturalStop=false toolCalls=79 nudgeMsg=no
[2026-08-01T16:53:59.055Z] LiveUpdateForge: AfterToolExec flush
[2026-08-01T16:54:04.455Z] LiveUpdateForge: AfterToolExec flush
[2026-08-01T16:54:30.327Z] LiveUpdateForge: AfterToolExec flush
[2026-08-01T16:55:07.439Z] LiveUpdateForge: EndTurn fallback flush
[2026-08-01T16:55:07.440Z] onEndTurn: naturalStop=false toolCalls=82 nudgeMsg=no
[2026-08-01T16:55:38.663Z] LiveUpdateForge: AfterToolExec flush
[2026-08-01T16:56:29.075Z] LiveUpdateForge: EndTurn fallback flush
[2026-08-01T16:56:29.076Z] onEndTurn: naturalStop=false toolCalls=83 nudgeMsg=no
[2026-08-01T16:56:29.170Z] LiveUpdateForge: AfterToolExec flush
[2026-08-01T16:56:52.016Z] LiveUpdateForge: EndTurn fallback flush
[2026-08-01T16:56:52.016Z] onEndTurn: naturalStop=false toolCalls=84 nudgeMsg=no
[2026-08-01T16:56:52.021Z] LiveUpdateForge: AfterToolExec flush
[2026-08-01T16:57:01.979Z] LiveUpdateForge: EndTurn fallback flush
[2026-08-01T16:57:01.980Z] onEndTurn: naturalStop=false toolCalls=85 nudgeMsg=no
[2026-08-01T16:57:02.145Z] LiveUpdateForge: AfterToolExec flush
[2026-08-01T16:57:04.915Z] LiveUpdateForge: EndTurn fallback flush
[2026-08-01T16:57:04.915Z] onEndTurn: naturalStop=false toolCalls=86 nudgeMsg=no
[2026-08-01T16:57:05.508Z] LiveUpdateForge: AfterToolExec flush
[2026-08-01T16:57:08.026Z] LiveUpdateForge: EndTurn fallback flush
[2026-08-01T16:57:08.026Z] onEndTurn: naturalStop=false toolCalls=87 nudgeMsg=no
[2026-08-01T16:57:14.152Z] LiveUpdateForge: AfterToolExec flush
[2026-08-01T16:57:17.976Z] LiveUpdateForge: EndTurn fallback flush
[2026-08-01T16:57:17.976Z] onEndTurn: naturalStop=false toolCalls=88 nudgeMsg=no
[2026-08-01T16:57:18.006Z] LiveUpdateForge: AfterToolExec flush
[2026-08-01T16:57:20.587Z] LiveUpdateForge: EndTurn fallback flush
[2026-08-01T16:57:20.587Z] onEndTurn: naturalStop=false toolCalls=89 nudgeMsg=no
[2026-08-01T16:57:25.162Z] LiveUpdateForge: AfterToolExec flush
[2026-08-01T16:57:29.063Z] LiveUpdateForge: EndTurn fallback flush
[2026-08-01T16:57:29.063Z] onEndTurn: naturalStop=false toolCalls=90 nudgeMsg=no
[2026-08-01T16:57:35.586Z] LiveUpdateForge: AfterToolExec flush
[2026-08-01T16:57:45.732Z] LiveUpdateForge: EndTurn fallback flush
[2026-08-01T16:57:45.732Z] onEndTurn: naturalStop=false toolCalls=91 nudgeMsg=no
[2026-08-01T16:57:45.741Z] LiveUpdateForge: AfterToolExec flush
[2026-08-01T16:57:54.054Z] LiveUpdateForge: EndTurn fallback flush
[2026-08-01T16:57:54.054Z] onEndTurn: naturalStop=false toolCalls=92 nudgeMsg=no
[2026-08-01T16:57:54.076Z] LiveUpdateForge: AfterToolExec flush
[2026-08-01T16:57:56.906Z] LiveUpdateForge: EndTurn fallback flush
[2026-08-01T16:57:56.906Z] onEndTurn: naturalStop=false toolCalls=93 nudgeMsg=no
[2026-08-01T16:57:57.477Z] LiveUpdateForge: AfterToolExec flush
[2026-08-01T16:58:00.734Z] LiveUpdateForge: EndTurn fallback flush
[2026-08-01T16:58:00.734Z] onEndTurn: naturalStop=false toolCalls=94 nudgeMsg=no
[2026-08-01T16:58:07.250Z] LiveUpdateForge: AfterToolExec flush
[2026-08-01T16:58:09.547Z] LiveUpdateForge: EndTurn fallback flush
[2026-08-01T16:58:09.547Z] onEndTurn: naturalStop=false toolCalls=95 nudgeMsg=no
[2026-08-01T16:58:09.573Z] LiveUpdateForge: AfterToolExec flush
[2026-08-01T16:58:12.051Z] LiveUpdateForge: EndTurn fallback flush
[2026-08-01T16:58:12.051Z] onEndTurn: naturalStop=false toolCalls=96 nudgeMsg=no
[2026-08-01T16:58:16.705Z] LiveUpdateForge: AfterToolExec flush
[2026-08-01T16:58:19.467Z] LiveUpdateForge: EndTurn fallback flush
[2026-08-01T16:58:19.468Z] onEndTurn: naturalStop=false toolCalls=97 nudgeMsg=no
[2026-08-01T16:58:25.959Z] LiveUpdateForge: AfterToolExec flush
[2026-08-01T16:58:33.880Z] LiveUpdateForge: EndTurn fallback flush
[2026-08-01T16:58:33.880Z] onEndTurn: naturalStop=false toolCalls=98 nudgeMsg=no
[2026-08-01T16:58:33.903Z] LiveUpdateForge: AfterToolExec flush
[2026-08-01T16:58:36.643Z] LiveUpdateForge: EndTurn fallback flush
[2026-08-01T16:58:36.644Z] onEndTurn: naturalStop=false toolCalls=99 nudgeMsg=no
[2026-08-01T16:58:36.665Z] LiveUpdateForge: AfterToolExec flush
[2026-08-01T16:58:38.917Z] LiveUpdateForge: EndTurn fallback flush
[2026-08-01T16:58:38.918Z] onEndTurn: naturalStop=false toolCalls=100 nudgeMsg=no
[2026-08-01T16:58:39.485Z] LiveUpdateForge: AfterToolExec flush
[2026-08-01T16:58:41.468Z] LiveUpdateForge: EndTurn fallback flush
[2026-08-01T16:58:41.469Z] onEndTurn: naturalStop=false toolCalls=101 nudgeMsg=no
[2026-08-01T16:58:47.803Z] LiveUpdateForge: AfterToolExec flush
[2026-08-01T16:58:50.210Z] LiveUpdateForge: EndTurn fallback flush
[2026-08-01T16:58:50.210Z] onEndTurn: naturalStop=false toolCalls=102 nudgeMsg=no
[2026-08-01T16:58:50.239Z] LiveUpdateForge: AfterToolExec flush
[2026-08-01T16:58:53.762Z] LiveUpdateForge: EndTurn fallback flush
[2026-08-01T16:58:53.762Z] onEndTurn: naturalStop=false toolCalls=103 nudgeMsg=no
[2026-08-01T16:58:58.446Z] LiveUpdateForge: AfterToolExec flush
[2026-08-01T16:59:02.417Z] LiveUpdateForge: EndTurn fallback flush
[2026-08-01T16:59:02.417Z] onEndTurn: naturalStop=false toolCalls=104 nudgeMsg=no
[2026-08-01T16:59:09.986Z] LiveUpdateForge: AfterToolExec flush
[2026-08-01T16:59:19.579Z] LiveUpdateForge: EndTurn fallback flush
[2026-08-01T16:59:19.579Z] onEndTurn: naturalStop=false toolCalls=105 nudgeMsg=no
[2026-08-01T16:59:20.132Z] LiveUpdateForge: AfterToolExec flush
[2026-08-01T16:59:23.515Z] LiveUpdateForge: EndTurn fallback flush
[2026-08-01T16:59:23.516Z] onEndTurn: naturalStop=false toolCalls=106 nudgeMsg=no
[2026-08-01T16:59:23.538Z] LiveUpdateForge: AfterToolExec flush
[2026-08-01T16:59:25.519Z] LiveUpdateForge: EndTurn fallback flush
[2026-08-01T16:59:25.519Z] onEndTurn: naturalStop=false toolCalls=107 nudgeMsg=no
[2026-08-01T16:59:30.245Z] LiveUpdateForge: AfterToolExec flush
[2026-08-01T16:59:34.478Z] LiveUpdateForge: EndTurn fallback flush
[2026-08-01T16:59:34.479Z] onEndTurn: naturalStop=false toolCalls=108 nudgeMsg=no
[2026-08-01T16:59:41.310Z] LiveUpdateForge: AfterToolExec flush
[2026-08-01T16:59:47.430Z] LiveUpdateForge: EndTurn fallback flush
[2026-08-01T16:59:47.431Z] onEndTurn: naturalStop=false toolCalls=109 nudgeMsg=no
[2026-08-01T17:00:07.706Z] LiveUpdateForge: AfterToolExec flush
[2026-08-01T17:00:18.770Z] LiveUpdateForge: EndTurn fallback flush
[2026-08-01T17:00:18.771Z] onEndTurn: naturalStop=false toolCalls=110 nudgeMsg=no
[2026-08-01T17:00:19.564Z] LiveUpdateForge: AfterToolExec flush
[2026-08-01T17:00:25.722Z] LiveUpdateForge: EndTurn fallback flush
[2026-08-01T17:00:25.722Z] onEndTurn: naturalStop=false toolCalls=111 nudgeMsg=no
[2026-08-01T17:00:25.743Z] LiveUpdateForge: AfterToolExec flush
[2026-08-01T17:00:29.734Z] LiveUpdateForge: EndTurn fallback flush
[2026-08-01T17:00:29.734Z] onEndTurn: naturalStop=false toolCalls=112 nudgeMsg=no
[2026-08-01T17:00:29.753Z] LiveUpdateForge: AfterToolExec flush
[2026-08-01T17:00:34.335Z] LiveUpdateForge: EndTurn fallback flush
[2026-08-01T17:00:34.336Z] onEndTurn: naturalStop=false toolCalls=113 nudgeMsg=no
[2026-08-01T17:00:34.363Z] LiveUpdateForge: AfterToolExec flush
[2026-08-01T17:00:37.599Z] LiveUpdateForge: EndTurn fallback flush
[2026-08-01T17:00:37.599Z] onEndTurn: naturalStop=false toolCalls=114 nudgeMsg=no
[2026-08-01T17:00:37.614Z] LiveUpdateForge: AfterToolExec flush
[2026-08-01T17:00:39.786Z] LiveUpdateForge: EndTurn fallback flush
[2026-08-01T17:00:39.786Z] onEndTurn: naturalStop=false toolCalls=115 nudgeMsg=no
[2026-08-01T17:00:46.017Z] LiveUpdateForge: AfterToolExec flush
[2026-08-01T17:00:49.380Z] LiveUpdateForge: EndTurn fallback flush
[2026-08-01T17:00:49.380Z] onEndTurn: naturalStop=true toolCalls=0 nudgeMsg=YES
[2026-08-01T17:00:57.032Z] LiveUpdateForge: EndTurn fallback flush
[2026-08-01T17:00:57.032Z] onEndTurn: naturalStop=false toolCalls=0 nudgeMsg=no
[2026-08-01T17:00:57.054Z] LiveUpdateForge: self-write on D:\Unity\E1\CODELY.md, baseline aligned
[2026-08-01T17:00:57.055Z] LiveUpdateForge: AfterToolExec flush
[2026-08-01T17:00:57.081Z] LiveUpdateForge: self-write on D:\Unity\E1\CODELY.md, baseline aligned
[2026-08-01T17:00:57.082Z] LiveUpdateForge: AfterToolExec flush
[2026-08-01T17:00:57.106Z] LiveUpdateForge: self-write on D:\Unity\E1\CODELY.md, baseline aligned
[2026-08-01T17:00:57.107Z] LiveUpdateForge: AfterToolExec flush
[2026-08-01T17:00:59.414Z] LiveUpdateForge: EndTurn fallback flush
[2026-08-01T17:00:59.414Z] onEndTurn: naturalStop=true toolCalls=0 nudgeMsg=no
[2026-08-01T17:04:49.249Z] ResumeDiffForge: running checkResumeConsistency
[2026-08-01T17:04:49.249Z] checkResumeConsistency: forgedTimestamps=[["project","1970-01-01T00:00:00.000Z"]]
[2026-08-01T17:04:49.254Z] checkResumeConsistency: injecting 1 diff notification(s)
[2026-08-01T17:04:49.254Z] injectForgedHistory: role=user preview="[agent-auto] [memory-update 2026-08-02 01:00:57] project memory file has been mo"
[2026-08-01T17:04:49.359Z] injectForgedHistory: recordMessage persisted
[2026-08-01T17:04:49.366Z] LiveUpdateForge: session reset, allowLiveUpdate = false
[2026-08-01T17:04:49.366Z] NudgeForge: ResumeComplete — restoring count from history
[2026-08-01T17:04:49.366Z] restoreNudgeCountFromHistory: found last write at idx=330 count=0
[2026-08-01T17:04:49.389Z] LiveUpdateForge: allowLiveUpdate = true (first real BeforeSend)
[2026-08-01T17:05:34.341Z] LiveUpdateForge: EndTurn fallback flush
[2026-08-01T17:05:34.342Z] onEndTurn: naturalStop=false toolCalls=0 nudgeMsg=no
[2026-08-01T17:05:34.355Z] LiveUpdateForge: AfterToolExec flush
[2026-08-01T17:05:38.628Z] LiveUpdateForge: EndTurn fallback flush
[2026-08-01T17:05:38.628Z] onEndTurn: naturalStop=false toolCalls=1 nudgeMsg=no
[2026-08-01T17:05:38.759Z] LiveUpdateForge: AfterToolExec flush
[2026-08-01T17:05:40.825Z] LiveUpdateForge: EndTurn fallback flush
[2026-08-01T17:05:40.826Z] onEndTurn: naturalStop=false toolCalls=2 nudgeMsg=no
[2026-08-01T17:05:47.376Z] LiveUpdateForge: AfterToolExec flush
[2026-08-01T17:05:49.715Z] LiveUpdateForge: EndTurn fallback flush
[2026-08-01T17:05:49.716Z] onEndTurn: naturalStop=true toolCalls=3 nudgeMsg=no
[2026-08-01T17:07:51.408Z] ResumeDiffForge: running checkResumeConsistency
[2026-08-01T17:07:51.408Z] checkResumeConsistency: forgedTimestamps=[["project","1970-01-01T00:00:00.000Z"]]
[2026-08-01T17:07:51.414Z] checkResumeConsistency: injecting 1 diff notification(s)
[2026-08-01T17:07:51.415Z] injectForgedHistory: role=user preview="[agent-auto] [memory-update 2026-08-02 01:00:57] project memory file has been mo"
[2026-08-01T17:07:51.511Z] injectForgedHistory: recordMessage persisted
[2026-08-01T17:07:51.511Z] LiveUpdateForge: session reset, allowLiveUpdate = false
[2026-08-01T17:07:51.511Z] NudgeForge: ResumeComplete — restoring count from history
[2026-08-01T17:07:51.512Z] restoreNudgeCountFromHistory: found last write at idx=330 count=3
[2026-08-01T17:07:51.537Z] LiveUpdateForge: allowLiveUpdate = true (first real BeforeSend)
[2026-08-01T17:08:24.420Z] LiveUpdateForge: EndTurn fallback flush
[2026-08-01T17:08:24.421Z] onEndTurn: naturalStop=false toolCalls=3 nudgeMsg=no
[2026-08-01T17:08:24.554Z] LiveUpdateForge: AfterToolExec flush
[2026-08-01T17:08:26.898Z] LiveUpdateForge: EndTurn fallback flush
[2026-08-01T17:08:26.898Z] onEndTurn: naturalStop=false toolCalls=4 nudgeMsg=no
[2026-08-01T17:08:26.902Z] LiveUpdateForge: AfterToolExec flush
[2026-08-01T17:08:32.442Z] LiveUpdateForge: EndTurn fallback flush
[2026-08-01T17:08:32.442Z] onEndTurn: naturalStop=false toolCalls=5 nudgeMsg=no
[2026-08-01T17:08:32.570Z] LiveUpdateForge: AfterToolExec flush
[2026-08-01T17:08:35.437Z] LiveUpdateForge: EndTurn fallback flush
[2026-08-01T17:08:35.437Z] onEndTurn: naturalStop=false toolCalls=6 nudgeMsg=no
[2026-08-01T17:08:35.440Z] LiveUpdateForge: AfterToolExec flush
[2026-08-01T17:08:42.250Z] LiveUpdateForge: EndTurn fallback flush
[2026-08-01T17:08:42.250Z] onEndTurn: naturalStop=false toolCalls=7 nudgeMsg=no
[2026-08-01T17:08:42.379Z] LiveUpdateForge: AfterToolExec flush
[2026-08-01T17:08:45.123Z] LiveUpdateForge: EndTurn fallback flush
[2026-08-01T17:08:45.124Z] onEndTurn: naturalStop=false toolCalls=8 nudgeMsg=no
[2026-08-01T17:08:45.127Z] LiveUpdateForge: AfterToolExec flush
[2026-08-01T17:08:47.519Z] LiveUpdateForge: EndTurn fallback flush
[2026-08-01T17:08:47.520Z] onEndTurn: naturalStop=false toolCalls=9 nudgeMsg=no
[2026-08-01T17:08:47.523Z] LiveUpdateForge: AfterToolExec flush
[2026-08-01T17:08:51.577Z] LiveUpdateForge: EndTurn fallback flush
[2026-08-01T17:08:51.578Z] onEndTurn: naturalStop=false toolCalls=10 nudgeMsg=no
[2026-08-01T17:08:51.596Z] LiveUpdateForge: AfterToolExec flush
[2026-08-01T17:08:54.565Z] LiveUpdateForge: EndTurn fallback flush
[2026-08-01T17:08:54.566Z] onEndTurn: naturalStop=false toolCalls=11 nudgeMsg=no
[2026-08-01T17:08:54.586Z] LiveUpdateForge: AfterToolExec flush
[2026-08-01T17:08:56.938Z] LiveUpdateForge: EndTurn fallback flush
[2026-08-01T17:08:56.939Z] onEndTurn: naturalStop=false toolCalls=12 nudgeMsg=no
[2026-08-01T17:08:58.019Z] LiveUpdateForge: AfterToolExec flush
[2026-08-01T17:09:00.525Z] LiveUpdateForge: EndTurn fallback flush
[2026-08-01T17:09:00.526Z] onEndTurn: naturalStop=false toolCalls=13 nudgeMsg=no
[2026-08-01T17:09:00.551Z] LiveUpdateForge: AfterToolExec flush
[2026-08-01T17:09:03.515Z] LiveUpdateForge: EndTurn fallback flush
[2026-08-01T17:09:03.515Z] onEndTurn: naturalStop=false toolCalls=14 nudgeMsg=no
[2026-08-01T17:09:03.518Z] LiveUpdateForge: AfterToolExec flush
[2026-08-01T17:09:05.707Z] LiveUpdateForge: EndTurn fallback flush
[2026-08-01T17:09:05.708Z] onEndTurn: naturalStop=false toolCalls=15 nudgeMsg=no
[2026-08-01T17:09:05.711Z] LiveUpdateForge: AfterToolExec flush
[2026-08-01T17:09:08.350Z] LiveUpdateForge: EndTurn fallback flush
[2026-08-01T17:09:08.350Z] onEndTurn: naturalStop=false toolCalls=16 nudgeMsg=no
[2026-08-01T17:09:08.368Z] LiveUpdateForge: AfterToolExec flush
[2026-08-01T17:09:10.926Z] LiveUpdateForge: EndTurn fallback flush
[2026-08-01T17:09:10.927Z] onEndTurn: naturalStop=false toolCalls=17 nudgeMsg=no
[2026-08-01T17:09:11.767Z] LiveUpdateForge: AfterToolExec flush
[2026-08-01T17:09:14.290Z] LiveUpdateForge: EndTurn fallback flush
[2026-08-01T17:09:14.290Z] onEndTurn: naturalStop=false toolCalls=18 nudgeMsg=no
[2026-08-01T17:09:14.300Z] LiveUpdateForge: AfterToolExec flush
[2026-08-01T17:09:18.409Z] LiveUpdateForge: EndTurn fallback flush
[2026-08-01T17:09:18.409Z] onEndTurn: naturalStop=false toolCalls=19 nudgeMsg=no
[2026-08-01T17:09:18.425Z] LiveUpdateForge: AfterToolExec flush
[2026-08-01T17:09:21.849Z] LiveUpdateForge: EndTurn fallback flush
[2026-08-01T17:09:21.849Z] onEndTurn: naturalStop=false toolCalls=20 nudgeMsg=no
[2026-08-01T17:09:21.870Z] LiveUpdateForge: AfterToolExec flush
[2026-08-01T17:09:25.292Z] LiveUpdateForge: EndTurn fallback flush
[2026-08-01T17:09:25.292Z] onEndTurn: naturalStop=false toolCalls=21 nudgeMsg=no
[2026-08-01T17:09:25.321Z] LiveUpdateForge: AfterToolExec flush
[2026-08-01T17:09:27.441Z] LiveUpdateForge: EndTurn fallback flush
[2026-08-01T17:09:27.441Z] onEndTurn: naturalStop=false toolCalls=22 nudgeMsg=no
[2026-08-01T17:09:34.289Z] LiveUpdateForge: AfterToolExec flush
[2026-08-01T17:09:37.736Z] LiveUpdateForge: EndTurn fallback flush
[2026-08-01T17:09:37.736Z] onEndTurn: naturalStop=true toolCalls=23 nudgeMsg=no
[2026-08-01T17:11:16.305Z] ResumeDiffForge: running checkResumeConsistency
[2026-08-01T17:11:16.305Z] checkResumeConsistency: forgedTimestamps=[["project","1970-01-01T00:00:00.000Z"]]
[2026-08-01T17:11:16.309Z] checkResumeConsistency: injecting 1 diff notification(s)
[2026-08-01T17:11:16.309Z] injectForgedHistory: role=user preview="[agent-auto] [memory-update 2026-08-02 01:00:57] project memory file has been mo"
[2026-08-01T17:11:16.412Z] injectForgedHistory: recordMessage persisted
[2026-08-01T17:11:16.412Z] LiveUpdateForge: session reset, allowLiveUpdate = false
[2026-08-01T17:11:16.413Z] NudgeForge: ResumeComplete — restoring count from history
[2026-08-01T17:11:16.414Z] restoreNudgeCountFromHistory: found last write at idx=330 count=23
[2026-08-01T17:11:16.442Z] LiveUpdateForge: allowLiveUpdate = true (first real BeforeSend)
[2026-08-01T17:11:58.168Z] LiveUpdateForge: EndTurn fallback flush
[2026-08-01T17:11:58.168Z] onEndTurn: naturalStop=false toolCalls=23 nudgeMsg=no
[2026-08-01T17:11:58.307Z] LiveUpdateForge: AfterToolExec flush
[2026-08-01T17:12:01.723Z] LiveUpdateForge: EndTurn fallback flush
[2026-08-01T17:12:01.723Z] onEndTurn: naturalStop=false toolCalls=24 nudgeMsg=no
[2026-08-01T17:12:01.920Z] LiveUpdateForge: AfterToolExec flush
[2026-08-01T17:12:05.127Z] LiveUpdateForge: EndTurn fallback flush
[2026-08-01T17:12:05.127Z] onEndTurn: naturalStop=false toolCalls=25 nudgeMsg=no
[2026-08-01T17:12:11.600Z] LiveUpdateForge: AfterToolExec flush
[2026-08-01T17:12:14.346Z] LiveUpdateForge: EndTurn fallback flush
[2026-08-01T17:12:14.346Z] onEndTurn: naturalStop=true toolCalls=26 nudgeMsg=no
[2026-08-01T17:13:33.771Z] ResumeDiffForge: running checkResumeConsistency
[2026-08-01T17:13:33.772Z] checkResumeConsistency: forgedTimestamps=[["project","1970-01-01T00:00:00.000Z"]]
[2026-08-01T17:13:33.777Z] checkResumeConsistency: injecting 1 diff notification(s)
[2026-08-01T17:13:33.778Z] injectForgedHistory: role=user preview="[agent-auto] [memory-update 2026-08-02 01:00:57] project memory file has been mo"
[2026-08-01T17:13:33.879Z] injectForgedHistory: recordMessage persisted
[2026-08-01T17:13:33.879Z] LiveUpdateForge: session reset, allowLiveUpdate = false
[2026-08-01T17:13:33.880Z] NudgeForge: ResumeComplete — restoring count from history
[2026-08-01T17:13:33.880Z] restoreNudgeCountFromHistory: found last write at idx=330 count=26
[2026-08-01T17:13:33.905Z] LiveUpdateForge: allowLiveUpdate = true (first real BeforeSend)
[2026-08-01T17:13:44.043Z] LiveUpdateForge: EndTurn fallback flush
[2026-08-01T17:13:44.043Z] onEndTurn: naturalStop=false toolCalls=26 nudgeMsg=no
[2026-08-01T17:13:44.176Z] LiveUpdateForge: AfterToolExec flush
[2026-08-01T17:13:49.049Z] LiveUpdateForge: EndTurn fallback flush
[2026-08-01T17:13:49.049Z] onEndTurn: naturalStop=false toolCalls=27 nudgeMsg=no
[2026-08-01T17:13:49.202Z] LiveUpdateForge: AfterToolExec flush
[2026-08-01T17:13:51.808Z] LiveUpdateForge: EndTurn fallback flush
[2026-08-01T17:13:51.808Z] onEndTurn: naturalStop=false toolCalls=28 nudgeMsg=no
[2026-08-01T17:13:58.494Z] LiveUpdateForge: AfterToolExec flush
[2026-08-01T17:14:01.085Z] LiveUpdateForge: EndTurn fallback flush
[2026-08-01T17:14:01.085Z] onEndTurn: naturalStop=true toolCalls=29 nudgeMsg=no
[2026-08-01T17:14:34.156Z] ResumeDiffForge: running checkResumeConsistency
[2026-08-01T17:14:34.157Z] checkResumeConsistency: forgedTimestamps=[["project","1970-01-01T00:00:00.000Z"]]
[2026-08-01T17:14:34.163Z] checkResumeConsistency: injecting 1 diff notification(s)
[2026-08-01T17:14:34.163Z] injectForgedHistory: role=user preview="[agent-auto] [memory-update 2026-08-02 01:00:57] project memory file has been mo"
[2026-08-01T17:14:34.292Z] injectForgedHistory: recordMessage persisted
[2026-08-01T17:14:34.292Z] LiveUpdateForge: session reset, allowLiveUpdate = false
[2026-08-01T17:14:34.292Z] NudgeForge: ResumeComplete — restoring count from history
[2026-08-01T17:14:34.293Z] restoreNudgeCountFromHistory: found last write at idx=330 count=29
[2026-08-01T17:14:34.333Z] LiveUpdateForge: allowLiveUpdate = true (first real BeforeSend)
[2026-08-01T17:14:50.606Z] LiveUpdateForge: EndTurn fallback flush
[2026-08-01T17:14:50.606Z] onEndTurn: naturalStop=false toolCalls=29 nudgeMsg=no
[2026-08-01T17:14:50.620Z] LiveUpdateForge: AfterToolExec flush
[2026-08-01T17:14:53.669Z] LiveUpdateForge: EndTurn fallback flush
[2026-08-01T17:14:53.669Z] onEndTurn: naturalStop=false toolCalls=30 nudgeMsg=no
[2026-08-01T17:14:53.829Z] LiveUpdateForge: AfterToolExec flush
[2026-08-01T17:14:58.800Z] LiveUpdateForge: EndTurn fallback flush
[2026-08-01T17:14:58.801Z] onEndTurn: naturalStop=false toolCalls=31 nudgeMsg=no
[2026-08-01T17:14:58.827Z] LiveUpdateForge: AfterToolExec flush
[2026-08-01T17:15:02.367Z] LiveUpdateForge: EndTurn fallback flush
[2026-08-01T17:15:02.367Z] onEndTurn: naturalStop=false toolCalls=32 nudgeMsg=no
[2026-08-01T17:15:02.385Z] LiveUpdateForge: AfterToolExec flush
[2026-08-01T17:15:06.114Z] LiveUpdateForge: EndTurn fallback flush
[2026-08-01T17:15:06.114Z] onEndTurn: naturalStop=false toolCalls=33 nudgeMsg=no
[2026-08-01T17:15:06.134Z] LiveUpdateForge: AfterToolExec flush
[2026-08-01T17:15:07.988Z] LiveUpdateForge: EndTurn fallback flush
[2026-08-01T17:15:07.988Z] onEndTurn: naturalStop=false toolCalls=34 nudgeMsg=no
[2026-08-01T17:15:15.325Z] LiveUpdateForge: AfterToolExec flush
[2026-08-01T17:15:17.987Z] LiveUpdateForge: EndTurn fallback flush
[2026-08-01T17:15:17.987Z] onEndTurn: naturalStop=true toolCalls=35 nudgeMsg=no
[2026-08-01T17:16:50.490Z] ResumeDiffForge: running checkResumeConsistency
[2026-08-01T17:16:50.490Z] checkResumeConsistency: forgedTimestamps=[["project","1970-01-01T00:00:00.000Z"]]
[2026-08-01T17:16:50.496Z] checkResumeConsistency: injecting 1 diff notification(s)
[2026-08-01T17:16:50.496Z] injectForgedHistory: role=user preview="[agent-auto] [memory-update 2026-08-02 01:00:57] project memory file has been mo"
[2026-08-01T17:16:50.595Z] injectForgedHistory: recordMessage persisted
[2026-08-01T17:16:50.595Z] LiveUpdateForge: session reset, allowLiveUpdate = false
[2026-08-01T17:16:50.595Z] NudgeForge: ResumeComplete — restoring count from history
[2026-08-01T17:16:50.596Z] restoreNudgeCountFromHistory: found last write at idx=330 count=35
[2026-08-01T17:16:50.629Z] LiveUpdateForge: allowLiveUpdate = true (first real BeforeSend)
[2026-08-01T17:17:39.881Z] LiveUpdateForge: EndTurn fallback flush
[2026-08-01T17:17:39.882Z] onEndTurn: naturalStop=false toolCalls=35 nudgeMsg=no
[2026-08-01T17:17:39.889Z] LiveUpdateForge: AfterToolExec flush
[2026-08-01T17:18:04.246Z] LiveUpdateForge: EndTurn fallback flush
[2026-08-01T17:18:04.246Z] onEndTurn: naturalStop=false toolCalls=36 nudgeMsg=no
[2026-08-01T17:18:04.381Z] LiveUpdateForge: AfterToolExec flush
[2026-08-01T17:18:21.153Z] LiveUpdateForge: EndTurn fallback flush
[2026-08-01T17:18:21.154Z] onEndTurn: naturalStop=false toolCalls=37 nudgeMsg=no
[2026-08-01T17:18:28.220Z] LiveUpdateForge: AfterToolExec flush
[2026-08-01T17:18:31.844Z] LiveUpdateForge: EndTurn fallback flush
[2026-08-01T17:18:31.845Z] onEndTurn: naturalStop=true toolCalls=38 nudgeMsg=no
[2026-08-01T17:19:03.540Z] ResumeDiffForge: running checkResumeConsistency
[2026-08-01T17:19:03.540Z] checkResumeConsistency: forgedTimestamps=[["project","1970-01-01T00:00:00.000Z"]]
[2026-08-01T17:19:03.547Z] checkResumeConsistency: injecting 1 diff notification(s)
[2026-08-01T17:19:03.547Z] injectForgedHistory: role=user preview="[agent-auto] [memory-update 2026-08-02 01:00:57] project memory file has been mo"
[2026-08-01T17:19:03.657Z] injectForgedHistory: recordMessage persisted
[2026-08-01T17:19:03.658Z] LiveUpdateForge: session reset, allowLiveUpdate = false
[2026-08-01T17:19:03.658Z] NudgeForge: ResumeComplete — restoring count from history
[2026-08-01T17:19:03.659Z] restoreNudgeCountFromHistory: found last write at idx=330 count=38
[2026-08-01T17:19:03.685Z] LiveUpdateForge: allowLiveUpdate = true (first real BeforeSend)
[2026-08-01T17:19:50.305Z] LiveUpdateForge: EndTurn fallback flush
[2026-08-01T17:19:50.305Z] onEndTurn: naturalStop=false toolCalls=38 nudgeMsg=no
[2026-08-01T17:19:50.455Z] LiveUpdateForge: AfterToolExec flush
[2026-08-01T17:19:54.064Z] LiveUpdateForge: EndTurn fallback flush
[2026-08-01T17:19:54.065Z] onEndTurn: naturalStop=false toolCalls=39 nudgeMsg=no
[2026-08-01T17:19:54.258Z] LiveUpdateForge: AfterToolExec flush
[2026-08-01T17:19:56.525Z] LiveUpdateForge: EndTurn fallback flush
[2026-08-01T17:19:56.525Z] onEndTurn: naturalStop=false toolCalls=40 nudgeMsg=no
[2026-08-01T17:20:03.981Z] LiveUpdateForge: AfterToolExec flush
[2026-08-01T17:20:06.761Z] LiveUpdateForge: EndTurn fallback flush
[2026-08-01T17:20:06.762Z] onEndTurn: naturalStop=true toolCalls=41 nudgeMsg=no
[2026-08-01T17:21:02.441Z] ResumeDiffForge: running checkResumeConsistency
[2026-08-01T17:21:02.442Z] checkResumeConsistency: forgedTimestamps=[["project","1970-01-01T00:00:00.000Z"]]
[2026-08-01T17:21:02.447Z] checkResumeConsistency: injecting 1 diff notification(s)
[2026-08-01T17:21:02.448Z] injectForgedHistory: role=user preview="[agent-auto] [memory-update 2026-08-02 01:00:57] project memory file has been mo"
[2026-08-01T17:21:02.567Z] injectForgedHistory: recordMessage persisted
[2026-08-01T17:21:02.567Z] LiveUpdateForge: session reset, allowLiveUpdate = false
[2026-08-01T17:21:02.567Z] NudgeForge: ResumeComplete — restoring count from history
[2026-08-01T17:21:02.568Z] restoreNudgeCountFromHistory: found last write at idx=330 count=41
[2026-08-01T17:21:02.593Z] LiveUpdateForge: allowLiveUpdate = true (first real BeforeSend)
[2026-08-01T17:21:55.337Z] LiveUpdateForge: EndTurn fallback flush
[2026-08-01T17:21:55.338Z] onEndTurn: naturalStop=false toolCalls=41 nudgeMsg=no
[2026-08-01T17:21:55.482Z] LiveUpdateForge: AfterToolExec flush
[2026-08-01T17:22:00.613Z] LiveUpdateForge: EndTurn fallback flush
[2026-08-01T17:22:00.613Z] onEndTurn: naturalStop=false toolCalls=42 nudgeMsg=no
[2026-08-01T17:22:00.783Z] LiveUpdateForge: AfterToolExec flush
[2026-08-01T17:22:04.603Z] LiveUpdateForge: EndTurn fallback flush
[2026-08-01T17:22:04.603Z] onEndTurn: naturalStop=false toolCalls=43 nudgeMsg=no
[2026-08-01T17:22:04.626Z] LiveUpdateForge: AfterToolExec flush
[2026-08-01T17:22:08.857Z] LiveUpdateForge: EndTurn fallback flush
[2026-08-01T17:22:08.858Z] onEndTurn: naturalStop=false toolCalls=44 nudgeMsg=no
[2026-08-01T17:22:15.445Z] LiveUpdateForge: AfterToolExec flush
[2026-08-01T17:22:18.111Z] LiveUpdateForge: EndTurn fallback flush
[2026-08-01T17:22:18.111Z] onEndTurn: naturalStop=false toolCalls=45 nudgeMsg=no
[2026-08-01T17:22:18.132Z] LiveUpdateForge: AfterToolExec flush
[2026-08-01T17:22:22.200Z] LiveUpdateForge: EndTurn fallback flush
[2026-08-01T17:22:22.200Z] onEndTurn: naturalStop=false toolCalls=46 nudgeMsg=no
[2026-08-01T17:22:27.435Z] LiveUpdateForge: AfterToolExec flush
[2026-08-01T17:22:30.863Z] LiveUpdateForge: EndTurn fallback flush
[2026-08-01T17:22:30.863Z] onEndTurn: naturalStop=false toolCalls=47 nudgeMsg=no
[2026-08-01T17:22:38.971Z] LiveUpdateForge: AfterToolExec flush
[2026-08-01T17:23:02.771Z] LiveUpdateForge: EndTurn fallback flush
[2026-08-01T17:23:02.772Z] onEndTurn: naturalStop=false toolCalls=48 nudgeMsg=no
[2026-08-01T17:23:03.447Z] LiveUpdateForge: AfterToolExec flush
[2026-08-01T17:23:09.315Z] LiveUpdateForge: EndTurn fallback flush
[2026-08-01T17:23:09.316Z] onEndTurn: naturalStop=false toolCalls=49 nudgeMsg=no
[2026-08-01T17:23:09.341Z] LiveUpdateForge: AfterToolExec flush
[2026-08-01T17:23:13.091Z] LiveUpdateForge: EndTurn fallback flush
[2026-08-01T17:23:13.091Z] onEndTurn: naturalStop=false toolCalls=50 nudgeMsg=no
[2026-08-01T17:23:13.112Z] LiveUpdateForge: AfterToolExec flush
[2026-08-01T17:23:16.780Z] LiveUpdateForge: EndTurn fallback flush
[2026-08-01T17:23:16.781Z] onEndTurn: naturalStop=false toolCalls=51 nudgeMsg=no
[2026-08-01T17:23:16.802Z] LiveUpdateForge: AfterToolExec flush
[2026-08-01T17:23:19.968Z] LiveUpdateForge: EndTurn fallback flush
[2026-08-01T17:23:19.969Z] onEndTurn: naturalStop=false toolCalls=52 nudgeMsg=no
[2026-08-01T17:23:26.748Z] LiveUpdateForge: AfterToolExec flush
[2026-08-01T17:23:29.522Z] LiveUpdateForge: EndTurn fallback flush
[2026-08-01T17:23:29.522Z] onEndTurn: naturalStop=true toolCalls=0 nudgeMsg=YES
[2026-08-01T17:23:34.081Z] LiveUpdateForge: EndTurn fallback flush
[2026-08-01T17:23:34.081Z] onEndTurn: naturalStop=false toolCalls=0 nudgeMsg=no
[2026-08-01T17:23:34.097Z] LiveUpdateForge: self-write on D:\Unity\E1\CODELY.md, baseline aligned
[2026-08-01T17:23:34.098Z] LiveUpdateForge: AfterToolExec flush
[2026-08-01T17:23:38.128Z] LiveUpdateForge: EndTurn fallback flush
[2026-08-01T17:23:38.129Z] onEndTurn: naturalStop=false toolCalls=0 nudgeMsg=no
[2026-08-01T17:23:38.133Z] LiveUpdateForge: self-write on D:\Unity\E1\CODELY.md, baseline aligned
[2026-08-01T17:23:38.134Z] LiveUpdateForge: AfterToolExec flush
[2026-08-01T17:23:40.536Z] LiveUpdateForge: EndTurn fallback flush
[2026-08-01T17:23:40.536Z] onEndTurn: naturalStop=true toolCalls=0 nudgeMsg=no
[2026-08-01T17:24:45.032Z] ResumeDiffForge: running checkResumeConsistency
[2026-08-01T17:24:45.032Z] checkResumeConsistency: forgedTimestamps=[["project","1970-01-01T00:00:00.000Z"]]
[2026-08-01T17:24:45.040Z] checkResumeConsistency: injecting 1 diff notification(s)
[2026-08-01T17:24:45.040Z] injectForgedHistory: role=user preview="[agent-auto] [memory-update 2026-08-02 01:23:38] project memory file has been mo"
[2026-08-01T17:24:45.173Z] injectForgedHistory: recordMessage persisted
[2026-08-01T17:24:45.174Z] LiveUpdateForge: session reset, allowLiveUpdate = false
[2026-08-01T17:24:45.174Z] NudgeForge: ResumeComplete — restoring count from history
[2026-08-01T17:24:45.174Z] restoreNudgeCountFromHistory: found last write at idx=466 count=0
[2026-08-01T17:24:45.205Z] LiveUpdateForge: allowLiveUpdate = true (first real BeforeSend)
[2026-08-01T17:24:54.566Z] LiveUpdateForge: EndTurn fallback flush
[2026-08-01T17:24:54.567Z] onEndTurn: naturalStop=false toolCalls=0 nudgeMsg=no
[2026-08-01T17:24:54.578Z] LiveUpdateForge: AfterToolExec flush
[2026-08-01T17:24:54.580Z] LiveUpdateForge: AfterToolExec flush
[2026-08-01T17:25:19.402Z] LiveUpdateForge: EndTurn fallback flush
[2026-08-01T17:25:19.402Z] onEndTurn: naturalStop=false toolCalls=2 nudgeMsg=no
[2026-08-01T17:25:19.535Z] LiveUpdateForge: AfterToolExec flush
[2026-08-01T17:25:24.282Z] LiveUpdateForge: EndTurn fallback flush
[2026-08-01T17:25:24.282Z] onEndTurn: naturalStop=false toolCalls=3 nudgeMsg=no
[2026-08-01T17:25:24.441Z] LiveUpdateForge: AfterToolExec flush
[2026-08-01T17:25:27.922Z] LiveUpdateForge: EndTurn fallback flush
[2026-08-01T17:25:27.922Z] onEndTurn: naturalStop=false toolCalls=4 nudgeMsg=no
[2026-08-01T17:25:34.928Z] LiveUpdateForge: AfterToolExec flush
[2026-08-01T17:25:38.903Z] LiveUpdateForge: EndTurn fallback flush
[2026-08-01T17:25:38.904Z] onEndTurn: naturalStop=true toolCalls=5 nudgeMsg=no
[2026-08-01T17:26:27.153Z] ResumeDiffForge: running checkResumeConsistency
[2026-08-01T17:26:27.153Z] checkResumeConsistency: forgedTimestamps=[["project","1970-01-01T00:00:00.000Z"]]
[2026-08-01T17:26:27.161Z] checkResumeConsistency: injecting 1 diff notification(s)
[2026-08-01T17:26:27.161Z] injectForgedHistory: role=user preview="[agent-auto] [memory-update 2026-08-02 01:23:38] project memory file has been mo"
[2026-08-01T17:26:27.301Z] injectForgedHistory: recordMessage persisted
[2026-08-01T17:26:27.302Z] LiveUpdateForge: session reset, allowLiveUpdate = false
[2026-08-01T17:26:27.302Z] NudgeForge: ResumeComplete — restoring count from history
[2026-08-01T17:26:27.303Z] restoreNudgeCountFromHistory: found last write at idx=466 count=5
[2026-08-01T17:26:27.332Z] LiveUpdateForge: allowLiveUpdate = true (first real BeforeSend)
[2026-08-01T17:28:01.290Z] LiveUpdateForge: EndTurn fallback flush
[2026-08-01T17:28:01.290Z] onEndTurn: naturalStop=false toolCalls=5 nudgeMsg=no
[2026-08-01T17:28:01.301Z] LiveUpdateForge: AfterToolExec flush
[2026-08-01T17:28:05.658Z] LiveUpdateForge: EndTurn fallback flush
[2026-08-01T17:28:05.659Z] onEndTurn: naturalStop=false toolCalls=6 nudgeMsg=no
[2026-08-01T17:28:05.806Z] LiveUpdateForge: AfterToolExec flush
[2026-08-01T17:28:11.799Z] LiveUpdateForge: EndTurn fallback flush
[2026-08-01T17:28:11.800Z] onEndTurn: naturalStop=false toolCalls=7 nudgeMsg=no
[2026-08-01T17:28:11.820Z] LiveUpdateForge: AfterToolExec flush
[2026-08-01T17:28:16.219Z] LiveUpdateForge: EndTurn fallback flush
[2026-08-01T17:28:16.219Z] onEndTurn: naturalStop=false toolCalls=8 nudgeMsg=no
[2026-08-01T17:28:16.410Z] LiveUpdateForge: AfterToolExec flush
[2026-08-01T17:28:20.830Z] LiveUpdateForge: EndTurn fallback flush
[2026-08-01T17:28:20.830Z] onEndTurn: naturalStop=false toolCalls=9 nudgeMsg=no
[2026-08-01T17:28:20.833Z] LiveUpdateForge: AfterToolExec flush
[2026-08-01T17:28:24.014Z] LiveUpdateForge: EndTurn fallback flush
[2026-08-01T17:28:24.015Z] onEndTurn: naturalStop=false toolCalls=10 nudgeMsg=no
[2026-08-01T17:28:24.022Z] LiveUpdateForge: AfterToolExec flush
[2026-08-01T17:28:27.126Z] LiveUpdateForge: EndTurn fallback flush
[2026-08-01T17:28:27.127Z] onEndTurn: naturalStop=false toolCalls=11 nudgeMsg=no
[2026-08-01T17:28:27.150Z] LiveUpdateForge: AfterToolExec flush
[2026-08-01T17:28:29.764Z] LiveUpdateForge: EndTurn fallback flush
[2026-08-01T17:28:29.765Z] onEndTurn: naturalStop=false toolCalls=12 nudgeMsg=no
[2026-08-01T17:28:29.929Z] LiveUpdateForge: AfterToolExec flush
[2026-08-01T17:28:32.852Z] LiveUpdateForge: EndTurn fallback flush
[2026-08-01T17:28:32.852Z] onEndTurn: naturalStop=false toolCalls=13 nudgeMsg=no
[2026-08-01T17:28:33.572Z] LiveUpdateForge: AfterToolExec flush
[2026-08-01T17:28:37.536Z] LiveUpdateForge: EndTurn fallback flush
[2026-08-01T17:28:37.536Z] onEndTurn: naturalStop=false toolCalls=14 nudgeMsg=no
[2026-08-01T17:28:45.262Z] LiveUpdateForge: AfterToolExec flush
[2026-08-01T17:28:49.186Z] LiveUpdateForge: EndTurn fallback flush
[2026-08-01T17:28:49.186Z] onEndTurn: naturalStop=true toolCalls=15 nudgeMsg=no
[2026-08-01T17:30:27.059Z] ResumeDiffForge: running checkResumeConsistency
[2026-08-01T17:30:27.059Z] checkResumeConsistency: forgedTimestamps=[["project","1970-01-01T00:00:00.000Z"]]
[2026-08-01T17:30:27.065Z] checkResumeConsistency: injecting 1 diff notification(s)
[2026-08-01T17:30:27.066Z] injectForgedHistory: role=user preview="[agent-auto] [memory-update 2026-08-02 01:23:38] project memory file has been mo"
[2026-08-01T17:30:27.208Z] injectForgedHistory: recordMessage persisted
[2026-08-01T17:30:27.208Z] LiveUpdateForge: session reset, allowLiveUpdate = false
[2026-08-01T17:30:27.209Z] NudgeForge: ResumeComplete — restoring count from history
[2026-08-01T17:30:27.209Z] restoreNudgeCountFromHistory: found last write at idx=466 count=15
[2026-08-01T17:30:27.244Z] LiveUpdateForge: allowLiveUpdate = true (first real BeforeSend)
[2026-08-01T17:30:33.668Z] LiveUpdateForge: EndTurn fallback flush
[2026-08-01T17:30:33.668Z] onEndTurn: naturalStop=false toolCalls=15 nudgeMsg=no
[2026-08-01T17:30:33.833Z] LiveUpdateForge: AfterToolExec flush
[2026-08-01T17:30:36.172Z] LiveUpdateForge: EndTurn fallback flush
[2026-08-01T17:30:36.173Z] onEndTurn: naturalStop=false toolCalls=16 nudgeMsg=no
[2026-08-01T17:30:43.035Z] LiveUpdateForge: AfterToolExec flush
[2026-08-01T17:30:45.907Z] LiveUpdateForge: EndTurn fallback flush
[2026-08-01T17:30:45.907Z] onEndTurn: naturalStop=false toolCalls=17 nudgeMsg=no
[2026-08-01T17:30:45.936Z] LiveUpdateForge: AfterToolExec flush
[2026-08-01T17:30:49.076Z] LiveUpdateForge: EndTurn fallback flush
[2026-08-01T17:30:49.077Z] onEndTurn: naturalStop=false toolCalls=18 nudgeMsg=no
[2026-08-01T17:30:54.918Z] LiveUpdateForge: AfterToolExec flush
[2026-08-01T17:30:59.689Z] LiveUpdateForge: EndTurn fallback flush
[2026-08-01T17:30:59.690Z] onEndTurn: naturalStop=false toolCalls=19 nudgeMsg=no
[2026-08-01T17:31:08.075Z] LiveUpdateForge: AfterToolExec flush
[2026-08-01T17:31:12.575Z] LiveUpdateForge: EndTurn fallback flush
[2026-08-01T17:31:12.575Z] onEndTurn: naturalStop=false toolCalls=20 nudgeMsg=no
[2026-08-01T17:31:12.731Z] LiveUpdateForge: AfterToolExec flush
[2026-08-01T17:31:16.069Z] LiveUpdateForge: EndTurn fallback flush
[2026-08-01T17:31:16.069Z] onEndTurn: naturalStop=false toolCalls=21 nudgeMsg=no
[2026-08-01T17:31:16.795Z] LiveUpdateForge: AfterToolExec flush
[2026-08-01T17:31:19.451Z] LiveUpdateForge: EndTurn fallback flush
[2026-08-01T17:31:19.451Z] onEndTurn: naturalStop=false toolCalls=22 nudgeMsg=no
[2026-08-01T17:31:26.490Z] LiveUpdateForge: AfterToolExec flush
[2026-08-01T17:31:29.007Z] LiveUpdateForge: EndTurn fallback flush
[2026-08-01T17:31:29.007Z] onEndTurn: naturalStop=false toolCalls=23 nudgeMsg=no
[2026-08-01T17:31:29.030Z] LiveUpdateForge: AfterToolExec flush
[2026-08-01T17:31:32.535Z] LiveUpdateForge: EndTurn fallback flush
[2026-08-01T17:31:32.535Z] onEndTurn: naturalStop=false toolCalls=24 nudgeMsg=no
[2026-08-01T17:31:38.438Z] LiveUpdateForge: AfterToolExec flush
[2026-08-01T17:31:42.154Z] LiveUpdateForge: EndTurn fallback flush
[2026-08-01T17:31:42.154Z] onEndTurn: naturalStop=false toolCalls=25 nudgeMsg=no
[2026-08-01T17:31:50.385Z] LiveUpdateForge: AfterToolExec flush
[2026-08-01T17:31:53.219Z] LiveUpdateForge: EndTurn fallback flush
[2026-08-01T17:31:53.220Z] onEndTurn: naturalStop=false toolCalls=26 nudgeMsg=no
[2026-08-01T17:31:53.920Z] LiveUpdateForge: AfterToolExec flush
[2026-08-01T17:31:58.156Z] LiveUpdateForge: EndTurn fallback flush
[2026-08-01T17:31:58.156Z] onEndTurn: naturalStop=false toolCalls=27 nudgeMsg=no
[2026-08-01T17:31:58.177Z] LiveUpdateForge: AfterToolExec flush
[2026-08-01T17:32:02.954Z] LiveUpdateForge: EndTurn fallback flush
[2026-08-01T17:32:02.955Z] onEndTurn: naturalStop=false toolCalls=28 nudgeMsg=no
[2026-08-01T17:32:02.976Z] LiveUpdateForge: AfterToolExec flush
[2026-08-01T17:32:08.963Z] LiveUpdateForge: EndTurn fallback flush
[2026-08-01T17:32:08.964Z] onEndTurn: naturalStop=false toolCalls=29 nudgeMsg=no
[2026-08-01T17:32:16.122Z] LiveUpdateForge: AfterToolExec flush
[2026-08-01T17:32:19.923Z] LiveUpdateForge: EndTurn fallback flush
[2026-08-01T17:32:19.923Z] onEndTurn: naturalStop=true toolCalls=30 nudgeMsg=no
[2026-08-01T17:34:55.730Z] ResumeDiffForge: running checkResumeConsistency
[2026-08-01T17:34:55.730Z] checkResumeConsistency: forgedTimestamps=[["project","1970-01-01T00:00:00.000Z"]]
[2026-08-01T17:34:55.735Z] checkResumeConsistency: injecting 1 diff notification(s)
[2026-08-01T17:34:55.736Z] injectForgedHistory: role=user preview="[agent-auto] [memory-update 2026-08-02 01:23:38] project memory file has been mo"
[2026-08-01T17:34:55.843Z] injectForgedHistory: recordMessage persisted
[2026-08-01T17:34:55.843Z] LiveUpdateForge: session reset, allowLiveUpdate = false
[2026-08-01T17:34:55.844Z] NudgeForge: ResumeComplete — restoring count from history
[2026-08-01T17:34:55.845Z] restoreNudgeCountFromHistory: found last write at idx=466 count=30
[2026-08-01T17:34:55.882Z] LiveUpdateForge: allowLiveUpdate = true (first real BeforeSend)
[2026-08-01T17:35:13.452Z] LiveUpdateForge: EndTurn fallback flush
[2026-08-01T17:35:13.452Z] onEndTurn: naturalStop=false toolCalls=30 nudgeMsg=no
[2026-08-01T17:35:13.460Z] LiveUpdateForge: AfterToolExec flush
[2026-08-01T17:35:16.971Z] LiveUpdateForge: EndTurn fallback flush
[2026-08-01T17:35:16.971Z] onEndTurn: naturalStop=false toolCalls=31 nudgeMsg=no
[2026-08-01T17:35:16.974Z] LiveUpdateForge: AfterToolExec flush
[2026-08-01T17:35:22.703Z] LiveUpdateForge: EndTurn fallback flush
[2026-08-01T17:35:22.703Z] onEndTurn: naturalStop=false toolCalls=32 nudgeMsg=no
[2026-08-01T17:35:22.839Z] LiveUpdateForge: AfterToolExec flush
[2026-08-01T17:35:25.412Z] LiveUpdateForge: EndTurn fallback flush
[2026-08-01T17:35:25.412Z] onEndTurn: naturalStop=false toolCalls=33 nudgeMsg=no
[2026-08-01T17:35:32.417Z] LiveUpdateForge: AfterToolExec flush
[2026-08-01T17:35:37.871Z] LiveUpdateForge: EndTurn fallback flush
[2026-08-01T17:35:37.871Z] onEndTurn: naturalStop=true toolCalls=34 nudgeMsg=no
[2026-08-01T17:37:02.809Z] ResumeDiffForge: running checkResumeConsistency
[2026-08-01T17:37:02.809Z] checkResumeConsistency: forgedTimestamps=[["project","1970-01-01T00:00:00.000Z"]]
[2026-08-01T17:37:02.816Z] checkResumeConsistency: injecting 1 diff notification(s)
[2026-08-01T17:37:02.816Z] injectForgedHistory: role=user preview="[agent-auto] [memory-update 2026-08-02 01:23:38] project memory file has been mo"
[2026-08-01T17:37:02.929Z] injectForgedHistory: recordMessage persisted
[2026-08-01T17:37:02.929Z] LiveUpdateForge: session reset, allowLiveUpdate = false
[2026-08-01T17:37:02.929Z] NudgeForge: ResumeComplete — restoring count from history
[2026-08-01T17:37:02.930Z] restoreNudgeCountFromHistory: found last write at idx=466 count=34
[2026-08-01T17:37:02.972Z] LiveUpdateForge: allowLiveUpdate = true (first real BeforeSend)
[2026-08-01T17:37:16.782Z] LiveUpdateForge: EndTurn fallback flush
[2026-08-01T17:37:16.783Z] onEndTurn: naturalStop=true toolCalls=34 nudgeMsg=no
[2026-08-01T17:38:23.455Z] ResumeDiffForge: running checkResumeConsistency
[2026-08-01T17:38:23.455Z] checkResumeConsistency: forgedTimestamps=[["project","1970-01-01T00:00:00.000Z"]]
[2026-08-01T17:38:23.461Z] checkResumeConsistency: injecting 1 diff notification(s)
[2026-08-01T17:38:23.462Z] injectForgedHistory: role=user preview="[agent-auto] [memory-update 2026-08-02 01:23:38] project memory file has been mo"
[2026-08-01T17:38:23.569Z] injectForgedHistory: recordMessage persisted
[2026-08-01T17:38:23.569Z] LiveUpdateForge: session reset, allowLiveUpdate = false
[2026-08-01T17:38:23.570Z] NudgeForge: ResumeComplete — restoring count from history
[2026-08-01T17:38:23.570Z] restoreNudgeCountFromHistory: found last write at idx=466 count=34
[2026-08-01T17:38:23.608Z] LiveUpdateForge: allowLiveUpdate = true (first real BeforeSend)
[2026-08-01T17:38:28.565Z] LiveUpdateForge: EndTurn fallback flush
[2026-08-01T17:38:28.565Z] onEndTurn: naturalStop=false toolCalls=34 nudgeMsg=no
[2026-08-01T17:38:28.573Z] LiveUpdateForge: self-write on D:\Unity\E1\CODELY.md, baseline aligned
[2026-08-01T17:38:28.574Z] LiveUpdateForge: AfterToolExec flush
[2026-08-01T17:38:44.645Z] LiveUpdateForge: EndTurn fallback flush
[2026-08-01T17:38:44.645Z] onEndTurn: naturalStop=false toolCalls=0 nudgeMsg=no
[2026-08-01T17:38:44.649Z] LiveUpdateForge: self-write on D:\Unity\E1\CODELY.md, baseline aligned
[2026-08-01T17:38:44.650Z] LiveUpdateForge: AfterToolExec flush
[2026-08-01T17:38:47.257Z] LiveUpdateForge: EndTurn fallback flush
[2026-08-01T17:38:47.257Z] onEndTurn: naturalStop=true toolCalls=0 nudgeMsg=no
[2026-08-01T17:39:27.182Z] ResumeDiffForge: running checkResumeConsistency
[2026-08-01T17:39:27.182Z] checkResumeConsistency: forgedTimestamps=[["project","1970-01-01T00:00:00.000Z"]]
[2026-08-01T17:39:27.188Z] checkResumeConsistency: injecting 1 diff notification(s)
[2026-08-01T17:39:27.188Z] injectForgedHistory: role=user preview="[agent-auto] [memory-update 2026-08-02 01:38:44] project memory file has been mo"
[2026-08-01T17:39:27.302Z] injectForgedHistory: recordMessage persisted
[2026-08-01T17:39:27.303Z] LiveUpdateForge: session reset, allowLiveUpdate = false
[2026-08-01T17:39:27.303Z] NudgeForge: ResumeComplete — restoring count from history
[2026-08-01T17:39:27.304Z] restoreNudgeCountFromHistory: found last write at idx=554 count=0
[2026-08-01T17:39:27.344Z] LiveUpdateForge: allowLiveUpdate = true (first real BeforeSend)
[2026-08-01T17:39:36.190Z] LiveUpdateForge: EndTurn fallback flush
[2026-08-01T17:39:36.190Z] onEndTurn: naturalStop=true toolCalls=0 nudgeMsg=no
[2026-08-01T17:40:17.384Z] ResumeDiffForge: running checkResumeConsistency
[2026-08-01T17:40:17.385Z] checkResumeConsistency: forgedTimestamps=[["project","1970-01-01T00:00:00.000Z"]]
[2026-08-01T17:40:17.390Z] checkResumeConsistency: injecting 1 diff notification(s)
[2026-08-01T17:40:17.390Z] injectForgedHistory: role=user preview="[agent-auto] [memory-update 2026-08-02 01:38:44] project memory file has been mo"
[2026-08-01T17:40:17.500Z] injectForgedHistory: recordMessage persisted
[2026-08-01T17:40:17.501Z] LiveUpdateForge: session reset, allowLiveUpdate = false
[2026-08-01T17:40:17.501Z] NudgeForge: ResumeComplete — restoring count from history
[2026-08-01T17:40:17.501Z] restoreNudgeCountFromHistory: found last write at idx=554 count=0
[2026-08-01T17:40:17.534Z] LiveUpdateForge: allowLiveUpdate = true (first real BeforeSend)
[2026-08-01T17:40:21.076Z] LiveUpdateForge: EndTurn fallback flush
[2026-08-01T17:40:21.076Z] onEndTurn: naturalStop=false toolCalls=0 nudgeMsg=no
[2026-08-01T17:40:55.627Z] LiveUpdateForge: AfterToolExec flush
[2026-08-01T17:40:55.648Z] LiveUpdateForge: AfterToolExec flush
[2026-08-01T17:40:55.765Z] LiveUpdateForge: AfterToolExec flush
[2026-08-01T17:40:59.922Z] LiveUpdateForge: EndTurn fallback flush
[2026-08-01T17:40:59.923Z] onEndTurn: naturalStop=false toolCalls=3 nudgeMsg=no
[2026-08-01T17:41:01.842Z] LiveUpdateForge: AfterToolExec flush
[2026-08-01T17:41:07.618Z] LiveUpdateForge: EndTurn fallback flush
[2026-08-01T17:41:07.618Z] onEndTurn: naturalStop=false toolCalls=4 nudgeMsg=no
[2026-08-01T17:41:10.243Z] LiveUpdateForge: AfterToolExec flush
[2026-08-01T17:41:13.021Z] LiveUpdateForge: EndTurn fallback flush
[2026-08-01T17:41:13.021Z] onEndTurn: naturalStop=false toolCalls=5 nudgeMsg=no
[2026-08-01T17:41:17.073Z] LiveUpdateForge: AfterToolExec flush
[2026-08-01T17:41:19.656Z] LiveUpdateForge: EndTurn fallback flush
[2026-08-01T17:41:19.656Z] onEndTurn: naturalStop=false toolCalls=6 nudgeMsg=no
[2026-08-01T17:41:23.546Z] LiveUpdateForge: AfterToolExec flush
[2026-08-01T17:41:27.614Z] LiveUpdateForge: EndTurn fallback flush
[2026-08-01T17:41:27.614Z] onEndTurn: naturalStop=true toolCalls=7 nudgeMsg=no
[2026-08-01T17:42:00.114Z] ResumeDiffForge: running checkResumeConsistency
[2026-08-01T17:42:00.114Z] checkResumeConsistency: forgedTimestamps=[["project","1970-01-01T00:00:00.000Z"]]
[2026-08-01T17:42:00.122Z] checkResumeConsistency: injecting 1 diff notification(s)
[2026-08-01T17:42:00.122Z] injectForgedHistory: role=user preview="[agent-auto] [memory-update 2026-08-02 01:38:44] project memory file has been mo"
[2026-08-01T17:42:00.240Z] injectForgedHistory: recordMessage persisted
[2026-08-01T17:42:00.240Z] LiveUpdateForge: session reset, allowLiveUpdate = false
[2026-08-01T17:42:00.241Z] NudgeForge: ResumeComplete — restoring count from history
[2026-08-01T17:42:00.241Z] restoreNudgeCountFromHistory: found last write at idx=554 count=7
[2026-08-01T17:42:00.277Z] LiveUpdateForge: allowLiveUpdate = true (first real BeforeSend)
[2026-08-01T17:42:27.349Z] LiveUpdateForge: EndTurn fallback flush
[2026-08-01T17:42:27.350Z] onEndTurn: naturalStop=false toolCalls=7 nudgeMsg=no
[2026-08-01T17:42:34.106Z] LiveUpdateForge: AfterToolExec flush
[2026-08-01T17:42:37.158Z] LiveUpdateForge: EndTurn fallback flush
[2026-08-01T17:42:37.158Z] onEndTurn: naturalStop=true toolCalls=8 nudgeMsg=no
